/**
 * generated by fontconvert.py
 * name: golos_ui_8_medium
 * size: 8
 * mode: 1-bit
 * hinting: auto (FT_LOAD_FORCE_AUTOHINT — grid-fits stems to whole pixels)
 * Command used: lib/EpdFont/scripts/fontconvert.py golos_ui_8_medium 8 GolosText-medium.ttf lib/EpdFont/builtinFonts/source/NotoSans/NotoSans-Regular.ttf --additional-intervals 0x0000,0x007F --additional-intervals 0x0080,0x00FF --additional-intervals 0x0100,0x017F --additional-intervals 0x01A0,0x01A1 --additional-intervals 0x01AF,0x01B0 --additional-intervals 0x01C4,0x021F --additional-intervals 0x0300,0x036F --additional-intervals 0x0400,0x04FF --additional-intervals 0x1EA0,0x1EF9 --additional-intervals 0x2010,0x206F --additional-intervals 0x20A0,0x20CF --additional-intervals 0xFB00,0xFB06 --additional-intervals 0xFFFD,0xFFFD
 */
#pragma once
#include "EpdFontData.h"

static const uint8_t golos_ui_8_mediumBitmaps[13942] = {
    0xDB, 0x6D, 0xB6, 0x1B, 0xF0, 0xDE, 0xF7, 0xB0, 0x19, 0x86, 0x61, 0x19, 0xFF, 0x7F, 0xCC, 0xC3,
    0x33, 0xFE, 0xFF, 0x99, 0x86, 0x61, 0x98, 0x0C, 0x07, 0x83, 0xF1, 0x8E, 0x60, 0x1C, 0x03, 0xE0,
    0x7C, 0x01, 0x90, 0x66, 0x19, 0xFE, 0x3F, 0x03, 0x00, 0xC0, 0x78, 0x27, 0xE2, 0x33, 0x31, 0x9B,
    0x0F, 0xD8, 0x3D, 0x80, 0x18, 0x80, 0xDF, 0x0C, 0xD8, 0xE6, 0xC6, 0x3E, 0x60, 0xE0, 0x3C, 0x0F,
    0xC1, 0x98, 0x37, 0x03, 0xC0, 0xF0, 0x3F, 0x66, 0x7C, 0xC7, 0x98, 0x61, 0xFE, 0x1E, 0xE0, 0xFF,
    0x39, 0x98, 0xCC, 0x63, 0x18, 0xC6, 0x30, 0xC6, 0x18, 0xE0, 0x70, 0xC1, 0x86, 0x1C, 0x30, 0xC3,
    0x0C, 0x31, 0xC6, 0x18, 0xC6, 0x00, 0x18, 0x5E, 0x7E, 0x7E, 0x5E, 0x18, 0x18, 0x18, 0x18, 0xFF,
    0xFF, 0x18, 0x18, 0x18, 0x6D, 0xAC, 0xFF, 0xC0, 0xDF, 0x80, 0x02, 0x06, 0x06, 0x0C, 0x0C, 0x0C,
    0x18, 0x18, 0x18, 0x30, 0x30, 0x30, 0x60, 0x60, 0x40, 0x3E, 0x3F, 0xB8, 0xD8, 0x3C, 0x1E, 0x0F,
    0x07, 0x83, 0xC1, 0xF1, 0x9F, 0xC7, 0xC0, 0x38, 0xF3, 0xE4, 0xC1, 0x83, 0x06, 0x0C, 0x18, 0x33,
    0xFF, 0xF0, 0x3C, 0x7E, 0xC3, 0xC3, 0x03, 0x07, 0x0E, 0x1C, 0x38, 0x70, 0xFF, 0xFF, 0x7E, 0xFF,
    0xC3, 0x03, 0x07, 0x1E, 0x1E, 0x03, 0xC3, 0xC3, 0x7F, 0x3C, 0x07, 0x03, 0x83, 0xC3, 0x61, 0xB1,
    0x99, 0x8D, 0xC6, 0xFF, 0xFF, 0xC0, 0xC0, 0x60, 0x7F, 0x3F, 0x98, 0x0C, 0x07, 0xE3, 0xF9, 0x8E,
    0x03, 0x01, 0xB1, 0xDF, 0xC7, 0xC0, 0x3E, 0x3F, 0x98, 0x58, 0x0C, 0xC7, 0xFB, 0x8F, 0x83, 0xC1,
    0xE1, 0xDF, 0xC7, 0xC0, 0xFF, 0xFF, 0x07, 0x06, 0x06, 0x0E, 0x0C, 0x1C, 0x18, 0x18, 0x38, 0x30,
    0x3E, 0x3F, 0xB0, 0xD8, 0x6E, 0x73, 0xF1, 0xFD, 0x87, 0xC1, 0xE0, 0xDF, 0xC7, 0xC0, 0x3E, 0x3F,
    0xB0, 0xD8, 0x3C, 0x1F, 0x1D, 0xFE, 0x33, 0x01, 0xE1, 0x9F, 0xC7, 0x80, 0xFF, 0x00, 0x37, 0xE0,
    0x77, 0x60, 0x00, 0x06, 0x66, 0x44, 0x00, 0x03, 0x0F, 0x7C, 0xF0, 0xF0, 0x7E, 0x0F, 0x03, 0x00,
    0xFF, 0xFF, 0x00, 0xFF, 0xFF, 0x00, 0xC0, 0xF0, 0x7E, 0x0F, 0x0F, 0x3E, 0xF0, 0xC0, 0x00, 0x7D,
    0xFF, 0x18, 0x30, 0xE3, 0x86, 0x0C, 0x00, 0x30, 0xE1, 0xC0, 0x0F, 0xE0, 0x3F, 0xF0, 0xE0, 0x73,
    0x3F, 0x6E, 0xFE, 0xF9, 0x8C, 0xF3, 0x19, 0xE6, 0x33, 0xCC, 0x67, 0x9F, 0xFB, 0x9E, 0xE3, 0x00,
    0x03, 0x00, 0x03, 0xFE, 0x03, 0xF8, 0x00, 0x0E, 0x00, 0xE0, 0x0F, 0x01, 0xF0, 0x1B, 0x01, 0xB8,
    0x31, 0x83, 0x1C, 0x7F, 0xC7, 0xFC, 0x60, 0xEE, 0x06, 0xFE, 0x7F, 0xB0, 0x78, 0x3C, 0x1F, 0xFB,
    0xFD, 0x87, 0xC1, 0xE0, 0xFF, 0xFF, 0xE0, 0x3F, 0x1F, 0xE6, 0x1B, 0x07, 0xC0, 0x30, 0x0C, 0x03,
    0x00, 0xC1, 0xD8, 0x67, 0xF8, 0xFC, 0xFC, 0x7F, 0xB0, 0xD8, 0x3C, 0x1E, 0x0F, 0x07, 0x83, 0xC1,
    0xE1, 0xBF, 0xDF, 0x80, 0xFF, 0xFF, 0xC0, 0xC0, 0xC0, 0xFE, 0xFF, 0xC0, 0xC0, 0xC0, 0xFF, 0xFF,
    0xFF, 0xFF, 0xC0, 0xC0, 0xC0, 0xFE, 0xFF, 0xC0, 0xC0, 0xC0, 0xC0, 0xC0, 0x1F, 0x1F, 0xE6, 0x1B,
    0x07, 0xC0, 0x30, 0x0C, 0x7F, 0x1F, 0xC0, 0xD8, 0x77, 0xF8, 0x7C, 0xC0, 0xF0, 0x3C, 0x0F, 0x03,
    0xC0, 0xFF, 0xFF, 0xFF, 0x03, 0xC0, 0xF0, 0x3C, 0x0F, 0x03, 0xFF, 0xFF, 0xFF, 0x03, 0x03, 0x03,
    0x03, 0x03, 0x03, 0x03, 0x03, 0x43, 0xE3, 0x7E, 0x3C, 0xC3, 0xB1, 0xCC, 0x63, 0x30, 0xD8, 0x3E,
    0x0F, 0xC3, 0xB8, 0xC6, 0x31, 0xCC, 0x3B, 0x06, 0xC0, 0xC0, 0xC0, 0xC0, 0xC0, 0xC0, 0xC0, 0xC0,
    0xC0, 0xC0, 0xFE, 0xFF, 0xC0, 0x3E, 0x07, 0xE0, 0xFF, 0x0F, 0xF9, 0xFD, 0x9B, 0xDF, 0x3C, 0xF3,
    0xC6, 0x3C, 0x63, 0xC0, 0x3C, 0x03, 0xC0, 0xF8, 0x3F, 0x0F, 0xC3, 0xD8, 0xF7, 0x3C, 0xEF, 0x1B,
    0xC7, 0xF0, 0xFC, 0x1F, 0x03, 0x1F, 0x0F, 0xF1, 0x83, 0x60, 0x7C, 0x07, 0x80, 0xF0, 0x1E, 0x03,
    0xC0, 0xEC, 0x19, 0xFE, 0x0F, 0x80, 0xFE, 0x7F, 0xB0, 0x78, 0x3C, 0x1E, 0x1F, 0xFD, 0xF8, 0xC0,
    0x60, 0x30, 0x18, 0x00, 0x1F, 0x0F, 0xF1, 0x83, 0x60, 0x7C, 0x07, 0x80, 0xF0, 0x1E, 0x13, 0xC3,
    0xEC, 0x39, 0xFF, 0x0F, 0xF0, 0x00, 0xFE, 0x3F, 0xCC, 0x3B, 0x06, 0xC1, 0xB0, 0xEF, 0xF3, 0xF8,
    0xC6, 0x31, 0xCC, 0x33, 0x06, 0x1F, 0x1F, 0xE6, 0x1D, 0x80, 0x70, 0x0F, 0xC1, 0xF8, 0x07, 0x00,
    0xD8, 0x37, 0xF8, 0xFC, 0xFF, 0xFF, 0xF0, 0xC0, 0x30, 0x0C, 0x03, 0x00, 0xC0, 0x30, 0x0C, 0x03,
    0x00, 0xC0, 0x30, 0xC0, 0xF0, 0x3C, 0x0F, 0x03, 0xC0, 0xF0, 0x3C, 0x0F, 0x03, 0xC0, 0xF8, 0x77,
    0xF8, 0xFC, 0xE0, 0x66, 0x0E, 0x60, 0xC7, 0x0C, 0x31, 0xC3, 0x18, 0x19, 0x81, 0xB0, 0x1F, 0x00,
    0xF0, 0x0E, 0x00, 0xE0, 0xE1, 0x83, 0x61, 0x86, 0x63, 0xC6, 0x63, 0xC6, 0x73, 0xC6, 0x32, 0x6C,
    0x36, 0x6C, 0x36, 0x6C, 0x1E, 0x3C, 0x1C, 0x38, 0x1C, 0x38, 0x1C, 0x38, 0x60, 0xEE, 0x38, 0xE6,
    0x0D, 0x80, 0xF0, 0x1C, 0x03, 0xC0, 0xF8, 0x1B, 0x86, 0x31, 0xC3, 0x30, 0x70, 0x60, 0xE7, 0x0C,
    0x31, 0xC1, 0x98, 0x1F, 0x80, 0xF0, 0x0E, 0x00, 0x60, 0x06, 0x00, 0x60, 0x06, 0x00, 0x60, 0xFF,
    0xFF, 0xC0, 0xC0, 0xE0, 0xE0, 0x60, 0x60, 0x70, 0x70, 0x30, 0x3F, 0xFF, 0xF0, 0xFE, 0xCC, 0xCC,
    0xCC, 0xCC, 0xCC, 0xCE, 0xF0, 0x40, 0x60, 0x60, 0x30, 0x30, 0x30, 0x18, 0x18, 0x18, 0x0C, 0x0C,
    0x0C, 0x06, 0x06, 0x02, 0xF7, 0x33, 0x33, 0x33, 0x33, 0x33, 0x37, 0xF0, 0x08, 0x0E, 0x0F, 0x86,
    0xE6, 0x30, 0xFF, 0xFF, 0x43, 0x0C, 0x3E, 0x7F, 0x43, 0x3F, 0xFF, 0xC3, 0xC3, 0xFF, 0x7B, 0xC0,
    0xC0, 0xC0, 0xDE, 0xFE, 0xC3, 0xC3, 0xC3, 0xC3, 0xC3, 0xFE, 0xDC, 0x3C, 0x3F, 0xB0, 0xD8, 0x0C,
    0x06, 0x03, 0x8C, 0xFC, 0x3C, 0x00, 0x03, 0x03, 0x03, 0x3B, 0x7F, 0xC3, 0xC3, 0xC3, 0xC3, 0xC3,
    0x7F, 0x3B, 0x3C, 0x7E, 0xC3, 0xFF, 0xFF, 0xC0, 0xC3, 0x7E, 0x3C, 0x3B, 0xD9, 0xFF, 0xB1, 0x8C,
    0x63, 0x18, 0xC0, 0x3B, 0x7F, 0xC3, 0xC3, 0xC3, 0xC3, 0xC3, 0x7F, 0x3B, 0x03, 0xFE, 0x7C, 0xC0,
    0xC0, 0xC0, 0xDE, 0xFF, 0xC3, 0xC3, 0xC3, 0xC3, 0xC3, 0xC3, 0xC3, 0x3C, 0xFF, 0xFF, 0xC0, 0x03,
    0x30, 0x33, 0x33, 0x33, 0x33, 0x33, 0x7E, 0xC0, 0x60, 0x30, 0x18, 0xCC, 0xC6, 0xC3, 0xE1, 0xF0,
    0xFC, 0x66, 0x31, 0x98, 0xE0, 0xCC, 0xCC, 0xCC, 0xCC, 0xCC, 0xE7, 0xDC, 0xE7, 0xFF, 0xB1, 0x8D,
    0x8C, 0x6C, 0x63, 0x63, 0x1B, 0x18, 0xD8, 0xC6, 0xC6, 0x30, 0xDE, 0xFF, 0xC3, 0xC3, 0xC3, 0xC3,
    0xC3, 0xC3, 0xC3, 0x3E, 0x3F, 0xB8, 0xF8, 0x3C, 0x1E, 0x0F, 0x8E, 0xFE, 0x3E, 0x00, 0xDE, 0xFE,
    0xC3, 0xC3, 0xC3, 0xC3, 0xC3, 0xFE, 0xDC, 0xC0, 0xC0, 0xC0, 0x3B, 0x7F, 0xC3, 0xC3, 0xC3, 0xC3,
    0xC3, 0x7F, 0x3B, 0x03, 0x03, 0x03, 0xDF, 0xF1, 0x8C, 0x63, 0x18, 0xC0, 0x3C, 0x7E, 0x62, 0x70,
    0x3E, 0x07, 0x63, 0x7F, 0x3E, 0x63, 0x3F, 0xF6, 0x31, 0x8C, 0x63, 0xCE, 0xC3, 0xC3, 0xC3, 0xC3,
    0xC3, 0xC3, 0xC7, 0xFF, 0x7B, 0xE1, 0x98, 0x66, 0x30, 0xCC, 0x33, 0x07, 0x81, 0xE0, 0x78, 0x0C,
    0x00, 0x63, 0x19, 0x8C, 0x66, 0x79, 0x99, 0xE6, 0x35, 0xB0, 0xF3, 0xC3, 0xCF, 0x0E, 0x38, 0x18,
    0x60, 0x63, 0xB9, 0x8F, 0x83, 0x81, 0xC0, 0xF0, 0xD8, 0xC6, 0x63, 0x80, 0xE1, 0x98, 0x66, 0x30,
    0xCC, 0x33, 0x07, 0x81, 0xE0, 0x70, 0x0C, 0x03, 0x03, 0x80, 0xC0, 0xFF, 0xFC, 0x30, 0xC3, 0x86,
    0x18, 0x7F, 0xFE, 0x3B, 0x98, 0xC6, 0x31, 0x9C, 0xE3, 0x18, 0xC6, 0x38, 0xE0, 0xFF, 0xFF, 0xFF,
    0xFC, 0xE3, 0x8C, 0x63, 0x18, 0xC7, 0x39, 0x8C, 0x63, 0x3B, 0x80, 0x38, 0x3F, 0xC1, 0xC0, 0xFF,
    0x0D, 0xB6, 0xDB, 0x60, 0x18, 0x18, 0x7E, 0xE7, 0xC2, 0xC0, 0xC0, 0xC2, 0xE7, 0x7E, 0x18, 0x18,
    0x1F, 0x1F, 0xCC, 0xE6, 0x03, 0x07, 0xE3, 0xF0, 0x60, 0x30, 0x18, 0x3F, 0xFF, 0xF0, 0x41, 0x7F,
    0x9F, 0xCC, 0x66, 0x33, 0xB9, 0xFD, 0xFE, 0x00, 0x00, 0xE1, 0xD8, 0x67, 0x38, 0xCC, 0x3F, 0x1F,
    0xE7, 0xF8, 0x30, 0x7F, 0x9F, 0xE0, 0xC0, 0x30, 0xFF, 0xF0, 0x3F, 0xFC, 0x3C, 0x7E, 0x66, 0x70,
    0x7C, 0x7E, 0xC3, 0xC3, 0xE7, 0x7E, 0x3E, 0x06, 0x66, 0x7E, 0x3C, 0x87, 0x30, 0x1F, 0x83, 0xFC,
    0x76, 0xEE, 0xF7, 0xD9, 0xBD, 0x83, 0xD8, 0x3D, 0x9B, 0xEF, 0x77, 0x6E, 0x3F, 0xC1, 0xF8, 0x1C,
    0x7E, 0xE3, 0x03, 0x7F, 0xE3, 0xC3, 0xC7, 0x7F, 0x30, 0x00, 0x33, 0x66, 0xCC, 0xCC, 0xEE, 0x77,
    0x33, 0x00, 0xFF, 0xFF, 0x03, 0x03, 0x03, 0xFF, 0xC0, 0x1C, 0x1F, 0x1F, 0xDB, 0xF9, 0x6C, 0xE6,
    0x53, 0xA3, 0x7F, 0x1F, 0x00, 0xFF, 0xC0, 0x31, 0xEC, 0xF3, 0xFD, 0xE0, 0x18, 0x18, 0xFF, 0xFF,
    0x18, 0x18, 0x00, 0xFF, 0xFF, 0x73, 0xE1, 0x8E, 0x73, 0xEF, 0x80, 0x79, 0xF0, 0xCE, 0x0D, 0xF7,
    0x80, 0x33, 0x10, 0xC3, 0xC3, 0xC3, 0xC3, 0xC3, 0xC3, 0xC7, 0xFF, 0xFB, 0xC0, 0xC0, 0xC0, 0x3F,
    0xBF, 0xDE, 0x7F, 0x37, 0x9B, 0xCC, 0x66, 0x33, 0x19, 0x8C, 0xC6, 0x63, 0x31, 0x98, 0xCC, 0x66,
    0xDF, 0x80, 0x23, 0x77, 0x7F, 0xF3, 0x33, 0x30, 0x33, 0xEC, 0xF3, 0xFD, 0xE0, 0x00, 0x88, 0xCC,
    0x66, 0x33, 0x66, 0xCC, 0x88, 0x00, 0x70, 0x07, 0x83, 0x3C, 0x30, 0x63, 0x83, 0x18, 0x19, 0x80,
    0xDC, 0x00, 0xC7, 0x0C, 0x78, 0xE6, 0xC6, 0x76, 0x63, 0xF3, 0x01, 0xB0, 0x0C, 0x70, 0x07, 0x82,
    0x2C, 0x30, 0x63, 0x03, 0x18, 0x19, 0x80, 0xD9, 0xC0, 0xDF, 0x0C, 0x18, 0xC1, 0xC6, 0x1C, 0x61,
    0xF6, 0x0F, 0x80, 0x38, 0x00, 0xF8, 0x01, 0x30, 0xE1, 0xC3, 0x81, 0xC6, 0x09, 0x9C, 0x1F, 0x70,
    0x18, 0xC7, 0x03, 0x9E, 0x06, 0x6C, 0x19, 0xD8, 0x73, 0xF0, 0xC0, 0x63, 0x00, 0xC0, 0x38, 0x70,
    0x60, 0x01, 0x83, 0x1C, 0x70, 0xC1, 0x8F, 0xFB, 0xE0, 0x18, 0x00, 0xC0, 0x04, 0x00, 0xE0, 0x0E,
    0x00, 0xF0, 0x1F, 0x01, 0xB0, 0x1B, 0x83, 0x18, 0x31, 0xC7, 0xFC, 0x7F, 0xC6, 0x0E, 0xE0, 0x60,
    0x03, 0x80, 0x70, 0x04, 0x00, 0xE0, 0x0E, 0x00, 0xF0, 0x1F, 0x01, 0xB0, 0x1B, 0x83, 0x18, 0x31,
    0xC7, 0xFC, 0x7F, 0xC6, 0x0E, 0xE0, 0x60, 0x0E, 0x01, 0xF0, 0x11, 0x00, 0xE0, 0x0E, 0x00, 0xF0,
    0x1F, 0x01, 0xB0, 0x1B, 0x83, 0x18, 0x31, 0xC7, 0xFC, 0x7F, 0xC6, 0x0E, 0xE0, 0x60, 0x1D, 0x01,
    0xF0, 0x03, 0x00, 0xE0, 0x0E, 0x00, 0xF0, 0x1F, 0x01, 0xB0, 0x1B, 0x83, 0x18, 0x31, 0xC7, 0xFC,
    0x7F, 0xC6, 0x0E, 0xE0, 0x60, 0x19, 0x81, 0x98, 0x00, 0x00, 0xF0, 0x0F, 0x00, 0xF0, 0x1F, 0x81,
    0xB8, 0x19, 0x83, 0x9C, 0x30, 0xC3, 0xFC, 0x7F, 0xE6, 0x06, 0x60, 0x60, 0x06, 0x00, 0xF0, 0x0F,
    0x00, 0x60, 0x06, 0x00, 0x60, 0x0F, 0x00, 0xF0, 0x0F, 0x01, 0x98, 0x19, 0x83, 0x9C, 0x3F, 0xC3,
    0xFC, 0x60, 0xE6, 0x06, 0x01, 0xFF, 0x01, 0xFF, 0x03, 0xC0, 0x07, 0xC0, 0x06, 0xC0, 0x0E, 0xFE,
    0x0C, 0xFF, 0x1C, 0xC0, 0x1F, 0xC0, 0x3F, 0xC0, 0x70, 0xFF, 0x60, 0xFF, 0x3F, 0x1F, 0xE6, 0x1B,
    0x03, 0xC0, 0x30, 0x0C, 0x03, 0x00, 0xC0, 0xD8, 0x67, 0xF8, 0x7C, 0x0C, 0x07, 0x81, 0xC0, 0x60,
    0x30, 0x10, 0xFF, 0xFF, 0xC0, 0xC0, 0xC0, 0xFE, 0xFF, 0xC0, 0xC0, 0xC0, 0xFF, 0xFF, 0x0E, 0x0C,
    0x08, 0xFF, 0xFF, 0xC0, 0xC0, 0xC0, 0xFE, 0xFF, 0xC0, 0xC0, 0xC0, 0xFF, 0xFF, 0x38, 0x3C, 0x64,
    0xFF, 0xFF, 0xC0, 0xC0, 0xC0, 0xFE, 0xFF, 0xC0, 0xC0, 0xC0, 0xFF, 0xFF, 0x66, 0x66, 0x00, 0xFF,
    0xFF, 0xC0, 0xC0, 0xC0, 0xFE, 0xFF, 0xC0, 0xC0, 0xC0, 0xFF, 0xFF, 0x61, 0x84, 0x31, 0x8C, 0x63,
    0x18, 0xC6, 0x31, 0x8C, 0x60, 0x73, 0x11, 0x8C, 0x63, 0x18, 0xC6, 0x31, 0x8C, 0x63, 0x00, 0x31,
    0xE4, 0x8C, 0x30, 0xC3, 0x0C, 0x30, 0xC3, 0x0C, 0x30, 0xC3, 0x00, 0xCF, 0x30, 0x0C, 0x30, 0xC3,
    0x0C, 0x30, 0xC3, 0x0C, 0x30, 0xC3, 0x00, 0x7F, 0x0F, 0xF1, 0x83, 0x30, 0x76, 0x07, 0xF8, 0xFF,
    0x1B, 0x03, 0x60, 0xEC, 0x19, 0xFE, 0x3F, 0x80, 0x39, 0x0F, 0xC0, 0x63, 0x03, 0xE0, 0xFC, 0x3F,
    0x0F, 0x63, 0xDC, 0xF3, 0xBC, 0x6F, 0x1F, 0xC3, 0xF0, 0x7C, 0x0C, 0x38, 0x03, 0x80, 0x10, 0x0F,
    0x87, 0xF8, 0xC1, 0xB0, 0x3E, 0x03, 0xC0, 0x78, 0x0F, 0x01, 0xF0, 0x76, 0x1C, 0xFF, 0x07, 0xC0,
    0x03, 0x80, 0xE0, 0x10, 0x0F, 0x87, 0xF8, 0xC1, 0xB0, 0x3E, 0x03, 0xC0, 0x78, 0x0F, 0x01, 0xF0,
    0x76, 0x1C, 0xFF, 0x07, 0xC0, 0x0E, 0x03, 0xE0, 0x44, 0x0F, 0x87, 0xF8, 0xC1, 0xB0, 0x3E, 0x03,
    0xC0, 0x78, 0x0F, 0x01, 0xE0, 0x76, 0x0C, 0xFF, 0x07, 0xC0, 0x00, 0x03, 0xF0, 0xFC, 0x00, 0x01,
    0xF0, 0xFF, 0x18, 0x36, 0x07, 0xC0, 0x78, 0x0F, 0x01, 0xE0, 0x3C, 0x0E, 0xC1, 0x9F, 0xE0, 0xF8,
    0x33, 0x06, 0x60, 0x00, 0x0F, 0x87, 0xF8, 0xC1, 0xB0, 0x3E, 0x03, 0xC0, 0x78, 0x0F, 0x01, 0xE0,
    0x76, 0x0C, 0xFF, 0x07, 0xC0, 0x00, 0xC6, 0x7C, 0x38, 0x38, 0x7C, 0xC6, 0x00, 0x1F, 0x4F, 0xF9,
    0x87, 0x60, 0xFC, 0x37, 0x8C, 0xF3, 0x1E, 0xC3, 0xF0, 0xEE, 0x19, 0xFE, 0x3F, 0x80, 0x30, 0x06,
    0x00, 0x83, 0x03, 0xC0, 0xF0, 0x3C, 0x0F, 0x03, 0xC0, 0xF0, 0x3C, 0x0F, 0x03, 0xE1, 0xDF, 0xE3,
    0xF0, 0x03, 0x01, 0x80, 0x43, 0x03, 0xC0, 0xF0, 0x3C, 0x0F, 0x03, 0xC0, 0xF0, 0x3C, 0x0F, 0x03,
    0xE1, 0xDF, 0xE3, 0xF0, 0x1E, 0x07, 0x83, 0x33, 0x03, 0xC0, 0xF0, 0x3C, 0x0F, 0x03, 0xC0, 0xF0,
    0x3C, 0x0F, 0x03, 0xE1, 0xDF, 0xE3, 0xF0, 0x33, 0x0C, 0xC0, 0x03, 0x03, 0xC0, 0xF0, 0x3C, 0x0F,
    0x03, 0xC0, 0xF0, 0x3C, 0x0F, 0x03, 0xE1, 0xDF, 0xE3, 0xF0, 0x03, 0x80, 0x70, 0x00, 0x06, 0x0E,
    0x70, 0xC3, 0x1C, 0x19, 0x81, 0xF8, 0x0F, 0x00, 0xE0, 0x06, 0x00, 0x60, 0x06, 0x00, 0x60, 0x06,
    0x00, 0xC0, 0x60, 0x3F, 0x1F, 0xEC, 0x3E, 0x0F, 0x07, 0x87, 0xFF, 0x7E, 0x30, 0x18, 0x00, 0x7C,
    0x7E, 0xC6, 0xC6, 0xC6, 0xDC, 0xCE, 0xC3, 0xC3, 0xC3, 0xDF, 0xDE, 0x60, 0x30, 0x18, 0x00, 0x7E,
    0x7F, 0x03, 0x3F, 0xFF, 0xC3, 0xC3, 0xFF, 0x7B, 0x06, 0x0E, 0x0C, 0x00, 0x3E, 0x7F, 0x43, 0x03,
    0x7F, 0xE3, 0xC3, 0xFF, 0x7B, 0x18, 0x3C, 0x36, 0x00, 0x3E, 0x7F, 0x43, 0x3F, 0xFF, 0xC3, 0xC3,
    0xFF, 0x7B, 0x10, 0x3E, 0x2C, 0x00, 0x3E, 0x7F, 0x43, 0x3F, 0xFF, 0xC3, 0xC3, 0xFF, 0x7B, 0x00,
    0x66, 0x00, 0x00, 0x3E, 0x7F, 0x43, 0x3F, 0xFF, 0xC3, 0xC3, 0xFF, 0x7B, 0x18, 0x3C, 0x3C, 0x3C,
    0x18, 0x3E, 0x7F, 0x43, 0x3F, 0xFF, 0xC3, 0xC3, 0xFF, 0x7B, 0x3C, 0xF1, 0xFF, 0xE0, 0x30, 0xCF,
    0xFF, 0xFF, 0xFF, 0x0C, 0x0C, 0x30, 0xFF, 0xFE, 0x7C, 0xF0, 0x3E, 0x3F, 0xB8, 0xD8, 0x0C, 0x06,
    0x03, 0x8C, 0xFE, 0x3E, 0x0C, 0x07, 0x03, 0x80, 0x60, 0x30, 0x10, 0x00, 0x3C, 0x7E, 0xC3, 0xC3,
    0xFF, 0xC0, 0xC2, 0x7E, 0x3C, 0x06, 0x0C, 0x08, 0x00, 0x3C, 0x7E, 0xC3, 0xC3, 0xFF, 0xC0, 0xC2,
    0x7E, 0x3C, 0x18, 0x3C, 0x24, 0x00, 0x3C, 0x7E, 0xC3, 0xFF, 0xFF, 0xC0, 0xC3, 0x7E, 0x3C, 0x00,
    0x66, 0x00, 0x00, 0x3C, 0x7E, 0xC3, 0xFF, 0xFF, 0xC0, 0xC3, 0x7E, 0x3C, 0x63, 0x8C, 0x21, 0x8C,
    0x63, 0x18, 0xC6, 0x31, 0x80, 0x33, 0x18, 0x8C, 0x63, 0x18, 0xC6, 0x31, 0x8C, 0x00, 0x31, 0xE7,
    0x92, 0x30, 0xC3, 0x0C, 0x30, 0xC3, 0x0C, 0x30, 0x03, 0x30, 0x00, 0x30, 0xC3, 0x0C, 0x30, 0xC3,
    0x0C, 0x30, 0x00, 0x1C, 0x0F, 0x03, 0xC0, 0x31, 0xF9, 0xFF, 0xC7, 0xC1, 0xE0, 0xF0, 0x7C, 0x77,
    0xF1, 0xF0, 0x30, 0x7C, 0x0C, 0x00, 0xDE, 0xFF, 0xC3, 0xC3, 0xC3, 0xC3, 0xC3, 0xC3, 0xC3, 0x20,
    0x18, 0x06, 0x00, 0x03, 0xE3, 0xFB, 0x8F, 0x83, 0xC1, 0xE0, 0xF8, 0xEF, 0xE3, 0xE0, 0x02, 0x03,
    0x03, 0x00, 0x03, 0xE3, 0xFB, 0x8F, 0x83, 0xC1, 0xE0, 0xF8, 0xEF, 0xE3, 0xE0, 0x08, 0x0E, 0x0D,
    0x80, 0x03, 0xE3, 0xFB, 0x8F, 0x83, 0xC1, 0xE0, 0xF8, 0xEF, 0xE3, 0xE0, 0x12, 0x1F, 0x0B, 0x00,
    0x03, 0xE3, 0xFB, 0x8F, 0x83, 0xC1, 0xE0, 0xF8, 0xEF, 0xE3, 0xE0, 0x00, 0x1B, 0x00, 0x00, 0x03,
    0xE3, 0xFB, 0x8F, 0x83, 0xC1, 0xE0, 0xF8, 0xEF, 0xE3, 0xE0, 0x38, 0x38, 0x18, 0xFF, 0xFF, 0x00,
    0x18, 0x38, 0x38, 0x3F, 0x3F, 0xB9, 0xF8, 0xBC, 0x9E, 0x8F, 0x8E, 0xFE, 0x7E, 0x00, 0x60, 0x30,
    0x10, 0x00, 0xC3, 0xC3, 0xC3, 0xC3, 0xC3, 0xC3, 0xC7, 0xFF, 0x7B, 0x06, 0x0C, 0x18, 0x00, 0xC3,
    0xC3, 0xC3, 0xC3, 0xC3, 0xC3, 0xC7, 0xFF, 0x7B, 0x18, 0x3C, 0x66, 0x00, 0xC3, 0xC3, 0xC3, 0xC3,
    0xC3, 0xC3, 0xC7, 0xFF, 0x7B, 0x00, 0x66, 0x00, 0x00, 0xC3, 0xC3, 0xC3, 0xC3, 0xC3, 0xC3, 0xC7,
    0xFF, 0x7B, 0x07, 0x01, 0x80, 0xC0, 0x00, 0xE1, 0x98, 0x66, 0x30, 0xCC, 0x33, 0x07, 0x81, 0xE0,
    0x70, 0x0C, 0x03, 0x03, 0x80, 0xC0, 0xC0, 0xC0, 0xC0, 0xDE, 0xFE, 0xC3, 0xC3, 0xC3, 0xC3, 0xC3,
    0xFE, 0xDC, 0xC0, 0xC0, 0xC0, 0x00, 0x1B, 0x00, 0x00, 0x0E, 0x33, 0x19, 0x8C, 0x6C, 0x36, 0x1B,
    0x07, 0x03, 0x80, 0xC0, 0xC0, 0xE0, 0x60, 0x1F, 0x03, 0xE0, 0x00, 0x07, 0x00, 0xE0, 0x3E, 0x07,
    0xC0, 0xD8, 0x3B, 0x86, 0x30, 0xC6, 0x3F, 0xE7, 0xFC, 0xC1, 0xB0, 0x38, 0x3E, 0x3E, 0x00, 0x3E,
    0x7F, 0x43, 0x3F, 0xFF, 0xC3, 0xC3, 0xFF, 0x7B, 0x19, 0x81, 0xF8, 0x06, 0x00, 0x60, 0x0F, 0x00,
    0xF0, 0x0F, 0x01, 0xB8, 0x19, 0x81, 0x98, 0x39, 0xC3, 0xFC, 0x7F, 0xE6, 0x06, 0x60, 0x60, 0x00,
    0x66, 0x3C, 0x00, 0x3E, 0x7F, 0x43, 0x3F, 0xFF, 0xC3, 0xC3, 0xFF, 0x7B, 0x07, 0x00, 0x38, 0x03,
    0xC0, 0x1B, 0x00, 0xD8, 0x0C, 0xE0, 0x63, 0x07, 0xF8, 0x3F, 0xE1, 0x83, 0x18, 0x1C, 0xC0, 0xE0,
    0x03, 0x00, 0x30, 0x01, 0xC0, 0x3E, 0x7F, 0x03, 0x7F, 0xFF, 0xC3, 0xC7, 0xFF, 0x7B, 0x02, 0x06,
    0x07, 0x07, 0x03, 0x80, 0x80, 0xFC, 0x7F, 0x98, 0x6C, 0x1F, 0x00, 0xC0, 0x30, 0x0C, 0x03, 0x07,
    0x61, 0x9F, 0xE3, 0xF0, 0x06, 0x06, 0x06, 0x00, 0x03, 0xC3, 0xFB, 0x0D, 0x80, 0xC0, 0x60, 0x38,
    0xCF, 0xC3, 0xC0, 0x04, 0x07, 0x04, 0xC0, 0x01, 0xF9, 0x8D, 0x81, 0x80, 0xC0, 0x60, 0x30, 0x18,
    0x0C, 0x03, 0x01, 0xC4, 0x3E, 0x18, 0xD8, 0x01, 0xE6, 0x58, 0x30, 0x60, 0xC1, 0x81, 0x81, 0xE0,
    0x0C, 0x03, 0x00, 0x00, 0xFC, 0x7F, 0x98, 0x6C, 0x1F, 0x00, 0xC0, 0x30, 0x0C, 0x03, 0x07, 0x61,
    0x9F, 0xE3, 0xF0, 0x00, 0x18, 0x10, 0x00, 0x3C, 0x7E, 0xC3, 0xC0, 0xC0, 0xC0, 0xC3, 0x7E, 0x3C,
    0x36, 0x07, 0x00, 0xC0, 0xFC, 0x7F, 0x98, 0x6C, 0x1F, 0x00, 0xC0, 0x30, 0x0C, 0x03, 0x07, 0x61,
    0x9F, 0xE3, 0xF0, 0x64, 0x1E, 0x06, 0x07, 0x87, 0xF6, 0x1B, 0x01, 0x80, 0xC0, 0x71, 0x9F, 0x87,
    0x80, 0x36, 0x1E, 0x06, 0x1F, 0x8F, 0xF6, 0x1B, 0x07, 0x83, 0xC1, 0xE0, 0xF0, 0x78, 0x3C, 0x37,
    0xFB, 0xF0, 0x03, 0x30, 0x33, 0x03, 0x23, 0xB0, 0x7F, 0x0C, 0x30, 0xC3, 0x0C, 0x30, 0xC3, 0x0C,
    0x30, 0x7F, 0x03, 0xB0, 0x7F, 0x0F, 0xF1, 0x83, 0x30, 0x76, 0x07, 0xF8, 0xFF, 0x1B, 0x03, 0x60,
    0xEC, 0x19, 0xFE, 0x3F, 0x80, 0x03, 0x03, 0xF0, 0x30, 0xEC, 0x7F, 0x30, 0xCC, 0x33, 0x0C, 0xC3,
    0x30, 0xC7, 0xF0, 0xEC, 0x7C, 0x7C, 0x00, 0xFF, 0xFF, 0xC0, 0xC0, 0xC0, 0xFE, 0xFF, 0xC0, 0xC0,
    0xC0, 0xFF, 0xFF, 0x3E, 0x3E, 0x00, 0x3C, 0x7E, 0xC3, 0xFF, 0xFF, 0xC0, 0xE3, 0x7F, 0x3C, 0x44,
    0xF0, 0x07, 0xFC, 0x18, 0x30, 0x60, 0xFD, 0x83, 0x06, 0x0C, 0x18, 0x3F, 0x80, 0x44, 0x3C, 0x00,
    0x3C, 0x66, 0xC2, 0xC3, 0xFF, 0xC0, 0xC0, 0x62, 0x3E, 0x18, 0x18, 0x00, 0xFF, 0xFF, 0xC0, 0xC0,
    0xC0, 0xFE, 0xFF, 0xC0, 0xC0, 0xC0, 0xFF, 0xFF, 0x00, 0x18, 0x08, 0x00, 0x3C, 0x7E, 0xC3, 0xFF,
    0xFF, 0xC0, 0xC3, 0x7E, 0x3C, 0xFF, 0xFF, 0xC0, 0xC0, 0xC0, 0xFF, 0xFE, 0xC0, 0xC0, 0xC0, 0xFF,
    0xFF, 0x02, 0x06, 0x07, 0x3C, 0x7E, 0xC3, 0xFF, 0xFF, 0xC0, 0xC3, 0x7E, 0x3C, 0x08, 0x1C, 0x1C,
    0x6E, 0x3C, 0x18, 0xFF, 0xFF, 0xC0, 0xC0, 0xC0, 0xFE, 0xFF, 0xC0, 0xC0, 0xC0, 0xFF, 0xFF, 0x24,
    0x3C, 0x18, 0x00, 0x3C, 0x7E, 0xC3, 0xC3, 0xFF, 0xC0, 0xC2, 0x7E, 0x3C, 0x04, 0x03, 0x81, 0x90,
    0x00, 0x1F, 0x8E, 0x36, 0x03, 0x00, 0xC0, 0x30, 0x0C, 0x3F, 0x03, 0xC0, 0xD8, 0x33, 0x8C, 0x7F,
    0x18, 0x24, 0x00, 0x3D, 0x67, 0xC3, 0xC3, 0xC3, 0xC3, 0xC3, 0x67, 0x3F, 0x03, 0x03, 0x46, 0x7C,
    0x1F, 0x1F, 0xE6, 0x1B, 0x07, 0xC0, 0x30, 0x0C, 0x7F, 0x1F, 0xC0, 0xD8, 0x77, 0xF8, 0x7C, 0x3B,
    0x7F, 0xC3, 0xC3, 0xC3, 0xC3, 0xC3, 0x7F, 0x3B, 0x03, 0xFE, 0x7C, 0x0C, 0x03, 0x00, 0x00, 0x7C,
    0x7F, 0x98, 0x6C, 0x1F, 0x00, 0xC0, 0x31, 0xFC, 0x7F, 0x03, 0x61, 0xDF, 0xE1, 0xF0, 0x00, 0x18,
    0x10, 0x00, 0x3B, 0x7F, 0xC7, 0xC3, 0xC3, 0xC3, 0xC7, 0x7F, 0x3B, 0x03, 0x7E, 0x7C, 0x1F, 0x1F,
    0xE6, 0x1B, 0x03, 0xC0, 0x30, 0x0C, 0x7F, 0x1F, 0xC0, 0xD8, 0x77, 0xF8, 0x7C, 0x00, 0x03, 0x00,
    0xC0, 0x20, 0x08, 0x18, 0x18, 0x00, 0x00, 0x3B, 0x7F, 0xC3, 0xC3, 0xC3, 0xC3, 0xC3, 0x7F, 0x3B,
    0x03, 0xFE, 0x7C, 0x08, 0x0E, 0x0D, 0x80, 0x0C, 0x1E, 0x0F, 0x07, 0x83, 0xC1, 0xFF, 0xF0, 0x78,
    0x3C, 0x1E, 0x0F, 0x07, 0x83, 0x10, 0x07, 0x01, 0xB0, 0x20, 0x00, 0x00, 0x30, 0x06, 0x00, 0xC0,
    0x1F, 0x83, 0x98, 0x61, 0x8C, 0x31, 0x86, 0x30, 0xC6, 0x18, 0xC3, 0x18, 0x60, 0x30, 0x31, 0x81,
    0x9F, 0xFE, 0xFF, 0xF3, 0x03, 0x1F, 0xF8, 0xFF, 0xC6, 0x06, 0x30, 0x31, 0x81, 0x8C, 0x0C, 0x60,
    0x60, 0x30, 0x1F, 0x03, 0x00, 0xDE, 0x3F, 0xCC, 0x33, 0x0C, 0xC3, 0x30, 0xCC, 0x33, 0x0C, 0xC3,
    0x66, 0xF0, 0x1E, 0x30, 0xC3, 0x0C, 0x30, 0xC3, 0x0C, 0x30, 0xC7, 0x80, 0x72, 0xB8, 0x00, 0xC1,
    0x83, 0x06, 0x0C, 0x18, 0x30, 0x60, 0xC0, 0xFF, 0xC0, 0x63, 0x18, 0xC6, 0x31, 0x8C, 0x63, 0x18,
    0xC0, 0xFF, 0xC0, 0xC6, 0x31, 0x8C, 0x63, 0x18, 0xC0, 0xC9, 0xE0, 0x1E, 0x30, 0xC3, 0x0C, 0x30,
    0xC3, 0x0C, 0x30, 0xC7, 0x80, 0x89, 0xE0, 0x0C, 0x30, 0xC3, 0x0C, 0x30, 0xC3, 0x0C, 0x6D, 0xB6,
    0xDB, 0x6D, 0xB5, 0xB8, 0x0D, 0x06, 0xDB, 0x6D, 0xB6, 0xB7, 0xF3, 0xFF, 0xFF, 0xFC, 0xFF, 0xFF,
    0xC0, 0xC0, 0x3C, 0x03, 0xC0, 0x3C, 0x03, 0xC0, 0x3C, 0x03, 0xC0, 0x3C, 0x03, 0xC4, 0x3C, 0xC3,
    0xCF, 0xEC, 0x7C, 0x01, 0x8F, 0x10, 0x0C, 0x78, 0xF1, 0xE3, 0xC7, 0x8F, 0x1E, 0x3C, 0x60, 0xC7,
    0x8E, 0x18, 0x79, 0x90, 0x01, 0x83, 0x06, 0x0C, 0x18, 0x30, 0x60, 0xC1, 0x83, 0x06, 0x0C, 0x18,
    0x63, 0xC0, 0x00, 0x38, 0xD8, 0x00, 0xC1, 0x83, 0x06, 0x0C, 0x18, 0x30, 0x60, 0xC1, 0x83, 0x0C,
    0x78, 0xC3, 0xB1, 0xCC, 0x63, 0x30, 0xD8, 0x3E, 0x0F, 0xC3, 0x38, 0xC6, 0x31, 0xCC, 0x3B, 0x06,
    0x00, 0x06, 0x01, 0x80, 0x40, 0xC0, 0x60, 0x30, 0x18, 0xEC, 0xE6, 0xE3, 0xE1, 0xF0, 0xFC, 0x67,
    0x31, 0x98, 0x60, 0x00, 0xC0, 0x60, 0x20, 0xC6, 0xCC, 0xD8, 0xF0, 0xF0, 0xD8, 0xCC, 0xCC, 0xC6,
    0x70, 0x60, 0x40, 0xC0, 0xC0, 0xC0, 0xC0, 0xC0, 0xC0, 0xC0, 0xC0, 0xC0, 0xC0, 0xFE, 0xFF, 0x73,
    0x11, 0x8C, 0x63, 0x18, 0xC6, 0x31, 0x8C, 0x71, 0xC0, 0xC0, 0xC0, 0xC0, 0xC0, 0xC0, 0xC0, 0xC0,
    0xC0, 0xC0, 0xC0, 0xFE, 0xFF, 0x00, 0x30, 0x30, 0x20, 0xCC, 0xCC, 0xCC, 0xCC, 0xCC, 0xE7, 0x0C,
    0xCC, 0xC3, 0xC3, 0xC2, 0xC0, 0xC0, 0xC0, 0xC0, 0xC0, 0xC0, 0xC0, 0xFF, 0xFF, 0xDE, 0xF5, 0x8C,
    0x63, 0x18, 0xC6, 0x38, 0xC0, 0xC1, 0x83, 0x06, 0x0C, 0x19, 0x32, 0x60, 0xC1, 0x83, 0x07, 0xF0,
    0xCC, 0xCC, 0xCE, 0xEC, 0xCC, 0xCC, 0x30, 0x0C, 0x03, 0x00, 0xC8, 0x3E, 0x0F, 0x07, 0x03, 0xC0,
    0x30, 0x0C, 0x03, 0xF8, 0xFF, 0x30, 0xC3, 0x0F, 0x39, 0xCF, 0x0C, 0x30, 0xC3, 0x87, 0x03, 0x01,
    0x80, 0x43, 0x03, 0xE0, 0xFC, 0x3F, 0x0F, 0x63, 0xDC, 0xF3, 0xBC, 0x6F, 0x1F, 0xC3, 0xF0, 0x7C,
    0x0C, 0x06, 0x0C, 0x0C, 0x08, 0xDE, 0xFF, 0xC3, 0xC3, 0xC3, 0xC3, 0xC3, 0xC3, 0xC3, 0xC0, 0xF8,
    0x3F, 0x0F, 0xC3, 0xD8, 0xF7, 0x3C, 0xEF, 0x1B, 0xC7, 0xF0, 0xFC, 0x1F, 0x03, 0x00, 0x03, 0x00,
    0xC0, 0x20, 0xDE, 0xFF, 0xC3, 0xC3, 0xC3, 0xC3, 0xC3, 0xC3, 0xC3, 0x00, 0x18, 0x18, 0x10, 0x33,
    0x07, 0x80, 0xC3, 0x03, 0xE0, 0xFC, 0x3F, 0x0F, 0x63, 0xDC, 0xF3, 0xBC, 0x6F, 0x1F, 0xC3, 0xF0,
    0x7C, 0x0C, 0x24, 0x3C, 0x3C, 0x18, 0xDE, 0xFF, 0xC3, 0xC3, 0xC3, 0xC3, 0xC3, 0xC3, 0xC3, 0x60,
    0x0C, 0x01, 0x00, 0x6B, 0xC1, 0xCC, 0x30, 0xC6, 0x18, 0xC3, 0x18, 0x63, 0x0C, 0x61, 0x8C, 0x30,
    0xC0, 0xF8, 0x3F, 0x0F, 0xC3, 0xF8, 0xF7, 0x3C, 0xEF, 0x1B, 0xC7, 0xF0, 0xFC, 0x1F, 0x03, 0x00,
    0xC0, 0xF0, 0x38, 0xDE, 0xFF, 0xC3, 0xC3, 0xC3, 0xC3, 0xC3, 0xC3, 0xC3, 0x03, 0x0F, 0x0E, 0x1F,
    0x03, 0xE0, 0x00, 0x0F, 0x87, 0xF8, 0xC1, 0xB0, 0x3E, 0x03, 0xC0, 0x78, 0x0F, 0x01, 0xE0, 0x76,
    0x0C, 0xFF, 0x07, 0xC0, 0x3E, 0x1F, 0x00, 0x07, 0xC7, 0xF7, 0x1F, 0x07, 0x83, 0xC1, 0xF1, 0xDF,
    0xC7, 0xC0, 0x11, 0x02, 0x20, 0x38, 0x00, 0x01, 0xF0, 0xE3, 0x98, 0x36, 0x03, 0xC0, 0x78, 0x0F,
    0x01, 0xE0, 0x3C, 0x06, 0xC1, 0x9C, 0x70, 0xF8, 0x22, 0x1E, 0x00, 0x07, 0xC6, 0x76, 0x1B, 0x07,
    0x83, 0xC1, 0xE1, 0x99, 0xC7, 0xC0, 0x06, 0xC1, 0xB0, 0x6C, 0x0F, 0x87, 0xF8, 0xC1, 0xB0, 0x3E,
    0x03, 0xC0, 0x78, 0x0F, 0x01, 0xE0, 0x76, 0x0C, 0xFF, 0x07, 0xC0, 0x19, 0x86, 0xC3, 0x60, 0x00,
    0x3E, 0x1F, 0xCE, 0x3B, 0x06, 0xC1, 0xB0, 0x6E, 0x39, 0xFC, 0x3E, 0x00, 0x1F, 0x7F, 0xBF, 0xFF,
    0xD8, 0x38, 0x18, 0x1C, 0x0C, 0x06, 0x06, 0x03, 0xFF, 0x01, 0xFD, 0x80, 0xC0, 0xC0, 0xE0, 0x30,
    0x70, 0x1F, 0xFF, 0xE3, 0xEF, 0xF0, 0x3E, 0x78, 0xFF, 0xFB, 0x8E, 0x1E, 0x0F, 0xFC, 0x1F, 0xF8,
    0x30, 0x38, 0xE1, 0xBF, 0xFE, 0x3E, 0x78, 0x06, 0x03, 0x00, 0x83, 0xF8, 0xFF, 0x30, 0xEC, 0x1B,
    0x06, 0xC3, 0xBF, 0xCF, 0xE3, 0x18, 0xC7, 0x30, 0xCC, 0x18, 0x18, 0x63, 0x08, 0xDB, 0xEC, 0x30,
    0xC3, 0x0C, 0x30, 0xC0, 0xFC, 0x7F, 0xB0, 0xD8, 0x6C, 0x36, 0x3B, 0xF9, 0xF8, 0xC6, 0x63, 0x30,
    0xD8, 0x60, 0x00, 0xC0, 0x60, 0x20, 0xDF, 0xF1, 0x8C, 0x63, 0x18, 0xC0, 0x31, 0x88, 0x00, 0x36,
    0x0F, 0x01, 0x83, 0xF8, 0xFF, 0x30, 0xEC, 0x1B, 0x06, 0xC3, 0xBF, 0xCF, 0xE3, 0x18, 0xC7, 0x30,
    0xCC, 0x18, 0x41, 0xA3, 0x8C, 0x6D, 0xF6, 0x18, 0x61, 0x86, 0x18, 0x60, 0x03, 0x01, 0x80, 0x00,
    0x7C, 0x7F, 0x98, 0x76, 0x01, 0xC0, 0x3F, 0x07, 0xE0, 0x1C, 0x03, 0x60, 0xDF, 0xE3, 0xF0, 0x06,
    0x0C, 0x0C, 0x00, 0x3E, 0x7F, 0x60, 0x70, 0x3E, 0x07, 0x63, 0x7F, 0x3E, 0x10, 0x38, 0x64, 0x00,
    0x7E, 0xE6, 0xC0, 0xC0, 0xE0, 0x78, 0x1E, 0x06, 0x03, 0x03, 0xC6, 0xFC, 0x30, 0xD8, 0x03, 0xEC,
    0x58, 0x38, 0x1C, 0x0C, 0x0E, 0x37, 0xC0, 0x1F, 0x1F, 0xE6, 0x1D, 0x80, 0x70, 0x0F, 0xC1, 0xF8,
    0x07, 0x00, 0xD8, 0x37, 0xF8, 0xFC, 0x06, 0x03, 0x80, 0xE0, 0x3E, 0x7E, 0x63, 0x70, 0x3E, 0x07,
    0x63, 0x7F, 0x3E, 0x0C, 0x1C, 0x1C, 0x1B, 0x07, 0x80, 0x00, 0x7C, 0x7F, 0x98, 0x76, 0x01, 0xC0,
    0x3F, 0x03, 0xE0, 0x1C, 0x03, 0x61, 0xDF, 0xE3, 0xF0, 0x36, 0x1C, 0x1C, 0x00, 0x3E, 0x7F, 0x60,
    0x70, 0x3E, 0x07, 0x63, 0x7F, 0x3E, 0xFF, 0x8C, 0x06, 0x03, 0x01, 0x80, 0xC0, 0x60, 0x30, 0x18,
    0x0C, 0x06, 0x03, 0x00, 0x80, 0x60, 0x18, 0x38, 0x30, 0xC7, 0xCC, 0x30, 0xC3, 0x0C, 0x30, 0xC1,
    0xC6, 0x0C, 0x33, 0x80, 0x37, 0x07, 0x80, 0xC3, 0xFF, 0xFF, 0xC3, 0x00, 0xC0, 0x30, 0x0C, 0x03,
    0x00, 0xC0, 0x30, 0x0C, 0x03, 0x00, 0xC0, 0x0C, 0x36, 0x98, 0xFB, 0xE6, 0x18, 0x61, 0x86, 0x1E,
    0x38, 0xFF, 0x8C, 0x06, 0x03, 0x01, 0x83, 0xF0, 0x60, 0x30, 0x18, 0x0C, 0x06, 0x03, 0x00, 0x30,
    0xC7, 0xCC, 0x31, 0xF3, 0x0C, 0x30, 0xC1, 0xC0, 0x3A, 0x17, 0x00, 0x18, 0x3C, 0x1E, 0x0F, 0x07,
    0x83, 0xC1, 0xE0, 0xF0, 0x78, 0x3C, 0x1B, 0x18, 0xF8, 0x72, 0x5C, 0x00, 0xC3, 0xC3, 0xC3, 0xC3,
    0xC3, 0xC3, 0xC3, 0xE7, 0x7B, 0x3E, 0x0F, 0x80, 0x03, 0x03, 0xC0, 0xF0, 0x3C, 0x0F, 0x03, 0xC0,
    0xF0, 0x3C, 0x0F, 0x03, 0xE1, 0xDF, 0xE3, 0xF0, 0x7C, 0x7C, 0x00, 0xC3, 0xC3, 0xC3, 0xC3, 0xC3,
    0xC3, 0xC7, 0xFF, 0x7B, 0xC0, 0xF0, 0x3C, 0x0F, 0x03, 0xC0, 0xF0, 0x3C, 0x0F, 0x03, 0xC0, 0xF8,
    0x77, 0xF8, 0xFC, 0x00, 0x66, 0x3C, 0x00, 0xC3, 0xC3, 0xC3, 0xC3, 0xC3, 0xC3, 0xC7, 0xFF, 0x7B,
    0x0C, 0x0F, 0x83, 0x60, 0xF8, 0x1C, 0x30, 0x3C, 0x0F, 0x03, 0xC0, 0xF0, 0x3C, 0x0F, 0x03, 0xC0,
    0xF0, 0x3E, 0x1D, 0xFE, 0x3F, 0x00, 0x18, 0x3C, 0x3C, 0x3C, 0x18, 0xC3, 0xC3, 0xC3, 0xC3, 0xC3,
    0xC3, 0xC7, 0xFF, 0x7B, 0x0C, 0xC3, 0x61, 0xB3, 0x03, 0xC0, 0xF0, 0x3C, 0x0F, 0x03, 0xC0, 0xF0,
    0x3C, 0x0F, 0x03, 0xE1, 0xDF, 0xE3, 0xF0, 0x19, 0x8C, 0xC2, 0x60, 0x00, 0xC3, 0x30, 0xCC, 0x33,
    0x0C, 0xC3, 0x30, 0xCC, 0x73, 0xFC, 0x7B, 0x00, 0xC0, 0xF0, 0x3C, 0x0F, 0x03, 0xC0, 0xF0, 0x3C,
    0x0F, 0x03, 0xC0, 0xF8, 0x77, 0xF8, 0xFC, 0x08, 0x07, 0x01, 0xE0, 0xC3, 0xC3, 0xC3, 0xC3, 0xC3,
    0xC3, 0xC7, 0xFF, 0x7B, 0x02, 0x06, 0x07, 0x01, 0xC0, 0x03, 0xC0, 0x02, 0x40, 0xE1, 0x83, 0x61,
    0x86, 0x63, 0xC6, 0x63, 0xC6, 0x73, 0xC6, 0x32, 0x6C, 0x36, 0x6C, 0x36, 0x6C, 0x1E, 0x3C, 0x1C,
    0x38, 0x1C, 0x38, 0x1C, 0x38, 0x03, 0x00, 0x1E, 0x00, 0x78, 0x01, 0x20, 0x63, 0x19, 0x8C, 0x66,
    0x79, 0x99, 0xE6, 0x35, 0xB0, 0xF3, 0xC3, 0xCF, 0x0E, 0x38, 0x18, 0x60, 0x0E, 0x00, 0xF0, 0x00,
    0x06, 0x0E, 0x70, 0xC3, 0x1C, 0x19, 0x81, 0xF8, 0x0F, 0x00, 0xE0, 0x06, 0x00, 0x60, 0x06, 0x00,
    0x60, 0x06, 0x00, 0x1C, 0x07, 0x83, 0x60, 0x00, 0xE1, 0x98, 0x66, 0x30, 0xCC, 0x33, 0x07, 0x81,
    0xE0, 0x70, 0x0C, 0x03, 0x03, 0x80, 0xC0, 0x19, 0x81, 0x98, 0x00, 0x07, 0x06, 0x30, 0xC3, 0x8C,
    0x19, 0x81, 0xD8, 0x0F, 0x00, 0x70, 0x06, 0x00, 0x60, 0x06, 0x00, 0x60, 0x06, 0x00, 0x07, 0x07,
    0x02, 0x1F, 0xFF, 0xF8, 0x18, 0x1C, 0x1C, 0x0C, 0x0C, 0x0E, 0x0E, 0x06, 0x07, 0xFF, 0xFE, 0x04,
    0x18, 0x60, 0x8F, 0xFF, 0xC3, 0x0C, 0x38, 0x61, 0x87, 0xFF, 0xE0, 0x18, 0x0C, 0x00, 0x1F, 0xFF,
    0xF8, 0x38, 0x3C, 0x1C, 0x1C, 0x1C, 0x0E, 0x0E, 0x06, 0x07, 0xFF, 0xFE, 0x00, 0x30, 0x40, 0x0F,
    0xFF, 0xC3, 0x0E, 0x38, 0x61, 0x87, 0xFF, 0xE0, 0x36, 0x0E, 0x03, 0x1F, 0xFF, 0xF8, 0x18, 0x1C,
    0x1C, 0x0C, 0x0C, 0x0E, 0x0E, 0x06, 0x07, 0xFF, 0xFE, 0x44, 0xD8, 0xE0, 0x8F, 0xFF, 0xC3, 0x0C,
    0x38, 0x61, 0x87, 0xFF, 0xE0, 0x7E, 0x31, 0x8C, 0x63, 0x18, 0xC6, 0x31, 0x80, 0x1F, 0x13, 0x8F,
    0x98, 0x39, 0x80, 0xCC, 0x06, 0x60, 0x33, 0x01, 0x98, 0x0C, 0xC0, 0x63, 0x06, 0x1C, 0x70, 0x3E,
    0x00, 0x00, 0x40, 0x18, 0xFB, 0x33, 0xCC, 0x11, 0x83, 0x30, 0x66, 0x0C, 0xC3, 0x0C, 0xE0, 0xF8,
    0x00, 0xC1, 0xB6, 0x0F, 0xB0, 0x71, 0x83, 0x0C, 0x18, 0x60, 0xC3, 0x06, 0x18, 0x30, 0xC1, 0x86,
    0x0C, 0x18, 0xC0, 0x7C, 0x00, 0x00, 0x78, 0x7B, 0x0E, 0x61, 0x8C, 0x31, 0x86, 0x30, 0xC6, 0x18,
    0xE7, 0x0F, 0x60, 0x00, 0x00, 0x40, 0x00, 0xF0, 0x00, 0x0C, 0x00, 0x00, 0x0F, 0xE1, 0xFF, 0x8E,
    0x00, 0xF0, 0x60, 0x36, 0x0C, 0x06, 0xC0, 0x81, 0x98, 0x18, 0x63, 0x03, 0x0C, 0x60, 0x43, 0x0C,
    0x18, 0xC1, 0x83, 0x18, 0x31, 0xC6, 0x07, 0xE0, 0xFF, 0xFE, 0x0F, 0x63, 0x83, 0x30, 0x60, 0x18,
    0x33, 0xFC, 0x08, 0x1E, 0x06, 0x1B, 0x03, 0x09, 0x81, 0x0C, 0xC1, 0x84, 0x60, 0xC4, 0x31, 0xC6,
    0x1F, 0x83, 0xF0, 0x03, 0x32, 0x03, 0x0C, 0x03, 0x00, 0x3F, 0x3F, 0x67, 0x03, 0xC3, 0x06, 0xC3,
    0x06, 0xC3, 0x0C, 0xC3, 0x18, 0xC3, 0x10, 0x67, 0x30, 0x3D, 0x3F, 0xC0, 0xF0, 0x3C, 0x0F, 0x03,
    0xC0, 0xF0, 0x3C, 0x0F, 0x03, 0xC0, 0xF0, 0x3C, 0x0F, 0xFB, 0x00, 0xC0, 0x30, 0x38, 0x00, 0xC0,
    0x70, 0x1C, 0x03, 0x03, 0xC0, 0xF0, 0x3C, 0x0F, 0x03, 0xC0, 0xF0, 0x3C, 0x0F, 0xFB, 0x00, 0xC0,
    0x30, 0x0C, 0x0E, 0xC7, 0x1C, 0x33, 0xCF, 0x3C, 0xF3, 0xCF, 0x3C, 0xF3, 0x0C, 0x30, 0xCE, 0xC0,
    0xCF, 0x83, 0x3F, 0x0C, 0xFC, 0x33, 0xD8, 0xCF, 0x23, 0x3C, 0xCC, 0xF1, 0xB3, 0xC6, 0xCF, 0x0F,
    0x3C, 0x1C, 0xF0, 0x73, 0x00, 0x0C, 0x00, 0x30, 0x03, 0x80, 0x00, 0xC0, 0xC7, 0x83, 0x1F, 0x0C,
    0x3C, 0x33, 0xD8, 0xCF, 0x63, 0x3C, 0xCC, 0xF1, 0xB3, 0xC6, 0xCF, 0x0F, 0x3C, 0x1C, 0xF0, 0x73,
    0x00, 0x0C, 0x00, 0x30, 0x00, 0xC0, 0x0E, 0x00, 0x10, 0x01, 0x00, 0x0B, 0xC3, 0xE6, 0x3C, 0x33,
    0xC3, 0x3C, 0x33, 0xC3, 0x3C, 0x33, 0xC3, 0x3C, 0x33, 0x00, 0x30, 0x03, 0x00, 0x30, 0x0E, 0x11,
    0x03, 0x40, 0x30, 0x00, 0x00, 0xC0, 0x1C, 0x03, 0x80, 0xD0, 0x13, 0x06, 0x20, 0xC6, 0x1F, 0xC6,
    0x18, 0xC1, 0xB0, 0x36, 0x03, 0x66, 0x3C, 0x00, 0x7C, 0x66, 0x03, 0x03, 0x7F, 0xC3, 0xC3, 0xCF,
    0x7B, 0x01, 0xE3, 0x00, 0x78, 0xC3, 0x0C, 0x30, 0xC3, 0x0C, 0x30, 0xC3, 0x1E, 0x64, 0x70, 0x00,
    0xC1, 0x83, 0x06, 0x0C, 0x18, 0x30, 0x60, 0xC0, 0x11, 0x03, 0x60, 0x38, 0x00, 0x01, 0xF0, 0xE3,
    0x98, 0x36, 0x03, 0xC0, 0x78, 0x0F, 0x01, 0xE0, 0x3C, 0x06, 0xC1, 0x9C, 0x70, 0xF8, 0x26, 0x0E,
    0x00, 0x07, 0xC6, 0x76, 0x1B, 0x07, 0x83, 0xC1, 0xE1, 0x99, 0xC7, 0xC0, 0x22, 0x1B, 0x07, 0x00,
    0x0C, 0x1E, 0x0F, 0x07, 0x83, 0xC1, 0xE0, 0xF0, 0x78, 0x3C, 0x1E, 0x0D, 0x8C, 0x7C, 0x64, 0x38,
    0x00, 0xC3, 0xC3, 0xC3, 0xC3, 0xC3, 0xC3, 0xC3, 0xE7, 0x7B, 0x3E, 0x00, 0x00, 0x06, 0xC0, 0x06,
    0x0F, 0x07, 0x83, 0xC1, 0xE0, 0xF0, 0x78, 0x3C, 0x1E, 0x0F, 0x06, 0xC6, 0x3E, 0x00, 0x7C, 0x00,
    0x6C, 0x00, 0x00, 0xC3, 0xC3, 0xC3, 0xC3, 0xC3, 0xC3, 0xC3, 0xE7, 0x7B, 0x02, 0x03, 0x03, 0x02,
    0x41, 0x20, 0x03, 0x07, 0x83, 0xC1, 0xE0, 0xF0, 0x78, 0x3C, 0x1E, 0x0F, 0x07, 0x83, 0x63, 0x1F,
    0x00, 0x04, 0x0C, 0x18, 0x2C, 0x00, 0x00, 0xC3, 0xC3, 0xC3, 0xC3, 0xC3, 0xC3, 0xC3, 0xE7, 0x7B,
    0x22, 0x0F, 0x03, 0x02, 0x41, 0x20, 0x03, 0x07, 0x83, 0xC1, 0xE0, 0xF0, 0x78, 0x3C, 0x1E, 0x0F,
    0x07, 0x83, 0x63, 0x1F, 0x00, 0x44, 0x3C, 0x18, 0x2C, 0x00, 0x00, 0xC3, 0xC3, 0xC3, 0xC3, 0xC3,
    0xC3, 0xC3, 0xE7, 0x7B, 0x10, 0x0C, 0x02, 0x02, 0x41, 0x20, 0x03, 0x07, 0x83, 0xC1, 0xE0, 0xF0,
    0x78, 0x3C, 0x1E, 0x0F, 0x07, 0x83, 0x63, 0x1F, 0x00, 0x20, 0x30, 0x10, 0x2C, 0x00, 0x00, 0xC3,
    0xC3, 0xC3, 0xC3, 0xC3, 0xC3, 0xC3, 0xE7, 0x7B, 0x7C, 0xCE, 0x02, 0x03, 0xFF, 0xC3, 0xC2, 0x66,
    0x3C, 0x1F, 0x00, 0x00, 0x00, 0x0D, 0x80, 0x00, 0x1C, 0x03, 0x80, 0x70, 0x1B, 0x03, 0x60, 0x46,
    0x18, 0xC3, 0xF8, 0xC1, 0x98, 0x32, 0x02, 0xC0, 0x60, 0x7E, 0x00, 0x66, 0x00, 0x00, 0x7E, 0x66,
    0x03, 0x03, 0x7F, 0xE3, 0xC3, 0xCF, 0x7B, 0x1F, 0x00, 0xC0, 0x10, 0x00, 0x00, 0x60, 0x1C, 0x03,
    0x80, 0x58, 0x19, 0x02, 0x30, 0xC6, 0x1F, 0xC2, 0x0C, 0xC1, 0x90, 0x16, 0x03, 0x7C, 0x00, 0x10,
    0x10, 0x00, 0x7C, 0x66, 0x03, 0x03, 0x7F, 0xE3, 0xC3, 0xCF, 0x7B, 0x03, 0xE0, 0x00, 0x00, 0x3F,
    0xC1, 0xB0, 0x04, 0xC0, 0x33, 0x00, 0x8C, 0x06, 0x3F, 0x18, 0xC0, 0xFF, 0x03, 0x0C, 0x18, 0x30,
    0x60, 0xC3, 0x03, 0xF0, 0x0F, 0x80, 0x00, 0x1F, 0x78, 0xDE, 0x60, 0x61, 0x83, 0x0D, 0xFF, 0xFC,
    0xC0, 0xC6, 0x06, 0x7C, 0x1E, 0x7C, 0x1F, 0x87, 0x19, 0x80, 0x60, 0x0C, 0x01, 0x80, 0x30, 0xF6,
    0x06, 0xC3, 0xEC, 0x19, 0xC3, 0x0F, 0xE0, 0x3D, 0x33, 0xB0, 0xD8, 0x6C, 0x36, 0x1B, 0x0C, 0xCE,
    0x3F, 0x01, 0x83, 0xE8, 0xE7, 0xE0, 0x10, 0x02, 0xC0, 0x60, 0x00, 0x1F, 0x8E, 0x36, 0x03, 0x00,
    0xC0, 0x30, 0x0C, 0x3F, 0x03, 0xC0, 0xD8, 0x33, 0x8C, 0x7F, 0x66, 0x18, 0x00, 0x3D, 0x67, 0xC3,
    0xC3, 0xC3, 0xC3, 0xC3, 0x67, 0x3F, 0x03, 0x03, 0x46, 0x7C, 0x00, 0x1E, 0x06, 0x00, 0x0C, 0x36,
    0x33, 0x31, 0x90, 0xD8, 0x78, 0x3E, 0x19, 0x8C, 0xC6, 0x33, 0x0D, 0x86, 0x40, 0x0D, 0x80, 0xE0,
    0x08, 0x00, 0x00, 0x30, 0x06, 0x00, 0xC0, 0x18, 0xC3, 0x30, 0x6C, 0x0F, 0x01, 0xE0, 0x36, 0x06,
    0x60, 0xCC, 0x18, 0xC0, 0x1F, 0x0E, 0x39, 0x83, 0x60, 0x3C, 0x07, 0x80, 0xF0, 0x1E, 0x03, 0xC0,
    0x6C, 0x19, 0xC7, 0x0F, 0x80, 0x40, 0x18, 0x03, 0x00, 0x70, 0x3E, 0x33, 0xB0, 0xD8, 0x3C, 0x1E,
    0x0F, 0x0C, 0xCE, 0x3E, 0x04, 0x06, 0x03, 0x01, 0xC0, 0x1F, 0x00, 0x00, 0x7C, 0x38, 0xE6, 0x0D,
    0x80, 0xF0, 0x1E, 0x03, 0xC0, 0x78, 0x0F, 0x01, 0xB0, 0x67, 0x1C, 0x3E, 0x01, 0x80, 0x20, 0x0C,
    0x00, 0xC0, 0x3E, 0x00, 0x0F, 0x8C, 0xEC, 0x36, 0x0F, 0x07, 0x83, 0xC3, 0x33, 0x8F, 0x81, 0x01,
    0x80, 0xC0, 0x70, 0x20, 0x0B, 0x07, 0x00, 0x07, 0xF0, 0x18, 0x18, 0x18, 0x18, 0x0F, 0x00, 0xE0,
    0x30, 0x18, 0x0F, 0x0C, 0xFC, 0x6C, 0x38, 0x00, 0xFE, 0x06, 0x0C, 0x18, 0x30, 0x3C, 0x0E, 0x02,
    0x03, 0x03, 0x06, 0xCE, 0xFC, 0x64, 0x70, 0x00, 0xC1, 0x83, 0x06, 0x0C, 0x18, 0x30, 0x60, 0xC1,
    0x83, 0x0C, 0x78, 0xFE, 0x1F, 0xF8, 0xE0, 0x0F, 0x06, 0x03, 0x60, 0xC0, 0x6C, 0x08, 0x19, 0x81,
    0x86, 0x30, 0x30, 0xC6, 0x04, 0x30, 0xC1, 0x8C, 0x18, 0x31, 0x83, 0x1C, 0x60, 0x7E, 0x0F, 0xF0,
    0xFE, 0x00, 0x63, 0x80, 0x30, 0x60, 0x18, 0x33, 0xFC, 0x08, 0x1E, 0x06, 0x1B, 0x03, 0x09, 0x81,
    0x0C, 0xC1, 0x84, 0x60, 0xC4, 0x31, 0xC6, 0x1F, 0x83, 0xF0, 0x03, 0x00, 0x03, 0x00, 0x03, 0x00,
    0x3F, 0x3F, 0x67, 0x03, 0xC3, 0x06, 0xC3, 0x06, 0xC3, 0x0C, 0xC3, 0x18, 0xC3, 0x10, 0x67, 0x30,
    0x3D, 0x3F, 0x01, 0x00, 0xC0, 0x60, 0x00, 0x1F, 0x8E, 0x36, 0x03, 0x00, 0xC0, 0x30, 0x0C, 0x3F,
    0x03, 0xC0, 0xD8, 0x33, 0x8C, 0x7F, 0x0C, 0x18, 0x00, 0x3D, 0x67, 0xC3, 0xC3, 0xC3, 0xC3, 0xC3,
    0x67, 0x3F, 0x03, 0x03, 0x46, 0x7C, 0xC3, 0x06, 0x18, 0x30, 0xC1, 0x86, 0x3C, 0x31, 0xFF, 0x8F,
    0x0C, 0x78, 0x63, 0xC3, 0x1E, 0x18, 0xF0, 0x6D, 0x81, 0xC0, 0x9E, 0x71, 0xB0, 0x58, 0x3C, 0x1E,
    0x0B, 0x0D, 0x86, 0xC6, 0x66, 0x3E, 0x1C, 0x0C, 0x06, 0x03, 0x01, 0x80, 0x10, 0x06, 0x00, 0xC0,
    0x00, 0xC0, 0xF8, 0x3F, 0x0F, 0xC3, 0xD8, 0xF2, 0x3C, 0xCF, 0x1B, 0xC6, 0xF0, 0xFC, 0x1F, 0x07,
    0x30, 0x18, 0x00, 0xBC, 0xE6, 0xC3, 0xC3, 0xC3, 0xC3, 0xC3, 0xC3, 0xC3, 0x03, 0x00, 0x20, 0x00,
    0x00, 0xF0, 0x0F, 0x00, 0xF0, 0x06, 0x00, 0xF0, 0x0D, 0x01, 0x98, 0x19, 0x83, 0x0C, 0x3F, 0xC2,
    0x0E, 0x60, 0x64, 0x02, 0x0E, 0x08, 0x18, 0x3C, 0x3C, 0x18, 0x00, 0x7C, 0x66, 0x03, 0x03, 0x7F,
    0xE3, 0xC3, 0xCF, 0x7B, 0x00, 0x20, 0x01, 0x80, 0x0C, 0x00, 0x00, 0x03, 0xFC, 0x1B, 0x00, 0x6C,
    0x03, 0x30, 0x0C, 0xC0, 0x63, 0xF1, 0x8C, 0x07, 0xF0, 0x30, 0xC0, 0x83, 0x06, 0x0C, 0x10, 0x3F,
    0x01, 0x80, 0x18, 0x00, 0x00, 0xFB, 0xC6, 0xF3, 0x03, 0x08, 0x18, 0x6F, 0xFF, 0xE6, 0x06, 0x30,
    0x33, 0xC4, 0xF3, 0xE0, 0x03, 0x00, 0xC0, 0x10, 0x00, 0x01, 0xFC, 0xE3, 0x98, 0x76, 0x1B, 0xC2,
    0x78, 0xCF, 0x31, 0xEC, 0x3D, 0x06, 0xE1, 0x9C, 0x73, 0xF8, 0x00, 0x00, 0x06, 0x04, 0x00, 0x07,
    0xE6, 0x76, 0x3B, 0x37, 0xB3, 0xD1, 0xF9, 0x99, 0xDF, 0xC0, 0x00, 0x24, 0x06, 0xC0, 0x68, 0x00,
    0x00, 0xC0, 0x1C, 0x03, 0x80, 0xD0, 0x13, 0x06, 0x20, 0xC6, 0x1F, 0xC6, 0x18, 0xC1, 0xB0, 0x36,
    0x03, 0xD8, 0x6C, 0x24, 0x7C, 0x66, 0x03, 0x03, 0x7F, 0xE3, 0xC3, 0xCF, 0x7B, 0x0E, 0x02, 0x20,
    0x00, 0x06, 0x00, 0xE0, 0x1C, 0x06, 0xC0, 0xD8, 0x11, 0x06, 0x30, 0xFE, 0x30, 0x66, 0x0C, 0x80,
    0xB0, 0x18, 0x3C, 0x66, 0x00, 0x7C, 0x66, 0x03, 0x03, 0x7F, 0xE3, 0xC3, 0xCF, 0x7B, 0x6C, 0x6C,
    0x36, 0x00, 0x7F, 0x60, 0x60, 0x60, 0x60, 0x7E, 0x60, 0x60, 0x60, 0x60, 0x60, 0x7F, 0xD8, 0x68,
    0x24, 0x3C, 0x66, 0xC2, 0xC3, 0xFF, 0xC0, 0xC0, 0x62, 0x3E, 0x38, 0x88, 0x07, 0xFC, 0x18, 0x30,
    0x60, 0xFD, 0x83, 0x06, 0x0C, 0x18, 0x3F, 0x80, 0x3C, 0x64, 0x00, 0x3C, 0x66, 0xC2, 0xC3, 0xFF,
    0xC0, 0xC0, 0x62, 0x3E, 0x48, 0xD8, 0x90, 0x03, 0xC3, 0x06, 0x0C, 0x18, 0x30, 0x60, 0xC1, 0x83,
    0x06, 0x1E, 0xD8, 0x90, 0x90, 0xC1, 0x83, 0x06, 0x0C, 0x18, 0x30, 0x60, 0xC0, 0x79, 0x30, 0x1E,
    0x30, 0xC3, 0x0C, 0x30, 0xC3, 0x0C, 0x30, 0xC7, 0x80, 0x7B, 0x30, 0x0C, 0x30, 0xC3, 0x0C, 0x30,
    0xC3, 0x0C, 0x36, 0x06, 0xC0, 0x6C, 0x00, 0x01, 0xF0, 0xE3, 0x98, 0x36, 0x03, 0xC0, 0x78, 0x0F,
    0x01, 0xE0, 0x3C, 0x06, 0xC1, 0x9C, 0x70, 0xF8, 0x48, 0x36, 0x09, 0x07, 0xC6, 0x76, 0x1B, 0x07,
    0x83, 0xC1, 0xE1, 0x99, 0xC7, 0xC0, 0x0E, 0x02, 0x20, 0x00, 0x0F, 0x87, 0x1C, 0xC1, 0xB0, 0x1E,
    0x03, 0xC0, 0x78, 0x0F, 0x01, 0xE0, 0x36, 0x0C, 0xE3, 0x87, 0xC0, 0x3C, 0x13, 0x00, 0x07, 0xC6,
    0x76, 0x1B, 0x07, 0x83, 0xC1, 0xE1, 0x99, 0xC7, 0xC0, 0x6C, 0x0B, 0x03, 0x60, 0x00, 0x7E, 0x18,
    0xC6, 0x11, 0x86, 0x61, 0x18, 0xC7, 0xE1, 0x98, 0x62, 0x18, 0xC6, 0x19, 0x86, 0x6C, 0x24, 0x12,
    0x2E, 0x38, 0x30, 0x30, 0x30, 0x30, 0x30, 0x30, 0x30, 0x38, 0x22, 0x00, 0x1F, 0x8C, 0x66, 0x13,
    0x0D, 0x84, 0xC6, 0x7E, 0x33, 0x18, 0x8C, 0x66, 0x1B, 0x0C, 0x38, 0xC8, 0x02, 0xE7, 0x0C, 0x18,
    0x30, 0x60, 0xC1, 0x83, 0x00, 0x6C, 0x16, 0x0D, 0x80, 0x0C, 0x1E, 0x0F, 0x07, 0x83, 0xC1, 0xE0,
    0xF0, 0x78, 0x3C, 0x1E, 0x0D, 0x8C, 0x7C, 0xD8, 0x68, 0x24, 0xC3, 0xC3, 0xC3, 0xC3, 0xC3, 0xC3,
    0xC3, 0xE7, 0x7B, 0x1C, 0x11, 0x00, 0x18, 0x3C, 0x1E, 0x0F, 0x07, 0x83, 0xC1, 0xE0, 0xF0, 0x78,
    0x3C, 0x1B, 0x18, 0xF8, 0x3C, 0x64, 0x00, 0xC3, 0xC3, 0xC3, 0xC3, 0xC3, 0xC3, 0xC3, 0xE7, 0x7B,
    0x3E, 0x1F, 0xC6, 0x19, 0x80, 0x70, 0x0F, 0x81, 0xF8, 0x0E, 0x01, 0x98, 0x67, 0xF8, 0xFC, 0x00,
    0x03, 0x00, 0xC0, 0x20, 0x3E, 0x3F, 0x98, 0x4E, 0x03, 0xF0, 0x1D, 0x86, 0xFF, 0x3F, 0x00, 0x03,
    0x01, 0x80, 0x80, 0xFF, 0xFF, 0xF0, 0xC0, 0x30, 0x0C, 0x03, 0x00, 0xC0, 0x30, 0x0C, 0x03, 0x00,
    0xC0, 0x30, 0x00, 0x03, 0x00, 0xC0, 0x20, 0x63, 0x3F, 0xF6, 0x31, 0x8C, 0x63, 0xCE, 0x03, 0x18,
    0x80, 0x3E, 0x31, 0x80, 0x60, 0x30, 0x30, 0xF0, 0xFC, 0x06, 0x01, 0x80, 0xC0, 0xC0, 0xE1, 0xE3,
    0xC3, 0x00, 0x78, 0x98, 0x18, 0x20, 0xC7, 0x81, 0x83, 0x06, 0x0C, 0x77, 0xCC, 0x00, 0x22, 0x1B,
    0x07, 0x00, 0x0C, 0x1E, 0x0F, 0x07, 0x83, 0xC1, 0xFF, 0xF0, 0x78, 0x3C, 0x1E, 0x0F, 0x07, 0x83,
    0x40, 0x0D, 0x80, 0xE0, 0x08, 0x00, 0x00, 0x30, 0x06, 0x00, 0xC0, 0x1F, 0x83, 0x98, 0x61, 0x8C,
    0x31, 0x86, 0x30, 0xC6, 0x18, 0xC3, 0x18, 0x60, 0x43, 0x0C, 0x33, 0x10, 0x31, 0xE4, 0xC0, 0x01,
    0xFF, 0x80, 0xFF, 0xC0, 0x01, 0xFC, 0x00, 0xCB, 0xE7, 0x80, 0x3C, 0x87, 0x30, 0x0E, 0x36, 0x40,
    0x6F, 0xF6, 0x33, 0x1B, 0x1B, 0x00, 0x49, 0xE3, 0x00, 0xFC, 0xFF, 0xF0, 0x58, 0xD8, 0x90, 0x20,
    0x8C, 0x9E, 0x00, 0x00, 0xE4, 0x40, 0x7C, 0x66, 0x64, 0x66, 0x62, 0x66, 0x64, 0x46, 0x30, 0x26,
    0xC0, 0x3F, 0x30, 0xCE, 0xC0, 0x01, 0xF0, 0xC3, 0x0C, 0x00, 0x36, 0xE0, 0xFB, 0x80, 0x21, 0x9E,
    0x03, 0xCC, 0x40, 0x33, 0xCC, 0x0F, 0x00, 0x03, 0x33, 0xE0, 0x1B, 0x6E, 0x00, 0xA0, 0x06, 0xC0,
    0xFF, 0xF0, 0xF8, 0x23, 0x77, 0x04, 0xEE, 0x00, 0xFC, 0x03, 0xFC, 0xF3, 0x00, 0x95, 0xF8, 0x00,
    0x01, 0xE3, 0x00, 0x31, 0xEC, 0xC0, 0x8B, 0xE0, 0x00, 0x00, 0xE4, 0x40, 0x32, 0x5E, 0x00, 0x07,
    0xC0, 0x01, 0xFC, 0x00, 0xFE, 0x03, 0xF8, 0x00, 0x65, 0x78, 0x00, 0x01, 0xFC, 0x00, 0x00, 0x0F,
    0xFF, 0x00, 0x00, 0x00, 0x67, 0x10, 0x02, 0x02, 0x06, 0x04, 0x0C, 0x08, 0x08, 0x18, 0x10, 0x30,
    0x20, 0x20, 0x60, 0x40, 0xCF, 0x00, 0x03, 0x3C, 0xFF, 0xFF, 0x8F, 0xF8, 0x00, 0x00, 0xFA, 0xD8,
    0x00, 0x06, 0x60, 0x64, 0x62, 0x60, 0xFE, 0x03, 0xF8, 0x00, 0x46, 0x30, 0x26, 0xC0, 0x32, 0x5E,
    0x00, 0x06, 0x32, 0x00, 0x33, 0xF2, 0x00, 0x9B, 0x80, 0x00, 0xFF, 0xC3, 0xC3, 0x00, 0xFE, 0x03,
    0xF8, 0x00, 0xFF, 0xF0, 0x0F, 0x33, 0x00, 0x00, 0x3A, 0x5E, 0x10, 0x10, 0xE5, 0x70, 0x01, 0x80,
    0x00, 0x66, 0x66, 0x7E, 0x00, 0x00, 0x51, 0xF1, 0x60, 0x00, 0x0E, 0x66, 0xCF, 0x00, 0xFB, 0x80,
    0x7B, 0x22, 0x08, 0x06, 0x60, 0x79, 0x80, 0xCF, 0x00, 0xCC, 0xDB, 0x58, 0xCF, 0x00, 0xA0, 0x6F,
    0x60, 0xFD, 0xEF, 0xF0, 0x00, 0x04, 0xE2, 0x00, 0x40, 0x09, 0xC0, 0xE1, 0xFE, 0x00, 0x00, 0x40,
    0x09, 0xC0, 0xE1, 0xFE, 0x00, 0x00, 0x00, 0x3F, 0xF0, 0x00, 0x00, 0x3F, 0xF0, 0x00, 0x7F, 0x09,
    0x0F, 0xE0, 0x00, 0x00, 0x00, 0x00, 0x7F, 0x83, 0x87, 0x10, 0x02, 0x00, 0x00, 0x00, 0x00, 0x00,
    0x4F, 0xFF, 0x80, 0x04, 0x00, 0x00, 0x71, 0x77, 0x00, 0xEA, 0xFE, 0x00, 0x55, 0x40, 0x6F, 0xFF,
    0x00, 0x99, 0x9F, 0x00, 0x7C, 0xCF, 0x00, 0x3F, 0xFF, 0xF0, 0x8F, 0x99, 0x90, 0xFD, 0x6B, 0x50,
    0xFA, 0x40, 0x06, 0x44, 0x60, 0x00, 0x98, 0xC0, 0x53, 0x18, 0xA0, 0x20, 0x60, 0x40, 0x0F, 0xF8,
    0x30, 0x60, 0xC1, 0xFB, 0x06, 0x0C, 0x18, 0x30, 0x7F, 0x66, 0x66, 0x00, 0xFF, 0xFF, 0xC0, 0xC0,
    0xC0, 0xFE, 0xFF, 0xC0, 0xC0, 0xC0, 0xFF, 0xFF, 0xFF, 0xC7, 0xFE, 0x03, 0x00, 0x18, 0x00, 0xDE,
    0x07, 0xF8, 0x38, 0xE1, 0x83, 0x0C, 0x18, 0x60, 0xC3, 0x3C, 0x19, 0xC0, 0x0E, 0x0C, 0x18, 0xFF,
    0xFE, 0xC0, 0xC0, 0xC0, 0xC0, 0xC0, 0xC0, 0xC0, 0xC0, 0xC0, 0xC0, 0x1F, 0x1F, 0xE6, 0x1F, 0x03,
    0xC0, 0x3F, 0x8F, 0xC3, 0x00, 0xC0, 0xD8, 0x77, 0xF8, 0x7C, 0x1F, 0x1F, 0xE6, 0x1D, 0x80, 0x70,
    0x0F, 0xC1, 0xF8, 0x07, 0x00, 0xD8, 0x37, 0xF8, 0xFC, 0xFF, 0xFF, 0xFF, 0xCF, 0x30, 0x0C, 0x30,
    0xC3, 0x0C, 0x30, 0xC3, 0x0C, 0x30, 0xC3, 0x00, 0x03, 0x03, 0x03, 0x03, 0x03, 0x03, 0x03, 0x03,
    0x43, 0xE3, 0x7E, 0x3C, 0x3F, 0xC0, 0x1F, 0xE0, 0x0C, 0x30, 0x06, 0x18, 0x03, 0x0F, 0xC1, 0x87,
    0xF8, 0xC3, 0x0E, 0x61, 0x83, 0x30, 0xC1, 0xB0, 0x60, 0xF8, 0x3F, 0xD8, 0x1F, 0xC0, 0xC0, 0xC0,
    0xC0, 0xC0, 0xC0, 0xC0, 0xC0, 0xC0, 0xC0, 0xC0, 0xFF, 0xFE, 0xFF, 0xFF, 0xC0, 0xC3, 0xC0, 0xC3,
    0xC0, 0xC3, 0xC0, 0xFF, 0xC0, 0xFE, 0xFF, 0xC7, 0xFE, 0x03, 0x00, 0x18, 0x00, 0xDC, 0x07, 0xF8,
    0x38, 0xE1, 0x83, 0x0C, 0x18, 0x60, 0xC3, 0x06, 0x18, 0x30, 0x07, 0x03, 0x80, 0x83, 0x06, 0xC3,
    0x31, 0xCC, 0xE3, 0x30, 0xF8, 0x3E, 0x0D, 0xC3, 0x38, 0xC7, 0x30, 0xEC, 0x18, 0x10, 0x06, 0x00,
    0xC0, 0x00, 0xC1, 0xF0, 0x7C, 0x3F, 0x1B, 0xC6, 0xF3, 0x3C, 0x8F, 0x63, 0xF0, 0xF8, 0x3E, 0x0F,
    0x03, 0x19, 0x81, 0x98, 0x1F, 0x80, 0x60, 0x60, 0x67, 0x0E, 0x30, 0xC3, 0x8C, 0x19, 0x81, 0xD8,
    0x0F, 0x80, 0xF0, 0x07, 0x00, 0x60, 0x1E, 0x01, 0xC0, 0xC1, 0xE0, 0xF0, 0x78, 0x3C, 0x1E, 0x0F,
    0x07, 0x83, 0xC1, 0xE0, 0xFF, 0xFF, 0xF0, 0xC0, 0x60, 0x0E, 0x00, 0xE0, 0x0F, 0x01, 0xF0, 0x1B,
    0x01, 0xB8, 0x31, 0x83, 0x1C, 0x7F, 0xC7, 0xFC, 0x60, 0xEE, 0x06, 0xFF, 0x7F, 0xB0, 0x18, 0x0C,
    0x07, 0xF3, 0xFD, 0x83, 0xC1, 0xE0, 0xFF, 0xDF, 0xC0, 0xFE, 0x7F, 0xB0, 0x78, 0x3C, 0x1F, 0xFB,
    0xFD, 0x87, 0xC1, 0xE0, 0xFF, 0xFF, 0xE0, 0xFF, 0xFE, 0xC0, 0xC0, 0xC0, 0xC0, 0xC0, 0xC0, 0xC0,
    0xC0, 0xC0, 0xC0, 0x3F, 0xC3, 0xFC, 0x30, 0xC3, 0x0C, 0x30, 0xC3, 0x0C, 0x30, 0xC3, 0x0C, 0x30,
    0xC6, 0x0C, 0xFF, 0xFF, 0xFF, 0xC0, 0x3C, 0x03, 0x80, 0x20, 0xFF, 0xFF, 0xC0, 0xC0, 0xC0, 0xFE,
    0xFF, 0xC0, 0xC0, 0xC0, 0xFF, 0xFF, 0x61, 0x86, 0x71, 0x8E, 0x31, 0x8C, 0x19, 0x98, 0x1D, 0xB8,
    0x0F, 0xF0, 0x0F, 0xF0, 0x1D, 0xB8, 0x19, 0x98, 0x31, 0x8C, 0x71, 0x8E, 0x61, 0x86, 0x3E, 0x3F,
    0xB8, 0x60, 0x30, 0x38, 0xF8, 0x7C, 0x03, 0xC1, 0xF0, 0xDF, 0xC7, 0xC0, 0xC0, 0xF0, 0x7C, 0x3F,
    0x1F, 0xC6, 0xF3, 0xBD, 0xCF, 0x63, 0xF0, 0xFC, 0x3E, 0x0F, 0x03, 0x33, 0x0F, 0xC0, 0xC3, 0x03,
    0xC1, 0xF0, 0xFC, 0x7F, 0x1B, 0xCE, 0xF7, 0x3D, 0x8F, 0xE3, 0xF0, 0xF8, 0x3C, 0x0C, 0xC1, 0xB0,
    0xCC, 0x73, 0x38, 0xCC, 0x3E, 0x0F, 0x83, 0x70, 0xCE, 0x31, 0xCC, 0x3B, 0x06, 0x3F, 0xCF, 0xF3,
    0x0C, 0xC3, 0x30, 0xCC, 0x33, 0x0C, 0xC3, 0x30, 0xD8, 0x3E, 0x0F, 0x03, 0xC0, 0x3E, 0x07, 0xE0,
    0xFF, 0x0F, 0xF9, 0xFD, 0x9B, 0xDF, 0x3C, 0xF3, 0xC6, 0x3C, 0x63, 0xC0, 0x3C, 0x03, 0xC0, 0xF0,
    0x3C, 0x0F, 0x03, 0xC0, 0xFF, 0xFF, 0xFF, 0x03, 0xC0, 0xF0, 0x3C, 0x0F, 0x03, 0x1F, 0x0F, 0xF1,
    0x83, 0x60, 0x7C, 0x07, 0x80, 0xF0, 0x1E, 0x03, 0xC0, 0xEC, 0x19, 0xFE, 0x0F, 0x80, 0xFF, 0xFF,
    0xFC, 0x0F, 0x03, 0xC0, 0xF0, 0x3C, 0x0F, 0x03, 0xC0, 0xF0, 0x3C, 0x0F, 0x03, 0xFE, 0x7F, 0xB0,
    0x78, 0x3C, 0x1E, 0x1F, 0xFD, 0xF8, 0xC0, 0x60, 0x30, 0x18, 0x00, 0x3F, 0x1F, 0xE6, 0x1B, 0x07,
    0xC0, 0x30, 0x0C, 0x03, 0x00, 0xC1, 0xD8, 0x67, 0xF8, 0xFC, 0xFF, 0xFF, 0xF0, 0xC0, 0x30, 0x0C,
    0x03, 0x00, 0xC0, 0x30, 0x0C, 0x03, 0x00, 0xC0, 0x30, 0x60, 0x67, 0x06, 0x30, 0xC3, 0x8C, 0x19,
    0x81, 0xD8, 0x0F, 0x80, 0xF0, 0x07, 0x00, 0x60, 0x1E, 0x01, 0xC0, 0x03, 0x00, 0x3F, 0x03, 0xFF,
    0x1C, 0xCE, 0xC3, 0x1F, 0x0C, 0x3C, 0x30, 0xF0, 0xC3, 0xC3, 0x0D, 0x8C, 0x67, 0xFF, 0x07, 0xF8,
    0x03, 0x00, 0x60, 0xEE, 0x38, 0xE6, 0x0D, 0x80, 0xF0, 0x1C, 0x03, 0xC0, 0xF8, 0x1B, 0x86, 0x31,
    0xC3, 0x30, 0x70, 0xC1, 0x98, 0x33, 0x06, 0x60, 0xCC, 0x19, 0x83, 0x30, 0x66, 0x0C, 0xC1, 0x98,
    0x33, 0xFF, 0xFF, 0xF0, 0x06, 0x00, 0xC0, 0x00, 0xC1, 0xE0, 0xF0, 0x78, 0x3C, 0x1F, 0x1D, 0xFE,
    0x7B, 0x01, 0x80, 0xC0, 0x60, 0x30, 0xC3, 0x0F, 0x0C, 0x3C, 0x30, 0xF0, 0xC3, 0xC3, 0x0F, 0x0C,
    0x3C, 0x30, 0xF0, 0xC3, 0xC3, 0x0F, 0x0C, 0x3F, 0xFF, 0xFF, 0xFF, 0xC3, 0x19, 0x86, 0x33, 0x0C,
    0x66, 0x18, 0xCC, 0x31, 0x98, 0x63, 0x30, 0xC6, 0x61, 0x8C, 0xC3, 0x19, 0x86, 0x33, 0xFF, 0xFF,
    0xFF, 0xF0, 0x00, 0x60, 0x00, 0xC0, 0x00, 0x00, 0xF8, 0x07, 0x80, 0x18, 0x01, 0x80, 0x18, 0x01,
    0xFC, 0x1F, 0xE1, 0x83, 0x18, 0x31, 0x83, 0x1F, 0xE1, 0xFC, 0xC0, 0x3C, 0x03, 0xC0, 0x3C, 0x03,
    0xC0, 0x3F, 0xE3, 0xFF, 0x3C, 0x1B, 0xC1, 0xBC, 0x3B, 0xFF, 0x3F, 0xE3, 0xC0, 0x60, 0x30, 0x18,
    0x0C, 0x07, 0xF3, 0xFD, 0x83, 0xC1, 0xE0, 0xFF, 0xDF, 0xC0, 0x3E, 0x1F, 0xEE, 0x1B, 0x03, 0x00,
    0xC7, 0xF0, 0xFC, 0x03, 0xC0, 0xF8, 0x67, 0xF8, 0xF8, 0xC3, 0xE6, 0x3F, 0xB3, 0x8D, 0x98, 0x3C,
    0xC1, 0xFE, 0x0F, 0xF0, 0x79, 0x83, 0xCC, 0x1E, 0x71, 0xB1, 0xFD, 0x87, 0xC0, 0x1F, 0xCF, 0xF6,
    0x0D, 0x83, 0x60, 0xDC, 0x33, 0xFC, 0x7F, 0x18, 0xCC, 0x37, 0x0D, 0x83, 0x3E, 0x7F, 0x43, 0x3F,
    0xFF, 0xC3, 0xC3, 0xFF, 0x7B, 0x00, 0x1F, 0x9F, 0xCC, 0x0D, 0xE7, 0xFB, 0x8F, 0x83, 0xC1, 0xE0,
    0xF8, 0xEF, 0xE3, 0xE0, 0xFC, 0xFE, 0xC6, 0xC6, 0xFE, 0xFF, 0xC3, 0xFF, 0xFE, 0xFF, 0xFC, 0x30,
    0xC3, 0x0C, 0x30, 0xC0, 0x3F, 0x0F, 0xC3, 0x30, 0xCC, 0x33, 0x0C, 0xC7, 0x33, 0xFF, 0xFF, 0xF0,
    0x3C, 0x0E, 0x02, 0x3C, 0x7E, 0xC3, 0xFF, 0xFF, 0xC0, 0xC3, 0x7E, 0x3C, 0x63, 0x18, 0xCC, 0xC3,
    0x33, 0x06, 0xD8, 0x1F, 0xC0, 0x7F, 0x83, 0xB7, 0x0C, 0xCC, 0x63, 0x18, 0x3E, 0x7F, 0x43, 0x1F,
    0x1E, 0x03, 0xC3, 0x7F, 0x3E, 0xC3, 0xC7, 0xCF, 0xCF, 0xDB, 0xF3, 0xF3, 0xE3, 0xC3, 0x00, 0x66,
    0x3C, 0x00, 0xC3, 0xC7, 0xCF, 0xCF, 0xDB, 0xF3, 0xF3, 0xE3, 0xC3, 0xC7, 0x63, 0x33, 0x1B, 0x0F,
    0x87, 0xC3, 0x31, 0x8C, 0xC7, 0x00, 0x3F, 0x9F, 0xCC, 0x66, 0x33, 0x19, 0x8C, 0xC6, 0xC3, 0xE1,
    0x80, 0xC1, 0xF8, 0x7F, 0x3F, 0xCF, 0xDE, 0xF7, 0xBC, 0xCF, 0x03, 0xC0, 0xC0, 0xC3, 0xC3, 0xC3,
    0xC3, 0xFF, 0xFF, 0xC3, 0xC3, 0xC3, 0x3E, 0x3F, 0xB8, 0xF8, 0x3C, 0x1E, 0x0F, 0x8E, 0xFE, 0x3E,
    0x00, 0xFF, 0xFF, 0xC3, 0xC3, 0xC3, 0xC3, 0xC3, 0xC3, 0xC3, 0xDE, 0xFE, 0xC3, 0xC3, 0xC3, 0xC3,
    0xC3, 0xFE, 0xDC, 0xC0, 0xC0, 0xC0, 0x3C, 0x3F, 0xB0, 0xD8, 0x0C, 0x06, 0x03, 0x8C, 0xFC, 0x3C,
    0x00, 0xFF, 0xFF, 0x18, 0x18, 0x18, 0x18, 0x18, 0x18, 0x18, 0xE1, 0x98, 0x66, 0x30, 0xCC, 0x33,
    0x07, 0x81, 0xE0, 0x70, 0x0C, 0x03, 0x03, 0x80, 0xC0, 0x06, 0x00, 0x60, 0x06, 0x03, 0xFC, 0x7F,
    0xEE, 0x67, 0xC6, 0x3C, 0x63, 0xC6, 0x3E, 0x67, 0x7F, 0xE3, 0xFC, 0x06, 0x00, 0x60, 0x06, 0x00,
    0x63, 0xB9, 0x8F, 0x83, 0x81, 0xC0, 0xF0, 0xD8, 0xC6, 0x63, 0x80, 0xC3, 0x61, 0xB0, 0xD8, 0x6C,
    0x36, 0x1B, 0x0D, 0xFF, 0xFF, 0x80, 0xC0, 0x60, 0x20, 0xC7, 0x8F, 0x1E, 0x3F, 0xEF, 0xC1, 0x83,
    0x06, 0xC6, 0x3C, 0x63, 0xC6, 0x3C, 0x63, 0xC6, 0x3C, 0x63, 0xC6, 0x3F, 0xFF, 0xFF, 0xF0, 0xC6,
    0x66, 0x33, 0x31, 0x99, 0x8C, 0xCC, 0x66, 0x63, 0x33, 0x19, 0x9F, 0xFF, 0xFF, 0xF8, 0x00, 0xC0,
    0x06, 0x00, 0x20, 0xF0, 0x78, 0x0C, 0x07, 0xC3, 0xF9, 0x8C, 0xC6, 0x7F, 0x3F, 0x00, 0xC0, 0xF0,
    0x3C, 0x0F, 0xE3, 0xFC, 0xF1, 0xBC, 0x6F, 0xFB, 0xFC, 0xC0, 0xC1, 0x83, 0x07, 0xCF, 0xF8, 0xF1,
    0xFF, 0xFC, 0x3C, 0x7E, 0xC3, 0x1F, 0x1F, 0x03, 0xC3, 0x7E, 0x3C, 0xC7, 0x9B, 0xFB, 0x61, 0xFC,
    0x3F, 0x87, 0xB0, 0xF6, 0x3E, 0x7E, 0xC7, 0x80, 0x3F, 0xBF, 0xD8, 0x6C, 0x37, 0xF9, 0xFC, 0xE6,
    0x63, 0x61, 0x80, 0x30, 0x10, 0x08, 0x00, 0x3C, 0x66, 0xC2, 0xC3, 0xFF, 0xC0, 0xC0, 0x62, 0x3E,
    0x66, 0x44, 0x00, 0x3C, 0x7E, 0xC3, 0xFF, 0xFF, 0xC0, 0xC3, 0x7E, 0x3C, 0x60, 0x30, 0x18, 0x1F,
    0xCF, 0xE3, 0x79, 0xFE, 0xE3, 0x61, 0xB0, 0xD8, 0x6C, 0x30, 0x18, 0x1C, 0x1C, 0x0C, 0x30, 0x60,
    0x8F, 0xDF, 0xB0, 0x60, 0xC1, 0x83, 0x06, 0x0C, 0x00, 0x3C, 0x7E, 0xC3, 0xF8, 0xF8, 0xC0, 0xC3,
    0x7E, 0x3C, 0x3C, 0x7E, 0x62, 0x70, 0x3E, 0x07, 0x63, 0x7F, 0x3E, 0xF3, 0xFF, 0xFF, 0xCF, 0x10,
    0x0C, 0x30, 0xC3, 0x0C, 0x30, 0xC3, 0x0C, 0x33, 0x03, 0x33, 0x33, 0x33, 0x33, 0x37, 0xE0, 0x3F,
    0x80, 0xFE, 0x03, 0x18, 0x0C, 0x7E, 0x31, 0xFC, 0xC6, 0x33, 0x18, 0xD8, 0x7F, 0xE1, 0xF8, 0xC3,
    0x06, 0x18, 0x30, 0xC1, 0xFF, 0xCF, 0xFF, 0xE1, 0x8F, 0x0C, 0x78, 0x7F, 0xC3, 0xF0, 0x60, 0x30,
    0x18, 0x1F, 0xCF, 0xE3, 0x31, 0xFC, 0xE7, 0x61, 0xB0, 0xD8, 0x6C, 0x30, 0x06, 0x06, 0x03, 0x01,
    0x0C, 0x76, 0x33, 0x31, 0xB0, 0xF8, 0x7C, 0x33, 0x18, 0xCC, 0x70, 0x20, 0x30, 0x18, 0x00, 0xC7,
    0xC7, 0xCF, 0xCB, 0xDB, 0xF3, 0xE3, 0xE3, 0xC3, 0x00, 0x0C, 0xC1, 0xE0, 0x00, 0x00, 0x38, 0x66,
    0x19, 0x8C, 0x33, 0x0C, 0xC1, 0xE0, 0x78, 0x1C, 0x03, 0x00, 0xC0, 0xE0, 0x30, 0x00, 0xC3, 0xC3,
    0xC3, 0xC3, 0xC3, 0xC3, 0xC3, 0xFF, 0xFF, 0x18, 0x18, 0xC3, 0x07, 0x86, 0x0F, 0x04, 0x1E, 0x0C,
    0x2C, 0x38, 0x4C, 0x71, 0x98, 0xE3, 0x33, 0x66, 0x34, 0xD8, 0x78, 0xB0, 0x71, 0xC0, 0xC1, 0x80,
    0xC6, 0x1E, 0x30, 0xF0, 0x85, 0x86, 0x64, 0x73, 0x33, 0x98, 0xB5, 0x87, 0x3C, 0x18, 0xC0, 0x30,
    0x0C, 0x0F, 0xE0, 0xC0, 0x30, 0x0F, 0xC3, 0x1C, 0xC3, 0x30, 0xCC, 0x33, 0x1C, 0xFC, 0x20, 0x0C,
    0x0F, 0xC0, 0xC0, 0x30, 0x0C, 0x03, 0xF8, 0xC6, 0x30, 0xCC, 0x63, 0xF8, 0xC1, 0xFB, 0x0E, 0x6C,
    0x60, 0x31, 0x80, 0xCC, 0x03, 0xFF, 0xCC, 0xC0, 0x33, 0x00, 0xC6, 0x03, 0x18, 0x0C, 0x38, 0xB0,
    0x7E, 0xC3, 0xF8, 0xCB, 0x30, 0x66, 0x0F, 0xFD, 0x98, 0x33, 0x06, 0x30, 0xC3, 0xC0, 0x06, 0x00,
    0xE0, 0x0B, 0x01, 0xB0, 0x19, 0x81, 0xF8, 0x36, 0x82, 0x6C, 0x66, 0xC6, 0x66, 0x46, 0x6C, 0x62,
    0x0E, 0x01, 0xE0, 0x2C, 0x0C, 0x81, 0xF8, 0x6F, 0x0D, 0xB3, 0x36, 0x66, 0x40, 0xC1, 0x81, 0x83,
    0x83, 0x0F, 0x06, 0x1B, 0x0C, 0x66, 0x1F, 0xFC, 0x33, 0x6C, 0x66, 0xC8, 0xCD, 0x99, 0xB3, 0x33,
    0x66, 0x36, 0x8C, 0x60, 0xC7, 0x0C, 0x78, 0xC5, 0x8C, 0xC8, 0xFF, 0xCD, 0xBC, 0xDB, 0x6D, 0x36,
    0xF3, 0x20, 0x3F, 0xF0, 0xC1, 0xC1, 0x86, 0x03, 0x30, 0x07, 0x80, 0x7F, 0x01, 0xB6, 0x0C, 0xCC,
    0x33, 0x30, 0x8C, 0x46, 0x31, 0x98, 0xC6, 0x3F, 0xC3, 0x0C, 0x19, 0x80, 0xF0, 0x1F, 0x83, 0x6C,
    0x26, 0x46, 0x66, 0x66, 0x60, 0xCF, 0xFC, 0xCC, 0x1C, 0xC6, 0x18, 0xC3, 0x30, 0xC1, 0xE0, 0xFF,
    0xF0, 0xCE, 0xD8, 0xCC, 0xCC, 0xCC, 0xCC, 0xC8, 0xC4, 0xD8, 0xC6, 0xD8, 0xC6, 0xDF, 0xE6, 0xC3,
    0x33, 0x31, 0x8F, 0x0F, 0xFC, 0x6D, 0xB3, 0x6C, 0x9A, 0x66, 0xF3, 0x30, 0x66, 0x3C, 0x3C, 0xF7,
    0x03, 0x03, 0x06, 0x7C, 0x06, 0x03, 0x03, 0x03, 0x06, 0x7C, 0xC0, 0xC0, 0x7F, 0x00, 0x27, 0x3C,
    0x7C, 0x7E, 0x03, 0x06, 0x3C, 0x06, 0x03, 0x06, 0x7E, 0xC0, 0xC0, 0x7F, 0x00, 0xCC, 0x79, 0x8F,
    0x31, 0xE6, 0x3C, 0xC7, 0x98, 0xB3, 0x33, 0x66, 0x3F, 0x81, 0x80, 0x30, 0x06, 0x00, 0x08, 0x03,
    0x00, 0xC0, 0x30, 0xCC, 0xF3, 0x3C, 0xCF, 0x33, 0xCC, 0xF3, 0x3C, 0xCD, 0xBE, 0x3F, 0x03, 0x00,
    0xC0, 0x30, 0x0C, 0x00, 0x1F, 0x0E, 0x39, 0x83, 0x60, 0x3C, 0x07, 0xFF, 0xF0, 0x1E, 0x03, 0xC0,
    0x6C, 0x19, 0xC7, 0x0F, 0x80, 0x3C, 0x66, 0xC3, 0xC3, 0xFF, 0xC3, 0xC3, 0x66, 0x3C, 0x60, 0x76,
    0x06, 0x20, 0xC3, 0x0C, 0x30, 0x81, 0x98, 0x19, 0x81, 0x90, 0x0F, 0x00, 0xF0, 0x06, 0x00, 0x60,
    0xC1, 0xE1, 0x98, 0x8C, 0x42, 0x61, 0xB0, 0xD0, 0x38, 0x1C, 0x00, 0x16, 0x01, 0xB0, 0x09, 0x00,
    0x00, 0x60, 0x76, 0x06, 0x20, 0xC3, 0x0C, 0x30, 0x81, 0x98, 0x19, 0x81, 0x90, 0x0F, 0x00, 0xF0,
    0x06, 0x00, 0x60, 0x48, 0x36, 0x0D, 0x80, 0x0C, 0x1E, 0x19, 0x88, 0xC4, 0x26, 0x1B, 0x0D, 0x03,
    0x81, 0xC0, 0x3E, 0x00, 0x07, 0x38, 0x00, 0x60, 0x80, 0x0C, 0x0D, 0x86, 0xC0, 0xD8, 0x6C, 0x0C,
    0x84, 0xC0, 0xCC, 0xCC, 0x0C, 0x4C, 0xC0, 0xC6, 0x86, 0x08, 0x78, 0x73, 0x83, 0x83, 0xE0, 0x30,
    0x00, 0x03, 0x00, 0x00, 0x20, 0x00, 0x06, 0x00, 0x01, 0xC0, 0x3E, 0x61, 0x99, 0xD8, 0x6C, 0x32,
    0x13, 0x06, 0xCC, 0xC1, 0x93, 0x30, 0x66, 0x8C, 0x31, 0xE1, 0x9C, 0x38, 0x3E, 0x0C, 0x00, 0x03,
    0x00, 0x00, 0x80, 0x00, 0x60, 0x00, 0x70, 0x00, 0x06, 0x01, 0xF8, 0x7F, 0xC6, 0x06, 0xC0, 0x6C,
    0x03, 0xC0, 0x3C, 0x03, 0xC0, 0x3C, 0x06, 0x60, 0x67, 0x6C, 0x1F, 0x80, 0x60, 0x08, 0x1F, 0x1F,
    0xD8, 0x3C, 0x1E, 0x0F, 0x07, 0x83, 0x7F, 0x1F, 0x07, 0x00, 0x07, 0x80, 0x09, 0xC0, 0x04, 0x00,
    0x08, 0x00, 0x00, 0x07, 0xCF, 0x1C, 0x93, 0x20, 0x02, 0xC0, 0x07, 0x80, 0x0F, 0x00, 0x1E, 0x08,
    0x3C, 0x18, 0x78, 0x30, 0xD8, 0x61, 0x39, 0xCE, 0x3E, 0xF8, 0x0F, 0x00, 0x5E, 0x00, 0x80, 0x06,
    0x00, 0x20, 0x00, 0x00, 0xE3, 0x8C, 0x06, 0xC0, 0x1E, 0x00, 0xF0, 0x87, 0x86, 0x3C, 0x31, 0xB3,
    0x98, 0xF7, 0x80, 0x0F, 0xE0, 0x12, 0x80, 0x00, 0x06, 0x18, 0x3C, 0x30, 0x78, 0x20, 0xF0, 0x61,
    0x61, 0xC2, 0x63, 0x8C, 0xC7, 0x19, 0x9B, 0x31, 0xA6, 0xC3, 0xC5, 0x83, 0x8E, 0x06, 0x0C, 0x00,
    0x1F, 0xC0, 0x94, 0x00, 0x01, 0x8C, 0x3C, 0x61, 0xE1, 0x0B, 0x0C, 0xC8, 0xE6, 0x67, 0x31, 0x6B,
    0x0E, 0x78, 0x31, 0x80, 0x1F, 0x8E, 0x26, 0x03, 0x00, 0xC0, 0x30, 0x0C, 0x03, 0x00, 0xC0, 0x18,
    0x07, 0x00, 0x7C, 0x03, 0x00, 0xC0, 0x30, 0x0C, 0x3E, 0xC3, 0x06, 0x0C, 0x18, 0x30, 0x30, 0x3C,
    0x18, 0x30, 0x60, 0xC0, 0x00, 0x00, 0x41, 0xB0, 0x38, 0x07, 0x01, 0x26, 0x80, 0xE0, 0x1E, 0x0C,
    0x82, 0x00, 0x00, 0x00, 0x3F, 0xE0, 0x1E, 0xE4, 0x00, 0xE4, 0xD8, 0xF1, 0x38, 0x00, 0x00, 0xE0,
    0x00, 0x36, 0x00, 0x00, 0x00, 0x1C, 0x01, 0xC2, 0x40, 0x48, 0x00, 0x00, 0x00, 0x00, 0x00, 0x00,
    0x00, 0xF0, 0x01, 0xF2, 0x00, 0x24, 0x00, 0x00, 0x00, 0x00, 0x03, 0x80, 0x38, 0x48, 0x09, 0x00,
    0x00, 0x00, 0x07, 0x00, 0x01, 0xB0, 0x00, 0x00, 0x00, 0x00, 0x40, 0x00, 0x30, 0x03, 0x0C, 0x00,
    0x40, 0x1C, 0x18, 0x06, 0x00, 0x00, 0x00, 0x00, 0x00, 0x00, 0x00, 0xE0, 0x01, 0x98, 0x00, 0x70,
    0x00, 0x00, 0x00, 0x00, 0x00, 0x00, 0x02, 0x01, 0x81, 0x80, 0x60, 0x83, 0x08, 0x00, 0xC0, 0x00,
    0x20, 0x00, 0x33, 0x03, 0xE0, 0x00, 0x0C, 0x1C, 0xC1, 0xCC, 0x3C, 0xC2, 0xCC, 0x6C, 0xCC, 0xCC,
    0x8C, 0xD8, 0xCD, 0x0C, 0xF0, 0xCE, 0x0C, 0xC0, 0xE0, 0x06, 0x00, 0x60, 0x0C, 0x42, 0x19, 0x83,
    0xE0, 0x00, 0xC3, 0x31, 0xCC, 0xF3, 0x2C, 0xDB, 0x34, 0xCF, 0x33, 0x8C, 0xC3, 0x80, 0x20, 0x18,
    0x06, 0x60, 0x30, 0x3E, 0x0C, 0x06, 0x03, 0xF1, 0x8C, 0xC3, 0x61, 0xB0, 0xD8, 0xCF, 0xC0, 0x20,
    0x30, 0x3E, 0x0C, 0x06, 0x03, 0x01, 0x80, 0xC0, 0x7F, 0x30, 0xD8, 0x6C, 0x37, 0xF0, 0xFC, 0xCE,
    0xC3, 0xC3, 0xD3, 0xCE, 0xFC, 0xC6, 0xC0, 0xC0, 0xC0, 0xC0, 0xBC, 0xE6, 0xC3, 0xC3, 0xC3, 0xC3,
    0xCB, 0xEE, 0xFE, 0xC2, 0xC0, 0xC0, 0xC0, 0x03, 0x03, 0xFF, 0xFF, 0xC0, 0xC0, 0xC0, 0xC0, 0xC0,
    0xC0, 0xC0, 0xC0, 0xC0, 0xC0, 0x0C, 0x3F, 0xFF, 0xC3, 0x0C, 0x30, 0xC3, 0x0C, 0x00, 0x7F, 0xBF,
    0xD8, 0x0C, 0x06, 0x07, 0xE3, 0xF0, 0xC0, 0x60, 0x30, 0x18, 0x0C, 0x00, 0x7F, 0x7E, 0x60, 0x60,
    0xFC, 0xFC, 0x60, 0x60, 0x60, 0xFE, 0xFE, 0xC0, 0xC0, 0xFE, 0xFF, 0xC3, 0xC3, 0xC3, 0xC3, 0xC3,
    0xC3, 0x03, 0x0F, 0x0E, 0xFD, 0xFB, 0x67, 0xFC, 0x78, 0xF1, 0xE3, 0xC6, 0x0C, 0x38, 0xE0, 0x61,
    0x86, 0x71, 0x8E, 0x31, 0x8C, 0x19, 0x98, 0x1D, 0xB8, 0x0F, 0xF0, 0x0F, 0xF0, 0x1D, 0xB8, 0x19,
    0x9C, 0x31, 0x8C, 0x71, 0x8F, 0x61, 0x87, 0x00, 0x03, 0x00, 0x03, 0x63, 0x18, 0xCC, 0xC3, 0x33,
    0x06, 0xD8, 0x1F, 0xC0, 0x7F, 0x83, 0xB7, 0x0C, 0xCF, 0x63, 0x1C, 0x00, 0x30, 0x00, 0xC0, 0x3F,
    0x1F, 0xE6, 0x18, 0x06, 0x03, 0x87, 0xC0, 0xF8, 0x03, 0x40, 0xD8, 0x37, 0xF8, 0xFC, 0x0C, 0x03,
    0x00, 0x3E, 0x3F, 0x98, 0xC1, 0xE1, 0xF0, 0x0D, 0x86, 0xFF, 0x3F, 0x06, 0x03, 0x00, 0xC1, 0xB0,
    0xCC, 0x73, 0x38, 0xCC, 0x3E, 0x0F, 0x83, 0x70, 0xCE, 0x31, 0xCC, 0x3F, 0x07, 0x00, 0xC0, 0x30,
    0xC6, 0xCE, 0xCC, 0xD8, 0xF0, 0xF8, 0xDC, 0xCF, 0xC7, 0x03, 0x03, 0xC0, 0xD8, 0x3B, 0x06, 0x6D,
    0x8D, 0xB1, 0xFC, 0x3F, 0x86, 0xF8, 0xC3, 0x98, 0x33, 0x07, 0x60, 0x70, 0xC3, 0x61, 0xBD, 0x9F,
    0xCF, 0xC7, 0xE3, 0xD9, 0x86, 0xC3, 0x80, 0x30, 0xC6, 0x31, 0xE6, 0x19, 0x83, 0x60, 0x7C, 0x0D,
    0x81, 0x98, 0x33, 0x86, 0x30, 0xC3, 0x18, 0x30, 0x60, 0x30, 0x3F, 0x0C, 0x06, 0x33, 0x31, 0x90,
    0xD0, 0x78, 0x36, 0x19, 0x8C, 0x46, 0x30, 0xF8, 0x33, 0xC3, 0x06, 0x38, 0x33, 0x81, 0x98, 0x0F,
    0x80, 0x7C, 0x03, 0x70, 0x19, 0xC0, 0xC7, 0x06, 0x1C, 0x30, 0x60, 0xF1, 0xDE, 0x30, 0xCC, 0x1B,
    0x03, 0xE0, 0x7C, 0x0C, 0xC1, 0x9C, 0x31, 0xC0, 0xC0, 0xD8, 0x1B, 0x03, 0x60, 0x6C, 0x0D, 0xFF,
    0xBF, 0xF6, 0x06, 0xC0, 0xD8, 0x1B, 0x03, 0xE0, 0x70, 0x06, 0x00, 0xC0, 0xC3, 0x61, 0xB0, 0xD8,
    0x6F, 0xF7, 0xFB, 0x0D, 0x87, 0xC3, 0x80, 0xC0, 0x60, 0xC0, 0xFF, 0x81, 0xFF, 0x03, 0x06, 0x06,
    0x0C, 0x0C, 0x1F, 0xF8, 0x3F, 0xF0, 0x60, 0x60, 0xC0, 0xC1, 0x81, 0x83, 0x03, 0x06, 0x06, 0x00,
    0xC3, 0xFC, 0x3F, 0xC3, 0x0C, 0x30, 0xFF, 0x0F, 0xF0, 0xC3, 0x0C, 0x30, 0xC3, 0x00, 0xFF, 0x80,
    0xC1, 0x80, 0xC1, 0x80, 0xC1, 0x80, 0xC1, 0x80, 0xC1, 0x80, 0xC1, 0xF8, 0xC1, 0x8C, 0xC1, 0x86,
    0xC1, 0x82, 0xC1, 0x83, 0xC1, 0x83, 0x00, 0x02, 0x00, 0x06, 0x00, 0x0E, 0x00, 0x78, 0xFF, 0x06,
    0x18, 0x30, 0xC1, 0x86, 0x0C, 0x3E, 0x61, 0x9B, 0x0C, 0x58, 0x63, 0xC3, 0x18, 0x00, 0xC0, 0x04,
    0x00, 0x60, 0x0E, 0x00, 0x1E, 0x07, 0x00, 0x63, 0xCC, 0x66, 0xC6, 0x6C, 0x66, 0xC6, 0x6C, 0x66,
    0xC6, 0x66, 0x2C, 0x73, 0xC1, 0xFF, 0x00, 0x00, 0x3C, 0x30, 0x31, 0xD9, 0xBC, 0xDE, 0x6F, 0x36,
    0xCE, 0x3F, 0x80, 0x3F, 0x1F, 0xE6, 0x1F, 0x03, 0xC0, 0x30, 0x0C, 0x03, 0x00, 0xE1, 0xDC, 0x67,
    0xF8, 0x78, 0x0C, 0x03, 0x00, 0x3C, 0x7F, 0xC3, 0xC0, 0xC0, 0xC0, 0xE7, 0x7E, 0x3C, 0x18, 0x18,
    0xFF, 0x8C, 0x06, 0x03, 0x01, 0x80, 0xC0, 0x60, 0x30, 0x18, 0x0C, 0x06, 0x03, 0xC0, 0x60, 0x30,
    0x18, 0xFE, 0x30, 0x60, 0xC1, 0x83, 0x06, 0x0C, 0x1C, 0x18, 0x30, 0x60, 0x60, 0xE7, 0x0C, 0x31,
    0xC1, 0x98, 0x1F, 0x80, 0xF0, 0x0E, 0x00, 0x60, 0x06, 0x00, 0x60, 0x06, 0x00, 0x60, 0xE1, 0x98,
    0x66, 0x30, 0xCC, 0x33, 0x0F, 0x81, 0xE0, 0x78, 0x0C, 0x03, 0x00, 0xC0, 0x30, 0x0C, 0x00, 0xE0,
    0xCC, 0x39, 0xC6, 0x19, 0x81, 0xF0, 0x3C, 0x03, 0x01, 0xFC, 0x3F, 0x81, 0x80, 0x30, 0x06, 0x00,
    0x61, 0x98, 0x67, 0x30, 0xCC, 0x33, 0x07, 0x81, 0xE0, 0xFC, 0x3F, 0x03, 0x00, 0xC0, 0x30, 0x0C,
    0x00, 0x70, 0x63, 0x8C, 0x19, 0xC1, 0xD8, 0x0F, 0x00, 0x70, 0x0F, 0x00, 0xF8, 0x19, 0xC3, 0x8C,
    0x30, 0xF7, 0x07, 0x00, 0x30, 0x03, 0x61, 0x8C, 0xC1, 0xF0, 0x78, 0x0E, 0x07, 0x83, 0x30, 0xCF,
    0x61, 0xC0, 0x30, 0x0C, 0xFF, 0x98, 0x60, 0x61, 0x81, 0x86, 0x06, 0x18, 0x18, 0x60, 0x61, 0x81,
    0x86, 0x06, 0x18, 0x18, 0x60, 0x61, 0x81, 0x87, 0xFF, 0x00, 0x0C, 0x00, 0x30, 0x00, 0xC0, 0xFE,
    0xC3, 0x0C, 0x30, 0xC3, 0x0C, 0x30, 0xC3, 0x0C, 0x30, 0xC3, 0x0C, 0x3F, 0xF0, 0x03, 0x00, 0x30,
    0x03, 0xC1, 0xB0, 0x6C, 0x1B, 0x06, 0xC1, 0xB8, 0xE7, 0xF8, 0xF6, 0x01, 0x80, 0x60, 0x1C, 0x07,
    0x00, 0xC0, 0x30, 0xC6, 0x63, 0x31, 0x98, 0xCF, 0xE3, 0xF0, 0x18, 0x0F, 0x07, 0x80, 0xC0, 0x60,
    0xC1, 0xE0, 0xF0, 0x79, 0xBE, 0xFB, 0xFC, 0x76, 0x1B, 0x01, 0x80, 0xC0, 0x60, 0x30, 0xC3, 0xC3,
    0xDB, 0xFF, 0x7F, 0x1B, 0x1B, 0x03, 0x03, 0xC0, 0x60, 0x30, 0x18, 0x0D, 0xE7, 0xFB, 0x8F, 0x83,
    0xC1, 0xE0, 0xF0, 0x78, 0x30, 0xC0, 0xC0, 0xC0, 0xDE, 0xFF, 0xC3, 0xC3, 0xC3, 0xC3, 0xC3, 0xC3,
    0xC3, 0x07, 0xC0, 0x63, 0x06, 0x0D, 0x20, 0x2F, 0x01, 0xFF, 0xFC, 0xC0, 0x06, 0x00, 0x18, 0x00,
    0xC0, 0x03, 0x8C, 0x0F, 0xE0, 0x0F, 0x06, 0x6D, 0x0F, 0xC3, 0xFF, 0xCC, 0x01, 0x00, 0x70, 0x0F,
    0x80, 0x07, 0xC0, 0x63, 0x06, 0x0D, 0x20, 0x2F, 0x01, 0xFF, 0xFC, 0xC0, 0x06, 0x00, 0x18, 0x00,
    0xC0, 0x03, 0x8C, 0x0F, 0xE0, 0x18, 0x00, 0xC0, 0x06, 0x00, 0x0F, 0x06, 0x6D, 0x0F, 0xC3, 0xFF,
    0xCC, 0x01, 0x00, 0x70, 0x0F, 0x81, 0x80, 0x60, 0x18, 0xFF, 0xFF, 0xFF, 0x06, 0x40, 0x03, 0xC0,
    0x00, 0x00, 0x61, 0x86, 0x21, 0x8C, 0x31, 0x8C, 0x19, 0x98, 0x09, 0xB0, 0x0F, 0xF0, 0x0D, 0xB0,
    0x19, 0x98, 0x31, 0x98, 0x31, 0x8C, 0x61, 0x86, 0x41, 0x86, 0x0C, 0x80, 0x3C, 0x00, 0x00, 0xC6,
    0x32, 0x33, 0x19, 0x90, 0x6D, 0x83, 0xF8, 0x1B, 0x61, 0x99, 0x18, 0xCC, 0xC6, 0x30, 0xC3, 0x63,
    0xB1, 0x99, 0x8C, 0xC7, 0xF3, 0xFD, 0x86, 0xC3, 0x61, 0xB0, 0xD8, 0x60, 0x30, 0x78, 0x38, 0xC6,
    0xCC, 0xCC, 0xF8, 0xFC, 0xC6, 0xC6, 0xC6, 0xC6, 0x06, 0x0E, 0x0C, 0x0F, 0xE0, 0x63, 0x02, 0x18,
    0x10, 0xC1, 0x86, 0x0C, 0x30, 0x61, 0x83, 0x0C, 0x10, 0x61, 0x83, 0x0C, 0x19, 0xC0, 0xE0, 0x03,
    0x00, 0x18, 0x01, 0x80, 0x1F, 0x83, 0x30, 0x46, 0x08, 0xC1, 0x18, 0x63, 0x0C, 0x63, 0x0C, 0xE1,
    0xC0, 0x18, 0x02, 0x00, 0x40, 0xC0, 0xF0, 0x3C, 0x0F, 0x03, 0xC0, 0xFF, 0xFF, 0xFF, 0x03, 0xC0,
    0xF0, 0x3C, 0x0F, 0x03, 0x00, 0xC0, 0xF0, 0x38, 0xC3, 0xC3, 0xC3, 0xFF, 0xFF, 0xC3, 0xC3, 0xC3,
    0xC3, 0x03, 0x07, 0x0E, 0xC1, 0x98, 0x33, 0x06, 0x60, 0xCC, 0x19, 0xFF, 0x30, 0x66, 0x0C, 0xC1,
    0x98, 0x33, 0x06, 0x60, 0xF0, 0x04, 0x01, 0x80, 0x30, 0xC3, 0x30, 0xCC, 0x33, 0x0C, 0xFF, 0x30,
    0xCC, 0x33, 0x0C, 0xC3, 0x80, 0x20, 0x18, 0x06, 0xC1, 0xE0, 0xF0, 0x78, 0x3C, 0x1F, 0x1D, 0xFE,
    0x7B, 0x01, 0x80, 0xC1, 0xE0, 0xF0, 0x60, 0x30, 0xC7, 0x8F, 0x1E, 0x3F, 0xEF, 0xC1, 0x87, 0x0E,
    0x18, 0x30, 0xE0, 0x73, 0x81, 0xCE, 0x07, 0x3C, 0x3C, 0xD0, 0xB3, 0x42, 0xCD, 0x9B, 0x32, 0x4C,
    0xCD, 0x33, 0x3C, 0xCC, 0x63, 0x31, 0x8F, 0x00, 0x08, 0x00, 0x60, 0x01, 0x80, 0xC1, 0xCE, 0x1C,
    0xE3, 0xCE, 0x2C, 0xF2, 0xCD, 0x6C, 0xDC, 0xCC, 0xCC, 0xCC, 0xE0, 0x06, 0x00, 0x60, 0x0C, 0xFF,
    0xFF, 0xFF, 0x19, 0x81, 0xF8, 0x06, 0x00, 0x60, 0x0F, 0x00, 0xF0, 0x0F, 0x01, 0xB8, 0x19, 0x81,
    0x98, 0x39, 0xC3, 0xFC, 0x7F, 0xE6, 0x06, 0x60, 0x60, 0x00, 0x66, 0x3C, 0x00, 0x3E, 0x7F, 0x43,
    0x3F, 0xFF, 0xC3, 0xC3, 0xFF, 0x7B, 0x19, 0x81, 0x98, 0x00, 0x00, 0xF0, 0x0F, 0x00, 0xF0, 0x1F,
    0x81, 0xB8, 0x19, 0x83, 0x9C, 0x30, 0xC3, 0xFC, 0x7F, 0xE6, 0x06, 0x60, 0x60, 0x66, 0x24, 0x00,
    0x3E, 0x7F, 0x43, 0x3F, 0xFF, 0xC3, 0xC3, 0xFF, 0x7B, 0x01, 0xFF, 0x01, 0xFF, 0x03, 0xC0, 0x07,
    0xC0, 0x06, 0xC0, 0x0E, 0xFE, 0x0C, 0xFF, 0x1C, 0xC0, 0x1F, 0xC0, 0x3F, 0xC0, 0x70, 0xFF, 0x60,
    0xFF, 0x3C, 0xF1, 0xFF, 0xE0, 0x30, 0xCF, 0xFF, 0xFF, 0xFF, 0x0C, 0x0C, 0x30, 0xFF, 0xFE, 0x7C,
    0xF0, 0x66, 0x7E, 0x18, 0xFF, 0xFF, 0xC0, 0xC0, 0xC0, 0xFE, 0xFF, 0xC0, 0xC0, 0xC0, 0xFF, 0xFF,
    0x00, 0x66, 0x3C, 0x00, 0x3C, 0x7E, 0xC3, 0xFF, 0xFF, 0xC0, 0xC3, 0x7E, 0x3C, 0x3E, 0x1F, 0xEE,
    0x19, 0x03, 0x00, 0xFF, 0xFF, 0xFF, 0x03, 0xE0, 0xD8, 0x67, 0xF8, 0xF8, 0x3C, 0x7E, 0xC3, 0x03,
    0xFF, 0xFF, 0xC3, 0x7E, 0x3C, 0x33, 0x0C, 0xC0, 0x00, 0xF8, 0x7F, 0xB8, 0x64, 0x0C, 0x03, 0xFF,
    0xFF, 0xFC, 0x0F, 0x03, 0x61, 0x9F, 0xE3, 0xE0, 0x66, 0x44, 0x00, 0x3C, 0xFE, 0xC3, 0x03, 0xFF,
    0xFF, 0xC3, 0x7E, 0x3C, 0x06, 0x60, 0x06, 0x60, 0x00, 0x00, 0x61, 0x86, 0x71, 0x8E, 0x31, 0x8C,
    0x19, 0x98, 0x1D, 0xB8, 0x0F, 0xF0, 0x0F, 0xF0, 0x1D, 0xB8, 0x19, 0x98, 0x31, 0x8C, 0x71, 0x8E,
    0x61, 0x86, 0x0C, 0xC0, 0x31, 0x00, 0x00, 0x18, 0xC6, 0x73, 0x30, 0xCC, 0xC1, 0xB6, 0x07, 0xF8,
    0x1F, 0xE0, 0xED, 0xC7, 0x33, 0x98, 0xC6, 0x33, 0x0C, 0xC0, 0x00, 0xFC, 0x7F, 0x98, 0x60, 0x18,
    0x0E, 0x1F, 0x03, 0xE0, 0x0D, 0x03, 0x60, 0xDF, 0xE3, 0xF0, 0x33, 0x10, 0x80, 0x07, 0xC7, 0xF3,
    0x18, 0x3C, 0x3E, 0x01, 0xB0, 0xDF, 0xE7, 0xE0, 0x7F, 0x01, 0x81, 0x81, 0x81, 0x80, 0xF0, 0x0E,
    0x03, 0x01, 0x80, 0xF0, 0xCF, 0xC0, 0xFE, 0x06, 0x0C, 0x18, 0x30, 0x3C, 0x0E, 0x02, 0x03, 0x03,
    0x06, 0xCE, 0xFC, 0x3E, 0x0F, 0x80, 0x03, 0x03, 0xC1, 0xF0, 0xFC, 0x7F, 0x1B, 0xCE, 0xF7, 0x3D,
    0x8F, 0xC3, 0xF0, 0xF8, 0x3C, 0x0C, 0x7C, 0x7C, 0x00, 0xC3, 0xC7, 0xCF, 0xCB, 0xDB, 0xF3, 0xE3,
    0xE3, 0xC3, 0x33, 0x0C, 0xC0, 0x03, 0x03, 0xC1, 0xF0, 0xFC, 0x7F, 0x1B, 0xCE, 0xF7, 0x3D, 0x8F,
    0xE3, 0xF0, 0xF8, 0x3C, 0x0C, 0x66, 0x24, 0x00, 0xC3, 0xC7, 0xCF, 0xCF, 0xDB, 0xF3, 0xF3, 0xE3,
    0xC3, 0x33, 0x06, 0x60, 0x00, 0x0F, 0x87, 0xF8, 0xC1, 0xB0, 0x3E, 0x03, 0xC0, 0x78, 0x0F, 0x01,
    0xE0, 0x76, 0x0C, 0xFF, 0x07, 0xC0, 0x36, 0x11, 0x00, 0x07, 0xC7, 0xF7, 0x1F, 0x07, 0x83, 0xC1,
    0xF1, 0xDF, 0xC7, 0xC0, 0x1F, 0x0F, 0xF9, 0x83, 0x70, 0x7C, 0x07, 0xFF, 0xFF, 0xFE, 0x03, 0xE0,
    0xEC, 0x19, 0xFF, 0x0F, 0x80, 0x3E, 0x3F, 0xB8, 0xFF, 0xFF, 0xFE, 0x0F, 0x8E, 0xFE, 0x3E, 0x00,
    0x33, 0x06, 0x60, 0x00, 0x0F, 0x87, 0xFC, 0xC3, 0xB0, 0x3E, 0x07, 0xFF, 0xFF, 0xFF, 0x03, 0xE0,
    0x76, 0x1C, 0xFF, 0x87, 0xC0, 0x36, 0x11, 0x00, 0x07, 0xC7, 0xF7, 0x1F, 0xFF, 0xFF, 0xC1, 0xF1,
    0xDF, 0xC7, 0xC0, 0x36, 0x00, 0x00, 0x01, 0xF8, 0x63, 0x80, 0x60, 0x0C, 0x03, 0x3F, 0xC0, 0x30,
    0x0C, 0x03, 0x01, 0x90, 0xC7, 0xE0, 0x6C, 0x00, 0x03, 0xC4, 0xC0, 0xC1, 0xBF, 0x06, 0x0C, 0x33,
    0xC0, 0x1F, 0x03, 0xE0, 0x00, 0x70, 0x36, 0x0C, 0xE1, 0x8C, 0x61, 0xCC, 0x1B, 0x83, 0xE0, 0x3C,
    0x07, 0x00, 0x60, 0x38, 0x0E, 0x00, 0x1F, 0x03, 0xE0, 0x00, 0x30, 0x67, 0x0C, 0x63, 0x0C, 0x60,
    0xD8, 0x1B, 0x01, 0xE0, 0x38, 0x07, 0x00, 0xC0, 0x38, 0x0E, 0x00, 0x19, 0x81, 0x98, 0x00, 0x06,
    0x06, 0x70, 0xE3, 0x0C, 0x38, 0xC1, 0x98, 0x1D, 0x80, 0xF0, 0x0F, 0x00, 0x70, 0x06, 0x01, 0xE0,
    0x1C, 0x00, 0x36, 0x12, 0x00, 0x1C, 0x66, 0x33, 0x18, 0xD8, 0x6C, 0x36, 0x0E, 0x07, 0x01, 0x81,
    0x81, 0xC0, 0xC0, 0x06, 0xC0, 0x78, 0x0D, 0x06, 0x06, 0x70, 0x63, 0x0C, 0x38, 0xC1, 0x98, 0x1D,
    0x80, 0xF8, 0x0F, 0x00, 0x70, 0x06, 0x01, 0xE0, 0x1C, 0x00, 0x1D, 0x86, 0xC3, 0x20, 0x00, 0xE1,
    0x98, 0x66, 0x30, 0xCC, 0x33, 0x07, 0x81, 0xE0, 0x70, 0x0C, 0x03, 0x03, 0x80, 0xC0, 0x33, 0x19,
    0x80, 0x18, 0x3C, 0x1E, 0x0F, 0x07, 0x83, 0xE3, 0xBF, 0xCF, 0x60, 0x30, 0x18, 0x0C, 0x06, 0x66,
    0x44, 0x06, 0x3C, 0x78, 0xF1, 0xFF, 0x7E, 0x0C, 0x18, 0x30, 0xFF, 0x83, 0x06, 0x0C, 0x18, 0x30,
    0x60, 0xC1, 0x83, 0x07, 0x06, 0x0C, 0x18, 0x00, 0xFF, 0x0C, 0x30, 0xC3, 0x0C, 0x30, 0xE1, 0x86,
    0x18, 0x19, 0x81, 0x98, 0x00, 0x0C, 0x03, 0xC0, 0x3C, 0x03, 0xC0, 0x3C, 0x03, 0xFE, 0x3F, 0xF3,
    0xC1, 0xBC, 0x1B, 0xC3, 0xBF, 0xF3, 0xFE, 0x30, 0x33, 0x04, 0x80, 0x03, 0x03, 0xC0, 0xF0, 0x3F,
    0x8F, 0xF3, 0xC6, 0xF1, 0xBF, 0xEF, 0xF3, 0x7F, 0x60, 0x60, 0x60, 0x60, 0x60, 0xFC, 0x60, 0x60,
    0x60, 0x60, 0x70, 0x30, 0x30, 0x70, 0x00, 0x7E, 0x60, 0x60, 0x60, 0xFC, 0x60, 0x60, 0x60, 0x70,
    0x30, 0x30, 0x70, 0x00, 0x60, 0x8C, 0x30, 0xCC, 0x0D, 0x81, 0xE0, 0x18, 0x03, 0x80, 0xF0, 0x33,
    0x06, 0x21, 0x86, 0x20, 0x70, 0x06, 0x00, 0xC0, 0x70, 0x00, 0x61, 0x8C, 0xC1, 0x60, 0x78, 0x0C,
    0x07, 0x83, 0x20, 0xCC, 0x61, 0xC0, 0x30, 0x0C, 0x0E, 0x00, 0x00, 0x40, 0x98, 0x63, 0x30, 0x48,
    0x1E, 0x1F, 0xE1, 0xE0, 0x78, 0x33, 0x08, 0x46, 0x1B, 0x03, 0x63, 0x31, 0x8D, 0x83, 0x87, 0xF0,
    0xE0, 0xD8, 0xC6, 0x43, 0x00, 0x06, 0x01, 0xC0, 0x38, 0x05, 0x81, 0x90, 0x33, 0x04, 0x61, 0xFC,
    0x30, 0xCC, 0x19, 0x81, 0x20, 0x30, 0x00, 0x08, 0x01, 0x00, 0x7C, 0x66, 0x03, 0x03, 0x7F, 0xE3,
    0xC3, 0xCF, 0x7B, 0x00, 0x10, 0x10, 0x0E, 0x00, 0x30, 0x06, 0x00, 0x40, 0x00, 0x00, 0xE0, 0x0E,
    0x00, 0xA0, 0x1B, 0x01, 0x90, 0x11, 0x83, 0x18, 0x3F, 0x86, 0x0C, 0x60, 0x44, 0x06, 0xC0, 0x60,
    0x1C, 0x0C, 0x0C, 0x10, 0x00, 0x7C, 0x66, 0x03, 0x03, 0x7F, 0xE3, 0xC3, 0xCF, 0x7B, 0x00, 0x81,
    0xC0, 0x68, 0x08, 0x00, 0xC0, 0x1C, 0x03, 0x80, 0xD0, 0x13, 0x06, 0x20, 0xC6, 0x1F, 0xC6, 0x18,
    0xC1, 0xB0, 0x36, 0x03, 0x01, 0x01, 0x86, 0x84, 0x80, 0x03, 0xE1, 0x98, 0x06, 0x03, 0x3F, 0xB8,
    0xD8, 0x6C, 0xF3, 0xD8, 0x60, 0x01, 0xC0, 0x68, 0x08, 0x00, 0xC0, 0x1C, 0x03, 0x80, 0xD0, 0x13,
    0x06, 0x20, 0xC6, 0x1F, 0xC6, 0x18, 0xC1, 0xB0, 0x36, 0x03, 0x40, 0x30, 0x0B, 0x02, 0x40, 0x01,
    0xF0, 0xCC, 0x03, 0x01, 0x9F, 0xDC, 0x6C, 0x36, 0x79, 0xEC, 0x00, 0xC0, 0x04, 0x06, 0x80, 0xF0,
    0x00, 0x00, 0x60, 0x07, 0x00, 0xF0, 0x0D, 0x00, 0x98, 0x19, 0x81, 0x88, 0x3F, 0xC3, 0x0C, 0x20,
    0x66, 0x06, 0x60, 0x20, 0x03, 0x01, 0x01, 0x1A, 0x24, 0x00, 0x7C, 0x66, 0x03, 0x03, 0x7F, 0xE3,
    0xC3, 0xCF, 0x7B, 0x1F, 0x00, 0x00, 0x38, 0x07, 0x01, 0x30, 0x18, 0x03, 0x80, 0x70, 0x1A, 0x02,
    0x60, 0xC4, 0x18, 0xC3, 0xF8, 0xC3, 0x18, 0x36, 0x06, 0xC0, 0x60, 0x32, 0x7C, 0x00, 0x18, 0x24,
    0x00, 0x7C, 0x66, 0x03, 0x03, 0x7F, 0xE3, 0xC3, 0xCF, 0x7B, 0x04, 0x01, 0xC0, 0x64, 0x00, 0x00,
    0x60, 0x1C, 0x03, 0x80, 0x58, 0x19, 0x03, 0x30, 0x46, 0x1F, 0xC3, 0x0C, 0xC1, 0x98, 0x12, 0x03,
    0x00, 0x00, 0x80, 0x10, 0x00, 0x18, 0x24, 0x00, 0x7C, 0x66, 0x03, 0x03, 0x7F, 0xE3, 0xC3, 0xCF,
    0x7B, 0x00, 0x10, 0x10, 0x02, 0x00, 0xC0, 0x44, 0x0F, 0x00, 0x00, 0x18, 0x03, 0x80, 0x70, 0x1B,
    0x03, 0x60, 0xC4, 0x18, 0xC3, 0xF8, 0xC1, 0x18, 0x32, 0x06, 0xC0, 0x60, 0x0C, 0x08, 0x66, 0x3C,
    0x00, 0x7C, 0x66, 0x03, 0x03, 0x7F, 0xC3, 0xC3, 0xC7, 0x7B, 0x08, 0x01, 0x80, 0x44, 0x0F, 0x00,
    0x00, 0x18, 0x03, 0x80, 0x70, 0x1A, 0x02, 0x60, 0xC4, 0x18, 0xC3, 0xF8, 0xC3, 0x18, 0x36, 0x06,
    0xC0, 0x60, 0x30, 0x10, 0x66, 0x3C, 0x00, 0x7C, 0x66, 0x03, 0x03, 0x7F, 0xC3, 0xC3, 0xC7, 0x7B,
    0x06, 0x00, 0x20, 0x11, 0x00, 0xF0, 0x00, 0x00, 0x60, 0x0E, 0x00, 0xF0, 0x0B, 0x01, 0x90, 0x19,
    0x81, 0x18, 0x3F, 0x83, 0x0C, 0x60, 0x46, 0x06, 0x40, 0x60, 0x18, 0x08, 0x18, 0x66, 0x3C, 0x00,
    0x7C, 0x66, 0x03, 0x03, 0x7F, 0xC3, 0xC3, 0xC7, 0x7B, 0x1F, 0x00, 0x00, 0x4C, 0x0F, 0x00, 0x00,
    0x18, 0x03, 0x80, 0x70, 0x1A, 0x02, 0x60, 0xC4, 0x18, 0xC3, 0xF8, 0xC3, 0x18, 0x36, 0x06, 0xC0,
    0x60, 0x32, 0x6C, 0x00, 0x66, 0x3C, 0x00, 0x7C, 0x66, 0x03, 0x03, 0x7F, 0xC3, 0xC3, 0xC7, 0x7B,
    0x19, 0x01, 0xE0, 0x00, 0x03, 0x00, 0xE0, 0x1C, 0x02, 0xC0, 0xC8, 0x19, 0x82, 0x30, 0xFE, 0x18,
    0x62, 0x0C, 0xC0, 0x90, 0x18, 0x00, 0x04, 0x00, 0x80, 0x66, 0x3C, 0x00, 0x7C, 0x66, 0x03, 0x03,
    0x7F, 0xC3, 0xC3, 0xC7, 0x7B, 0x00, 0x10, 0x10, 0xFF, 0x83, 0x06, 0x0C, 0x1F, 0xB0, 0x60, 0xC1,
    0x83, 0x07, 0xF0, 0x02, 0x04, 0x00, 0x3C, 0x66, 0xC2, 0xC3, 0xFF, 0xC0, 0xC0, 0x62, 0x3E, 0x00,
    0x08, 0x08, 0x38, 0x0C, 0x18, 0x10, 0x00, 0xFE, 0xC0, 0xC0, 0xC0, 0xC0, 0xFE, 0xC0, 0xC0, 0xC0,
    0xC0, 0xC0, 0xFE, 0x1C, 0x0C, 0x0C, 0x18, 0x00, 0x3C, 0x66, 0xC2, 0xC3, 0xFF, 0xC0, 0xC0, 0x62,
    0x3E, 0x77, 0xB8, 0x07, 0xFC, 0x18, 0x30, 0x60, 0xFD, 0x83, 0x06, 0x0C, 0x18, 0x3F, 0x80, 0x72,
    0x5C, 0x00, 0x3C, 0x66, 0xC2, 0xC3, 0xFF, 0xC0, 0xC0, 0x62, 0x3E, 0x02, 0x38, 0x68, 0x44, 0xFE,
    0xC0, 0xC0, 0xC0, 0xC0, 0xFC, 0xC0, 0xC0, 0xC0, 0xC0, 0xC0, 0xFE, 0x01, 0x01, 0x86, 0x84, 0x80,
    0x01, 0xE1, 0x99, 0x84, 0xC3, 0x7F, 0xB0, 0x18, 0x06, 0x21, 0xF0, 0xC0, 0x1C, 0x34, 0x22, 0x7F,
    0x60, 0x60, 0x60, 0x60, 0x7E, 0x60, 0x60, 0x60, 0x60, 0x60, 0x7F, 0x40, 0x30, 0x0B, 0x02, 0x40,
    0x00, 0xF0, 0xCC, 0xC2, 0x61, 0xBF, 0xD8, 0x0C, 0x03, 0x10, 0xF8, 0x06, 0x03, 0x32, 0x6C, 0x00,
    0xFE, 0xC0, 0xC0, 0xC0, 0xC0, 0xFE, 0xC0, 0xC0, 0xC0, 0xC0, 0xC0, 0xFE, 0x06, 0x03, 0x02, 0x38,
    0x2C, 0x00, 0x3C, 0x66, 0xC2, 0xC3, 0xFF, 0xC0, 0xC0, 0x62, 0x3E, 0x7C, 0x00, 0xE3, 0xC4, 0xDF,
    0xF0, 0x60, 0xC1, 0x83, 0xF6, 0x0C, 0x18, 0x30, 0x60, 0xFE, 0x34, 0x5C, 0x00, 0x18, 0x24, 0x00,
    0x3C, 0x66, 0xC2, 0xC3, 0xFF, 0xC0, 0xC0, 0x62, 0x3E, 0x10, 0x71, 0x30, 0x0F, 0xF8, 0x30, 0x60,
    0xC1, 0xFB, 0x06, 0x0C, 0x18, 0x30, 0x7F, 0x00, 0x20, 0x40, 0x18, 0x24, 0x00, 0x3C, 0x66, 0xC2,
    0xC3, 0xFF, 0xC0, 0xC0, 0x62, 0x3E, 0x00, 0x08, 0x08, 0x71, 0x20, 0xF6, 0x66, 0x66, 0x66, 0x66,
    0x6F, 0x73, 0x34, 0x06, 0x66, 0x66, 0x66, 0x66, 0xF6, 0x66, 0x66, 0x66, 0x66, 0x6F, 0x02, 0x20,
    0xA3, 0xFF, 0xFF, 0x28, 0x1F, 0x0E, 0x39, 0x83, 0x60, 0x3C, 0x07, 0x80, 0xF0, 0x1E, 0x03, 0xC0,
    0x6C, 0x19, 0xC7, 0x0F, 0x80, 0x00, 0x08, 0x01, 0x00, 0x3E, 0x33, 0xB0, 0xD8, 0x3C, 0x1E, 0x0F,
    0x0C, 0xCE, 0x3E, 0x00, 0x02, 0x01, 0x00, 0x0E, 0x00, 0x60, 0x18, 0x02, 0x00, 0x00, 0x3E, 0x1C,
    0x73, 0x06, 0xC0, 0x78, 0x0F, 0x01, 0xE0, 0x3C, 0x07, 0x80, 0xD8, 0x33, 0x8E, 0x1F, 0x00, 0x1C,
    0x06, 0x03, 0x03, 0x00, 0x01, 0xF1, 0x9D, 0x86, 0xC1, 0xE0, 0xF0, 0x78, 0x66, 0x71, 0xF0, 0x00,
    0x40, 0x10, 0x38, 0x0D, 0x80, 0x00, 0x3E, 0x1C, 0x73, 0x06, 0xC0, 0x78, 0x0F, 0x01, 0xE0, 0x3C,
    0x07, 0x80, 0xD8, 0x33, 0x8E, 0x1F, 0x00, 0x01, 0x00, 0x87, 0x84, 0xC0, 0x01, 0xF1, 0x9D, 0x86,
    0xC1, 0xE0, 0xF0, 0x78, 0x66, 0x71, 0xF0, 0x40, 0x04, 0x00, 0x38, 0x0D, 0x80, 0x00, 0x3E, 0x1C,
    0x73, 0x06, 0xC0, 0x78, 0x0F, 0x01, 0xE0, 0x3C, 0x07, 0x80, 0xD8, 0x33, 0x8E, 0x1F, 0x00, 0x40,
    0x18, 0x02, 0xE0, 0x6C, 0x00, 0x07, 0xC3, 0x39, 0x86, 0x60, 0xD8, 0x36, 0x0D, 0x86, 0x33, 0x87,
    0xC0, 0x01, 0x80, 0x18, 0x12, 0x0D, 0x00, 0x00, 0x3E, 0x1C, 0x73, 0x06, 0xC0, 0x78, 0x0F, 0x01,
    0xE0, 0x3C, 0x07, 0x80, 0xD8, 0x33, 0x8E, 0x1F, 0x00, 0x07, 0x01, 0x03, 0x1A, 0x24, 0x00, 0x3C,
    0x66, 0xC3, 0xC3, 0xC3, 0xC3, 0xC3, 0x66, 0x3C, 0x1D, 0x02, 0xE0, 0x00, 0x07, 0x01, 0xB0, 0x00,
    0x07, 0xC3, 0x8E, 0x60, 0xD8, 0x0F, 0x01, 0xE0, 0x3C, 0x07, 0x80, 0xF0, 0x1B, 0x06, 0x71, 0xC3,
    0xE0, 0x3A, 0x17, 0x00, 0x03, 0x82, 0x60, 0x00, 0xF8, 0xCE, 0xC3, 0x60, 0xF0, 0x78, 0x3C, 0x33,
    0x38, 0xF8, 0x04, 0x01, 0xC0, 0x64, 0x00, 0x01, 0xF0, 0xE3, 0x98, 0x36, 0x03, 0xC0, 0x78, 0x0F,
    0x01, 0xE0, 0x3C, 0x06, 0xC1, 0x9C, 0x70, 0xF8, 0x00, 0x00, 0x80, 0x10, 0x00, 0x1C, 0x1B, 0x00,
    0x07, 0xC6, 0x76, 0x1B, 0x07, 0x83, 0xC1, 0xE1, 0x99, 0xC7, 0xC0, 0x00, 0x40, 0x20, 0x03, 0x00,
    0x30, 0x01, 0x00, 0x00, 0x01, 0xF1, 0x38, 0xF9, 0x83, 0x98, 0x0C, 0xC0, 0x66, 0x03, 0x30, 0x19,
    0x80, 0xCC, 0x06, 0x30, 0x61, 0xC7, 0x03, 0xE0, 0x0C, 0x01, 0x00, 0x03, 0x1F, 0x66, 0x79, 0x82,
    0x30, 0x66, 0x0C, 0xC1, 0x98, 0x61, 0x9C, 0x1F, 0x00, 0x08, 0x00, 0x60, 0x01, 0x80, 0x00, 0x01,
    0xF1, 0x38, 0xF9, 0x83, 0x98, 0x0C, 0xC0, 0x66, 0x03, 0x30, 0x19, 0x80, 0xCC, 0x06, 0x30, 0x61,
    0xC7, 0x03, 0xE0, 0x30, 0x03, 0x00, 0x03, 0x1F, 0x66, 0x79, 0x82, 0x30, 0x66, 0x0C, 0xC1, 0x98,
    0x61, 0x9C, 0x1F, 0x00, 0x0E, 0x00, 0x18, 0x00, 0x80, 0x0C, 0x00, 0x40, 0x0F, 0x89, 0xC7, 0xCC,
    0x1C, 0xC0, 0x66, 0x03, 0x30, 0x19, 0x80, 0xCC, 0x06, 0x60, 0x31, 0x83, 0x0E, 0x38, 0x1F, 0x00,
    0x1C, 0x01, 0x80, 0x30, 0x0C, 0x00, 0x0C, 0x7D, 0x99, 0xE6, 0x08, 0xC1, 0x98, 0x33, 0x06, 0x61,
    0x86, 0x70, 0x7C, 0x00, 0x1D, 0x81, 0xB8, 0x00, 0x00, 0x3E, 0x27, 0x1F, 0x30, 0x73, 0x01, 0x98,
    0x0C, 0xC0, 0x66, 0x03, 0x30, 0x19, 0x80, 0xC6, 0x0C, 0x38, 0xE0, 0x7C, 0x00, 0x3A, 0x09, 0xC0,
    0x03, 0x1F, 0x66, 0x79, 0x82, 0x30, 0x66, 0x0C, 0xC1, 0x98, 0x61, 0x9C, 0x1F, 0x00, 0x1F, 0x13,
    0x8F, 0x98, 0x39, 0x80, 0xCC, 0x06, 0x60, 0x33, 0x01, 0x98, 0x0C, 0xC0, 0x63, 0x06, 0x1C, 0x70,
    0x3E, 0x00, 0x00, 0x02, 0x00, 0x10, 0x00, 0x00, 0x40, 0x18, 0xFB, 0x33, 0xCC, 0x11, 0x83, 0x30,
    0x66, 0x0C, 0xC3, 0x0C, 0xE0, 0xF8, 0x00, 0x00, 0x80, 0x10, 0x00, 0xC1, 0xE0, 0xF0, 0x78, 0x3C,
    0x1E, 0x0F, 0x07, 0x83, 0xC1, 0xE0, 0xD8, 0xC7, 0xC0, 0x00, 0x40, 0x20, 0xC3, 0xC3, 0xC3, 0xC3,
    0xC3, 0xC3, 0xC3, 0xE7, 0x7B, 0x00, 0x10, 0x10, 0x1C, 0x03, 0x03, 0x01, 0x00, 0x06, 0x0F, 0x07,
    0x83, 0xC1, 0xE0, 0xF0, 0x78, 0x3C, 0x1E, 0x0F, 0x06, 0xC6, 0x3E, 0x00, 0x1C, 0x0C, 0x0C, 0x10,
    0x00, 0xC3, 0xC3, 0xC3, 0xC3, 0xC3, 0xC3, 0xC3, 0xE7, 0x7B, 0x04, 0x00, 0x60, 0x02, 0x00, 0x00,
    0x0C, 0x1B, 0x60, 0xFB, 0x07, 0x18, 0x30, 0xC1, 0x86, 0x0C, 0x30, 0x61, 0x83, 0x0C, 0x18, 0x60,
    0xC1, 0x8C, 0x07, 0xC0, 0x0C, 0x03, 0x00, 0x01, 0xE1, 0xEC, 0x39, 0x86, 0x30, 0xC6, 0x18, 0xC3,
    0x18, 0x63, 0x9C, 0x3D, 0x80, 0x10, 0x00, 0xC0, 0x02, 0x00, 0x00, 0x0C, 0x1B, 0x60, 0xFB, 0x07,
    0x18, 0x30, 0xC1, 0x86, 0x0C, 0x30, 0x61, 0x83, 0x0C, 0x18, 0x60, 0xC1, 0x8C, 0x07, 0xC0, 0x30,
    0x03, 0x00, 0x01, 0xE1, 0xEC, 0x39, 0x86, 0x30, 0xC6, 0x18, 0xC3, 0x18, 0x63, 0x9C, 0x3D, 0x80,
    0x1C, 0x00, 0x30, 0x01, 0x80, 0x18, 0x00, 0x80, 0x60, 0xDB, 0x07, 0xD8, 0x38, 0xC1, 0x86, 0x0C,
    0x30, 0x61, 0x83, 0x0C, 0x18, 0x60, 0xC3, 0x06, 0x0C, 0x60, 0x3E, 0x00, 0x1C, 0x01, 0x80, 0x30,
    0x08, 0x00, 0x07, 0x87, 0xB0, 0xE6, 0x18, 0xC3, 0x18, 0x63, 0x0C, 0x61, 0x8E, 0x70, 0xF6, 0x00,
    0x3A, 0x01, 0x70, 0x00, 0x01, 0x83, 0x6C, 0x1F, 0x60, 0xE3, 0x06, 0x18, 0x30, 0xC1, 0x86, 0x0C,
    0x30, 0x61, 0x83, 0x0C, 0x18, 0x31, 0x80, 0xF8, 0x00, 0x72, 0x0B, 0x80, 0x01, 0xE1, 0xEC, 0x39,
    0x86, 0x30, 0xC6, 0x18, 0xC3, 0x18, 0x63, 0x9C, 0x3D, 0x80, 0xC1, 0xB6, 0x0F, 0xB0, 0x71, 0x83,
    0x0C, 0x18, 0x60, 0xC3, 0x06, 0x18, 0x30, 0xC1, 0x86, 0x0C, 0x18, 0xC0, 0x7C, 0x00, 0x00, 0x04,
    0x00, 0x20, 0x00, 0x00, 0x78, 0x7B, 0x0E, 0x61, 0x8C, 0x31, 0x86, 0x30, 0xC6, 0x18, 0xE7, 0x0F,
    0x60, 0x00, 0x08, 0x01, 0x00, 0x18, 0x00, 0xC0, 0x04, 0x06, 0x0E, 0x70, 0xC3, 0x1C, 0x19, 0x81,
    0xF8, 0x0F, 0x00, 0xE0, 0x06, 0x00, 0x60, 0x06, 0x00, 0x60, 0x06, 0x00, 0x30, 0x06, 0x01, 0x80,
    0x00, 0xE1, 0x98, 0x66, 0x30, 0xCC, 0x33, 0x07, 0x81, 0xE0, 0x70, 0x0C, 0x07, 0x03, 0x80, 0xC0,
    0xC1, 0x98, 0x66, 0x30, 0xCC, 0x36, 0x07, 0x81, 0xC0, 0x30, 0x0C, 0x03, 0x00, 0xC0, 0x30, 0x00,
    0x02, 0x00, 0x80, 0xC1, 0xB0, 0x98, 0xC4, 0x63, 0x21, 0xB0, 0x70, 0x38, 0x0C, 0x04, 0x06, 0x86,
    0x4F, 0x00, 0x1E, 0x01, 0x80, 0xC0, 0x00, 0xC0, 0xD8, 0x66, 0x18, 0xCC, 0x32, 0x07, 0x81, 0xC0,
    0x30, 0x0C, 0x03, 0x00, 0xC0, 0x30, 0x1C, 0x03, 0x03, 0x01, 0x00, 0x06, 0x0D, 0x06, 0xC6, 0x23,
    0x1B, 0x0D, 0x82, 0xC1, 0xC0, 0xE0, 0x60, 0x30, 0x30, 0x78, 0x00, 0x39, 0x0B, 0x80, 0x03, 0x06,
    0x61, 0x98, 0xC3, 0x30, 0xD8, 0x1E, 0x07, 0x00, 0xC0, 0x30, 0x0C, 0x03, 0x00, 0xC0, 0x19, 0x0B,
    0xC0, 0x01, 0x86, 0x61, 0x88, 0x43, 0x30, 0x4C, 0x1A, 0x07, 0x80, 0xE0, 0x30, 0x0C, 0x02, 0x01,
    0x81, 0xC0, 0xFF, 0xC0, 0xFF, 0xC0, 0xFF, 0xFF, 0xFF, 0xFF, 0xFF, 0xFF, 0xFC, 0x00, 0x01, 0xFF,
    0xFC, 0x00, 0x00, 0xDE, 0xF7, 0xBD, 0xEF, 0x7B, 0xDE, 0xF7, 0xBD, 0xEF, 0x7B, 0xFE, 0x03, 0xF8,
    0x00, 0x6B, 0x6C, 0x6D, 0xAC, 0x6D, 0xAC, 0xC9, 0x30, 0x66, 0x8B, 0x36, 0x6C, 0xC0, 0x66, 0xCD,
    0x9A, 0x6C, 0xC0, 0x66, 0xCD, 0x9A, 0x6C, 0xC0, 0xD9, 0x24, 0xDB, 0x18, 0x18, 0x18, 0xFF, 0xFF,
    0x18, 0x18, 0x18, 0x18, 0x18, 0x18, 0x18, 0x18, 0x18, 0x18, 0x18, 0x18, 0x18, 0xFF, 0xFF, 0x18,
    0x18, 0x18, 0x18, 0x18, 0xFF, 0xFF, 0x18, 0x18, 0x18, 0x6F, 0xF6, 0x06, 0x3D, 0xCC, 0x00, 0x38,
    0x01, 0x8E, 0x08, 0xC3, 0x1B, 0x9C, 0xEE, 0x71, 0x80, 0x38, 0x78, 0x20, 0x0F, 0xC4, 0x00, 0xCC,
    0xC0, 0x0C, 0xD8, 0x00, 0xFD, 0x80, 0x07, 0xB0, 0x00, 0x06, 0x20, 0xC0, 0x6F, 0x9E, 0x0C, 0xDB,
    0x31, 0xCD, 0xB3, 0x18, 0xFB, 0xF3, 0x07, 0x1E, 0x70, 0x40, 0x00, 0x6C, 0x40, 0x00, 0x36, 0x20,
    0x00, 0x1B, 0x20, 0x00, 0x0D, 0xB0, 0x00, 0x06, 0xD7, 0x1C, 0x71, 0xDA, 0x5B, 0x6C, 0x0B, 0x3C,
    0xF3, 0x09, 0x9E, 0x79, 0x84, 0xCF, 0x3C, 0xC4, 0x3D, 0xB6, 0xC2, 0x1E, 0x71, 0xC0, 0x31, 0x18,
    0x80, 0x36, 0x24, 0x6C, 0x48, 0x36, 0xC4, 0x91, 0xB6, 0x24, 0x80, 0x43, 0x0C, 0x20, 0x48, 0xD8,
    0xD0, 0x90, 0x4B, 0x1B, 0x43, 0x48, 0x4A, 0x00, 0x60, 0xE3, 0x44, 0x58, 0x80, 0x03, 0x6C, 0xCE,
    0x73, 0x00, 0x08, 0xC6, 0x36, 0xC8, 0x00, 0x02, 0x12, 0x11, 0x88, 0x18, 0x31, 0x80, 0xD8, 0x43,
    0x8A, 0x1C, 0x41, 0xB0, 0x10, 0xC1, 0x03, 0x10, 0x8C, 0x04, 0x20, 0xCF, 0x3C, 0xF3, 0xCF, 0x3C,
    0xF3, 0x00, 0x0C, 0xF2, 0x79, 0xF8, 0xD9, 0xB3, 0x47, 0x0C, 0x18, 0x20, 0x00, 0x81, 0x00, 0x00,
    0xFF, 0x00, 0x00, 0x50, 0x23, 0x38, 0x78, 0x00, 0x07, 0x83, 0x39, 0x02, 0x00, 0x40, 0x04, 0x20,
    0x86, 0x10, 0x43, 0x0C, 0x59, 0x2C, 0x80, 0x00, 0xC0, 0x00, 0x08, 0x00, 0x09, 0x20, 0x03, 0xFC,
    0x00, 0x0E, 0x00, 0x03, 0x40, 0x00, 0x6C, 0x00, 0x40, 0x10, 0x18, 0x02, 0x03, 0x00, 0x43, 0xFC,
    0x7F, 0x3F, 0x07, 0xC3, 0xC0, 0x70, 0x6C, 0x1B, 0x09, 0x02, 0x20, 0x0F, 0x00, 0x00, 0xC0, 0x38,
    0x06, 0x01, 0x80, 0x70, 0x0C, 0x03, 0x00, 0xE0, 0x18, 0x06, 0x01, 0xC0, 0x30, 0x00, 0xFC, 0xCC,
    0xCC, 0xCF, 0xCC, 0xCC, 0xCF, 0x00, 0x78, 0xC6, 0x31, 0x8C, 0x6F, 0x18, 0xC6, 0x31, 0xBC, 0x00,
    0x7C, 0xF9, 0x3A, 0x30, 0x60, 0xC1, 0x83, 0x0E, 0x0C, 0x70, 0x63, 0x02, 0x0C, 0x18, 0x20, 0x00,
    0x00, 0x03, 0x06, 0x08, 0x08, 0x7C, 0xF3, 0xB0, 0x6C, 0x1B, 0x06, 0xC3, 0x31, 0x8C, 0xC3, 0x30,
    0xC0, 0x03, 0x0C, 0x81, 0xCF, 0xB6, 0x3C, 0x0F, 0x03, 0xC1, 0xB0, 0xCC, 0x63, 0x18, 0x00, 0x00,
    0x0C, 0x63, 0x10, 0xFF, 0x03, 0x02, 0x06, 0x0C, 0x08, 0x18, 0x30, 0x30, 0xFE, 0xFF, 0xFF, 0xFF,
    0xFF, 0xFF, 0xFF, 0xFE, 0xF0, 0xF0, 0xF0, 0xF0, 0xF0, 0xF0, 0x90, 0x7F, 0xFE, 0xFF, 0x7F, 0xBF,
    0xDF, 0xEF, 0xF6, 0xFF, 0x00, 0x00, 0xFE, 0xFF, 0xFF, 0xFF, 0xFF, 0xFF, 0xFF, 0xFE, 0x00, 0x08,
    0x04, 0x12, 0x4F, 0xE1, 0xC0, 0xB0, 0xD8, 0x00, 0x98, 0x00, 0x06, 0xC9, 0x00, 0x1E, 0x0C, 0xE4,
    0x08, 0x00, 0x00, 0x00, 0x00, 0x00, 0x00, 0x00, 0x00, 0x00, 0x00, 0x00, 0x00, 0x00, 0x04, 0x08,
    0xCE, 0x1E, 0x00, 0x08, 0x04, 0x12, 0x4F, 0xE1, 0xC0, 0xB0, 0xD8, 0x00, 0x08, 0x04, 0x02, 0x0F,
    0xE3, 0xE0, 0xE0, 0xD8, 0x64, 0x44, 0x88, 0x30, 0x40, 0x83, 0x04, 0x08, 0x20, 0x41, 0x9A, 0x20,
    0x7F, 0x05, 0x87, 0xF8, 0x00, 0x00, 0x00, 0x07, 0x83, 0x39, 0x02, 0x00, 0x40, 0x18, 0x7A, 0x3C,
    0xFF, 0x3C, 0x7E, 0x5A, 0x18, 0x04, 0x08, 0x00, 0x00, 0x10, 0x20, 0x00, 0x00, 0x00, 0x10, 0x20,
    0x36, 0xD9, 0x25, 0x9B, 0x48, 0x96, 0xC0, 0x04, 0x00, 0x40, 0x00, 0x00, 0x00, 0x00, 0x08, 0x01,
    0x80, 0x10, 0x00, 0x00, 0x00, 0x00, 0x04, 0x00, 0x40, 0x80, 0x28, 0x02, 0x00, 0x00, 0x00, 0x00,
    0x00, 0x40, 0x04, 0x00, 0x00, 0x00, 0x00, 0x00, 0x80, 0x28, 0x02, 0xB0, 0x00, 0x0E, 0x08, 0x0C,
    0x00, 0x00, 0x00, 0x06, 0x0E, 0x02, 0x00, 0x00, 0x00, 0x06, 0x01, 0x00, 0x06, 0x06, 0x66, 0x26,
    0x40, 0x60, 0x06, 0x0F, 0xFF, 0x06, 0x00, 0x60, 0x06, 0x06, 0x66, 0x26, 0x40, 0x60, 0xB0, 0x2C,
    0x0E, 0xB2, 0xC3, 0x8E, 0x39, 0xB4, 0x51, 0x45, 0xB3, 0x80, 0x45, 0x54, 0x18, 0xE7, 0xB6, 0xFC,
    0x61, 0x80, 0xFB, 0x0F, 0x06, 0x08, 0x6F, 0x00, 0x39, 0x87, 0x9B, 0x45, 0xB3, 0x80, 0xF8, 0xC4,
    0x62, 0x11, 0x80, 0x38, 0x99, 0xB1, 0xC4, 0x48, 0x9E, 0x00, 0x39, 0x34, 0x5F, 0x04, 0x37, 0x80,
    0x21, 0x3E, 0x42, 0x00, 0x78, 0x78, 0x07, 0x80, 0x26, 0x44, 0x44, 0x46, 0x20, 0xC4, 0x62, 0x22,
    0x64, 0xC0, 0x7D, 0xB4, 0x51, 0x44, 0x39, 0xB4, 0x51, 0x45, 0x16, 0xCE, 0x00, 0x7F, 0xF3, 0x33,
    0x30, 0x73, 0xE1, 0x8E, 0x73, 0xEF, 0x80, 0x79, 0xF0, 0xCE, 0x0D, 0xF7, 0x80, 0x18, 0xE7, 0xB6,
    0xFC, 0x61, 0x80, 0xFB, 0x0C, 0x3C, 0x18, 0x21, 0xBC, 0x00, 0x39, 0x84, 0x1E, 0x6D, 0x16, 0xCE,
    0x00, 0xF8, 0xC4, 0x23, 0x11, 0x88, 0x38, 0x99, 0x13, 0xC7, 0xC8, 0x93, 0x3C, 0x00, 0x39, 0xB4,
    0x53, 0x7C, 0x10, 0xDE, 0x00, 0x21, 0x3E, 0x42, 0x00, 0x78, 0x78, 0x07, 0x80, 0x26, 0x44, 0x44,
    0x46, 0x20, 0xC4, 0x62, 0x22, 0x64, 0xC0, 0x78, 0x42, 0xF8, 0xFC, 0x74, 0x7F, 0x0C, 0x3C, 0x74,
    0x63, 0x18, 0xB8, 0x49, 0x63, 0x0C, 0x5B, 0x20, 0xF0, 0xC3, 0xF8, 0xB8, 0x41, 0x07, 0x9B, 0x45,
    0x14, 0x51, 0x41, 0x04, 0x94, 0x71, 0xC4, 0x93, 0x49, 0x24, 0x92, 0x7B, 0x9B, 0xB4, 0x45, 0x11,
    0x44, 0x51, 0x10, 0x79, 0xB4, 0x51, 0x45, 0x10, 0x79, 0xB4, 0x51, 0x6D, 0xE4, 0x10, 0x79, 0x06,
    0x06, 0x19, 0xE0, 0x23, 0xC8, 0x42, 0x10, 0xE0, 0x3C, 0x32, 0x30, 0x18, 0x0C, 0xF6, 0x63, 0xB0,
    0xFE, 0x0C, 0x06, 0x03, 0x01, 0xE0, 0x0B, 0x0F, 0x8E, 0xCF, 0x4D, 0x26, 0xB3, 0x51, 0xA8, 0xF4,
    0x72, 0x1F, 0x07, 0xE2, 0x80, 0x40, 0x1F, 0x73, 0x60, 0xC0, 0xC0, 0xDF, 0xDC, 0xD8, 0xD8, 0x78,
    0x7A, 0x3E, 0x7F, 0x60, 0x60, 0x60, 0x60, 0x60, 0x7E, 0x60, 0x60, 0xF8, 0x60, 0x60, 0x1F, 0x33,
    0x20, 0x60, 0x60, 0xFE, 0x60, 0xFE, 0x60, 0x60, 0x60, 0xFF, 0x00, 0x80, 0x0C, 0x2F, 0x7D, 0xCE,
    0x6C, 0x61, 0xE3, 0x0F, 0x18, 0x78, 0xC3, 0xCE, 0x1E, 0x70, 0xF7, 0x86, 0x20, 0x03, 0x00, 0x00,
    0x63, 0x39, 0x9C, 0xCE, 0x6F, 0xFB, 0x59, 0xAD, 0xFF, 0x6F, 0x33, 0x99, 0xCC, 0x60, 0xF8, 0x0C,
    0xC0, 0xC4, 0x0C, 0x68, 0xC4, 0x8C, 0xFE, 0xF9, 0x8C, 0x18, 0xC1, 0x8C, 0x18, 0xC1, 0xCC, 0x0E,
    0xF8, 0x0D, 0xC0, 0xCC, 0x0C, 0xCF, 0xCD, 0x9C, 0xD8, 0xF9, 0xCD, 0x8E, 0xD8, 0x3C, 0xC3, 0xCD,
    0x3C, 0x7E, 0xC6, 0x79, 0xCF, 0x39, 0xA5, 0x24, 0xA5, 0xFF, 0xDE, 0xF3, 0xDE, 0x31, 0xC6, 0x30,
    0xC6, 0x18, 0xC0, 0xFC, 0x78, 0xCF, 0x09, 0xED, 0xBD, 0xB7, 0xB6, 0xF6, 0xDE, 0xDB, 0xDB, 0x7B,
    0x0B, 0x63, 0x6F, 0xC0, 0x03, 0x0F, 0xC0, 0xC7, 0xE6, 0x76, 0x1B, 0x0D, 0x86, 0xC3, 0x61, 0x99,
    0xC7, 0xA0, 0x03, 0xF8, 0x00, 0x0F, 0x87, 0xF8, 0xC3, 0x38, 0x7F, 0xE1, 0xFC, 0x3F, 0x87, 0xF0,
    0x70, 0xE6, 0x18, 0xFF, 0x07, 0xC0, 0x61, 0xB1, 0x99, 0x8D, 0x86, 0x87, 0xF9, 0xF0, 0xC8, 0x66,
    0x31, 0x98, 0xCC, 0x30, 0xFF, 0x8C, 0x06, 0x03, 0x61, 0xC1, 0xC1, 0xEC, 0x38, 0x18, 0x3C, 0x06,
    0x03, 0x00, 0x7E, 0x00, 0x47, 0x00, 0x11, 0x80, 0x10, 0x80, 0x30, 0xC0, 0x30, 0xC0, 0x30, 0xC0,
    0x21, 0x9E, 0x21, 0xB3, 0x63, 0x33, 0x6E, 0x37, 0x7C, 0x3E, 0x00, 0x60, 0x00, 0x60, 0x00, 0x40,
    0x00, 0x40, 0x07, 0x06, 0x83, 0x61, 0xA0, 0xD0, 0x78, 0x18, 0x0C, 0x26, 0x3F, 0x9E, 0xDB, 0x20,
    0x18, 0x0C, 0x0C, 0x0E, 0x3E, 0x0C, 0xCF, 0xFC, 0xC6, 0x31, 0xBF, 0xF3, 0x38, 0xF8, 0x30, 0x0C,
    0x03, 0x00, 0xC0, 0x1F, 0x8F, 0xB6, 0x63, 0x18, 0xC6, 0x31, 0x8C, 0x7F, 0x1B, 0xC6, 0xD9, 0xB3,
    0xEC, 0x7F, 0x06, 0x00, 0x00, 0x06, 0x00, 0x60, 0x0F, 0x00, 0xF0, 0x09, 0x07, 0xFE, 0x19, 0x87,
    0xFE, 0x30, 0xC2, 0x04, 0x60, 0x66, 0x06, 0x3E, 0x3F, 0x98, 0xC0, 0x6F, 0xFF, 0xFF, 0xFF, 0xFF,
    0x60, 0x31, 0x9F, 0xC7, 0xC0, 0x1F, 0xBE, 0xDB, 0x19, 0x8C, 0xC6, 0x63, 0x31, 0x98, 0xCC, 0x36,
    0x1F, 0x07, 0xE0, 0xC0, 0x33, 0x06, 0x61, 0xFF, 0x19, 0x83, 0x30, 0x66, 0x0C, 0xC1, 0x98, 0x33,
    0x06, 0x60, 0xC7, 0x00, 0x07, 0xC1, 0x88, 0x60, 0x0C, 0x00, 0xC0, 0x0E, 0x00, 0x70, 0x03, 0xFB,
    0x79, 0xBD, 0xF7, 0xBF, 0xC4, 0xD8, 0xFF, 0xFF, 0xF0, 0x03, 0xFF, 0xFF, 0xC3, 0x00, 0xC0, 0x30,
    0x0C, 0x03, 0x00, 0xC0, 0x30, 0x01, 0xFC, 0xC0, 0xCF, 0xE3, 0x0C, 0x70, 0xC0, 0xC1, 0x81, 0x83,
    0x03, 0x00, 0x30, 0x19, 0x0F, 0x9E, 0x0B, 0xE3, 0xC3, 0xC6, 0x63, 0x31, 0x99, 0x8D, 0xC7, 0x80,
    0x70, 0x07, 0x80, 0x36, 0x01, 0xFF, 0xC1, 0x83, 0x0C, 0x0C, 0x7F, 0x63, 0x2E, 0x18, 0x01, 0xC0,
    0x03, 0x00, 0x0F, 0x80, 0x06, 0x00, 0x60, 0x06, 0x00, 0x60, 0x3F, 0x87, 0x6C, 0xC6, 0x6C, 0x62,
    0xC6, 0x3C, 0x03, 0xC0, 0x3C, 0x03, 0x3F, 0x0F, 0xE3, 0x0C, 0xC3, 0x30, 0xCC, 0x7F, 0xFB, 0xF8,
    0x30, 0x3F, 0x8F, 0xE0, 0xC0, 0x1F, 0x0F, 0x71, 0xEF, 0x6D, 0xBD, 0xB7, 0xB6, 0xF0, 0x06, 0x00,
    0xC0, 0x0C, 0x00, 0xC0, 0x3F, 0xE0, 0x28, 0x78, 0xFC, 0xCE, 0xC6, 0xC6, 0xC6, 0xFC, 0xC6, 0xC2,
    0xC3, 0xC2, 0xC6, 0xFC, 0x78, 0x28, 0x3C, 0xCB, 0x06, 0x0C, 0x18, 0x30, 0x32, 0x3C, 0x03, 0xF0,
    0x00, 0x06, 0x00, 0xC0, 0x18, 0x03, 0x00, 0x7F, 0xFF, 0xFF, 0x70, 0x03, 0x80, 0x1C, 0x00, 0x60,
    0x04, 0x01, 0xC0, 0x7C, 0x1F, 0xC6, 0xDD, 0x99, 0xA3, 0x10, 0x60, 0x0C, 0x01, 0x80, 0x30, 0x06,
    0x00, 0x06, 0x00, 0x30, 0x01, 0x80, 0x0C, 0xFF, 0xEF, 0xFF, 0x00, 0xE0, 0x1C, 0x03, 0x80, 0x60,
    0x0C, 0x01, 0x80, 0x30, 0x06, 0x00, 0xC1, 0x18, 0xB3, 0x37, 0x6E, 0x7F, 0x87, 0xE0, 0x78, 0x06,
    0x00, 0x00, 0xFF, 0x1F, 0xF3, 0xC0, 0x7C, 0x0D, 0xC1, 0x9C, 0x31, 0xC6, 0x1C, 0x41, 0xC0, 0x18,
    0x00, 0x00, 0x1F, 0xE3, 0xFC, 0x07, 0x81, 0xF0, 0x76, 0x1C, 0xC7, 0x19, 0xC3, 0x70, 0x4C, 0x00,
    0x00, 0x00, 0x00, 0x0C, 0x01, 0xC0, 0x1C, 0x31, 0xC6, 0x1C, 0xC1, 0xD8, 0x1F, 0x01, 0xE3, 0xFC,
    0x7F, 0x80, 0x00, 0x00, 0x18, 0x07, 0x61, 0xCC, 0x71, 0x9C, 0x37, 0x07, 0xC0, 0xF0, 0x1F, 0xF3,
    0xFC, 0x00, 0x0E, 0x00, 0xE0, 0x0F, 0x01, 0xB0, 0x1B, 0x01, 0x98, 0x31, 0x83, 0x1C, 0x70, 0xC6,
    0x0C, 0x7F, 0xEF, 0xFE, 0xFF, 0xFF, 0x03, 0x01, 0x81, 0x80, 0xC0, 0xE0, 0x60, 0x70, 0x30, 0x38,
    0x18, 0x0C, 0x0C, 0x00, 0x01, 0xC0, 0x70, 0x18, 0x0C, 0x03, 0x00, 0xCE, 0x33, 0x9C, 0x76, 0x0D,
    0x83, 0x60, 0xF8, 0x1C, 0x07, 0x00, 0x80, 0x00, 0x3C, 0x9F, 0xC0, 0xE3, 0x83, 0xFD, 0x1C, 0x01,
    0x07, 0x1F, 0xF8, 0xE0, 0xF8, 0x3E, 0x07, 0x01, 0xFF, 0xFF, 0x80, 0xE0, 0xF8, 0x3E, 0x07, 0x1F,
    0x78, 0xE0, 0x80, 0xFF, 0xFF, 0x1C, 0xF1, 0x86, 0x0C, 0x60, 0xFF, 0xE3, 0x18, 0x18, 0xC0, 0xC6,
    0x06, 0x30, 0x31, 0x81, 0x8C, 0x0C, 0x60, 0x63, 0x00, 0x1E, 0x98, 0x4C, 0x0F, 0xB3, 0x19, 0x8C,
    0xC6, 0x63, 0x31, 0x98, 0xCC, 0x66, 0x30, 0x1F, 0x98, 0xCC, 0x6F, 0xB3, 0x19, 0x8C, 0xC6, 0x63,
    0x31, 0x98, 0xCC, 0x66, 0x30, 0x1C, 0xF4, 0x61, 0x88, 0xC6, 0x03, 0xFF, 0x33, 0x18, 0x66, 0x30,
    0xCC, 0x61, 0x98, 0xC3, 0x31, 0x86, 0x63, 0x0C, 0xC6, 0x19, 0x8C, 0x30, 0x1C, 0xF6, 0x61, 0x8C,
    0xC6, 0x1B, 0xFF, 0x33, 0x18, 0x66, 0x30, 0xCC, 0x61, 0x98, 0xC3, 0x31, 0x86, 0x63, 0x0C, 0xC6,
    0x19, 0x8C, 0x30, 0x7C, 0x31, 0x8C, 0x63, 0x3F, 0xC6, 0x31, 0x8C, 0x63, 0x18, 0xC6, 0x31, 0x8C,
    0x33, 0x0F, 0x07, 0x80, 0x36, 0x03, 0x30, 0xFB, 0xFC, 0x4C, 0x60, 0x63, 0x83, 0x07, 0x18, 0x0C,
    0xC0, 0x36, 0x23, 0x19, 0xF0, 0xF0, 0x00, 0x80, 0x01, 0xC0, 0x03, 0xE0, 0x07, 0xF0, 0x0C, 0x18,
    0x1F, 0x9C, 0x3F, 0x9E, 0x7F, 0x3F, 0x7E, 0x7F, 0x3E, 0x7E, 0x1F, 0xFC, 0x0E, 0x78, 0x06, 0x70,
    0x03, 0xE0, 0x01, 0xC0, 0x00, 0x00, 0x00, 0x80, 0x01, 0xC0, 0x03, 0xE0, 0x07, 0xF0, 0x0C, 0x18,
    0x1F, 0x9C, 0x3F, 0x9E, 0x7F, 0x3F, 0x7E, 0x7F, 0x3E, 0x7E, 0x1F, 0xFC, 0x0E, 0x78, 0x06, 0x70,
    0x03, 0xE0, 0x01, 0xC0, 0x00, 0x00,
};

static const EpdGlyph golos_ui_8_mediumGlyphs[] = {
    { 0, 0, 0, 0, 0, 0, 0 }, // U+0000
    { 0, 0, 67, 0, 0, 0, 0 }, // U+000D
    { 0, 0, 67, 0, 0, 0, 0 }, // U+0020
    { 3, 12, 83, 1, 12, 5, 0 }, // !
    { 5, 4, 107, 1, 12, 3, 5 }, // "
    { 10, 12, 181, 1, 12, 15, 8 }, // #
    { 10, 15, 173, 0, 13, 19, 23 }, // $
    { 13, 12, 224, 1, 12, 20, 42 }, // %
    { 11, 12, 183, 1, 12, 17, 62 }, // &
    { 2, 4, 59, 1, 12, 1, 79 }, // '
    { 5, 15, 101, 1, 12, 10, 80 }, // (
    { 6, 15, 101, -1, 12, 12, 90 }, // )
    { 8, 6, 120, 0, 12, 6, 102 }, // *
    { 8, 8, 149, 1, 10, 8, 108 }, // +
    { 3, 5, 83, 0, 2, 2, 116 }, // ,
    { 5, 2, 101, 1, 6, 2, 118 }, // -
    { 3, 3, 83, 1, 3, 2, 120 }, // .
    { 8, 15, 128, 0, 12, 15, 122 }, // /
    { 9, 12, 168, 1, 12, 14, 137 }, // 0
    { 7, 12, 132, 1, 12, 11, 151 }, // 1
    { 8, 12, 157, 1, 12, 12, 162 }, // 2
    { 8, 12, 159, 1, 12, 12, 174 }, // 3
    { 9, 12, 164, 1, 12, 14, 186 }, // 4
    { 9, 12, 157, 0, 12, 14, 200 }, // 5
    { 9, 12, 164, 1, 12, 14, 214 }, // 6
    { 8, 12, 143, 1, 12, 12, 228 }, // 7
    { 9, 12, 165, 1, 12, 14, 240 }, // 8
    { 9, 12, 164, 1, 12, 14, 254 }, // 9
    { 3, 9, 83, 1, 9, 4, 268 }, // :
    { 4, 12, 83, 0, 9, 6, 272 }, // ;
    { 8, 10, 149, 1, 11, 10, 278 }, // <
    { 8, 5, 149, 1, 9, 5, 288 }, // =
    { 8, 10, 149, 1, 11, 10, 293 }, // >
    { 7, 12, 139, 1, 12, 11, 303 }, // ?
    { 15, 15, 264, 1, 12, 29, 314 }, // @
    { 12, 12, 181, 0, 12, 18, 343 }, // A
    { 9, 12, 180, 1, 12, 14, 361 }, // B
    { 10, 12, 184, 1, 12, 15, 375 }, // C
    { 9, 12, 188, 1, 12, 14, 390 }, // D
    { 8, 12, 164, 1, 12, 12, 404 }, // E
    { 8, 12, 159, 1, 12, 12, 416 }, // F
    { 10, 12, 191, 1, 12, 15, 428 }, // G
    { 10, 12, 203, 1, 12, 15, 443 }, // H
    { 2, 12, 85, 2, 12, 3, 458 }, // I
    { 8, 12, 149, 0, 12, 12, 461 }, // J
    { 10, 12, 185, 1, 12, 15, 473 }, // K
    { 8, 12, 152, 1, 12, 12, 488 }, // L
    { 12, 12, 232, 1, 12, 18, 500 }, // M
    { 10, 12, 203, 1, 12, 15, 518 }, // N
    { 11, 12, 200, 1, 12, 17, 533 }, // O
    { 9, 12, 176, 1, 12, 14, 550 }, // P
    { 11, 13, 200, 1, 12, 18, 564 }, // Q
    { 10, 12, 183, 1, 12, 15, 582 }, // R
    { 10, 12, 173, 0, 12, 15, 597 }, // S
    { 10, 12, 168, 1, 12, 15, 612 }, // T
    { 10, 12, 195, 1, 12, 15, 627 }, // U
    { 12, 12, 181, 0, 12, 18, 642 }, // V
    { 16, 12, 259, 0, 12, 24, 660 }, // W
    { 11, 12, 181, 0, 12, 17, 684 }, // X
    { 12, 12, 176, 0, 12, 18, 701 }, // Y
    { 9, 12, 163, 1, 12, 14, 719 }, // Z
    { 4, 15, 101, 2, 12, 8, 733 }, // [
    { 8, 15, 128, 0, 12, 15, 741 }, // <backslash>
    { 4, 15, 101, 1, 12, 8, 756 }, // ]
    { 9, 5, 149, 0, 12, 6, 764 }, // ^
    { 8, 2, 133, 0, 0, 2, 770 }, // _
    { 5, 3, 75, 0, 13, 2, 772 }, // `
    { 8, 9, 152, 1, 9, 9, 774 }, // a
    { 8, 12, 164, 1, 12, 12, 783 }, // b
    { 9, 9, 148, 1, 9, 11, 795 }, // c
    { 8, 12, 164, 1, 12, 12, 806 }, // d
    { 8, 9, 155, 1, 9, 9, 818 }, // e
    { 5, 12, 97, 1, 12, 8, 827 }, // f
    { 8, 12, 164, 1, 9, 12, 835 }, // g
    { 8, 12, 161, 1, 12, 12, 847 }, // h
    { 2, 13, 72, 1, 13, 4, 859 }, // i
    { 4, 16, 72, -1, 13, 8, 863 }, // j
    { 9, 12, 152, 1, 12, 14, 871 }, // k
    { 4, 12, 87, 1, 12, 6, 885 }, // l
    { 13, 9, 233, 1, 9, 15, 891 }, // m
    { 8, 9, 161, 1, 9, 9, 906 }, // n
    { 9, 9, 160, 1, 9, 11, 915 }, // o
    { 8, 12, 164, 1, 9, 12, 926 }, // p
    { 8, 12, 164, 1, 9, 12, 938 }, // q
    { 5, 9, 104, 1, 9, 6, 950 }, // r
    { 8, 9, 144, 0, 9, 9, 956 }, // s
    { 5, 11, 107, 1, 11, 7, 965 }, // t
    { 8, 9, 159, 1, 9, 9, 972 }, // u
    { 10, 9, 155, 0, 9, 12, 981 }, // v
    { 14, 9, 221, 0, 9, 16, 993 }, // w
    { 9, 9, 149, 0, 9, 11, 1009 }, // x
    { 10, 12, 155, 0, 9, 15, 1020 }, // y
    { 7, 9, 136, 1, 9, 8, 1035 }, // z
    { 5, 15, 101, 1, 12, 10, 1043 }, // {
    { 2, 15, 91, 2, 12, 4, 1053 }, // |
    { 5, 15, 101, 0, 12, 10, 1057 }, // }
    { 9, 3, 149, 0, 8, 4, 1067 }, // ~
    { 0, 0, 67, 0, 0, 0, 1071 }, // U+00A0
    { 3, 12, 83, 1, 9, 5, 1071 }, // U+00A1
    { 8, 12, 148, 1, 10, 12, 1076 }, // U+00A2
    { 9, 12, 171, 1, 12, 14, 1088 }, // U+00A3
    { 9, 9, 149, 0, 10, 11, 1102 }, // U+00A4
    { 10, 12, 181, 1, 12, 15, 1113 }, // U+00A5
    { 2, 15, 91, 2, 12, 4, 1128 }, // U+00A6
    { 8, 15, 155, 1, 12, 15, 1132 }, // U+00A7
    { 6, 2, 101, 1, 12, 2, 1147 }, // U+00A8
    { 12, 12, 221, 1, 12, 18, 1149 }, // U+00A9
    { 8, 10, 152, 1, 9, 10, 1167 }, // U+00AA
    { 8, 9, 145, 1, 9, 9, 1177 }, // U+00AB
    { 8, 5, 149, 1, 7, 5, 1186 }, // U+00AC
    { 5, 2, 101, 1, 6, 2, 1191 }, // U+00AD
    { 9, 10, 173, 1, 12, 12, 1193 }, // U+00AE
    { 5, 2, 85, 1, 12, 2, 1205 }, // U+00AF
    { 6, 6, 104, 1, 13, 5, 1207 }, // U+00B0
    { 8, 9, 149, 1, 10, 9, 1212 }, // U+00B1
    { 6, 7, 99, 1, 13, 6, 1221 }, // U+00B2
    { 6, 7, 101, 0, 13, 6, 1227 }, // U+00B3
    { 5, 3, 75, 0, 13, 2, 1233 }, // U+00B4
    { 8, 12, 165, 1, 9, 12, 1235 }, // U+00B5
    { 9, 15, 168, 0, 12, 17, 1247 }, // U+00B6
    { 3, 3, 83, 1, 6, 2, 1264 }, // U+00B7
    { 4, 4, 61, 0, 0, 2, 1266 }, // U+00B8
    { 4, 7, 69, 0, 13, 4, 1268 }, // U+00B9
    { 6, 6, 101, 1, 12, 5, 1272 }, // U+00BA
    { 8, 9, 145, 1, 9, 9, 1277 }, // U+00BB
    { 13, 14, 221, 0, 14, 23, 1286 }, // U+00BC
    { 13, 13, 216, 0, 13, 22, 1309 }, // U+00BD
    { 15, 14, 253, 0, 14, 27, 1331 }, // U+00BE
    { 7, 12, 139, 1, 9, 11, 1358 }, // U+00BF
    { 12, 15, 181, 0, 15, 23, 1369 }, // U+00C0
    { 12, 15, 181, 0, 15, 23, 1392 }, // U+00C1
    { 12, 15, 181, 0, 15, 23, 1415 }, // U+00C2
    { 12, 15, 181, 0, 15, 23, 1438 }, // U+00C3
    { 12, 15, 181, 0, 15, 23, 1461 }, // U+00C4
    { 12, 16, 181, 0, 16, 24, 1484 }, // U+00C5
    { 16, 12, 260, -1, 12, 24, 1508 }, // U+00C6
    { 10, 15, 184, 1, 12, 19, 1532 }, // U+00C7
    { 8, 15, 164, 1, 15, 15, 1551 }, // U+00C8
    { 8, 15, 164, 1, 15, 15, 1566 }, // U+00C9
    { 8, 15, 164, 1, 15, 15, 1581 }, // U+00CA
    { 8, 15, 164, 1, 15, 15, 1596 }, // U+00CB
    { 5, 15, 85, -1, 15, 10, 1611 }, // U+00CC
    { 5, 15, 85, 2, 15, 10, 1621 }, // U+00CD
    { 6, 15, 85, 0, 15, 12, 1631 }, // U+00CE
    { 6, 15, 85, 0, 15, 12, 1643 }, // U+00CF
    { 11, 12, 193, 1, 12, 17, 1655 }, // U+00D0
    { 10, 15, 203, 1, 15, 19, 1672 }, // U+00D1
    { 11, 15, 200, 1, 15, 21, 1691 }, // U+00D2
    { 11, 15, 200, 1, 15, 21, 1712 }, // U+00D3
    { 11, 15, 200, 1, 15, 21, 1733 }, // U+00D4
    { 11, 16, 200, 1, 16, 22, 1754 }, // U+00D5
    { 11, 15, 200, 1, 15, 21, 1776 }, // U+00D6
    { 8, 8, 149, 1, 10, 8, 1797 }, // U+00D7
    { 11, 12, 200, 1, 12, 17, 1805 }, // U+00D8
    { 10, 15, 195, 1, 15, 19, 1822 }, // U+00D9
    { 10, 15, 195, 1, 15, 19, 1841 }, // U+00DA
    { 10, 15, 195, 1, 15, 19, 1860 }, // U+00DB
    { 10, 15, 195, 1, 15, 19, 1879 }, // U+00DC
    { 12, 15, 176, 0, 15, 23, 1898 }, // U+00DD
    { 9, 12, 176, 1, 12, 14, 1921 }, // U+00DE
    { 8, 12, 156, 1, 12, 12, 1935 }, // U+00DF
    { 8, 13, 152, 1, 13, 13, 1947 }, // U+00E0
    { 8, 13, 152, 1, 13, 13, 1960 }, // U+00E1
    { 8, 13, 152, 1, 13, 13, 1973 }, // U+00E2
    { 8, 13, 152, 1, 13, 13, 1986 }, // U+00E3
    { 8, 13, 152, 1, 13, 13, 1999 }, // U+00E4
    { 8, 14, 152, 1, 14, 14, 2012 }, // U+00E5
    { 14, 9, 249, 1, 9, 16, 2026 }, // U+00E6
    { 9, 12, 148, 1, 9, 14, 2042 }, // U+00E7
    { 8, 13, 155, 1, 13, 13, 2056 }, // U+00E8
    { 8, 13, 155, 1, 13, 13, 2069 }, // U+00E9
    { 8, 13, 155, 1, 13, 13, 2082 }, // U+00EA
    { 8, 13, 155, 1, 13, 13, 2095 }, // U+00EB
    { 5, 13, 72, -2, 13, 9, 2108 }, // U+00EC
    { 5, 13, 72, 1, 13, 9, 2117 }, // U+00ED
    { 6, 13, 72, -1, 13, 10, 2126 }, // U+00EE
    { 6, 13, 72, 0, 13, 10, 2136 }, // U+00EF
    { 9, 14, 161, 1, 14, 16, 2146 }, // U+00F0
    { 8, 13, 161, 1, 13, 13, 2162 }, // U+00F1
    { 9, 13, 160, 1, 13, 15, 2175 }, // U+00F2
    { 9, 13, 160, 1, 13, 15, 2190 }, // U+00F3
    { 9, 13, 160, 1, 13, 15, 2205 }, // U+00F4
    { 9, 13, 160, 1, 13, 15, 2220 }, // U+00F5
    { 9, 13, 160, 1, 13, 15, 2235 }, // U+00F6
    { 8, 9, 149, 1, 10, 9, 2250 }, // U+00F7
    { 9, 9, 160, 1, 9, 11, 2259 }, // U+00F8
    { 8, 13, 159, 1, 13, 13, 2270 }, // U+00F9
    { 8, 13, 159, 1, 13, 13, 2283 }, // U+00FA
    { 8, 13, 159, 1, 13, 13, 2296 }, // U+00FB
    { 8, 13, 159, 1, 13, 13, 2309 }, // U+00FC
    { 10, 16, 155, 0, 13, 20, 2322 }, // U+00FD
    { 8, 15, 164, 1, 12, 15, 2342 }, // U+00FE
    { 9, 16, 155, 0, 13, 18, 2357 }, // U+00FF
    { 11, 15, 181, 0, 15, 21, 2375 }, // U+0100
    { 8, 12, 152, 1, 12, 12, 2396 }, // U+0101
    { 12, 15, 181, 0, 15, 23, 2408 }, // U+0102
    { 8, 13, 152, 1, 13, 13, 2431 }, // U+0103
    { 13, 15, 181, -1, 12, 25, 2444 }, // U+0104
    { 8, 12, 152, 1, 9, 12, 2469 }, // U+0105
    { 10, 15, 184, 1, 15, 19, 2481 }, // U+0106
    { 9, 13, 148, 1, 13, 15, 2500 }, // U+0107
    { 9, 16, 169, 1, 16, 18, 2515 }, // U+0108
    { 7, 12, 128, 1, 12, 11, 2533 }, // U+0109
    { 10, 15, 184, 1, 15, 19, 2544 }, // U+010A
    { 8, 13, 148, 1, 13, 13, 2563 }, // U+010B
    { 10, 15, 184, 1, 15, 19, 2576 }, // U+010C
    { 9, 12, 148, 1, 12, 14, 2595 }, // U+010D
    { 9, 15, 188, 1, 15, 17, 2609 }, // U+010E
    { 12, 12, 164, 1, 12, 18, 2626 }, // U+010F
    { 11, 12, 193, 1, 12, 17, 2644 }, // U+0110
    { 10, 12, 164, 1, 12, 15, 2661 }, // U+0111
    { 8, 15, 164, 1, 15, 15, 2676 }, // U+0112
    { 8, 12, 155, 1, 12, 12, 2691 }, // U+0113
    { 7, 15, 148, 2, 15, 14, 2703 }, // U+0114
    { 8, 12, 150, 1, 12, 12, 2717 }, // U+0115
    { 8, 15, 164, 1, 15, 15, 2729 }, // U+0116
    { 8, 13, 155, 1, 13, 13, 2744 }, // U+0117
    { 8, 15, 164, 1, 12, 15, 2757 }, // U+0118
    { 8, 12, 155, 1, 9, 12, 2772 }, // U+0119
    { 8, 15, 164, 1, 15, 15, 2784 }, // U+011A
    { 8, 13, 155, 1, 13, 13, 2799 }, // U+011B
    { 10, 16, 194, 1, 16, 20, 2812 }, // U+011C
    { 8, 16, 164, 1, 12, 16, 2832 }, // U+011D
    { 10, 12, 191, 1, 12, 15, 2848 }, // U+011E
    { 8, 12, 164, 1, 9, 12, 2863 }, // U+011F
    { 10, 15, 191, 1, 15, 19, 2875 }, // U+0120
    { 8, 16, 164, 1, 13, 16, 2894 }, // U+0121
    { 10, 16, 191, 1, 12, 20, 2910 }, // U+0122
    { 8, 17, 164, 1, 14, 17, 2930 }, // U+0123
    { 9, 16, 198, 2, 16, 18, 2947 }, // U+0124
    { 11, 17, 165, -2, 17, 24, 2965 }, // U+0125
    { 13, 12, 203, 0, 12, 20, 2989 }, // U+0126
    { 10, 12, 161, -1, 12, 15, 3009 }, // U+0127
    { 6, 15, 90, 0, 15, 12, 3024 }, // U+0128
    { 7, 12, 69, -2, 12, 11, 3036 }, // U+0129
    { 5, 15, 85, 1, 15, 10, 3047 }, // U+012A
    { 5, 12, 72, 0, 12, 8, 3057 }, // U+012B
    { 6, 15, 90, 0, 15, 12, 3065 }, // U+012C
    { 6, 12, 69, 0, 12, 9, 3077 }, // U+012D
    { 3, 15, 85, 1, 12, 6, 3086 }, // U+012E
    { 3, 16, 72, 1, 13, 6, 3092 }, // U+012F
    { 2, 15, 85, 2, 15, 4, 3098 }, // U+0130
    { 2, 9, 72, 1, 9, 3, 3102 }, // U+0131
    { 12, 12, 235, 2, 12, 18, 3105 }, // U+0132
    { 7, 16, 144, 1, 13, 14, 3123 }, // U+0133
    { 7, 20, 73, -1, 16, 18, 3137 }, // U+0134
    { 7, 16, 69, -1, 12, 14, 3155 }, // U+0135
    { 10, 16, 185, 1, 12, 20, 3169 }, // U+0136
    { 9, 16, 152, 1, 12, 18, 3189 }, // U+0137
    { 8, 9, 142, 1, 9, 9, 3207 }, // U+0138
    { 8, 15, 152, 1, 15, 15, 3216 }, // U+0139
    { 5, 15, 87, 1, 15, 10, 3231 }, // U+013A
    { 8, 16, 152, 1, 12, 16, 3241 }, // U+013B
    { 4, 16, 87, 1, 12, 8, 3257 }, // U+013C
    { 8, 12, 152, 1, 12, 12, 3265 }, // U+013D
    { 5, 12, 87, 1, 12, 8, 3277 }, // U+013E
    { 7, 12, 140, 2, 12, 11, 3285 }, // U+013F
    { 4, 12, 71, 1, 12, 6, 3296 }, // U+0140
    { 10, 12, 160, 0, 12, 15, 3302 }, // U+0141
    { 6, 12, 95, 0, 12, 9, 3317 }, // U+0142
    { 10, 15, 203, 1, 15, 19, 3326 }, // U+0143
    { 8, 13, 161, 1, 13, 13, 3345 }, // U+0144
    { 10, 16, 203, 1, 12, 20, 3358 }, // U+0145
    { 8, 13, 161, 1, 9, 13, 3378 }, // U+0146
    { 10, 15, 203, 1, 15, 19, 3391 }, // U+0147
    { 8, 13, 161, 1, 13, 13, 3410 }, // U+0148
    { 11, 12, 184, 0, 12, 17, 3423 }, // U+0149
    { 10, 15, 203, 1, 12, 19, 3440 }, // U+014A
    { 8, 12, 161, 1, 9, 12, 3459 }, // U+014B
    { 11, 15, 200, 1, 15, 21, 3471 }, // U+014C
    { 9, 12, 160, 1, 12, 14, 3492 }, // U+014D
    { 11, 16, 208, 1, 16, 22, 3506 }, // U+014E
    { 9, 12, 161, 1, 12, 14, 3528 }, // U+014F
    { 11, 15, 200, 1, 15, 21, 3542 }, // U+0150
    { 10, 13, 160, 1, 13, 17, 3563 }, // U+0151
    { 17, 12, 293, 1, 12, 26, 3580 }, // U+0152
    { 15, 9, 264, 1, 9, 17, 3606 }, // U+0153
    { 10, 15, 183, 1, 15, 19, 3623 }, // U+0154
    { 6, 13, 104, 1, 13, 10, 3642 }, // U+0155
    { 9, 16, 183, 1, 12, 18, 3652 }, // U+0156
    { 5, 13, 104, 1, 9, 9, 3670 }, // U+0157
    { 10, 15, 183, 1, 15, 19, 3679 }, // U+0158
    { 6, 13, 104, 0, 13, 10, 3698 }, // U+0159
    { 10, 15, 173, 0, 15, 19, 3708 }, // U+015A
    { 8, 13, 144, 0, 13, 13, 3727 }, // U+015B
    { 8, 16, 146, 1, 16, 16, 3740 }, // U+015C
    { 7, 12, 128, 1, 12, 11, 3756 }, // U+015D
    { 10, 15, 173, 0, 12, 19, 3767 }, // U+015E
    { 8, 12, 144, 0, 9, 12, 3786 }, // U+015F
    { 10, 15, 173, 0, 15, 19, 3798 }, // U+0160
    { 8, 13, 144, 0, 13, 13, 3817 }, // U+0161
    { 9, 16, 148, 1, 12, 18, 3830 }, // U+0162
    { 6, 15, 96, 0, 11, 12, 3848 }, // U+0163
    { 10, 15, 168, 1, 15, 19, 3860 }, // U+0164
    { 6, 13, 107, 1, 13, 10, 3879 }, // U+0165
    { 9, 12, 148, 1, 12, 14, 3889 }, // U+0166
    { 6, 11, 96, 0, 11, 9, 3903 }, // U+0167
    { 9, 15, 195, 1, 15, 17, 3912 }, // U+0168
    { 8, 12, 165, 1, 12, 12, 3929 }, // U+0169
    { 10, 15, 195, 1, 15, 19, 3941 }, // U+016A
    { 8, 12, 159, 1, 12, 12, 3960 }, // U+016B
    { 10, 12, 195, 1, 12, 15, 3972 }, // U+016C
    { 8, 13, 159, 1, 13, 13, 3987 }, // U+016D
    { 10, 17, 195, 1, 17, 22, 4000 }, // U+016E
    { 8, 14, 159, 1, 14, 14, 4022 }, // U+016F
    { 10, 15, 195, 1, 15, 19, 4036 }, // U+0170
    { 10, 13, 159, 1, 13, 17, 4055 }, // U+0171
    { 10, 15, 195, 1, 12, 19, 4072 }, // U+0172
    { 8, 12, 159, 1, 9, 12, 4091 }, // U+0173
    { 16, 15, 259, 0, 15, 30, 4103 }, // U+0174
    { 14, 13, 221, 0, 13, 23, 4133 }, // U+0175
    { 12, 15, 176, 0, 15, 23, 4156 }, // U+0176
    { 10, 16, 155, 0, 13, 20, 4179 }, // U+0177
    { 12, 15, 176, -1, 15, 23, 4199 }, // U+0178
    { 9, 15, 163, 1, 15, 17, 4222 }, // U+0179
    { 7, 13, 136, 1, 13, 12, 4239 }, // U+017A
    { 9, 15, 163, 1, 15, 17, 4251 }, // U+017B
    { 7, 13, 136, 1, 13, 12, 4268 }, // U+017C
    { 9, 15, 163, 1, 15, 17, 4280 }, // U+017D
    { 7, 13, 136, 1, 13, 12, 4297 }, // U+017E
    { 5, 12, 87, 1, 12, 8, 4309 }, // U+017F
    { 13, 12, 209, 1, 12, 20, 4317 }, // U+01A0
    { 11, 11, 164, 1, 11, 16, 4337 }, // U+01A1
    { 13, 12, 208, 1, 12, 20, 4353 }, // U+01AF
    { 11, 10, 180, 1, 10, 14, 4373 }, // U+01B0
    { 19, 16, 345, 2, 16, 38, 4387 }, // U+01C4
    { 17, 12, 320, 2, 12, 26, 4425 }, // U+01C5
    { 16, 12, 289, 1, 12, 24, 4451 }, // U+01C6
    { 10, 16, 213, 2, 12, 20, 4475 }, // U+01C7
    { 10, 16, 209, 2, 12, 20, 4495 }, // U+01C8
    { 6, 16, 138, 1, 12, 12, 4515 }, // U+01C9
    { 14, 16, 276, 2, 12, 28, 4527 }, // U+01CA
    { 14, 16, 272, 2, 12, 28, 4555 }, // U+01CB
    { 12, 16, 234, 1, 12, 24, 4583 }, // U+01CC
    { 11, 16, 170, 0, 16, 22, 4607 }, // U+01CD
    { 8, 12, 150, 1, 12, 12, 4629 }, // U+01CE
    { 6, 16, 90, 0, 16, 12, 4641 }, // U+01CF
    { 7, 12, 69, -2, 12, 11, 4653 }, // U+01D0
    { 11, 16, 208, 1, 16, 22, 4664 }, // U+01D1
    { 9, 12, 161, 1, 12, 14, 4686 }, // U+01D2
    { 9, 16, 195, 1, 16, 18, 4700 }, // U+01D3
    { 8, 12, 165, 1, 12, 12, 4718 }, // U+01D4
    { 9, 17, 195, 1, 17, 20, 4730 }, // U+01D5
    { 8, 14, 165, 1, 14, 14, 4750 }, // U+01D6
    { 9, 18, 195, 1, 18, 21, 4764 }, // U+01D7
    { 8, 15, 165, 1, 15, 15, 4785 }, // U+01D8
    { 9, 18, 195, 1, 18, 21, 4800 }, // U+01D9
    { 8, 15, 165, 1, 15, 15, 4821 }, // U+01DA
    { 9, 18, 195, 1, 18, 21, 4836 }, // U+01DB
    { 8, 15, 165, 1, 15, 15, 4857 }, // U+01DC
    { 8, 9, 150, 1, 9, 9, 4872 }, // U+01DD
    { 11, 17, 170, 0, 17, 24, 4881 }, // U+01DE
    { 8, 14, 150, 1, 14, 14, 4905 }, // U+01DF
    { 11, 16, 170, 0, 16, 22, 4919 }, // U+01E0
    { 8, 14, 150, 1, 14, 14, 4941 }, // U+01E1
    { 14, 14, 235, 0, 14, 25, 4955 }, // U+01E2
    { 13, 11, 230, 1, 11, 18, 4980 }, // U+01E3
    { 11, 12, 194, 1, 12, 17, 4998 }, // U+01E4
    { 9, 13, 164, 1, 9, 15, 5015 }, // U+01E5
    { 10, 16, 194, 1, 16, 20, 5030 }, // U+01E6
    { 8, 16, 164, 1, 12, 16, 5050 }, // U+01E7
    { 9, 16, 165, 2, 16, 18, 5066 }, // U+01E8
    { 11, 17, 142, -2, 17, 24, 5084 }, // U+01E9
    { 11, 16, 208, 1, 12, 22, 5108 }, // U+01EA
    { 9, 13, 161, 1, 9, 15, 5130 }, // U+01EB
    { 11, 18, 208, 1, 14, 25, 5145 }, // U+01EC
    { 9, 15, 161, 1, 11, 17, 5170 }, // U+01ED
    { 9, 16, 156, 0, 16, 18, 5187 }, // U+01EE
    { 8, 16, 133, 1, 12, 16, 5205 }, // U+01EF
    { 7, 16, 69, -1, 12, 14, 5221 }, // U+01F0
    { 19, 12, 345, 2, 12, 29, 5235 }, // U+01F1
    { 17, 12, 320, 2, 12, 26, 5264 }, // U+01F2
    { 16, 12, 289, 1, 12, 24, 5290 }, // U+01F3
    { 10, 16, 194, 1, 16, 20, 5314 }, // U+01F4
    { 8, 16, 164, 1, 12, 16, 5334 }, // U+01F5
    { 13, 12, 250, 2, 12, 20, 5350 }, // U+01F6
    { 9, 16, 176, 2, 12, 18, 5370 }, // U+01F7
    { 10, 16, 203, 2, 16, 20, 5388 }, // U+01F8
    { 8, 12, 165, 1, 12, 12, 5408 }, // U+01F9
    { 12, 16, 171, -1, 16, 24, 5420 }, // U+01FA
    { 8, 16, 150, 1, 16, 16, 5444 }, // U+01FB
    { 14, 16, 235, -1, 16, 28, 5460 }, // U+01FC
    { 13, 12, 230, 1, 12, 20, 5488 }, // U+01FD
    { 11, 17, 208, 1, 16, 24, 5508 }, // U+01FE
    { 9, 13, 161, 1, 12, 15, 5532 }, // U+01FF
    { 11, 16, 170, 0, 16, 22, 5547 }, // U+0200
    { 8, 12, 150, 1, 12, 12, 5569 }, // U+0201
    { 11, 15, 170, 0, 15, 21, 5581 }, // U+0202
    { 8, 12, 150, 1, 12, 12, 5602 }, // U+0203
    { 8, 16, 148, 1, 16, 16, 5614 }, // U+0204
    { 8, 12, 150, 1, 12, 12, 5630 }, // U+0205
    { 7, 15, 148, 2, 15, 14, 5642 }, // U+0206
    { 8, 12, 150, 1, 12, 12, 5656 }, // U+0207
    { 7, 16, 90, -1, 16, 14, 5668 }, // U+0208
    { 7, 12, 69, -2, 12, 11, 5682 }, // U+0209
    { 6, 15, 90, 0, 15, 12, 5693 }, // U+020A
    { 6, 12, 69, -1, 12, 9, 5705 }, // U+020B
    { 11, 16, 208, 1, 16, 22, 5714 }, // U+020C
    { 9, 12, 161, 1, 12, 14, 5736 }, // U+020D
    { 11, 15, 208, 1, 15, 21, 5750 }, // U+020E
    { 9, 12, 161, 1, 12, 14, 5771 }, // U+020F
    { 10, 16, 166, 1, 16, 20, 5785 }, // U+0210
    { 8, 12, 110, -1, 12, 12, 5805 }, // U+0211
    { 9, 15, 166, 2, 15, 17, 5817 }, // U+0212
    { 7, 12, 110, 0, 12, 11, 5834 }, // U+0213
    { 9, 16, 195, 1, 16, 18, 5845 }, // U+0214
    { 8, 12, 165, 1, 12, 12, 5863 }, // U+0215
    { 9, 15, 195, 1, 15, 17, 5875 }, // U+0216
    { 8, 12, 165, 1, 12, 12, 5892 }, // U+0217
    { 10, 16, 173, 0, 12, 20, 5904 }, // U+0218
    { 9, 13, 144, 0, 9, 15, 5924 }, // U+0219
    { 10, 16, 168, 1, 12, 20, 5939 }, // U+021A
    { 5, 15, 107, 1, 11, 10, 5959 }, // U+021B
    { 9, 15, 153, 0, 12, 17, 5969 }, // U+021C
    { 7, 13, 132, 1, 9, 12, 5986 }, // U+021D
    { 9, 16, 198, 2, 16, 18, 5998 }, // U+021E
    { 11, 17, 165, -2, 17, 24, 6016 }, // U+021F
    { 5, 3, 0, 0, 13, 2, 6040 }, // U+0300
    { 5, 3, 0, 0, 13, 2, 6042 }, // U+0301
    { 6, 3, 0, 0, 13, 3, 6044 }, // U+0302
    { 6, 4, 0, 0, 13, 3, 6047 }, // U+0303
    { 5, 2, 0, 1, 12, 2, 6050 }, // U+0304
    { 7, 3, 0, -3, 15, 3, 6052 }, // U+0305
    { 6, 4, 0, 1, 13, 3, 6055 }, // U+0306
    { 2, 3, 0, 1, 13, 1, 6058 }, // U+0307
    { 6, 2, 0, 1, 12, 2, 6059 }, // U+0308
    { 4, 6, 0, -6, 15, 3, 6061 }, // U+0309
    { 4, 4, 0, 1, 13, 2, 6064 }, // U+030A
    { 9, 3, 0, 0, 13, 4, 6066 }, // U+030B
    { 6, 3, 0, 0, 13, 3, 6070 }, // U+030C
    { 2, 3, 0, -1, 13, 1, 6073 }, // U+030D
    { 4, 3, 0, -2, 13, 2, 6074 }, // U+030E
    { 7, 3, 0, -9, 13, 3, 6076 }, // U+030F
    { 6, 5, 0, -3, 14, 4, 6079 }, // U+0310
    { 6, 4, 0, -3, 13, 3, 6083 }, // U+0311
    { 2, 3, 0, -1, 13, 1, 6086 }, // U+0312
    { 4, 4, 0, -2, 12, 2, 6087 }, // U+0313
    { 4, 4, 0, -2, 12, 2, 6089 }, // U+0314
    { 4, 4, 0, -2, 12, 2, 6091 }, // U+0315
    { 4, 3, 0, -2, 0, 2, 6093 }, // U+0316
    { 4, 3, 0, -2, 0, 2, 6095 }, // U+0317
    { 4, 3, 0, -1, -1, 2, 6097 }, // U+0318
    { 4, 3, 0, -1, -1, 2, 6099 }, // U+0319
    { 6, 6, 83, -1, 14, 5, 6101 }, // U+031A
    { 4, 4, 0, -2, 13, 2, 6106 }, // U+031B
    { 3, 4, 0, -1, -1, 2, 6108 }, // U+031C
    { 5, 3, 0, -2, 0, 2, 6110 }, // U+031D
    { 5, 4, 0, -2, 0, 3, 6112 }, // U+031E
    { 5, 3, 0, -2, -1, 2, 6115 }, // U+031F
    { 4, 3, 0, -2, -1, 2, 6117 }, // U+0320
    { 4, 6, 0, -3, 1, 3, 6119 }, // U+0321
    { 3, 6, 0, 0, 1, 3, 6122 }, // U+0322
    { 2, 2, 0, -6, -1, 1, 6125 }, // U+0323
    { 5, 3, 0, -2, 0, 2, 6126 }, // U+0324
    { 4, 4, 0, -2, -1, 2, 6128 }, // U+0325
    { 2, 3, 0, 1, -1, 1, 6130 }, // U+0326
    { 4, 4, 0, 0, 0, 2, 6131 }, // U+0327
    { 4, 5, 0, 1, 1, 3, 6133 }, // U+0328
    { 2, 3, 0, -1, 0, 1, 6136 }, // U+0329
    { 6, 5, 0, -3, 0, 4, 6137 }, // U+032A
    { 7, 3, 0, -3, -1, 3, 6141 }, // U+032B
    { 6, 3, 0, -3, 0, 3, 6144 }, // U+032C
    { 6, 3, 0, -3, 0, 3, 6147 }, // U+032D
    { 6, 3, 0, -3, -1, 3, 6150 }, // U+032E
    { 6, 4, 0, -3, 0, 3, 6153 }, // U+032F
    { 8, 3, 0, -4, -1, 3, 6156 }, // U+0330
    { 5, 3, 0, -2, 0, 2, 6159 }, // U+0331
    { 7, 3, 0, -4, 0, 3, 6161 }, // U+0332
    { 7, 4, 0, -3, -1, 4, 6164 }, // U+0333
    { 7, 3, 0, -3, 6, 3, 6168 }, // U+0334
    { 7, 3, 0, -3, 6, 3, 6171 }, // U+0335
    { 12, 3, 0, -6, 6, 5, 6174 }, // U+0336
    { 6, 4, 0, -3, 7, 3, 6179 }, // U+0337
    { 8, 14, 0, -4, 13, 14, 6182 }, // U+0338
    { 3, 4, 0, 0, -1, 2, 6196 }, // U+0339
    { 6, 4, 0, -3, 0, 3, 6198 }, // U+033A
    { 7, 4, 0, -3, -1, 4, 6201 }, // U+033B
    { 7, 4, 0, -3, 0, 4, 6205 }, // U+033C
    { 4, 4, 0, -2, 13, 2, 6209 }, // U+033D
    { 4, 6, 0, -2, 15, 3, 6211 }, // U+033E
    { 7, 4, 0, -3, 16, 4, 6214 }, // U+033F
    { 4, 3, 0, -3, 13, 2, 6218 }, // U+0340
    { 4, 3, 0, -1, 13, 2, 6220 }, // U+0341
    { 8, 3, 0, -4, 12, 3, 6222 }, // U+0342
    { 4, 5, 0, -2, 14, 3, 6225 }, // U+0343
    { 6, 3, 0, -2, 13, 3, 6228 }, // U+0344
    { 3, 4, 0, 0, -1, 2, 6231 }, // U+0345
    { 8, 5, 0, -4, 14, 5, 6233 }, // U+0346
    { 7, 4, 0, -3, -1, 4, 6238 }, // U+0347
    { 4, 3, 0, -2, 0, 2, 6242 }, // U+0348
    { 4, 5, 0, -1, 0, 3, 6244 }, // U+0349
    { 8, 4, 0, -4, 13, 4, 6247 }, // U+034A
    { 7, 6, 0, -4, 15, 6, 6251 }, // U+034B
    { 6, 5, 0, -3, 14, 4, 6257 }, // U+034C
    { 7, 5, 0, -4, 1, 5, 6261 }, // U+034D
    { 4, 4, 0, -1, 0, 2, 6266 }, // U+034E
    { 0, 0, 0, 0, 0, 0, 6268 }, // U+034F
    { 3, 3, 0, -2, 13, 2, 6268 }, // U+0350
    { 3, 4, 0, -1, 13, 2, 6270 }, // U+0351
    { 6, 4, 0, -3, 14, 3, 6272 }, // U+0352
    { 4, 4, 0, -2, 0, 2, 6275 }, // U+0353
    { 3, 3, 0, -1, -1, 2, 6277 }, // U+0354
    { 3, 3, 0, -2, -1, 2, 6279 }, // U+0355
    { 7, 3, 0, -3, -1, 3, 6281 }, // U+0356
    { 3, 4, 0, 0, 13, 2, 6284 }, // U+0357
    { 2, 2, 0, 2, 12, 1, 6286 }, // U+0358
    { 4, 4, 0, -2, -1, 2, 6287 }, // U+0359
    { 7, 4, 0, -3, -1, 4, 6289 }, // U+035A
    { 4, 5, 0, -2, 14, 3, 6293 }, // U+035B
    { 14, 4, 0, -7, -1, 7, 6296 }, // U+035C
    { 14, 4, 0, -7, 13, 7, 6303 }, // U+035D
    { 10, 3, 0, -5, 12, 4, 6310 }, // U+035E
    { 10, 3, 0, -5, 0, 4, 6314 }, // U+035F
    { 14, 3, 0, -7, 12, 6, 6318 }, // U+0360
    { 14, 5, 0, -7, 15, 9, 6324 }, // U+0361
    { 14, 5, 0, -6, 1, 9, 6333 }, // U+0362
    { 4, 5, 0, -2, 14, 3, 6342 }, // U+0363
    { 4, 5, 0, -1, 14, 3, 6345 }, // U+0364
    { 2, 5, 0, -1, 15, 2, 6348 }, // U+0365
    { 4, 5, 0, -2, 14, 3, 6350 }, // U+0366
    { 4, 5, 0, -1, 14, 3, 6353 }, // U+0367
    { 4, 5, 0, -1, 14, 3, 6356 }, // U+0368
    { 4, 6, 0, -2, 15, 3, 6359 }, // U+0369
    { 4, 5, 0, -1, 15, 3, 6362 }, // U+036A
    { 5, 4, 0, -3, 14, 3, 6365 }, // U+036B
    { 3, 4, 0, -1, 14, 2, 6368 }, // U+036C
    { 4, 6, 0, -1, 15, 3, 6370 }, // U+036D
    { 5, 4, 0, -2, 14, 3, 6373 }, // U+036E
    { 5, 4, 0, -2, 14, 3, 6376 }, // U+036F
    { 7, 16, 148, 2, 16, 14, 6379 }, // U+0400
    { 8, 15, 164, 1, 15, 15, 6393 }, // U+0401
    { 13, 12, 220, 1, 12, 20, 6408 }, // U+0402
    { 8, 15, 149, 1, 15, 15, 6428 }, // U+0403
    { 10, 12, 184, 1, 12, 15, 6443 }, // U+0404
    { 10, 12, 173, 0, 12, 15, 6458 }, // U+0405
    { 2, 12, 85, 2, 12, 3, 6473 }, // U+0406
    { 6, 15, 85, 0, 15, 12, 6476 }, // U+0407
    { 8, 12, 149, 0, 12, 12, 6488 }, // U+0408
    { 17, 12, 283, 1, 12, 26, 6500 }, // U+0409
    { 16, 12, 293, 1, 12, 24, 6526 }, // U+040A
    { 13, 12, 224, 1, 12, 20, 6550 }, // U+040B
    { 10, 15, 188, 1, 15, 19, 6570 }, // U+040C
    { 10, 16, 202, 2, 16, 20, 6589 }, // U+040D
    { 12, 16, 181, 0, 16, 24, 6609 }, // U+040E
    { 9, 14, 197, 1, 12, 16, 6633 }, // U+040F
    { 12, 12, 181, 0, 12, 18, 6649 }, // U+0410
    { 9, 12, 179, 1, 12, 14, 6667 }, // U+0411
    { 9, 12, 180, 1, 12, 14, 6681 }, // U+0412
    { 8, 12, 149, 1, 12, 12, 6695 }, // U+0413
    { 12, 15, 197, 1, 12, 23, 6707 }, // U+0414
    { 8, 12, 164, 1, 12, 12, 6730 }, // U+0415
    { 16, 12, 261, 0, 12, 24, 6742 }, // U+0416
    { 9, 12, 173, 1, 12, 14, 6766 }, // U+0417
    { 10, 12, 203, 1, 12, 15, 6780 }, // U+0418
    { 10, 15, 203, 1, 15, 19, 6795 }, // U+0419
    { 10, 12, 188, 1, 12, 15, 6814 }, // U+041A
    { 10, 12, 192, 1, 12, 15, 6829 }, // U+041B
    { 12, 12, 232, 1, 12, 18, 6844 }, // U+041C
    { 10, 12, 203, 1, 12, 15, 6862 }, // U+041D
    { 11, 12, 200, 1, 12, 17, 6877 }, // U+041E
    { 10, 12, 200, 1, 12, 15, 6894 }, // U+041F
    { 9, 12, 176, 1, 12, 14, 6909 }, // U+0420
    { 10, 12, 184, 1, 12, 15, 6923 }, // U+0421
    { 10, 12, 168, 1, 12, 15, 6938 }, // U+0422
    { 12, 12, 181, 0, 12, 18, 6953 }, // U+0423
    { 14, 13, 235, 1, 13, 23, 6971 }, // U+0424
    { 11, 12, 181, 0, 12, 17, 6994 }, // U+0425
    { 11, 15, 205, 1, 12, 21, 7011 }, // U+0426
    { 9, 12, 180, 1, 12, 14, 7032 }, // U+0427
    { 14, 12, 261, 1, 12, 21, 7046 }, // U+0428
    { 15, 15, 269, 1, 12, 29, 7067 }, // U+0429
    { 12, 12, 197, 0, 12, 18, 7096 }, // U+042A
    { 12, 12, 240, 1, 12, 18, 7114 }, // U+042B
    { 9, 12, 176, 1, 12, 14, 7132 }, // U+042C
    { 10, 12, 184, 1, 12, 15, 7146 }, // U+042D
    { 13, 12, 255, 1, 12, 20, 7161 }, // U+042E
    { 10, 12, 181, 0, 12, 15, 7181 }, // U+042F
    { 8, 9, 152, 1, 9, 9, 7196 }, // U+0430
    { 9, 13, 159, 1, 13, 15, 7205 }, // U+0431
    { 8, 9, 152, 1, 9, 9, 7220 }, // U+0432
    { 6, 9, 123, 1, 9, 7, 7229 }, // U+0433
    { 10, 12, 164, 1, 9, 15, 7236 }, // U+0434
    { 8, 9, 155, 1, 9, 9, 7251 }, // U+0435
    { 14, 9, 216, 0, 9, 16, 7260 }, // U+0436
    { 8, 9, 143, 0, 9, 9, 7276 }, // U+0437
    { 8, 9, 163, 1, 9, 9, 7285 }, // U+0438
    { 8, 13, 163, 1, 13, 13, 7294 }, // U+0439
    { 9, 9, 155, 1, 9, 11, 7307 }, // U+043A
    { 9, 9, 157, 0, 9, 11, 7318 }, // U+043B
    { 10, 9, 192, 1, 9, 12, 7329 }, // U+043C
    { 8, 9, 163, 1, 9, 9, 7341 }, // U+043D
    { 9, 9, 160, 1, 9, 11, 7350 }, // U+043E
    { 8, 9, 160, 1, 9, 9, 7361 }, // U+043F
    { 8, 12, 164, 1, 9, 12, 7370 }, // U+0440
    { 9, 9, 148, 1, 9, 11, 7382 }, // U+0441
    { 8, 9, 133, 1, 9, 9, 7393 }, // U+0442
    { 10, 12, 155, 0, 9, 15, 7402 }, // U+0443
    { 12, 15, 200, 1, 12, 23, 7417 }, // U+0444
    { 9, 9, 149, 0, 9, 11, 7440 }, // U+0445
    { 9, 12, 167, 1, 9, 14, 7451 }, // U+0446
    { 7, 9, 149, 1, 9, 8, 7465 }, // U+0447
    { 12, 9, 219, 1, 9, 14, 7473 }, // U+0448
    { 13, 12, 228, 1, 9, 20, 7487 }, // U+0449
    { 9, 9, 163, 1, 9, 11, 7507 }, // U+044A
    { 10, 9, 197, 1, 9, 12, 7518 }, // U+044B
    { 7, 9, 144, 1, 9, 8, 7530 }, // U+044C
    { 8, 9, 148, 0, 9, 9, 7538 }, // U+044D
    { 11, 9, 207, 1, 9, 13, 7547 }, // U+044E
    { 9, 9, 153, 0, 9, 11, 7560 }, // U+044F
    { 8, 13, 147, 1, 13, 13, 7571 }, // U+0450
    { 8, 12, 155, 1, 12, 12, 7584 }, // U+0451
    { 9, 15, 167, 1, 12, 17, 7596 }, // U+0452
    { 7, 13, 123, 1, 13, 12, 7613 }, // U+0453
    { 8, 9, 148, 1, 9, 9, 7625 }, // U+0454
    { 8, 9, 144, 0, 9, 9, 7634 }, // U+0455
    { 2, 12, 72, 1, 12, 3, 7643 }, // U+0456
    { 6, 12, 72, 0, 12, 9, 7646 }, // U+0457
    { 4, 15, 72, -1, 12, 8, 7655 }, // U+0458
    { 14, 9, 227, 0, 9, 16, 7663 }, // U+0459
    { 13, 9, 235, 1, 9, 15, 7679 }, // U+045A
    { 9, 12, 167, 1, 12, 14, 7694 }, // U+045B
    { 9, 13, 155, 1, 13, 15, 7708 }, // U+045C
    { 8, 13, 166, 1, 13, 13, 7723 }, // U+045D
    { 10, 17, 155, 0, 14, 22, 7736 }, // U+045E
    { 8, 11, 157, 1, 9, 11, 7758 }, // U+045F
    { 15, 12, 245, 1, 12, 23, 7769 }, // U+0460
    { 13, 9, 210, 1, 9, 15, 7792 }, // U+0461
    { 10, 12, 180, 1, 12, 15, 7807 }, // U+0462
    { 10, 11, 169, 1, 11, 14, 7822 }, // U+0463
    { 14, 12, 246, 2, 12, 21, 7836 }, // U+0464
    { 11, 9, 198, 1, 9, 13, 7857 }, // U+0465
    { 12, 12, 182, 0, 12, 18, 7870 }, // U+0466
    { 11, 9, 153, -1, 9, 13, 7888 }, // U+0467
    { 15, 12, 248, 2, 12, 23, 7901 }, // U+0468
    { 12, 9, 208, 1, 9, 14, 7924 }, // U+0469
    { 14, 12, 194, -1, 12, 21, 7938 }, // U+046A
    { 12, 9, 171, -1, 9, 14, 7959 }, // U+046B
    { 16, 12, 262, 2, 12, 24, 7973 }, // U+046C
    { 13, 9, 226, 1, 9, 15, 7997 }, // U+046D
    { 8, 18, 157, 1, 14, 18, 8012 }, // U+046E
    { 8, 15, 131, 0, 11, 15, 8030 }, // U+046F
    { 11, 12, 214, 1, 12, 17, 8045 }, // U+0470
    { 10, 17, 203, 1, 13, 22, 8062 }, // U+0471
    { 11, 12, 209, 1, 12, 17, 8084 }, // U+0472
    { 8, 9, 161, 1, 9, 9, 8101 }, // U+0473
    { 12, 12, 169, -1, 12, 18, 8110 }, // U+0474
    { 9, 9, 138, 0, 9, 11, 8128 }, // U+0475
    { 12, 16, 169, -1, 16, 24, 8139 }, // U+0476
    { 9, 13, 138, 0, 13, 15, 8163 }, // U+0477
    { 20, 16, 325, 1, 12, 40, 8178 }, // U+0478
    { 18, 13, 292, 1, 9, 30, 8218 }, // U+0479
    { 12, 14, 219, 1, 13, 21, 8248 }, // U+047A
    { 9, 11, 176, 1, 10, 13, 8269 }, // U+047B
    { 15, 17, 274, 1, 17, 32, 8282 }, // U+047C
    { 13, 15, 241, 1, 15, 25, 8314 }, // U+047D
    { 15, 15, 245, 1, 15, 29, 8339 }, // U+047E
    { 13, 12, 210, 1, 12, 20, 8368 }, // U+047F
    { 10, 16, 172, 1, 12, 20, 8388 }, // U+0480
    { 7, 13, 131, 1, 9, 12, 8408 }, // U+0481
    { 10, 12, 162, 0, 11, 15, 8420 }, // U+0482
    { 6, 4, 0, -8, 13, 3, 8435 }, // U+0483
    { 7, 3, 0, -9, 12, 3, 8438 }, // U+0484
    { 2, 3, 0, -6, 13, 1, 8441 }, // U+0485
    { 2, 3, 0, -6, 13, 1, 8442 }, // U+0486
    { 7, 3, 0, -3, 15, 3, 8443 }, // U+0487
    { 19, 18, 0, -9, 13, 43, 8446 }, // U+0488
    { 18, 18, 0, -9, 13, 41, 8489 }, // U+0489
    { 12, 18, 209, 2, 15, 27, 8530 }, // U+048A
    { 10, 16, 176, 1, 13, 20, 8557 }, // U+048B
    { 9, 12, 164, 1, 12, 14, 8577 }, // U+048C
    { 9, 13, 158, 1, 13, 15, 8591 }, // U+048D
    { 8, 12, 164, 2, 12, 12, 8606 }, // U+048E
    { 8, 13, 164, 1, 9, 13, 8618 }, // U+048F
    { 8, 14, 149, 1, 14, 14, 8631 }, // U+0490
    { 6, 11, 123, 1, 11, 9, 8645 }, // U+0491
    { 9, 12, 152, 1, 12, 14, 8654 }, // U+0492
    { 8, 9, 132, 1, 9, 9, 8668 }, // U+0493
    { 8, 15, 172, 1, 12, 15, 8677 }, // U+0494
    { 7, 12, 150, 1, 9, 11, 8692 }, // U+0495
    { 16, 14, 266, 0, 12, 28, 8703 }, // U+0496
    { 14, 11, 220, 0, 9, 20, 8731 }, // U+0497
    { 10, 14, 173, 0, 12, 18, 8751 }, // U+0498
    { 9, 11, 143, 0, 9, 13, 8769 }, // U+0499
    { 10, 14, 194, 1, 12, 18, 8782 }, // U+049A
    { 8, 11, 157, 1, 9, 11, 8800 }, // U+049B
    { 11, 12, 198, 1, 12, 17, 8811 }, // U+049C
    { 9, 9, 166, 1, 9, 11, 8828 }, // U+049D
    { 11, 12, 167, 0, 12, 17, 8839 }, // U+049E
    { 9, 13, 142, 1, 13, 15, 8856 }, // U+049F
    { 13, 12, 213, 0, 12, 20, 8871 }, // U+04A0
    { 11, 9, 175, 1, 9, 13, 8891 }, // U+04A1
    { 11, 14, 208, 1, 12, 20, 8904 }, // U+04A2
    { 9, 11, 169, 1, 9, 13, 8924 }, // U+04A3
    { 15, 12, 271, 1, 12, 23, 8937 }, // U+04A4
    { 12, 9, 219, 1, 9, 14, 8960 }, // U+04A5
    { 16, 16, 282, 2, 12, 32, 8974 }, // U+04A6
    { 13, 13, 230, 1, 9, 22, 9006 }, // U+04A7
    { 12, 13, 208, 1, 12, 20, 9028 }, // U+04A8
    { 9, 9, 171, 1, 9, 11, 9048 }, // U+04A9
    { 10, 14, 184, 1, 12, 18, 9059 }, // U+04AA
    { 8, 11, 148, 1, 9, 11, 9077 }, // U+04AB
    { 9, 15, 148, 1, 12, 17, 9088 }, // U+04AC
    { 7, 12, 127, 1, 9, 11, 9105 }, // U+04AD
    { 12, 12, 176, 0, 12, 18, 9116 }, // U+04AE
    { 10, 13, 153, 0, 9, 17, 9134 }, // U+04AF
    { 11, 12, 169, 0, 12, 17, 9151 }, // U+04B0
    { 10, 13, 149, 0, 9, 17, 9168 }, // U+04B1
    { 12, 14, 188, -1, 12, 21, 9185 }, // U+04B2
    { 10, 11, 154, 0, 9, 14, 9206 }, // U+04B3
    { 14, 15, 230, 1, 12, 27, 9220 }, // U+04B4
    { 12, 12, 193, 1, 9, 18, 9247 }, // U+04B5
    { 10, 14, 188, 1, 12, 18, 9265 }, // U+04B6
    { 9, 11, 158, 1, 9, 13, 9283 }, // U+04B7
    { 9, 12, 179, 1, 12, 14, 9296 }, // U+04B8
    { 8, 9, 155, 1, 9, 9, 9310 }, // U+04B9
    { 9, 12, 176, 1, 12, 14, 9319 }, // U+04BA
    { 8, 12, 161, 1, 12, 12, 9333 }, // U+04BB
    { 13, 12, 226, 1, 12, 20, 9345 }, // U+04BC
    { 10, 9, 177, 1, 9, 12, 9365 }, // U+04BD
    { 13, 15, 226, 1, 12, 25, 9377 }, // U+04BE
    { 10, 12, 177, 1, 9, 15, 9402 }, // U+04BF
    { 2, 12, 85, 2, 12, 3, 9417 }, // U+04C0
    { 16, 15, 241, 0, 15, 30, 9420 }, // U+04C1
    { 13, 12, 202, 0, 12, 20, 9450 }, // U+04C2
    { 9, 15, 178, 1, 12, 17, 9470 }, // U+04C3
    { 8, 12, 149, 1, 9, 12, 9487 }, // U+04C4
    { 13, 15, 192, 0, 12, 25, 9499 }, // U+04C5
    { 11, 12, 157, 0, 9, 17, 9524 }, // U+04C6
    { 10, 15, 203, 1, 12, 19, 9541 }, // U+04C7
    { 8, 12, 163, 1, 9, 12, 9560 }, // U+04C8
    { 11, 15, 202, 2, 12, 21, 9572 }, // U+04C9
    { 10, 12, 177, 1, 9, 15, 9593 }, // U+04CA
    { 9, 14, 180, 1, 12, 16, 9608 }, // U+04CB
    { 7, 11, 150, 1, 9, 10, 9624 }, // U+04CC
    { 14, 15, 245, 2, 12, 27, 9634 }, // U+04CD
    { 12, 12, 201, 1, 9, 18, 9661 }, // U+04CE
    { 2, 12, 69, 1, 12, 3, 9679 }, // U+04CF
    { 12, 15, 181, 0, 15, 23, 9682 }, // U+04D0
    { 8, 13, 152, 1, 13, 13, 9705 }, // U+04D1
    { 12, 15, 181, 0, 15, 23, 9718 }, // U+04D2
    { 8, 12, 152, 1, 12, 12, 9741 }, // U+04D3
    { 16, 12, 260, -1, 12, 24, 9753 }, // U+04D4
    { 14, 9, 249, 1, 9, 16, 9777 }, // U+04D5
    { 8, 15, 164, 1, 15, 15, 9793 }, // U+04D6
    { 8, 13, 155, 1, 13, 13, 9808 }, // U+04D7
    { 10, 12, 191, 1, 12, 15, 9821 }, // U+04D8
    { 8, 9, 156, 1, 9, 9, 9836 }, // U+04D9
    { 10, 15, 191, 1, 15, 19, 9845 }, // U+04DA
    { 8, 12, 156, 1, 12, 12, 9864 }, // U+04DB
    { 16, 15, 261, 0, 15, 30, 9876 }, // U+04DC
    { 14, 12, 216, 0, 12, 21, 9906 }, // U+04DD
    { 10, 15, 173, 0, 15, 19, 9927 }, // U+04DE
    { 9, 12, 143, 0, 12, 14, 9946 }, // U+04DF
    { 9, 12, 156, 0, 12, 14, 9960 }, // U+04E0
    { 8, 13, 133, 1, 9, 13, 9974 }, // U+04E1
    { 10, 15, 203, 1, 15, 19, 9987 }, // U+04E2
    { 8, 12, 163, 1, 12, 12, 10006 }, // U+04E3
    { 10, 15, 203, 1, 15, 19, 10018 }, // U+04E4
    { 8, 12, 163, 1, 12, 12, 10037 }, // U+04E5
    { 11, 15, 200, 1, 15, 21, 10049 }, // U+04E6
    { 9, 12, 160, 1, 12, 14, 10070 }, // U+04E7
    { 11, 12, 202, 1, 12, 17, 10084 }, // U+04E8
    { 9, 9, 162, 1, 9, 11, 10101 }, // U+04E9
    { 11, 15, 202, 1, 15, 21, 10112 }, // U+04EA
    { 9, 12, 162, 1, 12, 14, 10133 }, // U+04EB
    { 10, 15, 173, 0, 15, 19, 10147 }, // U+04EC
    { 7, 12, 132, 0, 12, 11, 10166 }, // U+04ED
    { 11, 15, 181, 0, 15, 21, 10177 }, // U+04EE
    { 11, 15, 155, 0, 12, 21, 10198 }, // U+04EF
    { 12, 15, 181, 0, 15, 23, 10219 }, // U+04F0
    { 9, 15, 155, 0, 12, 17, 10242 }, // U+04F1
    { 12, 15, 181, 0, 15, 23, 10259 }, // U+04F2
    { 10, 16, 155, 0, 13, 20, 10282 }, // U+04F3
    { 9, 15, 180, 1, 15, 17, 10302 }, // U+04F4
    { 7, 12, 149, 1, 12, 11, 10319 }, // U+04F5
    { 7, 15, 141, 2, 12, 14, 10330 }, // U+04F6
    { 6, 12, 116, 1, 9, 9, 10344 }, // U+04F7
    { 12, 15, 240, 1, 15, 23, 10353 }, // U+04F8
    { 10, 12, 197, 1, 12, 15, 10376 }, // U+04F9
    { 8, 16, 141, 1, 12, 16, 10391 }, // U+04FA
    { 8, 13, 116, 1, 9, 13, 10407 }, // U+04FB
    { 11, 16, 169, 0, 12, 22, 10420 }, // U+04FC
    { 10, 13, 147, -1, 9, 17, 10442 }, // U+04FD
    { 10, 12, 156, 0, 12, 15, 10459 }, // U+04FE
    { 9, 9, 141, 0, 9, 11, 10474 }, // U+04FF
    { 11, 15, 170, 0, 12, 21, 10485 }, // U+1EA0
    { 8, 12, 150, 1, 9, 12, 10506 }, // U+1EA1
    { 12, 17, 170, 0, 17, 26, 10518 }, // U+1EA2
    { 8, 14, 150, 1, 14, 14, 10544 }, // U+1EA3
    { 11, 16, 170, 0, 16, 22, 10558 }, // U+1EA4
    { 9, 14, 150, 1, 14, 16, 10580 }, // U+1EA5
    { 11, 16, 170, 0, 16, 22, 10596 }, // U+1EA6
    { 9, 14, 150, 0, 14, 16, 10618 }, // U+1EA7
    { 12, 17, 170, -1, 17, 26, 10634 }, // U+1EA8
    { 8, 15, 150, 1, 15, 15, 10660 }, // U+1EA9
    { 11, 17, 170, 0, 17, 24, 10675 }, // U+1EAA
    { 8, 15, 150, 1, 15, 15, 10699 }, // U+1EAB
    { 11, 19, 170, 0, 16, 27, 10714 }, // U+1EAC
    { 8, 15, 150, 1, 12, 15, 10741 }, // U+1EAD
    { 11, 17, 170, 0, 17, 24, 10756 }, // U+1EAE
    { 8, 14, 150, 1, 14, 14, 10780 }, // U+1EAF
    { 11, 17, 170, 0, 17, 24, 10794 }, // U+1EB0
    { 8, 14, 150, 1, 14, 14, 10818 }, // U+1EB1
    { 12, 17, 170, 0, 17, 26, 10832 }, // U+1EB2
    { 8, 15, 150, 1, 15, 15, 10858 }, // U+1EB3
    { 11, 17, 170, 0, 17, 24, 10873 }, // U+1EB4
    { 8, 15, 150, 1, 15, 15, 10897 }, // U+1EB5
    { 11, 18, 170, -1, 15, 25, 10912 }, // U+1EB6
    { 8, 15, 150, 1, 12, 15, 10937 }, // U+1EB7
    { 7, 15, 148, 2, 12, 14, 10952 }, // U+1EB8
    { 8, 12, 150, 1, 9, 12, 10966 }, // U+1EB9
    { 8, 17, 148, 2, 17, 17, 10978 }, // U+1EBA
    { 8, 14, 150, 1, 14, 14, 10995 }, // U+1EBB
    { 7, 15, 148, 2, 15, 14, 11009 }, // U+1EBC
    { 8, 12, 150, 1, 12, 12, 11023 }, // U+1EBD
    { 8, 16, 148, 2, 16, 16, 11035 }, // U+1EBE
    { 9, 14, 150, 1, 14, 16, 11051 }, // U+1EBF
    { 8, 16, 148, 1, 16, 16, 11067 }, // U+1EC0
    { 9, 14, 150, 0, 14, 16, 11083 }, // U+1EC1
    { 8, 17, 148, 2, 17, 17, 11099 }, // U+1EC2
    { 8, 15, 150, 1, 15, 15, 11116 }, // U+1EC3
    { 7, 17, 148, 2, 17, 15, 11131 }, // U+1EC4
    { 8, 15, 150, 1, 15, 15, 11146 }, // U+1EC5
    { 7, 19, 148, 2, 16, 17, 11161 }, // U+1EC6
    { 8, 15, 150, 1, 12, 15, 11178 }, // U+1EC7
    { 4, 16, 90, 1, 16, 8, 11193 }, // U+1EC8
    { 4, 14, 69, 0, 14, 7, 11201 }, // U+1EC9
    { 4, 15, 90, 1, 12, 8, 11208 }, // U+1ECA
    { 2, 15, 69, 1, 12, 4, 11216 }, // U+1ECB
    { 11, 15, 208, 1, 12, 21, 11220 }, // U+1ECC
    { 9, 12, 161, 1, 9, 14, 11241 }, // U+1ECD
    { 11, 17, 208, 1, 17, 24, 11255 }, // U+1ECE
    { 9, 14, 161, 1, 14, 16, 11279 }, // U+1ECF
    { 11, 17, 208, 1, 17, 24, 11295 }, // U+1ED0
    { 9, 14, 161, 1, 14, 16, 11319 }, // U+1ED1
    { 11, 17, 208, 1, 17, 24, 11335 }, // U+1ED2
    { 10, 14, 161, 0, 14, 18, 11359 }, // U+1ED3
    { 11, 17, 208, 1, 17, 24, 11377 }, // U+1ED4
    { 8, 15, 161, 1, 15, 15, 11401 }, // U+1ED5
    { 11, 18, 208, 1, 18, 25, 11416 }, // U+1ED6
    { 9, 15, 161, 1, 15, 17, 11441 }, // U+1ED7
    { 11, 19, 208, 1, 16, 27, 11458 }, // U+1ED8
    { 9, 15, 161, 1, 12, 17, 11485 }, // U+1ED9
    { 13, 16, 209, 1, 16, 26, 11502 }, // U+1EDA
    { 11, 12, 164, 1, 12, 17, 11528 }, // U+1EDB
    { 13, 16, 209, 1, 16, 26, 11545 }, // U+1EDC
    { 11, 12, 164, 1, 12, 17, 11571 }, // U+1EDD
    { 13, 17, 209, 1, 17, 28, 11588 }, // U+1EDE
    { 11, 14, 164, 1, 14, 20, 11616 }, // U+1EDF
    { 13, 15, 209, 1, 15, 25, 11636 }, // U+1EE0
    { 11, 12, 164, 1, 12, 17, 11661 }, // U+1EE1
    { 13, 15, 209, 1, 12, 25, 11678 }, // U+1EE2
    { 11, 14, 164, 1, 11, 20, 11703 }, // U+1EE3
    { 9, 15, 195, 1, 12, 17, 11723 }, // U+1EE4
    { 8, 12, 165, 1, 9, 12, 11740 }, // U+1EE5
    { 9, 17, 195, 1, 17, 20, 11752 }, // U+1EE6
    { 8, 14, 165, 1, 14, 14, 11772 }, // U+1EE7
    { 13, 16, 208, 1, 16, 26, 11786 }, // U+1EE8
    { 11, 12, 180, 1, 12, 17, 11812 }, // U+1EE9
    { 13, 16, 208, 1, 16, 26, 11829 }, // U+1EEA
    { 11, 12, 180, 1, 12, 17, 11855 }, // U+1EEB
    { 13, 17, 208, 1, 17, 28, 11872 }, // U+1EEC
    { 11, 14, 180, 1, 14, 20, 11900 }, // U+1EED
    { 13, 15, 208, 1, 15, 25, 11920 }, // U+1EEE
    { 11, 12, 180, 1, 12, 17, 11945 }, // U+1EEF
    { 13, 15, 208, 1, 12, 25, 11962 }, // U+1EF0
    { 11, 13, 180, 1, 10, 18, 11987 }, // U+1EF1
    { 12, 15, 176, 0, 15, 23, 12005 }, // U+1EF2
    { 10, 16, 155, 0, 13, 20, 12028 }, // U+1EF3
    { 10, 15, 151, 0, 12, 19, 12048 }, // U+1EF4
    { 9, 13, 136, 0, 9, 15, 12067 }, // U+1EF5
    { 10, 16, 151, 0, 16, 20, 12082 }, // U+1EF6
    { 9, 18, 136, 0, 14, 21, 12102 }, // U+1EF7
    { 10, 15, 151, 0, 15, 19, 12123 }, // U+1EF8
    { 10, 16, 136, -1, 12, 20, 12142 }, // U+1EF9
    { 0, 0, 133, 0, 0, 0, 12162 }, // U+2000
    { 0, 0, 267, 0, 0, 0, 12162 }, // U+2001
    { 0, 0, 133, 0, 0, 0, 12162 }, // U+2002
    { 0, 0, 267, 0, 0, 0, 12162 }, // U+2003
    { 0, 0, 89, 0, 0, 0, 12162 }, // U+2004
    { 0, 0, 67, 0, 0, 0, 12162 }, // U+2005
    { 0, 0, 45, 0, 0, 0, 12162 }, // U+2006
    { 0, 0, 153, 0, 0, 0, 12162 }, // U+2007
    { 0, 0, 71, 0, 0, 0, 12162 }, // U+2008
    { 0, 0, 41, 0, 0, 0, 12162 }, // U+2009
    { 0, 0, 27, 0, 0, 0, 12162 }, // U+200A
    { 0, 0, 0, 0, 0, 0, 12162 }, // U+200B
    { 0, 0, 0, 0, 0, 0, 12162 }, // U+200C
    { 0, 0, 0, 0, 0, 0, 12162 }, // U+200D
    { 0, 0, 0, 0, 0, 0, 12162 }, // U+200E
    { 0, 0, 0, 0, 0, 0, 12162 }, // U+200F
    { 5, 2, 101, 1, 6, 2, 12162 }, // U+2010
    { 5, 2, 101, 1, 6, 2, 12164 }, // U+2011
    { 8, 2, 157, 1, 7, 2, 12166 }, // U+2012
    { 8, 2, 141, 1, 6, 2, 12168 }, // U+2013
    { 11, 2, 195, 1, 6, 3, 12170 }, // U+2014
    { 15, 3, 267, 1, 6, 6, 12173 }, // U+2015
    { 5, 16, 147, 2, 12, 10, 12179 }, // U+2016
    { 7, 4, 110, 0, -1, 4, 12189 }, // U+2017
    { 3, 5, 83, 1, 12, 2, 12193 }, // U+2018
    { 3, 5, 83, 0, 12, 2, 12195 }, // U+2019
    { 3, 5, 83, 0, 2, 2, 12197 }, // U+201A
    { 3, 4, 47, 0, 12, 2, 12199 }, // U+201B
    { 7, 5, 139, 1, 12, 5, 12201 }, // U+201C
    { 7, 5, 139, 0, 12, 5, 12206 }, // U+201D
    { 7, 5, 139, 0, 2, 5, 12211 }, // U+201E
    { 6, 4, 96, 0, 12, 3, 12216 }, // U+201F
    { 8, 15, 147, 1, 12, 15, 12219 }, // U+2020
    { 8, 15, 147, 1, 12, 15, 12234 }, // U+2021
    { 4, 4, 107, 1, 6, 2, 12249 }, // U+2022
    { 5, 6, 98, 1, 9, 4, 12251 }, // U+2023
    { 2, 3, 133, 3, 3, 1, 12255 }, // U+2024
    { 7, 3, 143, 1, 3, 3, 12256 }, // U+2025
    { 14, 3, 259, 1, 3, 6, 12259 }, // U+2026
    { 2, 3, 71, 1, 6, 1, 12265 }, // U+2027
    { 0, 0, 160, 0, 0, 0, 12266 }, // U+2028
    { 0, 0, 160, 0, 0, 0, 12266 }, // U+2029
    { 0, 0, 0, 0, 0, 0, 12266 }, // U+202A
    { 0, 0, 0, 0, 0, 0, 12266 }, // U+202B
    { 0, 0, 0, 0, 0, 0, 12266 }, // U+202C
    { 0, 0, 0, 0, 0, 0, 12266 }, // U+202D
    { 0, 0, 0, 0, 0, 0, 12266 }, // U+202E
    { 0, 0, 41, 0, 0, 0, 12266 }, // U+202F
    { 20, 12, 327, 1, 12, 30, 12266 }, // U+2030
    { 25, 12, 412, 1, 12, 38, 12296 }, // U+2031
    { 5, 4, 62, 0, 12, 3, 12334 }, // U+2032
    { 8, 4, 109, 0, 12, 4, 12337 }, // U+2033
    { 11, 4, 156, 0, 12, 6, 12341 }, // U+2034
    { 5, 4, 62, -1, 12, 3, 12347 }, // U+2035
    { 7, 4, 117, -1, 12, 4, 12350 }, // U+2036
    { 10, 4, 161, -1, 12, 5, 12354 }, // U+2037
    { 7, 6, 106, 0, 2, 6, 12359 }, // U+2038
    { 4, 9, 83, 1, 9, 5, 12365 }, // U+2039
    { 4, 9, 83, 1, 9, 5, 12370 }, // U+203A
    { 13, 12, 223, 1, 12, 20, 12375 }, // U+203B
    { 6, 12, 133, 1, 12, 9, 12395 }, // U+203C
    { 7, 12, 118, 0, 12, 11, 12404 }, // U+203D
    { 8, 3, 133, 0, 15, 3, 12415 }, // U+203E
    { 10, 4, 162, 0, 0, 5, 12418 }, // U+203F
    { 10, 5, 162, 0, 14, 7, 12423 }, // U+2040
    { 6, 11, 100, 0, 7, 9, 12430 }, // U+2041
    { 19, 15, 298, 0, 12, 36, 12439 }, // U+2042
    { 4, 3, 86, 1, 6, 2, 12475 }, // U+2043
    { 11, 12, 48, -4, 12, 17, 12477 }, // U+2044
    { 4, 15, 86, 1, 12, 8, 12494 }, // U+2045
    { 5, 15, 86, 0, 12, 10, 12502 }, // U+2046
    { 14, 12, 228, 0, 12, 21, 12512 }, // U+2047
    { 10, 12, 181, 0, 12, 15, 12533 }, // U+2048
    { 10, 12, 182, 1, 12, 15, 12548 }, // U+2049
    { 8, 9, 153, 1, 9, 9, 12563 }, // U+204A
    { 8, 15, 175, 2, 12, 15, 12572 }, // U+204B
    { 9, 9, 170, 1, 9, 11, 12587 }, // U+204C
    { 8, 9, 170, 1, 9, 9, 12598 }, // U+204D
    { 9, 8, 147, 0, 4, 9, 12607 }, // U+204E
    { 3, 11, 63, 1, 9, 5, 12616 }, // U+204F
    { 10, 17, 161, 0, 13, 22, 12621 }, // U+2050
    { 9, 16, 147, 0, 12, 18, 12643 }, // U+2051
    { 7, 12, 99, 0, 12, 11, 12661 }, // U+2052
    { 15, 3, 267, 1, 6, 6, 12672 }, // U+2053
    { 10, 5, 161, 0, 1, 7, 12678 }, // U+2054
    { 8, 8, 153, 1, 8, 8, 12685 }, // U+2055
    { 7, 12, 138, 1, 12, 11, 12693 }, // U+2056
    { 13, 4, 198, 0, 12, 7, 12704 }, // U+2057
    { 12, 12, 219, 1, 12, 18, 12711 }, // U+2058
    { 12, 12, 221, 1, 12, 18, 12729 }, // U+2059
    { 2, 12, 59, 1, 12, 3, 12747 }, // U+205A
    { 9, 12, 174, 1, 12, 14, 12750 }, // U+205B
    { 12, 12, 212, 1, 12, 18, 12764 }, // U+205C
    { 2, 12, 71, 1, 12, 3, 12782 }, // U+205D
    { 2, 12, 71, 1, 12, 3, 12785 }, // U+205E
    { 0, 0, 59, 0, 0, 0, 12788 }, // U+205F
    { 0, 0, 0, 0, 0, 0, 12788 }, // U+2060
    { 0, 0, 0, 0, 0, 0, 12788 }, // U+2061
    { 0, 0, 0, 0, 0, 0, 12788 }, // U+2062
    { 0, 0, 0, 0, 0, 0, 12788 }, // U+2063
    { 0, 0, 0, 0, 0, 0, 12788 }, // U+2064
    { 0, 0, 0, 0, 0, 0, 12788 }, // U+2065
    { 0, 0, 0, 0, 0, 0, 12788 }, // U+2066
    { 0, 0, 0, 0, 0, 0, 12788 }, // U+2067
    { 0, 0, 0, 0, 0, 0, 12788 }, // U+2068
    { 0, 0, 0, 0, 0, 0, 12788 }, // U+2069
    { 0, 0, 0, 0, 0, 0, 12788 }, // U+206A
    { 0, 0, 0, 0, 0, 0, 12788 }, // U+206B
    { 0, 0, 0, 0, 0, 0, 12788 }, // U+206C
    { 0, 0, 0, 0, 0, 0, 12788 }, // U+206D
    { 0, 0, 0, 0, 0, 0, 12788 }, // U+206E
    { 0, 0, 0, 0, 0, 0, 12788 }, // U+206F
    { 6, 8, 93, 0, 14, 6, 12788 }, // U+2070
    { 2, 7, 45, 0, 12, 2, 12794 }, // U+2071
    { 6, 7, 104, 1, 13, 6, 12796 }, // U+2074
    { 6, 8, 93, 0, 14, 6, 12802 }, // U+2075
    { 6, 8, 93, 0, 14, 6, 12808 }, // U+2076
    { 5, 8, 93, 1, 14, 5, 12814 }, // U+2077
    { 7, 8, 93, 0, 14, 7, 12819 }, // U+2078
    { 6, 8, 93, 0, 14, 6, 12826 }, // U+2079
    { 5, 5, 90, 1, 13, 4, 12832 }, // U+207A
    { 6, 1, 90, 0, 10, 1, 12836 }, // U+207B
    { 6, 4, 90, 0, 12, 3, 12837 }, // U+207C
    { 4, 9, 60, 0, 15, 5, 12840 }, // U+207D
    { 4, 9, 60, 0, 15, 5, 12845 }, // U+207E
    { 6, 5, 107, 0, 10, 4, 12850 }, // U+207F
    { 6, 9, 93, 0, 6, 7, 12854 }, // U+2080
    { 4, 7, 69, 0, 7, 4, 12861 }, // U+2081
    { 6, 7, 99, 1, 7, 6, 12865 }, // U+2082
    { 6, 7, 101, 0, 7, 6, 12871 }, // U+2083
    { 6, 7, 104, 1, 7, 6, 12877 }, // U+2084
    { 6, 9, 93, 0, 6, 7, 12883 }, // U+2085
    { 6, 9, 93, 0, 6, 7, 12890 }, // U+2086
    { 5, 8, 93, 1, 5, 5, 12897 }, // U+2087
    { 7, 9, 93, 0, 6, 8, 12902 }, // U+2088
    { 6, 9, 93, 0, 6, 7, 12910 }, // U+2089
    { 5, 5, 90, 1, 3, 4, 12917 }, // U+208A
    { 6, 1, 90, 0, 2, 1, 12921 }, // U+208B
    { 6, 4, 90, 0, 3, 3, 12922 }, // U+208C
    { 4, 9, 60, 0, 6, 5, 12925 }, // U+208D
    { 4, 9, 60, 0, 6, 5, 12930 }, // U+208E
    { 5, 6, 97, 0, 4, 4, 12935 }, // U+2090
    { 5, 6, 98, 1, 4, 4, 12939 }, // U+2091
    { 5, 6, 105, 1, 4, 4, 12943 }, // U+2092
    { 6, 6, 92, 0, 4, 5, 12947 }, // U+2093
    { 5, 6, 98, 1, 4, 4, 12952 }, // U+2094
    { 6, 8, 107, 0, 6, 6, 12956 }, // U+2095
    { 6, 8, 93, 0, 6, 6, 12962 }, // U+2096
    { 3, 8, 45, 0, 6, 3, 12968 }, // U+2097
    { 10, 6, 162, 0, 4, 8, 12971 }, // U+2098
    { 6, 6, 107, 0, 4, 5, 12979 }, // U+2099
    { 6, 8, 107, 0, 4, 6, 12984 }, // U+209A
    { 6, 6, 83, 0, 4, 5, 12990 }, // U+209B
    { 5, 7, 63, -1, 5, 5, 12995 }, // U+209C
    { 9, 12, 153, 1, 12, 14, 13000 }, // U+20A0
    { 9, 14, 153, 1, 12, 16, 13014 }, // U+20A1
    { 8, 12, 153, 1, 12, 12, 13030 }, // U+20A2
    { 8, 12, 153, 1, 12, 12, 13042 }, // U+20A3
    { 8, 12, 153, 1, 12, 12, 13054 }, // U+20A4
    { 13, 13, 249, 1, 11, 22, 13066 }, // U+20A5
    { 9, 12, 153, 1, 12, 14, 13088 }, // U+20A6
    { 12, 12, 207, 1, 12, 18, 13102 }, // U+20A7
    { 12, 12, 222, 1, 12, 18, 13120 }, // U+20A8
    { 11, 12, 179, 1, 12, 17, 13138 }, // U+20A9
    { 11, 12, 213, 1, 12, 17, 13155 }, // U+20AA
    { 9, 15, 165, 1, 12, 17, 13172 }, // U+20AB
    { 11, 12, 181, 1, 12, 17, 13189 }, // U+20AC
    { 9, 12, 153, 1, 12, 14, 13206 }, // U+20AD
    { 9, 12, 153, 1, 12, 14, 13220 }, // U+20AE
    { 16, 16, 259, 0, 12, 32, 13234 }, // U+20AF
    { 9, 16, 153, 0, 12, 18, 13266 }, // U+20B0
    { 10, 12, 153, 0, 12, 15, 13284 }, // U+20B1
    { 10, 14, 194, 1, 12, 18, 13299 }, // U+20B2
    { 12, 12, 162, 0, 12, 18, 13317 }, // U+20B3
    { 9, 12, 163, 1, 12, 14, 13335 }, // U+20B4
    { 9, 13, 169, 1, 12, 15, 13349 }, // U+20B5
    { 11, 11, 166, 0, 11, 16, 13364 }, // U+20B6
    { 11, 13, 194, 1, 12, 18, 13380 }, // U+20B7
    { 10, 12, 168, 1, 12, 15, 13398 }, // U+20B8
    { 7, 14, 153, 1, 14, 13, 13413 }, // U+20B9
    { 9, 12, 153, 0, 12, 14, 13426 }, // U+20BA
    { 13, 12, 208, 1, 12, 20, 13440 }, // U+20BB
    { 12, 12, 216, 1, 12, 18, 13460 }, // U+20BC
    { 10, 12, 173, 1, 12, 15, 13478 }, // U+20BD
    { 11, 12, 206, 1, 12, 17, 13493 }, // U+20BE
    { 8, 16, 153, 2, 14, 16, 13510 }, // U+20BF
    { 7, 12, 132, 1, 9, 11, 13526 }, // U+20C0
    { 12, 10, 200, 0, 11, 15, 13537 }, // U+2190
    { 11, 12, 200, 1, 12, 17, 13552 }, // U+2191
    { 12, 10, 200, 0, 11, 15, 13569 }, // U+2192
    { 11, 13, 200, 1, 12, 18, 13584 }, // U+2193
    { 11, 11, 213, 1, 11, 16, 13602 }, // U+2196
    { 11, 11, 200, 0, 11, 16, 13618 }, // U+2197
    { 11, 11, 200, 0, 12, 16, 13634 }, // U+2198
    { 11, 11, 200, 1, 12, 16, 13650 }, // U+2199
    { 12, 12, 181, 0, 12, 18, 13666 }, // U+2206
    { 8, 2, 149, 1, 7, 2, 13684 }, // U+2212
    { 9, 12, 149, 0, 12, 14, 13686 }, // U+2215
    { 10, 15, 163, 0, 13, 19, 13700 }, // U+221A
    { 9, 7, 149, 0, 10, 8, 13719 }, // U+2248
    { 8, 11, 149, 1, 12, 11, 13727 }, // U+2264
    { 8, 11, 149, 1, 12, 11, 13738 }, // U+2265
    { 13, 12, 184, 0, 12, 20, 13749 }, // U+FB00
    { 9, 12, 161, 0, 12, 14, 13769 }, // U+FB01
    { 9, 12, 161, 0, 12, 14, 13783 }, // U+FB02
    { 15, 12, 252, 0, 12, 23, 13797 }, // U+FB03
    { 15, 12, 252, 0, 12, 23, 13820 }, // U+FB04
    { 10, 12, 180, 1, 12, 15, 13843 }, // U+FB05
    { 13, 12, 224, 1, 12, 20, 13858 }, // U+FB06
    { 16, 16, 267, 0, 13, 32, 13878 }, // U+FFFD
    { 16, 16, 267, 0, 13, 32, 13910 }, // U+FFFD
};

static const EpdUnicodeInterval golos_ui_8_mediumIntervals[] = {
    { 0x0, 0x0, 0x0 },
    { 0xD, 0xD, 0x1 },
    { 0x20, 0x7E, 0x2 },
    { 0xA0, 0xFF, 0x61 },
    { 0x100, 0x17F, 0xC1 },
    { 0x1A0, 0x1A1, 0x141 },
    { 0x1AF, 0x1B0, 0x143 },
    { 0x1C4, 0x21F, 0x145 },
    { 0x300, 0x36F, 0x1A1 },
    { 0x400, 0x4FF, 0x211 },
    { 0x1EA0, 0x1EF9, 0x311 },
    { 0x2000, 0x206F, 0x36B },
    { 0x2070, 0x2071, 0x3DB },
    { 0x2074, 0x208E, 0x3DD },
    { 0x2090, 0x209C, 0x3F8 },
    { 0x20A0, 0x20C0, 0x405 },
    { 0x2190, 0x2193, 0x426 },
    { 0x2196, 0x2199, 0x42A },
    { 0x2206, 0x2206, 0x42E },
    { 0x2212, 0x2212, 0x42F },
    { 0x2215, 0x2215, 0x430 },
    { 0x221A, 0x221A, 0x431 },
    { 0x2248, 0x2248, 0x432 },
    { 0x2264, 0x2265, 0x433 },
    { 0xFB00, 0xFB06, 0x435 },
    { 0xFFFD, 0xFFFD, 0x43C },
    { 0xFFFD, 0xFFFD, 0x43D },
};

static const uint16_t golos_ui_8_mediumKernLeftCodepoints[] = {
    0x0022, 0x0027, 0x002B, 0x002C, 0x002D, 0x002E, 0x0031, 0x0034, 0x003A, 0x003B, 0x003D, 0x003E,
    0x003F, 0x0040, 0x0041, 0x0042, 0x0043, 0x0044, 0x0045, 0x0046, 0x0047, 0x0048, 0x0049, 0x004A,
    0x004B, 0x004C, 0x004D, 0x004E, 0x004F, 0x0050, 0x0051, 0x0052, 0x0053, 0x0054, 0x0055, 0x0056,
    0x0057, 0x0058, 0x0059, 0x005A, 0x0061, 0x0062, 0x0063, 0x0064, 0x0065, 0x0066, 0x0068, 0x0069,
    0x006A, 0x006B, 0x006C, 0x006D, 0x006E, 0x006F, 0x0070, 0x0072, 0x0073, 0x0074, 0x0076, 0x0077,
    0x0078, 0x0079, 0x007A, 0x00B0, 0x00B1, 0x00C0, 0x00C1, 0x00C2, 0x00C3, 0x00C4, 0x00C5, 0x00C6,
    0x00C7, 0x00C8, 0x00C9, 0x00CA, 0x00CB, 0x00CC, 0x00CD, 0x00CE, 0x00CF, 0x00D0, 0x00D1, 0x00D2,
    0x00D3, 0x00D4, 0x00D5, 0x00D6, 0x00D8, 0x00D9, 0x00DA, 0x00DB, 0x00DC, 0x00DD, 0x00DE, 0x00DF,
    0x00E0, 0x00E1, 0x00E2, 0x00E3, 0x00E4, 0x00E5, 0x00E6, 0x00E7, 0x00E8, 0x00E9, 0x00EA, 0x00EB,
    0x00EC, 0x00ED, 0x00EE, 0x00EF, 0x00F0, 0x00F1, 0x00F2, 0x00F3, 0x00F4, 0x00F5, 0x00F6, 0x00F7,
    0x00F8, 0x00FD, 0x00FE, 0x00FF, 0x0100, 0x0101, 0x0102, 0x0103, 0x0104, 0x0105, 0x0106, 0x0107,
    0x0108, 0x010A, 0x010B, 0x010C, 0x010D, 0x010E, 0x010F, 0x0110, 0x0111, 0x0112, 0x0113, 0x0115,
    0x0116, 0x0117, 0x0118, 0x0119, 0x011A, 0x011B, 0x0127, 0x0129, 0x012A, 0x012E, 0x0130, 0x0132,
    0x0136, 0x0137, 0x0138, 0x0139, 0x013B, 0x013D, 0x013E, 0x013F, 0x0141, 0x0142, 0x0143, 0x0144,
    0x0145, 0x0146, 0x0147, 0x0148, 0x014A, 0x014B, 0x014C, 0x014D, 0x014E, 0x014F, 0x0150, 0x0151,
    0x0152, 0x0153, 0x015A, 0x015B, 0x015E, 0x015F, 0x0160, 0x0161, 0x0162, 0x0166, 0x0168, 0x016A,
    0x016C, 0x016E, 0x0170, 0x0172, 0x0175, 0x0176, 0x0177, 0x0178, 0x0179, 0x017A, 0x017B, 0x017C,
    0x017D, 0x017E, 0x01A0, 0x01A1, 0x01AF, 0x01B0, 0x01FA, 0x01FD, 0x01FE, 0x0218, 0x0219, 0x0401,
    0x0402, 0x0403, 0x0404, 0x0405, 0x0406, 0x0407, 0x0408, 0x0409, 0x040A, 0x040B, 0x040C, 0x040E,
    0x040F, 0x0410, 0x0411, 0x0412, 0x0413, 0x0414, 0x0415, 0x0416, 0x0417, 0x0418, 0x0419, 0x041A,
    0x041B, 0x041C, 0x041D, 0x041E, 0x041F, 0x0420, 0x0421, 0x0422, 0x0423, 0x0424, 0x0425, 0x0426,
    0x0427, 0x0428, 0x0429, 0x042A, 0x042B, 0x042C, 0x042D, 0x042E, 0x042F, 0x0430, 0x0431, 0x0432,
    0x0433, 0x0434, 0x0435, 0x0436, 0x0437, 0x0438, 0x0439, 0x043A, 0x043B, 0x043C, 0x043D, 0x043E,
    0x043F, 0x0440, 0x0441, 0x0442, 0x0443, 0x0444, 0x0445, 0x0446, 0x0447, 0x0448, 0x0449, 0x044A,
    0x044B, 0x044C, 0x044D, 0x044E, 0x044F, 0x0450, 0x0451, 0x0452, 0x0453, 0x0454, 0x0455, 0x0456,
    0x0457, 0x0458, 0x0459, 0x045A, 0x045B, 0x045C, 0x045D, 0x045E, 0x045F, 0x0460, 0x0461, 0x0462,
    0x0463, 0x0464, 0x0465, 0x0466, 0x0467, 0x0468, 0x0469, 0x046E, 0x0471, 0x0472, 0x0473, 0x0474,
    0x0475, 0x0476, 0x0477, 0x0478, 0x0479, 0x047A, 0x047B, 0x047C, 0x047D, 0x047E, 0x047F, 0x0480,
    0x048A, 0x048B, 0x048C, 0x048D, 0x048E, 0x048F, 0x0490, 0x0491, 0x0492, 0x0493, 0x0496, 0x0497,
    0x0498, 0x0499, 0x049A, 0x049B, 0x049C, 0x049D, 0x049E, 0x049F, 0x04A0, 0x04A1, 0x04A2, 0x04A3,
    0x04A4, 0x04A9, 0x04AA, 0x04AB, 0x04AC, 0x04AD, 0x04AE, 0x04AF, 0x04B0, 0x04B1, 0x04B2, 0x04B3,
    0x04B4, 0x04B5, 0x04B6, 0x04B7, 0x04B8, 0x04B9, 0x04BA, 0x04BC, 0x04BD, 0x04BE, 0x04BF, 0x04C0,
    0x04C1, 0x04C2, 0x04C5, 0x04C6, 0x04C7, 0x04C8, 0x04C9, 0x04CA, 0x04CB, 0x04CC, 0x04CD, 0x04CE,
    0x04D0, 0x04D1, 0x04D2, 0x04D3, 0x04D4, 0x04D6, 0x04D8, 0x04D9, 0x04DA, 0x04DB, 0x04DC, 0x04DD,
    0x04DE, 0x04DF, 0x04E2, 0x04E3, 0x04E4, 0x04E5, 0x04E6, 0x04E7, 0x04E8, 0x04E9, 0x04EA, 0x04EB,
    0x04EC, 0x04ED, 0x04EE, 0x04F0, 0x04F2, 0x04F4, 0x04F5, 0x04F6, 0x04F7, 0x04F8, 0x04F9, 0x04FA,
    0x04FB, 0x04FC, 0x04FD, 0x04FE, 0x04FF, 0x1EA0, 0x1EA2, 0x1EA4, 0x1EA6, 0x1EA8, 0x1EAA, 0x1EAC,
    0x1EAE, 0x1EB0, 0x1EB2, 0x1EB4, 0x1EB6, 0x1EB9, 0x1EBB, 0x1EBD, 0x1EBF, 0x1EC1, 0x1EC3, 0x1EC5,
    0x1EC7, 0x1ECC, 0x1ECD, 0x1ECE, 0x1ECF, 0x1ED0, 0x1ED1, 0x1ED2, 0x1ED3, 0x1ED4, 0x1ED5, 0x1ED6,
    0x1ED7, 0x1ED8, 0x1ED9, 0x1EDA, 0x1EDB, 0x1EDC, 0x1EDD, 0x1EDE, 0x1EDF, 0x1EE0, 0x1EE1, 0x1EE2,
    0x1EE3, 0x1EE4, 0x1EE6, 0x1EE8, 0x1EE9, 0x1EEA, 0x1EEB, 0x1EEC, 0x1EED, 0x1EEE, 0x1EEF, 0x1EF0,
    0x1EF1, 0x1EF2, 0x1EF3, 0x1EF4, 0x1EF6, 0x1EF8, 0x2013, 0x2014, 0x2015, 0x201A, 0x201E, 0x2026,
    0x2248,
};

static const uint8_t golos_ui_8_mediumKernLeftClassIds[] = {
      1,   1,   2,   3,   4,   3,   5,   6,   7,   8,   2,   2,   9,  10,  11,  12,
     13,  13,  14,  15,  13,  16,  16,  17,  18,  19,  16,  16,  13,  20,  21,  22,
     23,  24,  17,  25,  26,  18,  27,  28,  29,  30,  31,  32,  30,  33,  29,  32,
     32,  34,  35,  29,  29,  30,  30,  36,  37,  38,  39,  40,  34,  39,  41,  42,
      2,  11,  11,  11,  11,  11,  11,  14,  13,  14,  14,  14,  14,  16,  43,  43,
     44,  13,  16,  13,  13,  13,  13,  13,  45,  17,  17,  17,  17,  27,  46,  47,
     29,  29,  29,  29,  29,  29,  30,  48,  30,  30,  30,  30,  32,  49,  49,  49,
     30,  29,  30,  30,  30,  30,  30,   2,  50,  39,  30,  39,  11,  29,  11,  29,
     11,  29,  13,  31,  51,  13,  31,  13,  31,  13,  52,  13,  32,  14,  30,  53,
     14,  30,  14,  30,  14,  30,  29,  54,  44,  44,  44,  17,  18,  34,  55,  19,
     19,  19,  56,  57,  19,  58,  16,  29,  16,  29,  16,  29,  16,  29,  13,  30,
     59,  53,  13,  30,  14,  30,  23,  37,  23,  37,  23,  37,  60,  60,  61,  17,
     17,  17,  17,  17,  39,  27,  39,  27,  28,  41,  28,  41,  28,  41,  62,  63,
     64,  65,  66,  53,  59,  23,  37,  67,  68,  69,  70,  71,  72,  73,  74,  68,
     68,  75,  76,  77,  72,  78,  79,  80,  69,  81,  67,  76,  80,  72,  72,  76,
     72,  72,  72,  82,  72,  83,  84,  85,  77,  82,  76,  81,  72,  72,  81,  68,
     72,  68,  82,  82,  72,  86,  87,  88,  89,  90,  87,  91,  88,  92,  92,  91,
     92,  92,  92,  87,  92,  87,  93,  94,  95,  87,  91,  90,  92,  92,  90,  96,
     92,  96,  87,  87,  92,  97,  87,  86,  94,  98,  99,  72, 100,  72,  96,  96,
     86,  91, 101,  95,  92, 102, 103, 104, 105, 106, 107, 108, 109, 108, 109, 110,
     97, 102,  97, 111, 103, 111, 103, 112, 112, 102,  97, 102,  97, 102, 103, 106,
    113, 114, 104, 105, 115,  97,  69, 116,  69,  94,  76,  91,  80,  88,  76,  91,
     76,  91, 117, 118,  76,  91,  81,  90,  69,  97,  82,  93, 119, 120, 121, 122,
     77,  95,  76,  91, 113, 114,  81,  90,  72,  92, 123, 124, 125, 124, 125,  72,
    117, 118, 113, 114,  72,  92, 113, 114,  72,  92, 113, 114,  78,  86,  78,  86,
     67,  67,  82,  87,  82,  87,  76,  91,  80,  88,  72,  92,  72,  92,  82,  87,
     82,  87,  82,  87, 102,  97,  77,  77,  77,  72,  92, 119, 120,  72,  92, 126,
    127, 128, 129, 117, 129,  66,  66,  66,  66,  66,  66,  66,  66,  66,  66,  66,
     66,  53,  53,  53,  53,  53,  53,  53,  53,  59,  53,  59,  53,  59,  53,  59,
     53,  59,  53,  59,  53,  59,  53,  62,  63,  62,  63,  62,  63,  62,  63,  62,
     63,  61,  61,  64,  65,  64,  65,  64,  65,  64,  65,  64,  65,  27,  39, 130,
    130, 130,   4,   4, 131, 132, 132,   3,   2,
};

static const uint16_t golos_ui_8_mediumKernRightCodepoints[] = {
    0x0022, 0x0027, 0x002C, 0x002D, 0x002E, 0x0034, 0x0037, 0x003A, 0x003B, 0x003F, 0x0040, 0x0041,
    0x0043, 0x0047, 0x004A, 0x004F, 0x0051, 0x0053, 0x0054, 0x0055, 0x0056, 0x0057, 0x0058, 0x0059,
    0x005A, 0x0061, 0x0062, 0x0063, 0x0064, 0x0065, 0x0066, 0x0067, 0x0068, 0x0069, 0x006A, 0x006B,
    0x006C, 0x006D, 0x006E, 0x006F, 0x0070, 0x0071, 0x0072, 0x0073, 0x0074, 0x0075, 0x0076, 0x0077,
    0x0078, 0x0079, 0x007A, 0x00B0, 0x00C0, 0x00C1, 0x00C2, 0x00C3, 0x00C4, 0x00C5, 0x00C6, 0x00C7,
    0x00CC, 0x00CE, 0x00CF, 0x00D0, 0x00D2, 0x00D3, 0x00D4, 0x00D5, 0x00D6, 0x00D8, 0x00D9, 0x00DA,
    0x00DB, 0x00DC, 0x00DD, 0x00DF, 0x00E0, 0x00E1, 0x00E2, 0x00E3, 0x00E4, 0x00E5, 0x00E6, 0x00E7,
    0x00E8, 0x00E9, 0x00EA, 0x00EB, 0x00EC, 0x00ED, 0x00EE, 0x00EF, 0x00F0, 0x00F1, 0x00F2, 0x00F3,
    0x00F4, 0x00F5, 0x00F6, 0x00F8, 0x00F9, 0x00FA, 0x00FB, 0x00FC, 0x00FD, 0x00FE, 0x00FF, 0x0100,
    0x0101, 0x0102, 0x0103, 0x0104, 0x0105, 0x0106, 0x0107, 0x0108, 0x0109, 0x010A, 0x010B, 0x010C,
    0x010D, 0x010F, 0x0111, 0x0113, 0x0115, 0x0117, 0x0119, 0x011B, 0x011C, 0x011D, 0x011F, 0x0121,
    0x0123, 0x0125, 0x0129, 0x012A, 0x012E, 0x0130, 0x0133, 0x0137, 0x0138, 0x013A, 0x013C, 0x0140,
    0x0141, 0x0142, 0x0144, 0x0146, 0x0148, 0x014B, 0x014C, 0x014D, 0x014E, 0x014F, 0x0150, 0x0151,
    0x0152, 0x0153, 0x0155, 0x0157, 0x0159, 0x015A, 0x015E, 0x0160, 0x0161, 0x0162, 0x0163, 0x0166,
    0x0167, 0x0168, 0x0169, 0x016A, 0x016B, 0x016C, 0x016D, 0x016E, 0x016F, 0x0170, 0x0171, 0x0172,
    0x0173, 0x0175, 0x0176, 0x0177, 0x0178, 0x0179, 0x017B, 0x017D, 0x017E, 0x01A0, 0x01A1, 0x01AF,
    0x01B0, 0x01FA, 0x01FB, 0x01FD, 0x01FE, 0x01FF, 0x0218, 0x0402, 0x0404, 0x0405, 0x0407, 0x0408,
    0x0409, 0x040B, 0x040E, 0x0410, 0x0414, 0x0416, 0x0417, 0x041B, 0x041E, 0x0421, 0x0422, 0x0423,
    0x0424, 0x0425, 0x0427, 0x042A, 0x042D, 0x042F, 0x0430, 0x0431, 0x0432, 0x0433, 0x0434, 0x0435,
    0x0436, 0x0437, 0x0438, 0x0439, 0x043A, 0x043B, 0x043C, 0x043D, 0x043E, 0x043F, 0x0440, 0x0441,
    0x0442, 0x0443, 0x0444, 0x0445, 0x0446, 0x0447, 0x0448, 0x0449, 0x044A, 0x044B, 0x044C, 0x044D,
    0x044E, 0x044F, 0x0450, 0x0451, 0x0452, 0x0453, 0x0454, 0x0455, 0x0456, 0x0457, 0x0458, 0x0459,
    0x045A, 0x045B, 0x045C, 0x045D, 0x045E, 0x045F, 0x0460, 0x0461, 0x0462, 0x0465, 0x0466, 0x0467,
    0x0469, 0x046D, 0x046E, 0x0470, 0x0472, 0x0473, 0x0474, 0x0475, 0x0476, 0x0477, 0x0478, 0x0479,
    0x047A, 0x047B, 0x047C, 0x047D, 0x047E, 0x047F, 0x0480, 0x0481, 0x048B, 0x048C, 0x048D, 0x048F,
    0x0491, 0x0495, 0x0496, 0x0497, 0x0499, 0x049B, 0x049D, 0x049F, 0x04A0, 0x04A1, 0x04A3, 0x04A5,
    0x04A7, 0x04A8, 0x04A9, 0x04AA, 0x04AB, 0x04AC, 0x04AD, 0x04AE, 0x04AF, 0x04B0, 0x04B1, 0x04B2,
    0x04B4, 0x04B5, 0x04B6, 0x04B7, 0x04B8, 0x04B9, 0x04BC, 0x04BD, 0x04BE, 0x04BF, 0x04C1, 0x04C2,
    0x04C4, 0x04C5, 0x04C6, 0x04C8, 0x04CA, 0x04CB, 0x04CC, 0x04CE, 0x04D0, 0x04D1, 0x04D2, 0x04D3,
    0x04D4, 0x04D5, 0x04D7, 0x04D8, 0x04D9, 0x04DA, 0x04DB, 0x04DC, 0x04DD, 0x04DF, 0x04E3, 0x04E5,
    0x04E6, 0x04E7, 0x04E8, 0x04E9, 0x04EA, 0x04EB, 0x04EC, 0x04ED, 0x04EE, 0x04F0, 0x04F2, 0x04F4,
    0x04F5, 0x04F7, 0x04F9, 0x04FA, 0x04FC, 0x04FD, 0x04FE, 0x04FF, 0x1EA0, 0x1EA1, 0x1EA2, 0x1EA3,
    0x1EA4, 0x1EA5, 0x1EA6, 0x1EA7, 0x1EA8, 0x1EA9, 0x1EAA, 0x1EAB, 0x1EAC, 0x1EAD, 0x1EAE, 0x1EAF,
    0x1EB0, 0x1EB1, 0x1EB2, 0x1EB3, 0x1EB4, 0x1EB5, 0x1EB6, 0x1EB7, 0x1EB9, 0x1EBB, 0x1EBD, 0x1EBF,
    0x1EC1, 0x1EC3, 0x1EC5, 0x1EC7, 0x1ECC, 0x1ECD, 0x1ECE, 0x1ECF, 0x1ED0, 0x1ED1, 0x1ED2, 0x1ED3,
    0x1ED4, 0x1ED5, 0x1ED6, 0x1ED7, 0x1ED8, 0x1ED9, 0x1EDA, 0x1EDB, 0x1EDC, 0x1EDD, 0x1EDE, 0x1EDF,
    0x1EE0, 0x1EE1, 0x1EE2, 0x1EE3, 0x1EE4, 0x1EE5, 0x1EE6, 0x1EE7, 0x1EE8, 0x1EE9, 0x1EEA, 0x1EEB,
    0x1EEC, 0x1EED, 0x1EEE, 0x1EEF, 0x1EF0, 0x1EF1, 0x1EF2, 0x1EF3, 0x1EF4, 0x1EF5, 0x1EF6, 0x1EF7,
    0x1EF8, 0x1EF9, 0x2013, 0x2014, 0x2015, 0x2018, 0x2019, 0x201C, 0x201D, 0x2026, 0xFB00, 0xFB01,
    0xFB02, 0xFB03, 0xFB04,
};

static const uint8_t golos_ui_8_mediumKernRightClassIds[] = {
      1,   1,   2,   3,   2,   4,   5,   6,   6,   7,   8,   9,  10,  10,  11,  10,
     10,  12,  13,  14,  15,  16,  17,  18,  19,  20,  21,  22,  22,  22,  23,  22,
     21,  21,  21,  21,  24,  25,  25,  22,  25,  22,  25,  26,  27,  28,  29,  30,
     31,  29,  32,  33,   9,   9,   9,   9,   9,   9,  34,  10,  35,  35,  36,  37,
     10,  10,  10,  10,  10,  38,  14,  14,  14,  14,  18,  21,  39,  20,  39,  39,
     39,  39,  20,  22,  40,  22,  40,  40,  41,  21,  42,  41,  43,  44,  40,  22,
     40,  40,  40,  45,  46,  28,  46,  46,  29,  21,  47,   9,  20,   9,  20,   9,
     20,  10,  22,  48,  49,  10,  22,  10,  22,  22,  22,  22,  49,  22,  22,  22,
     48,  50,  22,  22,  22,  51,  52,  36,  36,  36,  21,  21,  53,  21,  21,  51,
     54,  55,  25,  25,  25,  25,  10,  22,  48,  49,  10,  22,  10,  22,  25,  25,
     25,  12,  12,  12,  56,  57,  58,  57,  58,  59,  53,  14,  28,  14,  28,  14,
     28,  14,  28,  14,  28,  29,  18,  29,  18,  19,  19,  19,  60,  48,  49,  59,
     53,  61,  62,  62,  48,  49,  12,  63,  64,  65,  66,  67,  68,  63,  69,  70,
     71,  72,  64,  68,  64,  64,  63,  69,  64,  73,  74,  63,  64,  75,  76,  77,
     78,  78,  79,  80,  81,  82,  78,  83,  78,  84,  78,  78,  80,  78,  78,  80,
     85,  86,  80,  81,  78,  87,  78,  78,  88,  78,  78,  82,  78,  89,  90,  91,
     92,  78,  80,  93,  94,  95,  94,  96,  78,  92,  78,  97,  98,  78,  99, 100,
    101, 102, 103, 104, 102, 102, 105, 106,  99, 107, 108, 100, 108, 100,  99, 107,
     99, 107,  99, 107,  99, 100,  99, 107, 102, 101, 109, 102,  78,  78,  73,  81,
     80,  78,  78, 109,  63,  85,  78,  78, 102,  99, 107,  64,  80, 110, 111, 112,
    113, 112,  86,  73, 114, 111,  74,  87,  74,  87, 115, 116, 115, 116, 117, 118,
     78, 119, 104,  78, 102,  74,  87, 102,  70,  76,  70,  76,  70,  76,  80,  64,
     80,  64,  80,  73,  81,  80,  78,  78,  64,  80,  64,  80,  64,  80, 105, 120,
     69,  69,  69,  74,  87, 102,  78, 101, 117, 118, 117, 118,  61,  62,  61,  62,
     61,  62,  61,  62,  61,  62,  61,  62,  61,  62,  61,  62,  61,  62,  61,  62,
     61,  62,  61,  62,  49,  49,  49,  49,  49,  49,  49,  49,  48,  49,  48,  49,
     48,  49,  48,  49,  48,  49,  48,  49,  48,  49,  48,  49,  48,  49,  48,  49,
     48,  49,  48,  49,  59,  53,  59,  53,  59,  53,  59,  53,  59,  53,  59,  53,
     59,  53,  18,  29, 121, 122, 121, 122, 121, 122,   3,   3, 123, 124, 124, 124,
    124,   2,  58,  58,  58,  58,  58,
};

static const uint16_t golos_ui_8_mediumKernRowOffsets[] = {
        0,    45,    46,    99,   122,   123,   124,   129,   135,   136,   140,   174,   190,   202,   220,   245,
      247,   252,   286,   320,   349,   353,   380,   398,   437,   474,   509,   550,   574,   580,   591,   600,
      602,   619,   637,   656,   674,   678,   693,   714,   735,   749,   750,   752,   754,   766,   784,   792,
      801,   809,   820,   821,   826,   827,   828,   829,   834,   838,   854,   857,   866,   867,   870,   873,
      880,   883,   886,   902,   924,   956,   969,   988,   989,   990,   997,  1002,  1032,  1068,  1098,  1118,
     1136,  1166,  1179,  1207,  1220,  1255,  1262,  1275,  1286,  1304,  1322,  1339,  1340,  1350,  1368,  1387,
     1402,  1408,  1419,  1426,  1430,  1432,  1441,  1442,  1447,  1455,  1457,  1459,  1467,  1471,  1472,  1485,
     1490,  1493,  1497,  1504,  1523,  1530,  1536,  1550,  1555,  1591,  1611,  1633,  1635,  1636,  1650,  1652,
     1656,  1657,  1663,  1669,  1710,
};

static const uint8_t golos_ui_8_mediumKernSparseCols[] = {
      8,  10,  12,  14,  15,  17,  21,  22,  26,  28,  29,  30,  31,  33,  36,  39,
     40,  41,  42,  44,  46,  53,  59,  62,  66,  67,  68,  69,  70,  73,  78,  79,
     80,  81,  83,  84,  85,  86,  87,  90,  91,  94,  95,  97, 112,   4,   8,   9,
     10,  11,  12,  13,  14,  15,  17,  21,  22,  23,  26,  27,  28,  29,  30,  31,
     33,  36,  37,  39,  42,  44,  45,  46,  53,  54,  59,  62,  63,  64,  66,  67,
     68,  69,  70,  73,  76,  78,  79,  80,  81,  83,  84,  85,  86,  87,  90,  95,
     97, 111, 112,   4,  12,  17,  28,  29,  30,  31,  46,  54,  59,  62,  68,  78,
     80,  83,  84,  85,  86,  87,  95,  97, 111, 112,  32,  32,  12,  14,  17,  62,
     68,  12,  14,  17,  62,  68, 111,   1,  28,  29,  30,  46,   0,   1,   6,   8,
      9,  10,  11,  12,  13,  14,  15,  16,  17,  18,  21,  22,  23,  26,  27,  28,
     29,  30,  31,  33,  36,  37,  39,  42,  44,  45,  46,  54,  59, 123,   0,   1,
      8,   9,  12,  14,  15,  16,  17,  28,  29,  30,  33,  37,  46,  53,   1,   8,
     12,  14,  15,  16,  17,  30,  31,  33,  54,  59,   0,   9,  12,  14,  15,  17,
     19,  21,  28,  29,  37,  38,  39,  40,  41,  42,  44,  46,   0,   1,   8,   9,
     10,  11,  12,  14,  15,  17,  19,  21,  25,  30,  31,  33,  37,  38,  39,  40,
     41,  42,  44,  54,  59,  40,  41,   1,   8,  33,  40,  41,   6,   8,   9,  11,
     12,  14,  15,  16,  17,  19,  21,  22,  23,  25,  26,  27,  28,  29,  30,  33,
     36,  37,  38,  39,  40,  41,  42,  44,  45,  46,  53,  54,  55, 123,   0,   1,
      6,   8,   9,  10,  12,  13,  14,  15,  16,  17,  18,  19,  21,  22,  23,  26,
     27,  28,  29,  30,  31,  33,  36,  37,  38,  39,  42,  45,  46,  54,  59, 123,
      0,   1,   8,  10,  12,  14,  16,  17,  19,  21,  22,  25,  26,  28,  29,  30,
     31,  33,  36,  38,  39,  40,  41,  42,  44,  46,  55,  59, 123,   1,  30,  33,
     54,   6,   9,  10,  11,  12,  13,  14,  15,  17,  19,  21,  23,  25,  27,  30,
     31,  33,  37,  38,  39,  42,  44,  45,  53,  54,  55,  59,   1,   8,  12,  14,
     15,  16,  17,  22,  26,  28,  29,  30,  31,  33,  36,  46,  53,  59,   0,   1,
      2,   5,   8,   9,  10,  11,  12,  14,  15,  16,  17,  19,  21,  22,  24,  25,
     26,  27,  28,  29,  30,  31,  33,  36,  37,  38,  39,  40,  41,  42,  43,  44,
     45,  46,  53,  54,  59,   0,   1,   5,   8,   9,  10,  11,  12,  14,  15,  16,
     17,  18,  19,  21,  22,  24,  25,  26,  27,  30,  31,  33,  36,  37,  38,  39,
     40,  41,  42,  43,  44,  45,  53,  54,  55,  59,   0,   1,   8,   9,  10,  11,
     12,  14,  15,  16,  17,  18,  19,  21,  22,  24,  25,  27,  30,  31,  33,  36,
     37,  38,  39,  40,  41,  42,  43,  44,  45,  53,  54,  55,  59,   0,   1,   2,
      5,   8,   9,  10,  11,  12,  14,  15,  16,  17,  18,  19,  21,  22,  24,  25,
     26,  27,  28,  29,  30,  31,  33,  36,  37,  38,  39,  40,  41,  42,  43,  44,
     45,  46,  53,  54,  55,  59,   0,   8,  14,  15,  17,  18,  21,  22,  26,  27,
     28,  29,  31,  33,  36,  39,  40,  41,  42,  44,  45,  46,  54,  59,   0,  12,
     28,  29,  46, 123,   0,   1,  22,  28,  29,  30,  31,  46,  54,  59, 123,   0,
      1,  22,  28,  29,  30,  46,  54, 123,  40,  41,   0,   1,   2,  19,  21,  22,
     26,  28,  29,  38,  39,  40,  41,  42,  44,  46, 123,   0,   1,   2,   7,  19,
     21,  25,  26,  28,  29,  30,  38,  39,  42,  44,  46,  54,  55,   0,   1,   2,
     21,  22,  25,  26,  28,  29,  30,  31,  39,  42,  44,  46,  54,  55,  59, 123,
      0,   1,   2,  19,  21,  22,  26,  28,  29,  30,  31,  38,  39,  42,  44,  46,
     59, 123,  28,  29,  30,  46,   0,   1,   2,  21,  26,  28,  29,  30,  31,  39,
     42,  44,  46,  54,  59,   0,   1,   2,   7,  19,  21,  22,  25,  26,  28,  29,
     30,  31,  38,  39,  42,  44,  46,  55,  59, 123,   0,   1,   2,   7,  19,  21,
     22,  25,  26,  28,  29,  30,  31,  38,  39,  42,  44,  46,  55,  59, 123,   0,
      1,   2,  21,  26,  28,  29,  31,  39,  42,  44,  46,  54,  59,   3,  34,  35,
     34,  35,   1,   8,  12,  14,  15,  16,  17,  30,  31,  33,  54,  59,   1,   6,
      8,  12,  14,  15,  16,  17,  18,  28,  29,  30,  33,  36,  46,  53,  54, 123,
      0,   1,  22,  26,  28,  29,  30,  46,   0,   1,  22,  28,  29,  30,  46,  54,
    123,   0,  20,  22,  23,  40,  41,  54, 123,   0,   1,  22,  28,  29,  30,  31,
     46,  54,  59, 123,  47,  20,  22,  23,  24,  54, 121,  51,  48,  20,  22,  23,
     24,  54,  47,  56,  58, 120,   0,   1,   2,  21,  22,  26,  28,  29,  30,  31,
     39,  42,  44,  46,  54,  59,  56,  60, 120,  47,  48,  49,  52,  56,  60,  61,
    121, 122,  60,  56,  60, 120,  50,  57, 121,  47,  48,  49,  56,  60,  61, 120,
     50,  57, 121,  47,  56, 120,   0,  62,  63,  68,  76,  78,  79,  81,  83,  85,
     86,  90,  94,  95,  97, 112,   0,  62,  66,  68,  69,  71,  72,  73,  74,  75,
     76,  79,  80,  81,  84,  85,  87,  90,  91,  97, 111, 112,   0,   1,  62,  63,
     64,  66,  67,  68,  69,  70,  71,  72,  74,  75,  76,  77,  78,  79,  80,  81,
     82,  83,  84,  85,  86,  87,  88,  90,  94,  95,  97, 112,   1,  62,  68,  69,
     70,  71,  72,  74,  78,  80,  83,  95, 111,   1,  62,  68,  69,  71,  72,  74,
     78,  80,  83,  84,  85,  86,  87,  88,  91,  95,  97, 112,  94,  65,   1,  69,
     70,  74,  78,  83,  95,   0,  62,  68,  73, 123,  62,  63,  64,  67,  68,  69,
     70,  71,  72,  73,  75,  76,  78,  79,  80,  81,  83,  84,  85,  86,  87,  88,
     90,  91,  92,  94,  95,  97, 112, 123,   0,   1,   2,   5,  62,  63,  64,  66,
     67,  68,  69,  70,  71,  72,  74,  75,  76,  77,  78,  79,  80,  81,  82,  83,
     84,  85,  86,  87,  88,  90,  91,  92,  94,  95,  97, 112,   0,   1,  62,  63,
     64,  66,  67,  68,  69,  70,  71,  72,  73,  76,  78,  79,  80,  81,  83,  84,
     85,  86,  87,  88,  90,  95,  97, 111, 112, 123,   0,  62,  66,  68,  69,  71,
     72,  78,  80,  83,  84,  85,  87,  88,  91,  95,  97, 111, 112, 123,   0,   1,
     62,  63,  68,  69,  71,  72,  78,  80,  83,  85,  88,  95,  97, 111, 112, 123,
      1,  62,  63,  66,  67,  68,  69,  70,  71,  72,  73,  74,  76,  78,  79,  80,
     81,  83,  84,  85,  86,  87,  88,  90,  91,  95,  97, 111, 112, 123,   1,  62,
     68,  69,  70,  71,  72,  74,  78,  80,  83,  95, 111,   0,   1,  62,  66,  67,
     68,  69,  70,  71,  72,  75,  78,  79,  80,  81,  83,  84,  85,  87,  90,  91,
     92,  94,  95,  97, 111, 112, 123,   1,  62,  68,  69,  70,  71,  72,  74,  78,
     80,  83,  95, 111,   0,   1,   2,   5,  62,  63,  64,  66,  67,  68,  69,  70,
     71,  72,  74,  75,  76,  77,  78,  79,  80,  81,  82,  83,  84,  85,  86,  87,
     88,  90,  92,  94,  95,  97, 112,   0,  62,  84,  85,  87,  97, 112,   0,   1,
     78,  80,  83,  84,  85,  87,  91,  95,  97, 112, 123,   0,   1,   2,  80,  84,
     85,  87,  91,  97, 112, 123,   0,   1,   2,  75,  78,  79,  81,  83,  84,  85,
     87,  88,  90,  92,  95,  97, 112, 123,   1,  75,  78,  79,  80,  81,  83,  84,
     85,  86,  87,  88,  90,  91,  95,  97, 112, 123,   0,   1,   2,  75,  76,  78,
     79,  80,  81,  83,  85,  86,  90,  92,  95,  97, 112,  62,   0,   1,  78,  80,
     85,  87,  95,  97, 112, 123,   0,   1,   2,  75,  78,  79,  81,  83,  84,  85,
     87,  88,  90,  92,  95,  97, 112, 123,   0,   1,   2,  75,  78,  79,  80,  81,
     83,  84,  85,  86,  87,  88,  92,  95,  97, 112, 123,   0,   2,  79,  80,  81,
     83,  84,  85,  86,  87,  90,  95,  97, 112, 123, 102, 103, 109, 110, 116, 117,
      0,   1,  78,  80,  83,  85,  87,  95,  97, 112, 123,  80,  84,  85,  87,  91,
     97, 112,   0,  93,  94, 123, 108, 109, 102, 103, 104, 107, 109, 113, 116, 117,
    118, 103, 105, 107, 109, 110, 113,  99, 102, 105, 109, 110, 115, 116, 117,  98,
    114,  89, 109,  89, 100, 105, 107, 109, 110, 113, 114,  99, 106, 110, 115, 107,
     89,  96,  98, 102, 103, 106, 108, 114, 115, 117, 118, 119, 122,  89, 102, 103,
    106, 116, 103, 105, 110, 103, 105, 109, 110,  89, 102, 103, 106, 116, 118, 122,
      0,   1,   2,  75,  78,  79,  81,  83,  84,  85,  87,  88,  90,  92,  94,  95,
     97, 112, 123,  89,  98, 105, 106, 110, 114, 122,  89, 105, 106, 109, 115, 122,
     98,  99, 101, 102, 103, 106, 109, 110, 114, 115, 117, 118, 119, 122,  89, 102,
    103, 106, 122,   0,   1,   2,   5,  62,  63,  64,  66,  67,  68,  69,  70,  71,
     72,  74,  75,  76,  77,  78,  79,  80,  81,  82,  83,  84,  85,  86,  87,  88,
     90,  91,  92,  94,  95,  97, 112,   0,   1,   2,  75,  78,  79,  80,  81,  83,
     84,  85,  86,  87,  88,  90,  92,  95,  97, 112, 123,   0,  62,  66,  68,  69,
     71,  72,  73,  74,  75,  76,  79,  80,  81,  84,  85,  87,  90,  91,  97, 111,
    112, 107, 109, 117,  98, 101, 102, 103, 106, 108, 109, 113, 114, 115, 117, 118,
    119, 122, 103, 106,  98, 110, 114, 115, 106,  47,  48,  49,  52,  60,  61,  56,
    109, 110, 113, 116, 117,   8,   9,  10,  12,  13,  14,  15,  17,  21,  22,  26,
     27,  28,  29,  33,  36,  37,  39,  42,  44,  46,  54,  62,  63,  66,  67,  68,
     69,  70,  73,  76,  78,  79,  81,  84,  85,  86,  87,  90,  97, 112,
};

static const int8_t golos_ui_8_mediumKernSparseValues[] = {
     -20,  -20,    8,    8,    5,    8,   -3,    5,    8,   10,   18,    5,    5,  -25,   -5,   -3,
      20,   20,   -3,   -5,   10,   -5,    5,    8,  -20,  -18,    8,  -20,  -15,    5,  -13,   -3,
       5,   -3,  -10,   10,   10,    5,   10,   -3,   15,   20,  -10,   10,   10,  -15,    3,   -5,
       5,   -3,  -30,   -8,  -30,  -15,  -38,   -5,   -5,   -5,  -13,   -5,  -15,  -25,    3,    5,
       3,   -5,   -5,   -5,   -5,   -5,   -5,  -15,   -5,  -10,    5,  -30,   -5,   -3,    5,   10,
     -30,    3,   10,  -35,   -5,   10,   -5,    3,   -5,   10,  -25,  -15,  -15,  -25,   -5,   10,
     -15,  -27,  -15,  -15,   -8,  -10,   -5,   -8,  -10,   -5,   -5,    5,   -5,   -8,   -5,   -8,
     -10,  -10,  -20,   -5,    3,  -20,  -10,   -5,   -8,   -5,  -20,  -13,   -5,   -5,  -10,   -5,
      -8,   -5,   -5,  -10,   -5,   -8,  -10,  -28,   -5,   -3,   -3,   -5,  -20,    3,  -21,    5,
      -5,    4,   -1,  -19,   -7,  -21,  -13,    5,  -24,    3,   -3,   -4,   -3,   -9,   -4,  -15,
     -27,    5,    5,    5,   -3,  -11,   -3,   -3,   -5,   -4,  -15,   -5,    5,  -20,   -3,   -3,
      -4,   -1,   -4,   -5,   -3,   -3,   -8,   -3,   -5,   -3,   -7,   -3,   -3,    5,   -5,   -5,
      -5,   -3,   -1,   -5,   -5,   -3,   -3,  -12,    3,   -3,    5,   -1,    3,    3,    3,    3,
      -1,   -3,   -3,   -4,   -3,   -1,   -3,    8,    8,   -3,   -3,   -3,    5,  -30,  -13,   -1,
     -13,   -3,    5,    5,    5,    5,   -8,   -3,   -3,   -3,   -3,  -24,   -1,   -8,   -3,   11,
      11,   -3,   -3,    5,   -3,    3,    3,   -8,   -7,  -13,    3,    3,   -8,    5,   -5,   -3,
       3,    3,    3,    3,    3,   -3,   -5,   -8,   -3,   -3,   -8,   -3,  -11,  -19,    5,    5,
      -3,  -11,   -3,   -5,   11,   13,   -5,   -8,   -3,  -11,   -3,   -5,   -3,   -5,  -25,    5,
     -21,    8,   -5,    5,  -24,   -5,  -21,  -16,    5,  -27,    5,    3,   -3,   -3,   -3,   -5,
      -3,  -16,  -29,    3,    3,    8,   -5,  -11,    3,   -3,   -3,   -3,  -16,   -8,    3,  -30,
       3,  -35,  -17,  -19,   -1,   -1,   -4,   -3,   -5,   -3,    5,   -3,    5,    5,    5,    3,
       3,  -27,    3,   -5,   -3,    5,    5,   -3,   -3,    5,   -3,    3,    5,   -5,   -3,   -5,
       3,   -5,   -1,   -4,   -1,   -3,   -4,   -4,   -3,   -5,   -3,   -3,   -3,   -1,   -3,    5,
       3,    3,   -1,   -3,   -3,   -3,   -3,   -3,   -5,   -3,   -1,    3,   -3,   -1,   -3,   -5,
      -4,   -3,   -7,   -3,   -3,   -3,   -5,   -5,   -3,   -5,   -3,   -3,    3,   -3,    8,  -30,
      -8,   -5,  -19,   -5,  -21,   -3,   11,    5,    5,    3,    5,  -24,  -24,   -5,  -24,   -6,
      -5,  -24,  -21,  -21,  -21,  -21,  -24,   -5,   -5,  -16,  -16,   16,   16,  -16,  -19,  -24,
     -19,  -16,   -5,   -5,  -11,    8,  -28,   -5,  -21,   -3,  -19,   -5,    5,    5,    5,    3,
       5,    3,  -16,  -16,   -3,  -11,  -13,   -3,  -11,   -5,   -5,  -29,   -3,   -3,  -13,  -16,
      16,   16,  -16,  -10,  -16,  -11,   -4,   -5,  -13,   -5,    5,  -15,  -13,   -1,  -13,   -4,
       5,    5,    5,    3,    5,    3,  -11,  -11,   -3,   -5,   -8,   -5,   -5,   -3,  -19,   -1,
      -1,  -11,  -11,   13,   13,  -11,   -5,  -11,   -5,   -3,   -5,   -8,   -3,    8,  -35,  -10,
     -10,  -24,   -5,  -24,   -7,    5,    5,    5,    3,    5,    3,  -21,  -19,   -5,  -13,  -16,
      -3,  -16,   -3,   -8,  -11,  -11,  -32,   -5,  -11,  -19,  -19,   19,   19,  -37,  -15,  -37,
     -16,   -3,   -5,   -8,  -16,  -11,    3,    3,    3,    3,    3,    3,   -3,   -3,   -3,   -3,
      -3,   -5,    3,    3,   -3,   -3,   13,   13,   -3,   -5,   -3,   -3,   -3,    3,   -3,  -24,
      -4,   -7,   -4,   -3,   -3,   -5,   -3,   -5,   -8,   -5,   -3,   -5,    3,   -3,   -3,   -3,
      -5,   -3,   -5,   -5,   -3,   -5,    3,   -3,    5,    5,   13,  -10,   -3,   -5,   -3,    3,
       3,    5,    5,   -5,   -3,   16,   16,   -3,   -3,    5,   10,    5,    3,  -10,   -3,   -3,
      -5,   -3,    3,    3,    5,    3,   -3,   -5,   -5,  -11,    3,   -3,   -3,  -10,   13,  -10,
      -3,   -5,   -3,   -5,   -5,   -3,    3,    3,   -3,   -3,   -3,   -5,   -5,   -3,    3,   -5,
      10,  -30,  -15,   -5,   -3,    5,    5,    5,    5,    3,    3,   -5,   -3,   -3,   -3,    5,
       3,    5,   -3,   -5,   -3,   -3,    3,    8,   -5,   -1,   -5,    3,    3,    3,    3,   -1,
      -1,   -1,    3,   -5,    3,   10,  -15,   -5,   -5,   -8,   -5,    5,   -3,    5,    5,   11,
       3,    3,   -8,   -5,   -5,  -11,    5,   -3,    3,    5,   18,  -25,   -8,   -5,  -13,   -8,
       5,   -3,    5,   11,   11,    3,    3,  -13,   -8,   -8,   -8,    5,   -3,    3,   10,    5,
       5,   -5,   -3,    3,    3,    5,    3,   -3,   -3,   -5,    5,   -3,    3,  -23,   43,   43,
      43,   21,  -10,  -11,   -5,   -3,   -1,   -3,  -11,   -3,   -3,  -12,    3,   -3,  -15,   -3,
      -9,  -13,   -5,   -3,  -11,  -11,   -3,    3,    3,   -3,  -16,   11,    3,   11,    5,    5,
      -3,   -3,   -3,   -3,   -3,   -3,   -3,   -3,   -3,   -5,   -3,   -5,   -8,   -3,   -5,    3,
      -3,   20,    5,   11,   11,   29,   29,    5,   10,   -3,  -10,   -3,   -8,   -8,   -5,   -3,
      -3,    3,   -3,   -3,   -5,   40,   40,   40,   13,   40,   -5,   35,   -5,   27,   27,   27,
       8,   27,   -5,   -5,   -3,   -8,    3,   13,  -10,   -3,    3,    3,    5,    5,    3,    3,
      -3,   -3,   -3,    5,   -3,    3,   -8,   -5,   -3,   -5,  -19,  -19,  -13,    5,  -19,  -21,
      -5,  -11,   -3,   16,   -5,   16,    5,   11,   13,   -3,   -5,   -5,   19,   -8,   -8,   16,
       5,   13,   13,   -5,  -19,  -16,    5,    3,   -1,    3,   -3,    3,   -3,   -3,    3,   -3,
      -1,   -3,    8,    3,   -3,   -3,  -10,  -19,    3,  -11,   -3,   -3,   -3,   -3,   -3,    3,
       3,    3,   -7,    3,   -8,  -10,   -8,    3,   -8,  -10,  -13,  -10,    8,  -35,   11,   -5,
      -3,  -27,   -8,    5,  -24,  -11,    3,    3,   -3,  -29,  -13,  -27,  -27,  -29,  -21,  -29,
     -19,  -27,  -19,  -21,  -21,  -19,  -27,  -16,   16,  -27,  -37,  -21,   -5,  -13,   -5,   -5,
      -8,   -5,   -5,   -1,   -7,   -3,   -7,   -7,   -5,   -3,   -3,   -4,   -1,   -3,   -3,   -1,
      -3,   -3,   -3,   -3,   -3,   -3,   -3,   -3,   -3,   -3,   -3,   -3,    3,   27,   -8,   -7,
      -3,   -1,   -5,   -5,   -5,  -15,  -19,  -16,   -3,   -5,    3,   -5,   -3,    3,    3,    5,
       5,    3,    3,   -3,   -3,   -5,    5,   -5,    5,   -5,    5,  -11,  -11,   -8,  -11,    3,
      -5,   -5,   -3,   11,    5,  -11,  -11,   -5,    8,  -41,   -8,  -10,    5,   -5,   -4,  -24,
     -13,    5,  -21,  -13,    3,    3,   -5,  -21,  -11,  -11,  -21,  -19,   -5,  -19,  -10,  -21,
      -5,   -5,   -5,   -5,  -16,  -16,   -3,  -13,   19,  -21,   -5,   -5,  -20,    3,  -19,   -5,
      -1,    4,    5,  -16,    5,    5,    5,    5,  -13,   -3,    5,   -3,    5,   -3,    5,  -15,
     -15,  -11,  -15,    5,   -3,    5,  -15,  -21,  -15,  -20,   -8,   -5,    3,   -5,   -4,   -4,
      -4,   -3,   -7,   -3,   -5,   -8,   -5,   -1,   -3,   -3,   -8,   -5,   -8,  -10,   -3,   -3,
      -4,   -1,   -8,   -4,   -5,   -3,   -3,   -3,   -3,   -3,   -3,   -3,   -3,   -8,   -3,   -3,
      10,   -3,   -3,    5,    8,   -3,    8,   11,    5,    5,   -5,    3,   -1,   11,   -1,    3,
      -1,    9,   -5,   -5,   -5,   -5,    3,   -1,   -5,    9,   -5,   -3,   -5,   -5,   -5,   -5,
      -5,   -5,   -8,   -5,   -5,   -1,   -7,   -3,   -7,   -7,   -5,    3,  -35,   -1,  -19,  -11,
      -3,  -17,  -15,   -3,   -3,   -3,  -11,   -3,    3,   -3,  -11,    5,    5,    5,   -3,    5,
      -3,    5,  -11,    5,   -3,    5,    5,   -5,  -10,   -5,   -5,   -8,   -5,   -5,   -1,   -7,
      -3,   -7,   -7,   -5,    8,  -30,   -8,   -5,   11,   -5,   -3,  -21,   -8,    5,  -19,  -11,
       3,    3,   -3,  -24,  -13,  -24,  -24,  -24,  -19,  -24,  -19,  -24,  -16,  -21,  -19,  -16,
     -24,  -16,   -6,   16,  -24,  -16,  -21,   -3,  -24,   -3,   -5,   -3,   -5,   -5,   -3,   -5,
      -1,   -5,   -3,   -3,   -5,   -3,   -3,   -3,   -5,   -5,   -3,   -3,   -3,   -3,   -3,   -3,
      -3,   -3,   -3,   -3,   -3,   -3,   10,  -61,  -20,   -8,   -8,   -3,   -3,   -8,    8,    5,
       8,   -3,   -3,   -3,   -8,    5,    5,    8,   10,    3,    8,   -1,    3,   -1,    5,   -3,
      -3,   -5,   -3,    3,   -1,   -3,    5,   -3,   -3,   -3,    5,    3,  -10,   -3,   -3,    3,
      -5,    3,   -8,    3,    3,   -3,   -5,   -3,    3,    5,    3,  -24,   -3,   -5,   -3,   -3,
      -5,   -5,   -3,   -5,   -5,   -3,   10,  -25,  -20,   -8,   -8,   -3,   -3,   -8,    8,    5,
       8,   -3,   -3,   -3,   -8,    5,    5,    8,   10,  -15,   -5,   -8,   -8,   -5,    3,   -5,
      -8,    5,    5,    3,    5,   -3,   -3,   -8,    5,    5,    5,  -15,    5,    3,   -3,    3,
       3,  -11,  -11,   -3,  -11,    3,    3,  -21,  -11,  -10,   -3,   -3,  -11,   -3,   -5,   -5,
      -3,   -5,   -3,   -3,   -3,   -5,   -5,   -3,   -5,   -5,   -3,   -3,   -3,   -3,   -3,   -3,
      -3,   -3,   20,    3,   29,    8,   -1,   -8,   -5,   -3,   -3,   -3,   -5,   -3,   -5,   -4,
      -5,   -5,  -11,   -8,  -11,   -5,   -5,   -5,   -3,  -19,  -16,  -16,   -5,   -3,   -5,   -5,
      -5,   -3,   -5,   -3,   -5,  -16,  -11,  -19,   -8,  -13,  -13,   -5,   -5,  -13,   -5,   -3,
     -16,   -3,   -3,  -32,  -27,  -13,   13,   -5,   -8,   -8,  -13,   -5,   -5,   -8,   -5,  -13,
      -3,   -3,    8,   -7,   -3,    5,   -4,   -8,   -4,   -3,  -13,  -13,   -7,   -5,  -16,   -3,
      10,  -25,  -20,   -8,   -8,   -3,   -3,   -8,    8,    5,    8,   -3,   -3,   -3,   11,   -8,
       5,    5,    8,   -5,   -5,   -3,   -3,   -3,  -13,   -3,   -5,   -3,   -5,   -3,   -5,   -3,
      -5,   -5,  -13,  -19,  -16,  -19,    5,  -11,  -13,  -19,   -5,  -13,   -5,  -11,   -3,   -8,
     -11,   -3,   -5,    8,  -41,   -8,  -10,    5,   -5,   -4,  -24,  -13,    5,  -43,  -13,    3,
       3,   -5,  -21,  -11,  -11,  -21,  -19,   -5,  -19,  -10,  -21,   -5,   -5,   -5,   -5,  -16,
     -16,   -3,  -13,   19,  -21,   -5,   -5,   10,  -15,   -5,   -8,   -8,   -5,    3,   -5,   -8,
       5,    5,    3,    5,   -3,   -5,   -3,   -8,    5,    5,    5,  -10,  -19,    3,  -11,   -3,
      -3,   -3,   -3,   -3,    3,    3,    3,   -7,    3,   -8,  -10,   -8,    3,   -8,  -10,  -27,
     -20,   -3,   -5,   -5,   -5,   -8,  -16,  -13,  -11,    5,    5,    5,   -5,   -8,   -5,  -11,
      -5,   -5,   -8,   -5,   -5,   -5,  -13,   -5,   -3,   -5,  -13,  -13,   -8,  -16,  -13,  -11,
     -11,   -5,  -11,   -3,   -3,    5,   -5,    3,  -25,   -5,  -30,  -25,  -30,   -3,   -5,   -5,
      -3,  -15,  -25,    5,   -5,   -5,   -3,   -3,   -3,  -15,   -5,  -25,   -5,    3,    3,  -25,
       5,   10,  -25,   -3,    5,   -3,   -3,  -15,  -15,  -15,  -15,   -3,  -15,  -15,
};

static const EpdFontData golos_ui_8_medium = {
    golos_ui_8_mediumBitmaps,
    golos_ui_8_mediumGlyphs,
    golos_ui_8_mediumIntervals,
    27,
    20,
    17,
    -4,
    false,
    nullptr,
    0,
    nullptr,
    nullptr,  // kernLeftClasses: built-in fonts use the split arrays below
    nullptr,  // kernRightClasses
    golos_ui_8_mediumKernLeftCodepoints,
    golos_ui_8_mediumKernLeftClassIds,
    golos_ui_8_mediumKernRightCodepoints,
    golos_ui_8_mediumKernRightClassIds,
    nullptr,  // kernMatrix: built-in fonts use the sparse form below
    golos_ui_8_mediumKernRowOffsets,
    golos_ui_8_mediumKernSparseCols,
    golos_ui_8_mediumKernSparseValues,
    505,
    471,
    132,
    124,
    nullptr,
    0,
};
