/**
 * generated by fontconvert.py
 * name: golos_ui_10_medium
 * size: 10
 * mode: 1-bit
 * hinting: auto (FT_LOAD_FORCE_AUTOHINT — grid-fits stems to whole pixels)
 * Command used: lib/EpdFont/scripts/fontconvert.py golos_ui_10_medium 10 GolosText-medium.ttf lib/EpdFont/builtinFonts/source/Inter/Inter-Regular.ttf --additional-intervals 0x0000,0x007F --additional-intervals 0x0080,0x00FF --additional-intervals 0x0100,0x017F --additional-intervals 0x01A0,0x01A1 --additional-intervals 0x01AF,0x01B0 --additional-intervals 0x01C4,0x021F --additional-intervals 0x0300,0x036F --additional-intervals 0x0400,0x04FF --additional-intervals 0x1EA0,0x1EF9 --additional-intervals 0x2010,0x206F --additional-intervals 0x20A0,0x20CF --additional-intervals 0xFB00,0xFB06 --additional-intervals 0xFFFD,0xFFFD
 */
#pragma once
#include "EpdFontData.h"

static const uint8_t golos_ui_10_mediumBitmaps[21754] = {
    0x6D, 0xB6, 0xDB, 0x6C, 0x7F, 0xC0, 0xCF, 0x3C, 0xF3, 0x0C, 0x61, 0xCE, 0x18, 0xC7, 0xFF, 0x7F,
    0xF1, 0x8C, 0x39, 0xC3, 0x18, 0xFF, 0xEF, 0xFE, 0x31, 0x87, 0x38, 0x73, 0x86, 0x30, 0x06, 0x00,
    0x60, 0x1F, 0x83, 0xFC, 0x70, 0xE6, 0x06, 0x70, 0x07, 0x80, 0x3F, 0x01, 0xFC, 0x07, 0xE0, 0x0E,
    0x00, 0x66, 0x06, 0x70, 0xE3, 0xFC, 0x1F, 0x80, 0x60, 0x06, 0x00, 0x7C, 0x0C, 0x7F, 0x0C, 0x3B,
    0x8E, 0x18, 0xC6, 0x0E, 0xE6, 0x07, 0xF7, 0x00, 0xF7, 0x00, 0x03, 0x3C, 0x03, 0x3F, 0x03, 0x99,
    0x81, 0x8C, 0xC1, 0x86, 0x61, 0xC3, 0xF1, 0xC0, 0xF0, 0x3E, 0x03, 0xF8, 0x1C, 0xC0, 0xE6, 0x07,
    0xF0, 0x1F, 0x00, 0xF0, 0x0F, 0xCC, 0xE7, 0x66, 0x1F, 0x38, 0x79, 0xC3, 0xC7, 0xFF, 0x1F, 0xB8,
    0xDB, 0x60, 0x1C, 0x70, 0xC3, 0x86, 0x1C, 0x38, 0x70, 0xC1, 0x83, 0x87, 0x0E, 0x0C, 0x1C, 0x18,
    0x38, 0x38, 0x60, 0xE0, 0xE0, 0xC1, 0xC3, 0x83, 0x06, 0x0C, 0x18, 0x30, 0x61, 0xC3, 0x86, 0x1C,
    0x70, 0xC0, 0x18, 0x5A, 0xFE, 0x3C, 0xFE, 0x5A, 0x18, 0x0C, 0x03, 0x00, 0xC0, 0x30, 0xFF, 0xFF,
    0xF0, 0xC0, 0x30, 0x0C, 0x03, 0x00, 0x66, 0x66, 0xCC, 0xFF, 0xF0, 0xFF, 0x80, 0x01, 0x80, 0x60,
    0x38, 0x0C, 0x07, 0x01, 0x80, 0x60, 0x38, 0x0C, 0x03, 0x01, 0xC0, 0x60, 0x18, 0x0E, 0x03, 0x01,
    0xC0, 0x60, 0x18, 0x00, 0x1F, 0x0F, 0xF9, 0xC7, 0x70, 0x7E, 0x0F, 0x80, 0xF0, 0x1E, 0x03, 0xE0,
    0xFC, 0x1F, 0x83, 0xB8, 0xE7, 0xFC, 0x3E, 0x00, 0x1C, 0x3E, 0x3F, 0x19, 0x88, 0xC0, 0x60, 0x30,
    0x18, 0x0C, 0x06, 0x03, 0x03, 0x8F, 0xFF, 0xFC, 0x1F, 0x0F, 0xF3, 0xC7, 0x70, 0x6C, 0x0C, 0x01,
    0x80, 0x70, 0x1C, 0x0F, 0x03, 0xC0, 0xE0, 0x38, 0x0F, 0xFD, 0xFF, 0x80, 0x3F, 0x0F, 0xFB, 0x87,
    0x60, 0x60, 0x1C, 0x1F, 0x03, 0xE0, 0x0E, 0x00, 0xD8, 0x1B, 0x83, 0x70, 0xE7, 0xF8, 0x7E, 0x00,
    0x03, 0x80, 0x70, 0x1E, 0x07, 0xC1, 0xD8, 0x33, 0x0C, 0x63, 0x8C, 0xE1, 0xDF, 0xFF, 0xFF, 0x80,
    0xC0, 0x18, 0x03, 0x00, 0x7F, 0xCF, 0xF9, 0x80, 0x30, 0x07, 0xF8, 0xFF, 0x9C, 0x78, 0x07, 0x00,
    0x60, 0x0D, 0x83, 0xB8, 0xF3, 0xFC, 0x3E, 0x00, 0x1F, 0x07, 0xF9, 0xC7, 0x70, 0x0E, 0xF1, 0xFF,
    0x3C, 0x77, 0x06, 0xC0, 0xD8, 0x1B, 0x83, 0x38, 0xE7, 0xF8, 0x3E, 0x00, 0xFF, 0xFF, 0xF0, 0x1C,
    0x06, 0x03, 0x80, 0xE0, 0x70, 0x1C, 0x06, 0x03, 0x80, 0xE0, 0x70, 0x1C, 0x0E, 0x00, 0x1F, 0x0F,
    0xF9, 0xC7, 0x30, 0x66, 0x0C, 0xE3, 0x8F, 0xE3, 0xFE, 0xE0, 0xFC, 0x1F, 0x83, 0xF0, 0x77, 0xFC,
    0x7F, 0x00, 0x3F, 0x0F, 0xF3, 0x87, 0x70, 0x6C, 0x0D, 0xC1, 0xBC, 0x73, 0xFE, 0x3E, 0xC0, 0x18,
    0x07, 0x71, 0xC7, 0xF8, 0x7C, 0x00, 0xFF, 0x80, 0x00, 0xFF, 0x80, 0x77, 0x70, 0x00, 0x00, 0x33,
    0x37, 0x64, 0x00, 0x00, 0x70, 0x7C, 0x7E, 0xFC, 0x3C, 0x0F, 0x80, 0xFC, 0x0F, 0xC0, 0x70, 0x04,
    0xFF, 0xFF, 0xF0, 0x00, 0x00, 0xFF, 0xFF, 0xF0, 0x00, 0x38, 0x0F, 0x81, 0xF8, 0x0F, 0xC0, 0xF0,
    0x7C, 0xFC, 0xFC, 0x38, 0x08, 0x00, 0x3E, 0x1F, 0xEE, 0x3B, 0x86, 0x01, 0x80, 0xE0, 0x70, 0x38,
    0x0C, 0x03, 0x00, 0x00, 0x70, 0x1C, 0x07, 0x00, 0x03, 0xF8, 0x01, 0xFF, 0xC0, 0x78, 0x3C, 0x1D,
    0xFD, 0xC7, 0x7F, 0x9C, 0xCE, 0x73, 0xB9, 0x8E, 0x37, 0x30, 0xC6, 0xC6, 0x18, 0xD8, 0xC7, 0x1B,
    0x9C, 0xE7, 0x73, 0xFF, 0xC6, 0x3C, 0xF0, 0xE0, 0x00, 0x0E, 0x00, 0x01, 0xE0, 0x20, 0x0F, 0xFC,
    0x00, 0x7F, 0x00, 0x03, 0x80, 0x1E, 0x00, 0x78, 0x03, 0xF0, 0x0F, 0xC0, 0x33, 0x81, 0xCE, 0x06,
    0x18, 0x38, 0x70, 0xFF, 0xC3, 0xFF, 0x9C, 0x0E, 0x70, 0x3B, 0x80, 0x70, 0xFF, 0x8F, 0xFC, 0xC1,
    0xCC, 0x0C, 0xC0, 0xCC, 0x1C, 0xFF, 0x8F, 0xFC, 0xC0, 0xEC, 0x06, 0xC0, 0x6C, 0x0E, 0xFF, 0xEF,
    0xF8, 0x1F, 0x83, 0xFE, 0x70, 0xFE, 0x07, 0xE0, 0x3E, 0x00, 0xC0, 0x0C, 0x00, 0xE0, 0x0E, 0x03,
    0xE0, 0x77, 0x0F, 0x3F, 0xE1, 0xF8, 0xFF, 0x0F, 0xF8, 0xC1, 0xCC, 0x0E, 0xC0, 0x6C, 0x06, 0xC0,
    0x6C, 0x06, 0xC0, 0x6C, 0x0E, 0xC0, 0xEC, 0x1C, 0xFF, 0x8F, 0xF0, 0xFF, 0xFF, 0xFC, 0x03, 0x00,
    0xC0, 0x30, 0x0F, 0xFB, 0xFE, 0xC0, 0x30, 0x0C, 0x03, 0x00, 0xFF, 0xFF, 0xF0, 0xFF, 0xFF, 0xFC,
    0x03, 0x00, 0xC0, 0x30, 0x0F, 0xFB, 0xFE, 0xC0, 0x30, 0x0C, 0x03, 0x00, 0xC0, 0x30, 0x00, 0x0F,
    0xC1, 0xFF, 0x1C, 0x3C, 0xC0, 0x7E, 0x00, 0x70, 0x03, 0x07, 0xF8, 0x3F, 0xE0, 0x3F, 0x01, 0xD8,
    0x0C, 0xF1, 0xE3, 0xFE, 0x07, 0xE0, 0xC0, 0x3C, 0x03, 0xC0, 0x3C, 0x03, 0xC0, 0x3C, 0x03, 0xFF,
    0xFF, 0xFF, 0xC0, 0x3C, 0x03, 0xC0, 0x3C, 0x03, 0xC0, 0x3C, 0x03, 0xDB, 0x6D, 0xB6, 0xDB, 0x6D,
    0x80, 0x01, 0x80, 0x60, 0x18, 0x06, 0x01, 0x80, 0x60, 0x18, 0x06, 0x01, 0x80, 0x6E, 0x1B, 0x8E,
    0x7F, 0x0F, 0x80, 0xC0, 0xEC, 0x1C, 0xC3, 0x8C, 0x70, 0xCE, 0x0D, 0xC0, 0xFE, 0x0F, 0xE0, 0xE7,
    0x0E, 0x38, 0xC3, 0xCC, 0x1C, 0xC0, 0xEC, 0x0F, 0xC0, 0x30, 0x0C, 0x03, 0x00, 0xC0, 0x30, 0x0C,
    0x03, 0x00, 0xC0, 0x30, 0x0C, 0x03, 0x80, 0xFF, 0xFF, 0xF0, 0xE0, 0x0D, 0xC0, 0x3B, 0xC0, 0xF7,
    0xC1, 0xEF, 0x87, 0xDB, 0x8D, 0xB3, 0x3B, 0x67, 0x66, 0xC7, 0xCD, 0x8F, 0x1B, 0x0C, 0x36, 0x00,
    0x6C, 0x00, 0xD8, 0x01, 0x80, 0xE0, 0x3E, 0x03, 0xF0, 0x3F, 0x83, 0xFC, 0x3D, 0xC3, 0xCE, 0x3C,
    0x73, 0xC3, 0xBC, 0x3F, 0xC1, 0xFC, 0x0F, 0xC0, 0x7C, 0x07, 0x0F, 0xC0, 0xFF, 0x87, 0x87, 0x18,
    0x0E, 0xE0, 0x1B, 0x80, 0x6C, 0x01, 0xB0, 0x06, 0xE0, 0x1B, 0x80, 0x66, 0x03, 0x9E, 0x1C, 0x3F,
    0xE0, 0x3F, 0x00, 0xFF, 0x9F, 0xFB, 0x03, 0xE0, 0x7C, 0x07, 0x81, 0xF0, 0x7F, 0xFE, 0xFF, 0x18,
    0x03, 0x00, 0x60, 0x0C, 0x01, 0x80, 0x00, 0x0F, 0xC0, 0xFF, 0x87, 0x87, 0x18, 0x0E, 0xE0, 0x1B,
    0x80, 0x6C, 0x01, 0xB0, 0x06, 0xE1, 0x1B, 0x87, 0xE6, 0x1F, 0x9E, 0x3C, 0x3F, 0xF8, 0x3F, 0x60,
    0x00, 0x00, 0xFF, 0x8F, 0xFC, 0xC1, 0xEC, 0x0E, 0xC0, 0x6C, 0x0E, 0xC1, 0xEF, 0xFC, 0xFF, 0x8C,
    0x38, 0xC3, 0x8C, 0x1C, 0xC0, 0xEC, 0x0E, 0x1F, 0x83, 0xFE, 0x70, 0xE6, 0x06, 0x70, 0x07, 0xC0,
    0x3F, 0x80, 0xFE, 0x00, 0xF0, 0x07, 0x60, 0x37, 0x07, 0x3F, 0xE1, 0xFC, 0xFF, 0xFF, 0xFF, 0x06,
    0x00, 0x60, 0x06, 0x00, 0x60, 0x06, 0x00, 0x60, 0x06, 0x00, 0x60, 0x06, 0x00, 0x60, 0x06, 0x00,
    0x60, 0xC0, 0x3C, 0x03, 0xC0, 0x3C, 0x03, 0xC0, 0x3C, 0x03, 0xC0, 0x3C, 0x03, 0xC0, 0x3E, 0x07,
    0xE0, 0x77, 0x0E, 0x7F, 0xE1, 0xF8, 0xE0, 0x1D, 0xC0, 0x67, 0x03, 0x8C, 0x0E, 0x38, 0x30, 0xE1,
    0xC1, 0xC6, 0x07, 0x38, 0x0C, 0xE0, 0x3B, 0x00, 0xFC, 0x01, 0xF0, 0x07, 0x80, 0x0E, 0x00, 0x60,
    0x60, 0x77, 0x0F, 0x06, 0x70, 0xF0, 0x67, 0x0F, 0x0E, 0x30, 0xF8, 0xE3, 0x9D, 0x8C, 0x39, 0x99,
    0xC3, 0x99, 0xDC, 0x1B, 0x9D, 0x81, 0xF0, 0xF8, 0x1F, 0x0F, 0x80, 0xF0, 0xF8, 0x0E, 0x07, 0x00,
    0xE0, 0x70, 0x70, 0x38, 0xE1, 0xC3, 0x87, 0x07, 0x38, 0x0F, 0xC0, 0x1F, 0x00, 0x78, 0x01, 0xE0,
    0x0F, 0xC0, 0x33, 0x81, 0xCE, 0x0E, 0x1C, 0x70, 0x39, 0xC0, 0xE0, 0x70, 0x39, 0xC0, 0xE3, 0x87,
    0x07, 0x1C, 0x1C, 0xE0, 0x3B, 0x00, 0x7C, 0x01, 0xE0, 0x03, 0x80, 0x0C, 0x00, 0x30, 0x00, 0xC0,
    0x03, 0x00, 0x0C, 0x00, 0xFF, 0xFF, 0xFC, 0x07, 0x80, 0xE0, 0x38, 0x0E, 0x03, 0x80, 0x70, 0x1C,
    0x07, 0x01, 0xC0, 0x78, 0x0F, 0xFF, 0xFF, 0xC0, 0xFF, 0xCC, 0xCC, 0xCC, 0xCC, 0xCC, 0xCC, 0xCC,
    0xFF, 0x60, 0x18, 0x07, 0x00, 0xC0, 0x38, 0x06, 0x01, 0x80, 0x70, 0x0C, 0x03, 0x00, 0xE0, 0x18,
    0x06, 0x01, 0xC0, 0x30, 0x0E, 0x01, 0x80, 0x60, 0xF7, 0x8C, 0x63, 0x18, 0xC6, 0x31, 0x8C, 0x63,
    0x18, 0xC6, 0xF7, 0x80, 0x06, 0x01, 0xE0, 0x7C, 0x1D, 0xC3, 0x1C, 0xE1, 0xC0, 0xFF, 0xFF, 0xF0,
    0x61, 0xC3, 0x86, 0x3F, 0x1F, 0xE6, 0x38, 0x06, 0x7F, 0xBF, 0xEE, 0x1B, 0x06, 0xE3, 0xBF, 0xE7,
    0xD8, 0xC0, 0x18, 0x03, 0x00, 0x67, 0x8F, 0xF9, 0xE3, 0xB8, 0x36, 0x06, 0xC0, 0xD8, 0x1B, 0x83,
    0x78, 0xEF, 0xF9, 0x9E, 0x00, 0x1F, 0x1F, 0xE7, 0x1F, 0x83, 0xC0, 0x30, 0x0E, 0x03, 0x83, 0x71,
    0xDF, 0xE1, 0xF0, 0x00, 0xC0, 0x18, 0x03, 0x1F, 0x67, 0xFD, 0xE3, 0xB8, 0x36, 0x06, 0xC0, 0xDC,
    0x1B, 0x83, 0x78, 0xE7, 0xFC, 0x7D, 0x80, 0x1F, 0x0F, 0xF1, 0x87, 0x70, 0x6F, 0xFD, 0xFF, 0xB0,
    0x07, 0x00, 0x71, 0xCF, 0xF0, 0x7C, 0x00, 0x1E, 0x7C, 0xC7, 0xFF, 0xE6, 0x0C, 0x18, 0x30, 0x60,
    0xC1, 0x83, 0x06, 0x00, 0x3E, 0xCF, 0xFB, 0xC7, 0x70, 0x6C, 0x0D, 0x81, 0xB8, 0x37, 0x06, 0xF1,
    0xCF, 0xF8, 0xFB, 0x00, 0x6E, 0x1C, 0xFF, 0x0F, 0xC0, 0xC0, 0x30, 0x0C, 0x03, 0x3C, 0xFF, 0xBC,
    0x7E, 0x1F, 0x03, 0xC0, 0xF0, 0x3C, 0x0F, 0x03, 0xC0, 0xF0, 0x30, 0x1B, 0x0D, 0xB6, 0xDB, 0x6D,
    0xB0, 0x01, 0x8C, 0x03, 0x18, 0xC6, 0x31, 0x8C, 0x63, 0x18, 0xC6, 0x37, 0xB8, 0xC0, 0x18, 0x03,
    0x00, 0x61, 0xCC, 0x71, 0x9C, 0x37, 0x07, 0xE0, 0xFC, 0x1F, 0xC3, 0x98, 0x63, 0x8C, 0x39, 0x83,
    0x80, 0xC6, 0x31, 0x8C, 0x63, 0x18, 0xC6, 0x31, 0xCF, 0xBC, 0xCF, 0x3C, 0xFF, 0xFE, 0xE3, 0xC7,
    0xE3, 0x87, 0xC1, 0x87, 0xC1, 0x87, 0xC1, 0x87, 0xC1, 0x87, 0xC1, 0x87, 0xC1, 0x87, 0xC1, 0x87,
    0xCF, 0x3F, 0xEF, 0x1F, 0x87, 0xC0, 0xF0, 0x3C, 0x0F, 0x03, 0xC0, 0xF0, 0x3C, 0x0C, 0x1F, 0x0F,
    0xF9, 0xC7, 0x70, 0x7C, 0x07, 0x80, 0xF8, 0x3F, 0x07, 0x71, 0xCF, 0xF8, 0x7C, 0x00, 0xCF, 0x1F,
    0xF3, 0xC7, 0x70, 0x6C, 0x0D, 0x81, 0xB0, 0x37, 0x06, 0xF1, 0xDF, 0xF3, 0x3C, 0x60, 0x0C, 0x01,
    0x80, 0x30, 0x00, 0x3E, 0xCF, 0xFB, 0xC7, 0x70, 0x6C, 0x0D, 0x81, 0xB8, 0x37, 0x06, 0xF1, 0xCF,
    0xF8, 0xFB, 0x00, 0x60, 0x0C, 0x01, 0x80, 0x30, 0xDF, 0xFE, 0x38, 0xC3, 0x0C, 0x30, 0xC3, 0x0C,
    0x00, 0x1F, 0x0F, 0xF1, 0xC7, 0x38, 0x07, 0xC0, 0x7F, 0x00, 0xF0, 0x06, 0x71, 0xCF, 0xF8, 0x7E,
    0x00, 0x30, 0x60, 0xC7, 0xFF, 0xE6, 0x0C, 0x18, 0x30, 0x60, 0xC1, 0x83, 0xE3, 0xC0, 0xC1, 0xB0,
    0x6C, 0x1B, 0x06, 0xC1, 0xB0, 0x6C, 0x1B, 0x86, 0xE3, 0x9F, 0xE3, 0xD8, 0x60, 0x77, 0x06, 0x70,
    0xE3, 0x0C, 0x38, 0xC1, 0x9C, 0x1D, 0x80, 0xD8, 0x0F, 0x00, 0xF0, 0x07, 0x00, 0x61, 0xC3, 0xB8,
    0xE1, 0x9C, 0x78, 0xCE, 0x7C, 0xE3, 0x36, 0x71, 0xDB, 0xB0, 0xFC, 0xD8, 0x3C, 0x7C, 0x1E, 0x3C,
    0x0F, 0x0E, 0x07, 0x07, 0x00, 0x70, 0xE3, 0x1C, 0x39, 0x81, 0xF8, 0x0F, 0x00, 0xF0, 0x1F, 0x01,
    0xB8, 0x39, 0xC7, 0x0C, 0x60, 0xE0, 0x70, 0x73, 0x83, 0x8C, 0x18, 0x71, 0xC1, 0x8C, 0x0E, 0x60,
    0x37, 0x01, 0xF0, 0x0F, 0x80, 0x38, 0x01, 0xC0, 0x0E, 0x00, 0x60, 0x0F, 0x00, 0x70, 0x00, 0xFF,
    0xFF, 0xC0, 0xC0, 0xE0, 0xE0, 0xE0, 0xE0, 0xE0, 0x60, 0x7F, 0xFF, 0xE0, 0x1C, 0xF3, 0x8C, 0x30,
    0xC3, 0x0C, 0x71, 0xC3, 0x0C, 0x30, 0xC3, 0x0E, 0x3C, 0x70, 0xDB, 0x6D, 0xB6, 0xDB, 0x6D, 0xB6,
    0xD8, 0xE3, 0xC3, 0x0C, 0x30, 0xC3, 0x0E, 0x38, 0xE3, 0x8C, 0x30, 0xC3, 0x0C, 0xF3, 0x80, 0x38,
    0x0F, 0xCD, 0x9F, 0x81, 0xE0, 0xFF, 0x80, 0xDB, 0x6D, 0xB6, 0xD8, 0x0C, 0x03, 0x03, 0xF1, 0xFE,
    0xF1, 0xF8, 0x3C, 0x03, 0x00, 0xE0, 0x38, 0x37, 0x1D, 0xFE, 0x1F, 0x03, 0x00, 0xC0, 0x0F, 0x83,
    0xF8, 0xE3, 0x98, 0x33, 0x00, 0x60, 0x3F, 0xC7, 0xF8, 0x30, 0x06, 0x00, 0xC0, 0x18, 0x0F, 0xFF,
    0xFF, 0xC0, 0x40, 0x9F, 0xF9, 0xFE, 0x39, 0xC7, 0x18, 0xE3, 0x1C, 0xE3, 0xFC, 0xFF, 0xC8, 0x10,
    0x70, 0x39, 0xC3, 0x8E, 0x1C, 0x39, 0xC0, 0xCE, 0x07, 0xE0, 0xFF, 0xC7, 0xFE, 0x03, 0x01, 0xFF,
    0x8F, 0xFC, 0x06, 0x00, 0x30, 0x01, 0x80, 0xDB, 0x6D, 0xB0, 0x03, 0x6D, 0xB6, 0xD8, 0x3F, 0x1F,
    0xE7, 0x39, 0xC0, 0x78, 0x0F, 0x87, 0xFB, 0x8E, 0xE1, 0xB8, 0x6F, 0x39, 0xFC, 0x1F, 0x01, 0xE6,
    0x39, 0xCE, 0x7F, 0x8F, 0xC0, 0xC7, 0x8F, 0x18, 0x07, 0xE0, 0x1F, 0xF0, 0x3C, 0x3C, 0x77, 0xDC,
    0x6F, 0xEE, 0xEE, 0x66, 0xEC, 0x06, 0xCC, 0x06, 0xEC, 0x06, 0xEE, 0x66, 0x6F, 0xEE, 0x77, 0xDC,
    0x3C, 0x38, 0x1F, 0xF0, 0x07, 0xE0, 0x3F, 0x1F, 0xE6, 0x38, 0x06, 0x3F, 0xBF, 0xEE, 0x1B, 0x06,
    0xE3, 0xBF, 0xE7, 0xD8, 0x00, 0x06, 0x33, 0x9D, 0xCE, 0xE7, 0x31, 0x8E, 0x71, 0xCE, 0x39, 0xC2,
    0x10, 0x00, 0xFF, 0xDF, 0xF8, 0x03, 0x00, 0x60, 0x0C, 0x01, 0x80, 0xFF, 0xF0, 0x0F, 0xC0, 0xC3,
    0x0B, 0xEC, 0xD9, 0xB4, 0xCC, 0xA7, 0xC5, 0x36, 0x2D, 0xB3, 0x2C, 0x91, 0xC3, 0x03, 0xF0, 0x00,
    0x00, 0xFF, 0xF0, 0x38, 0xFB, 0xBE, 0x3E, 0xEF, 0x8E, 0x00, 0x0C, 0x03, 0x00, 0xC0, 0x30, 0xFF,
    0xFF, 0xF0, 0xC0, 0x30, 0x00, 0x00, 0x0F, 0xFF, 0xFF, 0x79, 0xFB, 0x30, 0x63, 0x8E, 0x3F, 0xFF,
    0x3C, 0x7E, 0x66, 0x1C, 0x1E, 0x66, 0x7E, 0x3C, 0x18, 0xE7, 0x18, 0xC1, 0xB0, 0x6C, 0x1B, 0x06,
    0xC1, 0xB0, 0x6C, 0x1B, 0x86, 0xE3, 0xBF, 0xEF, 0xDB, 0x00, 0xC0, 0x30, 0x0C, 0x00, 0x3F, 0xCF,
    0xFB, 0xE3, 0x7C, 0x6F, 0x8D, 0xF1, 0x9E, 0x31, 0xC6, 0x18, 0xC3, 0x18, 0x63, 0x0C, 0x61, 0x8C,
    0x31, 0x86, 0x30, 0xC6, 0x18, 0xC3, 0x18, 0xFF, 0x80, 0x67, 0x3F, 0xE0, 0x77, 0xBD, 0x63, 0x18,
    0xC6, 0x7D, 0xFF, 0xBE, 0x3E, 0xFF, 0xDF, 0x00, 0x00, 0x21, 0x0C, 0x63, 0x9C, 0x73, 0x8E, 0x77,
    0x3B, 0x9C, 0xC6, 0x21, 0x00, 0x00, 0x70, 0x00, 0xF0, 0x10, 0xF0, 0x30, 0x30, 0x70, 0x30, 0xE0,
    0x30, 0xC0, 0x31, 0xC0, 0x33, 0x86, 0x07, 0x0E, 0x06, 0x1E, 0x0E, 0x36, 0x1C, 0x36, 0x18, 0x7F,
    0x38, 0x7F, 0x70, 0x06, 0x60, 0x06, 0x70, 0x00, 0xF0, 0x00, 0xF0, 0x38, 0xB0, 0x70, 0x30, 0xE0,
    0x30, 0xE0, 0x31, 0xC0, 0x33, 0x80, 0x03, 0x3E, 0x07, 0x7F, 0x0E, 0x77, 0x0C, 0x07, 0x1C, 0x0E,
    0x38, 0x38, 0x30, 0x7F, 0x60, 0x7F, 0x3C, 0x00, 0x0F, 0xC0, 0x01, 0x98, 0x18, 0x03, 0x07, 0x01,
    0xE0, 0xC0, 0x3C, 0x30, 0x19, 0x8E, 0x03, 0xF1, 0x80, 0x3C, 0x61, 0xC0, 0x1C, 0x38, 0x07, 0x0F,
    0x00, 0xC3, 0xE0, 0x38, 0x4C, 0x0E, 0x1F, 0xC1, 0x83, 0xF8, 0x70, 0x06, 0x0C, 0x00, 0xC0, 0x1C,
    0x07, 0x01, 0xC0, 0x00, 0x0C, 0x03, 0x01, 0xC0, 0xF0, 0x78, 0x38, 0x0E, 0x03, 0x86, 0xE3, 0x9F,
    0xC3, 0xE0, 0x1C, 0x00, 0x38, 0x00, 0x60, 0x00, 0xC0, 0x00, 0x00, 0x0E, 0x00, 0x78, 0x01, 0xE0,
    0x0F, 0xC0, 0x3F, 0x00, 0xCE, 0x07, 0x38, 0x18, 0x60, 0xE1, 0xC3, 0xFF, 0x0F, 0xFE, 0x70, 0x39,
    0xC0, 0xEE, 0x01, 0xC0, 0x00, 0xE0, 0x07, 0x00, 0x18, 0x00, 0x40, 0x00, 0x00, 0x0E, 0x00, 0x78,
    0x01, 0xE0, 0x0F, 0xC0, 0x3F, 0x00, 0xCE, 0x07, 0x38, 0x18, 0x60, 0xE1, 0xC3, 0xFF, 0x0F, 0xFE,
    0x70, 0x39, 0xC0, 0xEE, 0x01, 0xC0, 0x03, 0x00, 0x1E, 0x00, 0xFC, 0x03, 0x10, 0x00, 0x00, 0x0E,
    0x00, 0x78, 0x01, 0xE0, 0x0F, 0xC0, 0x3F, 0x00, 0xCE, 0x07, 0x38, 0x18, 0x60, 0xE1, 0xC3, 0xFF,
    0x0F, 0xFE, 0x70, 0x39, 0xC0, 0xEE, 0x01, 0xC0, 0x0E, 0x40, 0x7F, 0x80, 0x9C, 0x00, 0x00, 0x03,
    0x80, 0x1E, 0x00, 0x78, 0x03, 0xF0, 0x0F, 0xC0, 0x33, 0x81, 0xCE, 0x06, 0x18, 0x38, 0x70, 0xFF,
    0xC3, 0xFF, 0x9C, 0x0E, 0x70, 0x3B, 0x80, 0x70, 0x18, 0xC0, 0x63, 0x01, 0x8C, 0x00, 0x00, 0x07,
    0x80, 0x3E, 0x00, 0xF8, 0x03, 0xF0, 0x1D, 0xC0, 0x77, 0x01, 0x8E, 0x0E, 0x38, 0x38, 0x60, 0xFF,
    0xC7, 0xFF, 0x1C, 0x0C, 0x60, 0x3B, 0x80, 0xE0, 0x03, 0x80, 0x0F, 0x80, 0x1B, 0x00, 0x3E, 0x00,
    0x38, 0x00, 0x00, 0x00, 0xE0, 0x01, 0xC0, 0x07, 0xC0, 0x0F, 0x80, 0x1B, 0x00, 0x77, 0x00, 0xC6,
    0x03, 0x8E, 0x07, 0x1C, 0x0F, 0xF8, 0x3F, 0xF8, 0x60, 0x71, 0xC0, 0x73, 0x80, 0xE0, 0x00, 0x7F,
    0xF0, 0x0F, 0xFF, 0x00, 0xF0, 0x00, 0x1F, 0x00, 0x01, 0xB0, 0x00, 0x3B, 0x00, 0x07, 0x3F, 0xE0,
    0x73, 0xFE, 0x0E, 0x30, 0x01, 0xFF, 0x00, 0x1F, 0xF0, 0x03, 0x83, 0x00, 0x38, 0x3F, 0xF7, 0x03,
    0xFF, 0x1F, 0xC1, 0xFF, 0x1C, 0x3D, 0xC0, 0xEE, 0x03, 0x70, 0x03, 0x00, 0x18, 0x00, 0xE0, 0x07,
    0x01, 0xB8, 0x1C, 0xE1, 0xE3, 0xFE, 0x0F, 0xE0, 0x1C, 0x00, 0x60, 0x0F, 0x80, 0x78, 0x00, 0x60,
    0x0C, 0x01, 0x80, 0x20, 0x00, 0x3F, 0xFF, 0xFF, 0x00, 0xC0, 0x30, 0x0C, 0x03, 0xFE, 0xFF, 0xB0,
    0x0C, 0x03, 0x00, 0xC0, 0x3F, 0xFF, 0xFC, 0x03, 0x01, 0xC0, 0xE0, 0x30, 0x00, 0x3F, 0xFF, 0xFF,
    0x00, 0xC0, 0x30, 0x0C, 0x03, 0xFE, 0xFF, 0xB0, 0x0C, 0x03, 0x00, 0xC0, 0x3F, 0xFF, 0xFC, 0x0C,
    0x07, 0x83, 0x70, 0x8C, 0x00, 0x3F, 0xFF, 0xFF, 0x00, 0xC0, 0x30, 0x0C, 0x03, 0xFE, 0xFF, 0xB0,
    0x0C, 0x03, 0x00, 0xC0, 0x3F, 0xFF, 0xFC, 0x33, 0x0C, 0xC3, 0x30, 0x00, 0xFF, 0xFF, 0xFC, 0x03,
    0x00, 0xC0, 0x30, 0x0F, 0xFB, 0xFE, 0xC0, 0x30, 0x0C, 0x03, 0x00, 0xFF, 0xFF, 0xF0, 0x61, 0xC3,
    0x86, 0x00, 0x61, 0x86, 0x18, 0x61, 0x86, 0x18, 0x61, 0x86, 0x18, 0x61, 0x80, 0x38, 0xC6, 0x10,
    0x03, 0x0C, 0x30, 0xC3, 0x0C, 0x30, 0xC3, 0x0C, 0x30, 0xC3, 0x0C, 0x00, 0x18, 0x3C, 0x7E, 0x62,
    0x00, 0x18, 0x18, 0x18, 0x18, 0x18, 0x18, 0x18, 0x18, 0x18, 0x18, 0x18, 0x18, 0x18, 0x18, 0xC6,
    0xE6, 0xC6, 0x00, 0x18, 0x18, 0x18, 0x18, 0x18, 0x18, 0x18, 0x18, 0x18, 0x18, 0x18, 0x18, 0x18,
    0x18, 0x3F, 0xC0, 0xFF, 0x83, 0x0F, 0x0C, 0x0E, 0x30, 0x38, 0xC0, 0x6F, 0xF1, 0xBF, 0xC6, 0x30,
    0x18, 0xC0, 0xE3, 0x03, 0x8C, 0x3C, 0x3F, 0xE0, 0xFF, 0x00, 0x1C, 0x83, 0xFC, 0x13, 0x80, 0x00,
    0xE0, 0x3E, 0x03, 0xF0, 0x3F, 0x83, 0xFC, 0x3D, 0xC3, 0xCE, 0x3C, 0x73, 0xC3, 0xBC, 0x3F, 0xC1,
    0xFC, 0x0F, 0xC0, 0x7C, 0x07, 0x18, 0x00, 0x70, 0x00, 0xE0, 0x00, 0x80, 0x00, 0x00, 0x3F, 0x03,
    0xFE, 0x1E, 0x1C, 0x60, 0x3B, 0x80, 0x6E, 0x01, 0xB0, 0x06, 0xC0, 0x1B, 0x80, 0x6E, 0x03, 0x9C,
    0x0E, 0x78, 0xF0, 0xFF, 0x80, 0xFC, 0x00, 0x00, 0xE0, 0x07, 0x00, 0x38, 0x00, 0xC0, 0x00, 0x00,
    0x3F, 0x03, 0xFE, 0x1E, 0x1C, 0x60, 0x3B, 0x80, 0x6E, 0x01, 0xB0, 0x06, 0xC0, 0x1B, 0x80, 0x6E,
    0x03, 0x9C, 0x0E, 0x78, 0xF0, 0xFF, 0x80, 0xFC, 0x00, 0x07, 0x00, 0x3E, 0x00, 0xDC, 0x06, 0x30,
    0x00, 0x00, 0x3F, 0x03, 0xFE, 0x1E, 0x1C, 0x60, 0x3B, 0x80, 0x6E, 0x01, 0xB0, 0x06, 0xC0, 0x1B,
    0x80, 0x6E, 0x01, 0x98, 0x0E, 0x78, 0x70, 0xFF, 0x80, 0xFC, 0x00, 0x00, 0x40, 0x3F, 0x81, 0xFC,
    0x00, 0x00, 0x00, 0x00, 0x3F, 0x03, 0xFE, 0x1E, 0x1C, 0x60, 0x3B, 0x80, 0x6E, 0x01, 0xB0, 0x06,
    0xC0, 0x1B, 0x80, 0x6E, 0x01, 0x98, 0x0E, 0x78, 0x70, 0xFF, 0x80, 0xFC, 0x00, 0x18, 0xC0, 0x63,
    0x01, 0x8C, 0x00, 0x00, 0x0F, 0xC0, 0xFF, 0x87, 0x87, 0x18, 0x0E, 0xE0, 0x1B, 0x80, 0x6C, 0x01,
    0xB0, 0x06, 0xE0, 0x1B, 0x80, 0x66, 0x03, 0x9E, 0x1C, 0x3F, 0xE0, 0x3F, 0x00, 0x00, 0x18, 0x67,
    0x78, 0xFC, 0x1E, 0x0F, 0x87, 0xF1, 0xCE, 0x41, 0x80, 0x00, 0x0F, 0xD8, 0xFF, 0xE7, 0x87, 0x18,
    0x1E, 0xE0, 0xFB, 0x86, 0x6C, 0x31, 0xB1, 0x86, 0xEC, 0x1B, 0xF0, 0x6F, 0x83, 0x9E, 0x1C, 0x7F,
    0xE1, 0x7F, 0x00, 0x38, 0x01, 0xC0, 0x0C, 0x00, 0x60, 0x00, 0x0C, 0x03, 0xC0, 0x3C, 0x03, 0xC0,
    0x3C, 0x03, 0xC0, 0x3C, 0x03, 0xC0, 0x3C, 0x03, 0xE0, 0x7E, 0x07, 0x70, 0xE7, 0xFE, 0x1F, 0x80,
    0x01, 0xC0, 0x38, 0x03, 0x00, 0x60, 0x00, 0x0C, 0x03, 0xC0, 0x3C, 0x03, 0xC0, 0x3C, 0x03, 0xC0,
    0x3C, 0x03, 0xC0, 0x3C, 0x03, 0xE0, 0x7E, 0x07, 0x70, 0xE7, 0xFE, 0x1F, 0x80, 0x06, 0x00, 0xF0,
    0x1F, 0x81, 0x08, 0x00, 0x0C, 0x03, 0xC0, 0x3C, 0x03, 0xC0, 0x3C, 0x03, 0xC0, 0x3C, 0x03, 0xC0,
    0x3C, 0x03, 0xE0, 0x7E, 0x07, 0x70, 0xE7, 0xFE, 0x1F, 0x80, 0x19, 0x81, 0x98, 0x19, 0x80, 0x00,
    0xE0, 0x3E, 0x03, 0xE0, 0x3E, 0x03, 0xE0, 0x3E, 0x03, 0xE0, 0x3E, 0x03, 0xE0, 0x3E, 0x07, 0xE0,
    0x77, 0x0E, 0x7F, 0xE1, 0xF8, 0x00, 0xE0, 0x07, 0x00, 0x38, 0x00, 0x00, 0x70, 0x39, 0xC0, 0xE3,
    0x87, 0x07, 0x1C, 0x1C, 0xE0, 0x3B, 0x00, 0x7C, 0x01, 0xE0, 0x03, 0x80, 0x0C, 0x00, 0x30, 0x00,
    0xC0, 0x03, 0x00, 0x0C, 0x00, 0xC0, 0x18, 0x03, 0xFC, 0x7F, 0xEC, 0x1F, 0x81, 0xF0, 0x1E, 0x07,
    0xC0, 0xFF, 0xFB, 0xFE, 0x60, 0x0C, 0x01, 0x80, 0x00, 0x3E, 0x1F, 0xEE, 0x3B, 0x86, 0xC3, 0xB3,
    0xCC, 0xFB, 0x07, 0xC1, 0xF0, 0x3C, 0x1F, 0x07, 0xCF, 0xB3, 0xC0, 0x70, 0x0E, 0x01, 0x80, 0x00,
    0x3F, 0x1F, 0xE6, 0x38, 0x06, 0x7F, 0xBF, 0xEE, 0x1B, 0x06, 0xE3, 0xBF, 0xE7, 0xD8, 0x03, 0x01,
    0xC0, 0x60, 0x30, 0x00, 0x0F, 0xC7, 0xF9, 0x8E, 0x01, 0x8F, 0xE7, 0xFB, 0x86, 0xC1, 0xB8, 0xEF,
    0xF9, 0xF6, 0x0C, 0x07, 0x83, 0xE0, 0xCC, 0x00, 0x0F, 0xC7, 0xF9, 0x8E, 0x01, 0x9F, 0xEF, 0xFB,
    0x86, 0xC1, 0xB8, 0xEF, 0xF9, 0xF6, 0x19, 0x0F, 0xC3, 0xE0, 0x00, 0x3F, 0x1F, 0xE6, 0x38, 0x06,
    0x7F, 0xBF, 0xEE, 0x1B, 0x06, 0xE3, 0xBF, 0xE7, 0xD8, 0x20, 0x0C, 0xC3, 0x30, 0x00, 0x3F, 0x1F,
    0xE6, 0x38, 0x06, 0x7F, 0xBF, 0xEE, 0x1B, 0x06, 0xE3, 0xBF, 0xE7, 0xD8, 0x1E, 0x0F, 0xC3, 0x30,
    0xFC, 0x1E, 0x00, 0x03, 0xF1, 0xFE, 0x63, 0x80, 0x67, 0xFB, 0xFE, 0xE1, 0xB0, 0x6E, 0x39, 0xFE,
    0x3C, 0x80, 0x3E, 0x3F, 0x1F, 0xFF, 0xE6, 0x3C, 0x1C, 0x07, 0x07, 0x7F, 0xFF, 0xFF, 0xFF, 0xFE,
    0x18, 0x03, 0x07, 0x00, 0xE3, 0xE1, 0xFF, 0xDF, 0xE7, 0xE3, 0xF0, 0x1F, 0x1F, 0xE7, 0x1F, 0x83,
    0xC0, 0x30, 0x0C, 0x03, 0x87, 0x71, 0xDF, 0xE1, 0xF0, 0x30, 0x06, 0x07, 0x81, 0xC0, 0x30, 0x07,
    0x00, 0x60, 0x06, 0x00, 0x00, 0x3E, 0x1F, 0xE3, 0x0E, 0xE0, 0xDF, 0xFB, 0xFF, 0x60, 0x0E, 0x00,
    0xE3, 0x9F, 0xE0, 0xF8, 0x01, 0x80, 0x60, 0x18, 0x07, 0x00, 0x00, 0x3E, 0x1F, 0xE3, 0x0E, 0xE0,
    0xDF, 0xFB, 0xFF, 0x60, 0x0E, 0x00, 0xE3, 0x9F, 0xE0, 0xF8, 0x0C, 0x03, 0xC0, 0x7C, 0x19, 0x80,
    0x00, 0x3E, 0x1F, 0xE3, 0x0E, 0xE0, 0xDF, 0xFB, 0xFF, 0x60, 0x0E, 0x00, 0xE3, 0x9F, 0xE0, 0xF8,
    0x00, 0x06, 0x60, 0xCC, 0x00, 0x01, 0xF0, 0xFF, 0x18, 0x77, 0x06, 0xFF, 0xDF, 0xFB, 0x00, 0x70,
    0x07, 0x1C, 0xFF, 0x07, 0xC0, 0xE0, 0xC1, 0x80, 0x18, 0x61, 0x86, 0x18, 0x61, 0x86, 0x18, 0x61,
    0x80, 0x39, 0xC6, 0x00, 0xC3, 0x0C, 0x30, 0xC3, 0x0C, 0x30, 0xC3, 0x0C, 0x00, 0x1C, 0x3E, 0x66,
    0x00, 0x18, 0x18, 0x18, 0x18, 0x18, 0x18, 0x18, 0x18, 0x18, 0x18, 0x18, 0x45, 0xCF, 0x98, 0x01,
    0x83, 0x06, 0x0C, 0x18, 0x30, 0x60, 0xC1, 0x83, 0x06, 0x00, 0x14, 0x07, 0x80, 0x7C, 0x05, 0xC0,
    0x1C, 0x3F, 0x9F, 0xFB, 0x8F, 0xE0, 0xF8, 0x0F, 0x01, 0xF0, 0x7E, 0x0E, 0xE3, 0x9F, 0xF0, 0xF8,
    0x19, 0x0F, 0xC3, 0xF0, 0x00, 0xCF, 0x3F, 0xEF, 0x1F, 0x87, 0xC0, 0xF0, 0x3C, 0x0F, 0x03, 0xC0,
    0xF0, 0x3C, 0x0C, 0x30, 0x07, 0x00, 0x70, 0x06, 0x00, 0x00, 0x3E, 0x1F, 0xF3, 0x8E, 0xE0, 0xF8,
    0x0F, 0x01, 0xF0, 0x7E, 0x0E, 0xE3, 0x9F, 0xF0, 0xF8, 0x01, 0x80, 0x70, 0x1C, 0x03, 0x00, 0x00,
    0x3E, 0x1F, 0xF3, 0x8E, 0xE0, 0xF8, 0x0F, 0x01, 0xF0, 0x7E, 0x0E, 0xE3, 0x9F, 0xF0, 0xF8, 0x0E,
    0x01, 0xC0, 0x7C, 0x18, 0xC0, 0x00, 0x3E, 0x1F, 0xF3, 0x8E, 0xE0, 0xF8, 0x0F, 0x01, 0xF0, 0x7E,
    0x0E, 0xE3, 0x9F, 0xF0, 0xF8, 0x08, 0x07, 0xF0, 0xFC, 0x00, 0x01, 0xF0, 0xFF, 0x9C, 0x77, 0x07,
    0xC0, 0x78, 0x0F, 0x83, 0xF0, 0x77, 0x1C, 0xFF, 0x87, 0xC0, 0x01, 0x06, 0x30, 0xC6, 0x00, 0x01,
    0xF0, 0xFF, 0x9C, 0x77, 0x07, 0xC0, 0x78, 0x0F, 0x83, 0xF0, 0x77, 0x1C, 0xFF, 0x87, 0xC0, 0x1C,
    0x07, 0x01, 0xC0, 0x00, 0xFF, 0xFF, 0xF0, 0x00, 0x00, 0x1C, 0x07, 0x01, 0xC0, 0x1F, 0x4F, 0xF9,
    0xC7, 0x71, 0xFC, 0x6F, 0x88, 0xFB, 0x3F, 0xC7, 0x71, 0xCF, 0xF9, 0x7C, 0x00, 0x60, 0x0C, 0x03,
    0x80, 0x60, 0x00, 0x30, 0x6C, 0x1B, 0x06, 0xC1, 0xB0, 0x6C, 0x1B, 0x06, 0xE1, 0xB8, 0xE7, 0xF8,
    0xF6, 0x03, 0x01, 0xC0, 0x60, 0x30, 0x00, 0x30, 0x6C, 0x1B, 0x06, 0xC1, 0xB0, 0x6C, 0x1B, 0x06,
    0xE1, 0xB8, 0xE7, 0xF8, 0xF6, 0x0C, 0x07, 0x83, 0xE0, 0xCC, 0x00, 0x30, 0x6C, 0x1B, 0x06, 0xC1,
    0xB0, 0x6C, 0x1B, 0x06, 0xE1, 0xB8, 0xE7, 0xF8, 0xF6, 0x20, 0x0C, 0xC3, 0x30, 0x00, 0xC1, 0xB0,
    0x6C, 0x1B, 0x06, 0xC1, 0xB0, 0x6C, 0x1B, 0x86, 0xE3, 0x9F, 0xE3, 0xD8, 0x00, 0xC0, 0x0E, 0x00,
    0xE0, 0x06, 0x00, 0x00, 0x38, 0x39, 0xC1, 0xC6, 0x0C, 0x38, 0xE0, 0xC6, 0x07, 0x30, 0x1B, 0x80,
    0xF8, 0x07, 0xC0, 0x1C, 0x00, 0xE0, 0x07, 0x00, 0x30, 0x07, 0x80, 0x38, 0x00, 0xC0, 0x18, 0x03,
    0x00, 0x67, 0x8F, 0xF9, 0xE3, 0xB8, 0x36, 0x06, 0xC0, 0xD8, 0x1B, 0x83, 0x78, 0xEF, 0xF9, 0x9E,
    0x30, 0x06, 0x00, 0xC0, 0x18, 0x00, 0x00, 0x00, 0xC6, 0x06, 0x30, 0x00, 0x07, 0x03, 0x38, 0x38,
    0xC1, 0x87, 0x1C, 0x18, 0xC0, 0xE6, 0x07, 0x70, 0x1F, 0x00, 0xF8, 0x03, 0x80, 0x1C, 0x00, 0xE0,
    0x0E, 0x00, 0xF0, 0x07, 0x00, 0x0F, 0xC0, 0x3F, 0x00, 0x00, 0x00, 0x00, 0x07, 0x80, 0x1E, 0x00,
    0x78, 0x03, 0xF0, 0x0F, 0xC0, 0x33, 0x01, 0xCE, 0x06, 0x38, 0x38, 0x70, 0xFF, 0xC3, 0xFF, 0x1C,
    0x0E, 0x70, 0x3B, 0x80, 0x70, 0x3F, 0x0F, 0xC0, 0x00, 0xFC, 0x7F, 0x98, 0xE0, 0x19, 0xFE, 0xFF,
    0xB8, 0x6C, 0x1B, 0x8E, 0xFF, 0x9F, 0x60, 0x0C, 0x60, 0x1C, 0xC0, 0x3F, 0x80, 0x3E, 0x00, 0x00,
    0x00, 0x70, 0x00, 0xF0, 0x03, 0xE0, 0x07, 0xC0, 0x0D, 0xC0, 0x3B, 0x80, 0x63, 0x01, 0xC7, 0x03,
    0x8E, 0x07, 0xFE, 0x1F, 0xFC, 0x38, 0x18, 0xE0, 0x39, 0xC0, 0x70, 0x33, 0x0F, 0xC0, 0x00, 0x00,
    0x3F, 0x1F, 0xE6, 0x38, 0x06, 0x7F, 0xBF, 0xEE, 0x1B, 0x06, 0xE3, 0xBF, 0xE7, 0xD8, 0x03, 0x80,
    0x07, 0x80, 0x1F, 0x00, 0x37, 0x00, 0x6E, 0x01, 0xCC, 0x03, 0x1C, 0x0E, 0x38, 0x1F, 0xF8, 0x3F,
    0xF0, 0xE0, 0x71, 0x80, 0xE7, 0x01, 0xCE, 0x01, 0xC0, 0x03, 0x00, 0x0E, 0x00, 0x1E, 0x00, 0x1C,
    0x3F, 0x1F, 0xE6, 0x38, 0x06, 0x7F, 0xBF, 0xEE, 0x1B, 0x06, 0xE3, 0xBF, 0xE7, 0xD8, 0x06, 0x03,
    0x00, 0xE0, 0x3C, 0x01, 0x80, 0x38, 0x07, 0x00, 0x60, 0x00, 0x01, 0xF8, 0x3F, 0xE7, 0x0F, 0xE0,
    0x7E, 0x03, 0xE0, 0x0C, 0x00, 0xC0, 0x0E, 0x00, 0xE0, 0x3E, 0x07, 0x70, 0xF3, 0xFE, 0x1F, 0x80,
    0x03, 0x00, 0xC0, 0x60, 0x30, 0x00, 0x07, 0xC7, 0xF9, 0xC7, 0xE0, 0xF0, 0x0C, 0x03, 0x80, 0xE0,
    0xDC, 0x77, 0xF8, 0x7C, 0x02, 0x00, 0x3C, 0x03, 0x30, 0x00, 0x00, 0x00, 0x07, 0xC0, 0xFF, 0x86,
    0x0E, 0x60, 0x37, 0x00, 0xF0, 0x01, 0x80, 0x0C, 0x00, 0x60, 0x03, 0x00, 0x18, 0x00, 0xE0, 0x1B,
    0x01, 0x8C, 0x1C, 0x7F, 0xC0, 0xF8, 0x00, 0x0E, 0x07, 0x83, 0x30, 0x00, 0x00, 0x07, 0xC7, 0xF9,
    0x87, 0xC0, 0xB0, 0x0C, 0x03, 0x00, 0xC0, 0x30, 0x26, 0x1D, 0xFE, 0x1F, 0x00, 0x07, 0x00, 0x38,
    0x01, 0xC0, 0x00, 0x00, 0xFC, 0x1F, 0xF1, 0xE3, 0xCC, 0x07, 0xE0, 0x37, 0x00, 0x30, 0x01, 0x80,
    0x0E, 0x00, 0x70, 0x19, 0x80, 0xEF, 0x0E, 0x3F, 0xE0, 0x7E, 0x00, 0x00, 0x03, 0x00, 0xC0, 0x00,
    0x1F, 0x1F, 0xE7, 0x3B, 0x86, 0xC0, 0x30, 0x0C, 0x03, 0x86, 0x73, 0x9F, 0xE3, 0xE0, 0x11, 0x81,
    0xF8, 0x0F, 0x00, 0x60, 0x00, 0x01, 0xF8, 0x3F, 0xE7, 0x0F, 0xE0, 0x7E, 0x03, 0xE0, 0x0C, 0x00,
    0xC0, 0x0E, 0x00, 0xE0, 0x3E, 0x07, 0x70, 0xF3, 0xFE, 0x1F, 0x80, 0x33, 0x0F, 0x81, 0xE0, 0x00,
    0x1F, 0x1F, 0xE7, 0x1F, 0x87, 0xC0, 0x30, 0x0E, 0x03, 0x83, 0x71, 0xDF, 0xE1, 0xF0, 0x31, 0x03,
    0xB0, 0x1F, 0x00, 0xE0, 0x00, 0x0F, 0xF0, 0xFF, 0x8C, 0x1C, 0xC0, 0xEC, 0x06, 0xC0, 0x6C, 0x06,
    0xC0, 0x6C, 0x06, 0xC0, 0xEC, 0x0E, 0xC1, 0xCF, 0xF8, 0xFF, 0x00, 0x00, 0xC6, 0x01, 0x8C, 0x03,
    0x39, 0xF6, 0x67, 0xFC, 0x1E, 0x38, 0x38, 0x30, 0x60, 0x60, 0xC0, 0xC1, 0xC1, 0x83, 0x83, 0x07,
    0x8E, 0x07, 0xFC, 0x07, 0xD8, 0x00, 0x3F, 0xC0, 0xFF, 0x83, 0x0F, 0x0C, 0x0E, 0x30, 0x38, 0xC0,
    0x6F, 0xF1, 0xBF, 0xC6, 0x30, 0x18, 0xC0, 0xE3, 0x03, 0x8C, 0x3C, 0x3F, 0xE0, 0xFF, 0x00, 0x00,
    0xC0, 0x3F, 0x80, 0x38, 0x7D, 0x87, 0xFC, 0x78, 0xE3, 0x83, 0x18, 0x18, 0xC0, 0xC7, 0x06, 0x38,
    0x31, 0xE3, 0x87, 0xFC, 0x1F, 0x60, 0x3F, 0x0F, 0xC0, 0x00, 0x00, 0xFF, 0xFF, 0xFC, 0x03, 0x00,
    0xC0, 0x30, 0x0F, 0xFB, 0xFE, 0xC0, 0x30, 0x0C, 0x03, 0x00, 0xFF, 0xFF, 0xF0, 0x3F, 0x07, 0xE0,
    0x00, 0x0F, 0x87, 0xF8, 0xC3, 0xB8, 0x37, 0xFE, 0xFF, 0xD8, 0x03, 0x80, 0x38, 0xE7, 0xF8, 0x3E,
    0x00, 0x63, 0x3B, 0x8F, 0x83, 0x80, 0x07, 0xFF, 0xFF, 0x80, 0xC0, 0x60, 0x30, 0x18, 0x0F, 0xF7,
    0xFF, 0x01, 0x80, 0xC0, 0x60, 0x30, 0x1F, 0xFF, 0xF8, 0x33, 0x0C, 0xC1, 0xE0, 0x30, 0x00, 0x07,
    0x87, 0xF9, 0x86, 0xC0, 0xF0, 0x3F, 0xFF, 0xFF, 0xC0, 0x30, 0x06, 0x1D, 0xFE, 0x1F, 0x00, 0x1C,
    0x07, 0x01, 0xC0, 0x00, 0xFF, 0xFF, 0xFC, 0x03, 0x00, 0xC0, 0x30, 0x0F, 0xFB, 0xFE, 0xC0, 0x30,
    0x0C, 0x03, 0x00, 0xFF, 0xFF, 0xF0, 0x00, 0x01, 0x80, 0x30, 0x00, 0x01, 0xF0, 0xFF, 0x18, 0x77,
    0x06, 0xFF, 0xDF, 0xFB, 0x00, 0x70, 0x07, 0x1C, 0xFF, 0x07, 0xC0, 0xFF, 0xFF, 0xFC, 0x03, 0x00,
    0xC0, 0x3F, 0xEF, 0xFB, 0x00, 0xC0, 0x30, 0x0C, 0x03, 0x00, 0xFF, 0xFF, 0xF0, 0x18, 0x0E, 0x03,
    0xC0, 0x70, 0x1F, 0x0F, 0xF1, 0x87, 0x70, 0x6F, 0xFD, 0xFF, 0xB0, 0x07, 0x00, 0x71, 0xCF, 0xF0,
    0x7C, 0x03, 0x00, 0xC0, 0x1C, 0x03, 0x80, 0x23, 0x0D, 0xC1, 0xE0, 0x30, 0x00, 0x3F, 0xFF, 0xFF,
    0x00, 0xC0, 0x30, 0x0C, 0x03, 0xFE, 0xFF, 0xB0, 0x0C, 0x03, 0x00, 0xC0, 0x3F, 0xFF, 0xFC, 0x31,
    0x07, 0x60, 0x78, 0x07, 0x00, 0x00, 0x3E, 0x1F, 0xE3, 0x0E, 0xE0, 0xDF, 0xFB, 0xFF, 0x60, 0x0E,
    0x00, 0xE3, 0x9F, 0xE0, 0xF8, 0x02, 0x00, 0x3C, 0x03, 0x30, 0x00, 0x00, 0x00, 0x07, 0xC0, 0xFF,
    0x86, 0x0E, 0x60, 0x37, 0x00, 0xF0, 0x01, 0x80, 0x0C, 0x00, 0x60, 0xFF, 0x07, 0xF8, 0x03, 0xE0,
    0x1B, 0x01, 0xCC, 0x1C, 0x7F, 0xC0, 0xFC, 0x00, 0x0C, 0x07, 0x83, 0x10, 0x00, 0x00, 0x07, 0xB7,
    0xFD, 0x87, 0xC0, 0xF0, 0x3C, 0x0F, 0x03, 0xC0, 0xF0, 0x36, 0x1D, 0xFF, 0x3E, 0xC0, 0x36, 0x1D,
    0xFE, 0x3F, 0x00, 0x0F, 0xC1, 0xFF, 0x1C, 0x3C, 0xC0, 0x7E, 0x00, 0x70, 0x03, 0x07, 0xF8, 0x3F,
    0xE0, 0x3F, 0x01, 0xD8, 0x0C, 0xF1, 0xE3, 0xFE, 0x07, 0xE0, 0x3E, 0xCF, 0xFB, 0xC7, 0x70, 0x6C,
    0x0D, 0x81, 0xB8, 0x37, 0x06, 0xF1, 0xCF, 0xF8, 0xFB, 0x00, 0x6E, 0x1C, 0xFF, 0x0F, 0xC0, 0x07,
    0x00, 0x38, 0x01, 0xC0, 0x00, 0x00, 0xFC, 0x1F, 0xF1, 0xE3, 0xCC, 0x07, 0xE0, 0x07, 0x00, 0x30,
    0x7F, 0x83, 0xFE, 0x03, 0xF0, 0x1D, 0x80, 0xCF, 0x0E, 0x3F, 0xE0, 0x7E, 0x00, 0x00, 0x00, 0x60,
    0x06, 0x00, 0x00, 0x1F, 0x77, 0xFF, 0x70, 0xFE, 0x07, 0xE0, 0x7C, 0x07, 0xE0, 0x7E, 0x07, 0x70,
    0xF7, 0xFF, 0x1F, 0x70, 0x07, 0xF0, 0xE7, 0xFE, 0x3F, 0x80, 0x0F, 0xC1, 0xFF, 0x1C, 0x3C, 0xC0,
    0xFE, 0x00, 0x70, 0x03, 0x07, 0xF8, 0x3F, 0xE0, 0x3F, 0x01, 0xD8, 0x0C, 0xF1, 0xE3, 0xFE, 0x07,
    0xE0, 0x00, 0x00, 0xC0, 0x06, 0x00, 0x30, 0x01, 0x80, 0x06, 0x00, 0xC0, 0x18, 0x03, 0x00, 0x00,
    0x00, 0x0F, 0xB3, 0xFE, 0xF1, 0xDC, 0x1B, 0x03, 0x60, 0x6E, 0x0D, 0xC1, 0xBC, 0x73, 0xFE, 0x3E,
    0xC0, 0x1B, 0x87, 0x3F, 0xC3, 0xF0, 0x06, 0x00, 0xF0, 0x19, 0x81, 0x18, 0x00, 0x0C, 0x03, 0xC0,
    0x3C, 0x03, 0xC0, 0x3C, 0x03, 0xC0, 0x3C, 0x03, 0xFF, 0xFF, 0xFF, 0xC0, 0x3C, 0x03, 0xC0, 0x3C,
    0x03, 0xC0, 0x3C, 0x03, 0xC0, 0x30, 0x18, 0x03, 0xC0, 0x64, 0x04, 0x60, 0x00, 0x01, 0x80, 0x18,
    0x01, 0x80, 0x18, 0x01, 0xBC, 0x1F, 0xE1, 0xC7, 0x18, 0x31, 0x83, 0x18, 0x31, 0x83, 0x18, 0x31,
    0x83, 0x18, 0x31, 0x83, 0x18, 0x30, 0x30, 0x0C, 0x30, 0x0C, 0xFF, 0xFF, 0xFF, 0xFF, 0x30, 0x0C,
    0x30, 0x0C, 0x3F, 0xFC, 0x3F, 0xFC, 0x30, 0x0C, 0x30, 0x0C, 0x30, 0x0C, 0x30, 0x0C, 0x30, 0x0C,
    0x30, 0x0C, 0x30, 0x0F, 0xF0, 0x38, 0x03, 0x3C, 0x3F, 0xE3, 0xC7, 0x38, 0x73, 0x03, 0x30, 0x33,
    0x03, 0x30, 0x33, 0x03, 0x30, 0x33, 0x03, 0xEF, 0xF0, 0x00, 0x30, 0xC3, 0x0C, 0x30, 0xC3, 0x0C,
    0x30, 0xC3, 0x0C, 0x30, 0xC3, 0x0C, 0x47, 0xBF, 0xC0, 0x00, 0xC3, 0x0C, 0x30, 0xC3, 0x0C, 0x30,
    0xC3, 0x0C, 0x30, 0xFF, 0xF0, 0x00, 0x30, 0xC3, 0x0C, 0x30, 0xC3, 0x0C, 0x30, 0xC3, 0x0C, 0x30,
    0xC0, 0xFF, 0xF0, 0x0C, 0x30, 0xC3, 0x0C, 0x30, 0xC3, 0x0C, 0x30, 0xC0, 0xCF, 0x37, 0x8C, 0x00,
    0xC3, 0x0C, 0x30, 0xC3, 0x0C, 0x30, 0xC3, 0x0C, 0x30, 0xC3, 0x0C, 0x30, 0xCF, 0x37, 0x8C, 0x00,
    0xC3, 0x0C, 0x30, 0xC3, 0x0C, 0x30, 0xC3, 0x0C, 0x30, 0x66, 0x66, 0x66, 0x66, 0x66, 0x66, 0x66,
    0x6C, 0xEE, 0x06, 0x60, 0x66, 0x66, 0x66, 0x66, 0x66, 0x66, 0xCE, 0xE0, 0xFF, 0x86, 0xDB, 0x6D,
    0xB6, 0xDB, 0x6C, 0xDB, 0x6D, 0xB6, 0xDB, 0x00, 0xC0, 0x0D, 0x80, 0x1B, 0x00, 0x36, 0x00, 0x6C,
    0x00, 0xD8, 0x01, 0xB0, 0x03, 0x60, 0x06, 0xC0, 0x0D, 0x80, 0x1B, 0x1C, 0x36, 0x38, 0xEC, 0x3F,
    0x98, 0x3E, 0x00, 0x00, 0x61, 0xB0, 0xC0, 0x0C, 0x36, 0x1B, 0x0D, 0x86, 0xC3, 0x61, 0xB0, 0xD8,
    0x6C, 0x36, 0x1B, 0x0C, 0x06, 0x07, 0x0F, 0x87, 0x80, 0x01, 0x80, 0x3C, 0x06, 0x60, 0x00, 0x00,
    0x00, 0x18, 0x01, 0x80, 0x18, 0x01, 0x80, 0x18, 0x01, 0x80, 0x18, 0x01, 0x80, 0x18, 0x01, 0x8C,
    0x18, 0xC1, 0x8C, 0x18, 0xE3, 0x87, 0xF0, 0x3E, 0x00, 0x18, 0x3C, 0x66, 0x00, 0x00, 0x18, 0x18,
    0x18, 0x18, 0x18, 0x18, 0x18, 0x18, 0x18, 0x18, 0x18, 0x18, 0x18, 0x18, 0x70, 0x70, 0xC0, 0xEC,
    0x1C, 0xC3, 0x8C, 0x70, 0xCE, 0x0D, 0xC0, 0xFE, 0x0F, 0xE0, 0xE7, 0x0E, 0x38, 0xC3, 0xCC, 0x1C,
    0xC0, 0xEC, 0x0F, 0x00, 0x00, 0xC0, 0x0C, 0x00, 0xC0, 0x0C, 0x00, 0xC0, 0x30, 0x0C, 0x03, 0x0E,
    0xC7, 0x33, 0x8D, 0xC3, 0xE0, 0xFC, 0x3F, 0x0C, 0xE3, 0x1C, 0xC3, 0xB0, 0x70, 0x00, 0x60, 0x18,
    0x06, 0x01, 0x80, 0xC3, 0xB0, 0xCC, 0x63, 0x30, 0xD8, 0x3E, 0x0D, 0x83, 0x70, 0xCC, 0x31, 0x8C,
    0x33, 0x0E, 0x38, 0x0C, 0x06, 0x01, 0x00, 0x00, 0x30, 0x0C, 0x03, 0x00, 0xC0, 0x30, 0x0C, 0x03,
    0x00, 0xC0, 0x30, 0x0C, 0x03, 0x00, 0xE0, 0x3F, 0xFF, 0xFC, 0x18, 0xC6, 0x10, 0x03, 0x0C, 0x30,
    0xC3, 0x0C, 0x30, 0xC3, 0x0C, 0x30, 0xE3, 0xE7, 0x80, 0xC0, 0x30, 0x0C, 0x03, 0x00, 0xC0, 0x30,
    0x0C, 0x03, 0x00, 0xC0, 0x30, 0x0C, 0x03, 0x80, 0xFF, 0xFF, 0xF0, 0x00, 0x60, 0x18, 0x06, 0x01,
    0x80, 0xC6, 0x31, 0x8C, 0x63, 0x18, 0xC6, 0x31, 0xCF, 0xBC, 0x0C, 0x63, 0x10, 0xC0, 0xF0, 0x3C,
    0x1F, 0x06, 0xC0, 0x30, 0x0C, 0x03, 0x00, 0xC0, 0x30, 0x0C, 0x03, 0x80, 0xFF, 0xFF, 0xF0, 0xCD,
    0x9B, 0x36, 0x4C, 0x18, 0x30, 0x60, 0xC1, 0x83, 0x07, 0x0F, 0x0E, 0x00, 0xC0, 0x60, 0x30, 0x18,
    0x0C, 0x06, 0x63, 0x39, 0x9C, 0xC0, 0x60, 0x30, 0x18, 0x0C, 0x06, 0x03, 0xFF, 0xFF, 0xC3, 0x0C,
    0x30, 0xC3, 0x0C, 0x37, 0xDF, 0x3C, 0x30, 0xC3, 0x0C, 0x30, 0x30, 0x03, 0x00, 0x30, 0x03, 0x00,
    0x33, 0x03, 0xF0, 0x3E, 0x07, 0x80, 0xF0, 0x0B, 0x00, 0x30, 0x03, 0x80, 0x3F, 0xF3, 0xFF, 0x30,
    0x60, 0xC1, 0x83, 0xE7, 0x9C, 0x78, 0x30, 0x60, 0xC1, 0xC3, 0xE3, 0xC0, 0x01, 0xC0, 0x38, 0x03,
    0x00, 0x60, 0x00, 0x0E, 0x03, 0xE0, 0x3F, 0x03, 0xF8, 0x3F, 0xC3, 0xDC, 0x3C, 0xE3, 0xC7, 0x3C,
    0x3B, 0xC3, 0xFC, 0x1F, 0xC0, 0xFC, 0x07, 0xC0, 0x70, 0x03, 0x81, 0xC0, 0xE0, 0x00, 0xCF, 0x3F,
    0xEF, 0x1F, 0x87, 0xC0, 0xF0, 0x3C, 0x0F, 0x03, 0xC0, 0xF0, 0x3C, 0x0C, 0xE0, 0x3E, 0x03, 0xF0,
    0x3F, 0x83, 0xFC, 0x3D, 0xC3, 0xCE, 0x3C, 0x73, 0xC3, 0xBC, 0x3F, 0xC1, 0xFC, 0x0F, 0xC0, 0x7C,
    0x07, 0x00, 0x00, 0x60, 0x06, 0x00, 0x60, 0x06, 0x00, 0xCF, 0x3F, 0xEF, 0x1F, 0x87, 0xC0, 0xF0,
    0x3C, 0x0F, 0x03, 0xC0, 0xF0, 0x3C, 0x0C, 0x00, 0x0C, 0x03, 0x00, 0xC0, 0x20, 0x10, 0x81, 0xF8,
    0x0F, 0x00, 0x60, 0x00, 0x0E, 0x03, 0xE0, 0x3F, 0x03, 0xF8, 0x3F, 0xC3, 0xDC, 0x3C, 0xE3, 0xC7,
    0x3C, 0x3B, 0xC3, 0xFC, 0x1F, 0xC0, 0xFC, 0x07, 0xC0, 0x70, 0x33, 0x07, 0x81, 0xE0, 0x00, 0xCF,
    0x3F, 0xEF, 0x1F, 0x87, 0xC0, 0xF0, 0x3C, 0x0F, 0x03, 0xC0, 0xF0, 0x3C, 0x0C, 0xE0, 0x3E, 0x03,
    0xF0, 0x3F, 0x87, 0xFC, 0x7C, 0xC7, 0xCE, 0x7C, 0x77, 0xC3, 0xFC, 0x3F, 0xC1, 0xFC, 0x0F, 0xC0,
    0x7C, 0x07, 0x00, 0x30, 0x07, 0x01, 0xF0, 0x1E, 0xCF, 0x3F, 0xEF, 0x1F, 0x87, 0xC0, 0xF0, 0x3C,
    0x0F, 0x03, 0xC0, 0xF0, 0x7C, 0x1C, 0x03, 0x01, 0xC1, 0xF0, 0x78, 0x0F, 0xC0, 0x3F, 0x00, 0x00,
    0x00, 0x00, 0x0F, 0xC0, 0xFF, 0x87, 0x87, 0x18, 0x0E, 0xE0, 0x1B, 0x80, 0x6C, 0x01, 0xB0, 0x06,
    0xE0, 0x1B, 0x80, 0x66, 0x03, 0x9E, 0x1C, 0x3F, 0xE0, 0x3F, 0x00, 0x3F, 0x07, 0xE0, 0x00, 0x0F,
    0x87, 0xFC, 0xE3, 0xB8, 0x3E, 0x03, 0xC0, 0x7C, 0x1F, 0x83, 0xB8, 0xE7, 0xFC, 0x3E, 0x00, 0x18,
    0xC0, 0xE6, 0x03, 0xE0, 0x0E, 0x00, 0x00, 0x07, 0xC0, 0xFF, 0x8E, 0x0E, 0x60, 0x37, 0x01, 0xF0,
    0x07, 0x80, 0x3C, 0x01, 0xE0, 0x0F, 0x00, 0x78, 0x03, 0xE0, 0x3B, 0x01, 0x9C, 0x1C, 0x7F, 0xC0,
    0xF8, 0x00, 0x33, 0x0C, 0xC1, 0xE0, 0x30, 0x00, 0x07, 0x87, 0xF9, 0x86, 0xC0, 0xF0, 0x3C, 0x0F,
    0x03, 0xC0, 0xF0, 0x36, 0x19, 0xFE, 0x1E, 0x00, 0x03, 0xB0, 0x1D, 0x80, 0xEC, 0x00, 0x00, 0x0F,
    0xC0, 0xFF, 0x87, 0x87, 0x18, 0x0E, 0xE0, 0x1B, 0x80, 0x6C, 0x01, 0xB0, 0x06, 0xE0, 0x1B, 0x80,
    0x66, 0x03, 0x9E, 0x1C, 0x3F, 0xE0, 0x3F, 0x00, 0x0E, 0x61, 0xCC, 0x39, 0x80, 0x00, 0x1F, 0x07,
    0xFC, 0x71, 0xCE, 0x0E, 0xC0, 0x6C, 0x06, 0xE0, 0xEE, 0x0E, 0x71, 0xC7, 0xFC, 0x1F, 0x00, 0x0F,
    0xDF, 0xF9, 0xFF, 0xFF, 0xDE, 0x1E, 0x00, 0xC0, 0x70, 0x0E, 0x01, 0x80, 0x70, 0x0F, 0xFB, 0x00,
    0x7F, 0xD8, 0x03, 0x00, 0xE0, 0x18, 0x07, 0x01, 0xC0, 0x18, 0x0E, 0x00, 0xF0, 0xF0, 0x03, 0xFF,
    0xFF, 0x87, 0xEF, 0xFC, 0x1F, 0x1F, 0x8F, 0xFF, 0xF9, 0xC7, 0xC3, 0xF0, 0x70, 0x7C, 0x07, 0xFF,
    0x80, 0xFF, 0xF8, 0x38, 0x07, 0x07, 0x00, 0x71, 0xF0, 0xEF, 0xFF, 0xF8, 0x7C, 0x7E, 0x00, 0x01,
    0x80, 0x38, 0x06, 0x00, 0x40, 0x00, 0x0F, 0xF8, 0xFF, 0xCC, 0x1E, 0xC0, 0xEC, 0x06, 0xC0, 0xEC,
    0x1E, 0xFF, 0xCF, 0xF8, 0xC3, 0x8C, 0x38, 0xC1, 0xCC, 0x0E, 0xC0, 0xE0, 0x0C, 0x30, 0xC0, 0x0D,
    0xDF, 0xB8, 0x70, 0xC1, 0x83, 0x06, 0x0C, 0x18, 0x30, 0x00, 0xFF, 0x1F, 0xF3, 0x07, 0x60, 0x6C,
    0x0D, 0x81, 0xB0, 0x77, 0xFC, 0xFF, 0x18, 0x63, 0x0E, 0x60, 0xCC, 0x1D, 0x81, 0xC0, 0x00, 0x60,
    0x0C, 0x01, 0x80, 0x30, 0x00, 0xDF, 0xFE, 0x38, 0xC3, 0x0C, 0x30, 0xC3, 0x0C, 0x00, 0xC3, 0x0C,
    0x30, 0x31, 0x03, 0xB0, 0x1E, 0x00, 0xC0, 0x00, 0x0F, 0xF8, 0xFF, 0xCC, 0x1E, 0xC0, 0xEC, 0x06,
    0xC0, 0xEC, 0x1E, 0xFF, 0xCF, 0xF8, 0xC3, 0x8C, 0x38, 0xC1, 0xCC, 0x0E, 0xC0, 0xE0, 0xE6, 0xF8,
    0xE0, 0x06, 0xEF, 0xDC, 0x38, 0x60, 0xC1, 0x83, 0x06, 0x0C, 0x18, 0x00, 0x01, 0xC0, 0x18, 0x03,
    0x80, 0x70, 0x00, 0x01, 0xFC, 0x3F, 0xE7, 0x07, 0x60, 0x07, 0x00, 0x7C, 0x03, 0xF8, 0x0F, 0xE0,
    0x0F, 0x00, 0x76, 0x03, 0x70, 0x73, 0xFE, 0x1F, 0xC0, 0x03, 0x80, 0x60, 0x18, 0x00, 0x01, 0xF0,
    0xFF, 0x1C, 0x73, 0x80, 0x7C, 0x07, 0xF0, 0x0F, 0x00, 0x67, 0x1C, 0xFF, 0x87, 0xE0, 0x06, 0x00,
    0xF0, 0x19, 0x80, 0x00, 0x00, 0x00, 0xF8, 0x3F, 0xE7, 0x07, 0x60, 0x36, 0x00, 0x60, 0x03, 0x80,
    0x1F, 0x80, 0x7C, 0x00, 0xE0, 0x03, 0x00, 0x36, 0x03, 0x70, 0x63, 0xFE, 0x1F, 0x80, 0x0E, 0x07,
    0xC3, 0x30, 0x00, 0x00, 0x07, 0xC3, 0xF9, 0x87, 0x60, 0x1C, 0x03, 0xE0, 0x3E, 0x01, 0xC0, 0x36,
    0x1D, 0xFE, 0x1F, 0x00, 0x1F, 0x83, 0xFE, 0x70, 0xE6, 0x06, 0x70, 0x07, 0xC0, 0x3F, 0x80, 0xFE,
    0x00, 0xF0, 0x07, 0x60, 0x37, 0x07, 0x3F, 0xE1, 0xFC, 0x03, 0x00, 0x38, 0x0F, 0x80, 0xF0, 0x1F,
    0x0F, 0xF1, 0xC7, 0x38, 0x07, 0xC0, 0x7F, 0x00, 0xF0, 0x06, 0x71, 0xCF, 0xF8, 0x7E, 0x03, 0x00,
    0x70, 0x1E, 0x03, 0x80, 0x19, 0xC1, 0xF8, 0x0F, 0x80, 0x70, 0x00, 0x01, 0xFC, 0x3F, 0xE7, 0x07,
    0x60, 0x07, 0x00, 0x7C, 0x03, 0xF8, 0x0F, 0xE0, 0x0F, 0x00, 0x76, 0x07, 0x70, 0xF3, 0xFE, 0x1F,
    0xC0, 0x3B, 0x83, 0xE0, 0x38, 0x00, 0x01, 0xF0, 0xFF, 0x1C, 0x73, 0x80, 0x7C, 0x07, 0xF0, 0x0F,
    0x00, 0x67, 0x1C, 0xFF, 0x87, 0xE0, 0xFF, 0xFF, 0xFC, 0x18, 0x03, 0x00, 0x60, 0x0C, 0x01, 0x80,
    0x30, 0x06, 0x00, 0xC0, 0x18, 0x03, 0x00, 0x60, 0x0C, 0x01, 0x80, 0x30, 0x06, 0x00, 0xE0, 0x04,
    0x03, 0x80, 0x30, 0x60, 0xC7, 0xE7, 0xC6, 0x0C, 0x18, 0x30, 0x60, 0xC1, 0x83, 0x07, 0x87, 0x04,
    0x0E, 0x0C, 0x78, 0x18, 0x81, 0xF8, 0x0F, 0x00, 0x60, 0x00, 0x0F, 0xFF, 0xFF, 0xF0, 0x60, 0x06,
    0x00, 0x60, 0x06, 0x00, 0x60, 0x06, 0x00, 0x60, 0x06, 0x00, 0x60, 0x06, 0x00, 0x60, 0x06, 0x00,
    0x06, 0x06, 0x06, 0x34, 0x30, 0xFE, 0xFE, 0x30, 0x30, 0x30, 0x30, 0x30, 0x30, 0x30, 0x3E, 0x1E,
    0xFF, 0xFF, 0xFC, 0x18, 0x03, 0x00, 0x60, 0x0C, 0x01, 0x81, 0xFE, 0x3F, 0xC0, 0xC0, 0x18, 0x03,
    0x00, 0x60, 0x0C, 0x01, 0x80, 0x30, 0x30, 0x60, 0xC7, 0xE7, 0xC6, 0x0C, 0x7E, 0x7C, 0x60, 0xC1,
    0x83, 0x07, 0x87, 0x00, 0x08, 0x81, 0xF8, 0x13, 0x80, 0x00, 0x00, 0x0C, 0x03, 0xC0, 0x3C, 0x03,
    0xC0, 0x3C, 0x03, 0xC0, 0x3C, 0x03, 0xC0, 0x3C, 0x03, 0xC0, 0x3C, 0x03, 0xC0, 0x3E, 0x07, 0x60,
    0xE3, 0xFC, 0x1F, 0x80, 0x12, 0x1D, 0x0B, 0x80, 0x00, 0x06, 0x0F, 0x07, 0x83, 0xC1, 0xE0, 0xF0,
    0x78, 0x3C, 0x1E, 0x0F, 0x8E, 0xFF, 0x3D, 0x80, 0x1F, 0x81, 0xF8, 0x00, 0x00, 0x00, 0xC0, 0x3C,
    0x03, 0xC0, 0x3C, 0x03, 0xC0, 0x3C, 0x03, 0xC0, 0x3C, 0x03, 0xC0, 0x3E, 0x07, 0xE0, 0x77, 0x0E,
    0x7F, 0xE1, 0xF8, 0x3F, 0x0F, 0xC0, 0x03, 0x06, 0xC1, 0xB0, 0x6C, 0x1B, 0x06, 0xC1, 0xB0, 0x6E,
    0x1B, 0x8E, 0x7F, 0x8F, 0x60, 0xC0, 0x3C, 0x03, 0xC0, 0x3C, 0x03, 0xC0, 0x3C, 0x03, 0xC0, 0x3C,
    0x03, 0xC0, 0x3E, 0x07, 0xE0, 0x77, 0x0E, 0x7F, 0xE1, 0xF8, 0x33, 0x0F, 0xC0, 0x00, 0x00, 0xC1,
    0xB0, 0x6C, 0x1B, 0x06, 0xC1, 0xB0, 0x6C, 0x1B, 0x86, 0xE3, 0x9F, 0xE3, 0xD8, 0x0F, 0x01, 0xF8,
    0x19, 0x81, 0xF8, 0x0F, 0x00, 0x00, 0xC0, 0x3C, 0x03, 0xC0, 0x3C, 0x03, 0xC0, 0x3C, 0x03, 0xC0,
    0x3C, 0x03, 0xC0, 0x3E, 0x07, 0xE0, 0x77, 0x0E, 0x7F, 0xE1, 0xF8, 0x1E, 0x0F, 0xC3, 0x30, 0xFC,
    0x1E, 0x00, 0x0C, 0x1B, 0x06, 0xC1, 0xB0, 0x6C, 0x1B, 0x06, 0xC1, 0xB8, 0x6E, 0x39, 0xFE, 0x3D,
    0x80, 0x07, 0x70, 0x77, 0x03, 0x60, 0x00, 0x0C, 0x03, 0x60, 0x1B, 0x00, 0xD8, 0x06, 0xC0, 0x36,
    0x01, 0xB0, 0x0D, 0x80, 0x6C, 0x03, 0x70, 0x3B, 0x81, 0xCE, 0x1C, 0x7F, 0xE0, 0xFC, 0x00, 0x1C,
    0xC3, 0x30, 0xCC, 0x00, 0x0C, 0x19, 0x83, 0x30, 0x66, 0x0C, 0xC1, 0x98, 0x33, 0x06, 0x70, 0xCE,
    0x38, 0xFF, 0x0F, 0x60, 0xC0, 0x3C, 0x03, 0xC0, 0x3C, 0x03, 0xC0, 0x3C, 0x03, 0xC0, 0x3C, 0x03,
    0xC0, 0x3E, 0x07, 0xE0, 0x77, 0x0E, 0x7F, 0xE1, 0xF8, 0x06, 0x00, 0xC0, 0x0F, 0x00, 0xF0, 0xC1,
    0xB0, 0x6C, 0x1B, 0x06, 0xC1, 0xB0, 0x6C, 0x1B, 0x86, 0xE3, 0x9F, 0xE3, 0xD8, 0x06, 0x03, 0x00,
    0xE0, 0x38, 0x00, 0x60, 0x00, 0x0F, 0x00, 0x01, 0xF8, 0x00, 0x18, 0x80, 0x00, 0x00, 0x06, 0x06,
    0x07, 0x70, 0xF0, 0x67, 0x0F, 0x06, 0x70, 0xF0, 0xE3, 0x0F, 0x8E, 0x39, 0xD8, 0xC3, 0x99, 0x9C,
    0x39, 0x9D, 0xC1, 0xB9, 0xD8, 0x1F, 0x0F, 0x81, 0xF0, 0xF8, 0x0F, 0x0F, 0x80, 0xE0, 0x70, 0x0E,
    0x07, 0x00, 0x01, 0xC0, 0x01, 0xF0, 0x01, 0xCC, 0x00, 0x00, 0x06, 0x1C, 0x3B, 0x8E, 0x19, 0xC7,
    0x8C, 0xE7, 0xCE, 0x33, 0x67, 0x1D, 0xBB, 0x0F, 0xCD, 0x83, 0xC7, 0xC1, 0xE3, 0xC0, 0xF0, 0xE0,
    0x70, 0x70, 0x07, 0x80, 0x1E, 0x00, 0xCC, 0x00, 0x00, 0x70, 0x39, 0xC0, 0xE3, 0x87, 0x07, 0x1C,
    0x1C, 0xE0, 0x3B, 0x00, 0x7C, 0x01, 0xE0, 0x03, 0x80, 0x0C, 0x00, 0x30, 0x00, 0xC0, 0x03, 0x00,
    0x0C, 0x00, 0x06, 0x00, 0x38, 0x03, 0xE0, 0x33, 0x80, 0x00, 0x38, 0x39, 0xC1, 0xC6, 0x0C, 0x38,
    0xE0, 0xC6, 0x07, 0x30, 0x1B, 0x80, 0xF8, 0x07, 0xC0, 0x1C, 0x00, 0xE0, 0x07, 0x00, 0x30, 0x07,
    0x80, 0x38, 0x00, 0x1C, 0xC0, 0x73, 0x01, 0xCC, 0x00, 0x00, 0xF0, 0x39, 0xC0, 0xC3, 0x87, 0x0F,
    0x18, 0x1C, 0xE0, 0x3B, 0x00, 0xFC, 0x01, 0xE0, 0x03, 0x80, 0x0C, 0x00, 0x30, 0x00, 0xC0, 0x03,
    0x00, 0x0C, 0x00, 0x01, 0x80, 0x70, 0x1C, 0x03, 0x00, 0x01, 0xFF, 0xFF, 0xF8, 0x0F, 0x01, 0xC0,
    0x70, 0x1C, 0x07, 0x00, 0xE0, 0x38, 0x0E, 0x03, 0x80, 0xF0, 0x1F, 0xFF, 0xFF, 0x80, 0x07, 0x03,
    0x03, 0x00, 0x0F, 0xFF, 0xFC, 0x0C, 0x0E, 0x0E, 0x0E, 0x0E, 0x0E, 0x06, 0x07, 0xFF, 0xFE, 0x0E,
    0x01, 0xC0, 0x38, 0x00, 0x0F, 0xFF, 0xFF, 0xC0, 0x78, 0x0E, 0x03, 0x80, 0xE0, 0x38, 0x0F, 0x01,
    0xC0, 0x70, 0x1C, 0x07, 0x80, 0xFF, 0xFF, 0xFC, 0x00, 0x06, 0x03, 0x00, 0x0F, 0xFF, 0xFC, 0x0E,
    0x0E, 0x0E, 0x0E, 0x0E, 0x0F, 0x07, 0x07, 0xFF, 0xFE, 0x11, 0x83, 0x70, 0x7C, 0x07, 0x00, 0x01,
    0xFF, 0xFF, 0xF8, 0x0F, 0x01, 0xC0, 0x70, 0x1C, 0x07, 0x00, 0xE0, 0x38, 0x0E, 0x03, 0x80, 0xF0,
    0x1F, 0xFF, 0xFF, 0x80, 0x73, 0x1F, 0x07, 0x00, 0x0F, 0xFF, 0xFC, 0x0C, 0x0E, 0x0E, 0x0E, 0x0E,
    0x0E, 0x06, 0x07, 0xFF, 0xFE, 0x33, 0xF9, 0x8C, 0x63, 0x18, 0xC6, 0x31, 0x8C, 0x63, 0x18, 0xC0,
    0x00, 0x0C, 0x00, 0x30, 0xFF, 0xC7, 0xFE, 0x30, 0x71, 0x80, 0x6E, 0x01, 0xB0, 0x03, 0xC0, 0x0F,
    0x00, 0x3C, 0x00, 0xF0, 0x03, 0xC0, 0x0F, 0x80, 0x66, 0x01, 0x8C, 0x1C, 0x1F, 0xE0, 0x3F, 0x00,
    0x00, 0x60, 0x0C, 0x01, 0x8F, 0xF7, 0xF8, 0xC3, 0x30, 0x36, 0x06, 0xC0, 0xD8, 0x1B, 0x03, 0x60,
    0x66, 0x18, 0xFF, 0x07, 0x80, 0x00, 0x0C, 0x00, 0x30, 0x00, 0xF0, 0x0F, 0xC0, 0x3B, 0x00, 0xCC,
    0x03, 0x30, 0x0C, 0xC0, 0x33, 0x00, 0xCC, 0x03, 0x30, 0x0C, 0xC0, 0x33, 0x00, 0xCC, 0x03, 0x38,
    0x1C, 0x60, 0xE0, 0xFF, 0x01, 0xF8, 0x00, 0x00, 0x60, 0x0C, 0x01, 0xE0, 0xFC, 0x1D, 0x83, 0x30,
    0x66, 0x0C, 0xC1, 0x98, 0x33, 0x06, 0x60, 0xCE, 0x38, 0xFF, 0x0F, 0x60, 0x00, 0x00, 0x89, 0xFE,
    0x01, 0xB3, 0xFF, 0x01, 0xC6, 0x07, 0x00, 0x0C, 0x06, 0x00, 0x18, 0x0E, 0x7F, 0xF0, 0x0C, 0xFF,
    0xE0, 0x18, 0x06, 0xC0, 0x30, 0x1D, 0x80, 0x60, 0x73, 0x00, 0xC0, 0xC6, 0x01, 0x83, 0x0C, 0x07,
    0x0E, 0x18, 0x0C, 0x38, 0x30, 0x30, 0x60, 0x7F, 0xE1, 0xFF, 0xFF, 0x03, 0xFE, 0x00, 0x03, 0x18,
    0x03, 0x06, 0xC0, 0x0C, 0x0E, 0x00, 0x30, 0x00, 0x00, 0xC0, 0x00, 0x7B, 0x1F, 0xF7, 0xFC, 0x7F,
    0xD8, 0x70, 0x06, 0xC0, 0xC0, 0x3B, 0x03, 0x01, 0xCC, 0x0C, 0x06, 0x30, 0x30, 0x38, 0xC0, 0xC1,
    0xC3, 0x03, 0x0E, 0x06, 0x1C, 0x30, 0x1F, 0xF1, 0xFF, 0x1E, 0xC7, 0xFC, 0xC0, 0x00, 0x3C, 0x00,
    0x03, 0xC0, 0x00, 0x3C, 0x00, 0x03, 0xC0, 0x00, 0x3C, 0x00, 0x03, 0xC0, 0x00, 0x3C, 0x00, 0x03,
    0xC0, 0x00, 0x3C, 0x00, 0x03, 0xC0, 0x10, 0x3C, 0x01, 0x83, 0xC0, 0x18, 0x3C, 0x01, 0xC7, 0xFF,
    0x8F, 0xEF, 0xF8, 0x7C, 0x00, 0x0B, 0x00, 0x7C, 0x01, 0xF0, 0x00, 0xC0, 0x03, 0x00, 0x6C, 0x01,
    0xB0, 0x06, 0xC0, 0x1B, 0x00, 0x6C, 0x01, 0xB0, 0x06, 0xC0, 0x1B, 0x00, 0x6C, 0x01, 0xBF, 0xE6,
    0xFF, 0x98, 0x00, 0x60, 0x01, 0x80, 0x0E, 0x00, 0x70, 0x05, 0x9F, 0x3E, 0x0C, 0x18, 0xF1, 0xE3,
    0xC7, 0x8F, 0x1E, 0x3C, 0x78, 0xF1, 0xE3, 0xC6, 0x0C, 0x18, 0xE1, 0xC0, 0xE0, 0x30, 0x03, 0xE0,
    0x30, 0x03, 0xF0, 0x30, 0x03, 0xF8, 0x30, 0x03, 0xD8, 0x30, 0x03, 0xDC, 0x30, 0x03, 0xCC, 0x30,
    0x03, 0xCE, 0x30, 0x03, 0xC7, 0x30, 0x03, 0xC3, 0x30, 0x03, 0xC3, 0xB1, 0x83, 0xC1, 0xB1, 0x83,
    0xC1, 0xF1, 0x83, 0xC0, 0xF1, 0xC7, 0xC0, 0x70, 0xFE, 0xC0, 0x70, 0x7C, 0x00, 0x00, 0xB8, 0x0C,
    0x7E, 0x03, 0x1F, 0xC0, 0xC0, 0xF8, 0x30, 0x36, 0x0C, 0x6D, 0xC3, 0x1B, 0x30, 0xC6, 0xCE, 0x31,
    0xB1, 0xCC, 0x6C, 0x33, 0x1B, 0x0E, 0xC6, 0xC1, 0xB1, 0xB0, 0x7C, 0x6C, 0x0F, 0x1B, 0x01, 0xC6,
    0xC0, 0x71, 0x80, 0x00, 0x60, 0x00, 0x18, 0x00, 0x0E, 0x00, 0x07, 0x00, 0x00, 0x04, 0x00, 0x1C,
    0x00, 0x38, 0x00, 0x00, 0x00, 0x1B, 0xC1, 0xBF, 0xC3, 0x71, 0xC6, 0xC1, 0x8D, 0x83, 0x1B, 0x06,
    0x36, 0x0C, 0x6C, 0x18, 0xD8, 0x31, 0xB0, 0x63, 0x60, 0xC6, 0xC1, 0x8C, 0x00, 0x18, 0x00, 0x30,
    0x01, 0xE0, 0x03, 0x80, 0x08, 0x40, 0x33, 0x00, 0x78, 0x00, 0xC0, 0x00, 0x00, 0x0C, 0x00, 0x78,
    0x01, 0xE0, 0x0F, 0x80, 0x33, 0x00, 0xCC, 0x07, 0x38, 0x18, 0x60, 0x61, 0x83, 0x87, 0x0F, 0xFC,
    0x3F, 0xF1, 0xC0, 0xE6, 0x01, 0x98, 0x06, 0xE0, 0x1C, 0x33, 0x1B, 0x07, 0x00, 0x00, 0x01, 0xF1,
    0xFD, 0xC3, 0x01, 0x80, 0xCF, 0xEF, 0xBC, 0x1E, 0x0F, 0x0E, 0xFF, 0x3D, 0x80, 0x46, 0x6C, 0x3C,
    0x18, 0x00, 0x18, 0x18, 0x18, 0x18, 0x18, 0x18, 0x18, 0x18, 0x18, 0x18, 0x18, 0x18, 0x18, 0x18,
    0x18, 0x18, 0x46, 0x66, 0x3C, 0x18, 0x00, 0x18, 0x18, 0x18, 0x18, 0x18, 0x18, 0x18, 0x18, 0x18,
    0x18, 0x18, 0x18, 0x08, 0x80, 0x6C, 0x01, 0xC0, 0x00, 0x00, 0x00, 0x07, 0xC0, 0xFF, 0x8E, 0x0E,
    0x60, 0x37, 0x01, 0xF0, 0x07, 0x80, 0x3C, 0x01, 0xE0, 0x0F, 0x00, 0x78, 0x03, 0xE0, 0x3B, 0x01,
    0x9C, 0x1C, 0x7F, 0xC0, 0xF8, 0x00, 0x33, 0x07, 0x80, 0xC0, 0x00, 0x00, 0x07, 0x87, 0xF9, 0x86,
    0xC0, 0xF0, 0x3C, 0x0F, 0x03, 0xC0, 0xF0, 0x36, 0x19, 0xFE, 0x1E, 0x00, 0x11, 0x81, 0xB0, 0x0E,
    0x00, 0x00, 0x00, 0x0C, 0x03, 0xC0, 0x3C, 0x03, 0xC0, 0x3C, 0x03, 0xC0, 0x3C, 0x03, 0xC0, 0x3C,
    0x03, 0xC0, 0x3C, 0x03, 0xC0, 0x3E, 0x07, 0x60, 0xE3, 0xFC, 0x1F, 0x80, 0x22, 0x1B, 0x07, 0x01,
    0x00, 0x06, 0x0F, 0x07, 0x83, 0xC1, 0xE0, 0xF0, 0x78, 0x3C, 0x1E, 0x0F, 0x8E, 0xFF, 0x3D, 0x80,
    0x1F, 0x81, 0xF8, 0x00, 0x01, 0x98, 0x19, 0x81, 0x98, 0x00, 0x0C, 0x03, 0xC0, 0x3C, 0x03, 0xC0,
    0x3C, 0x03, 0xC0, 0x3C, 0x03, 0xC0, 0x3C, 0x03, 0xC0, 0x3C, 0x03, 0xC0, 0x3E, 0x07, 0x60, 0xE3,
    0xFC, 0x1F, 0x80, 0x3F, 0x1F, 0x80, 0x0C, 0x66, 0x33, 0x18, 0x01, 0x83, 0xC1, 0xE0, 0xF0, 0x78,
    0x3C, 0x1E, 0x0F, 0x07, 0x83, 0xE3, 0xBF, 0xCF, 0x60, 0x03, 0x00, 0x30, 0x06, 0x00, 0x00, 0x19,
    0x81, 0x98, 0x00, 0x00, 0x00, 0xC0, 0x3C, 0x03, 0xC0, 0x3C, 0x03, 0xC0, 0x3C, 0x03, 0xC0, 0x3C,
    0x03, 0xC0, 0x3C, 0x03, 0xC0, 0x3C, 0x03, 0xE0, 0x76, 0x0E, 0x3F, 0xC1, 0xF8, 0x06, 0x06, 0x02,
    0x00, 0x06, 0x33, 0x19, 0x8C, 0x00, 0xC1, 0xE0, 0xF0, 0x78, 0x3C, 0x1E, 0x0F, 0x07, 0x83, 0xC1,
    0xF1, 0xDF, 0xE7, 0xB0, 0x19, 0x80, 0xF0, 0x06, 0x00, 0x00, 0x19, 0x81, 0x98, 0x00, 0x00, 0x00,
    0xC0, 0x3C, 0x03, 0xC0, 0x3C, 0x03, 0xC0, 0x3C, 0x03, 0xC0, 0x3C, 0x03, 0xC0, 0x3C, 0x03, 0xC0,
    0x3C, 0x03, 0xE0, 0x76, 0x0E, 0x3F, 0xC1, 0xF8, 0x63, 0x1F, 0x07, 0x00, 0x06, 0x33, 0x19, 0x8C,
    0x00, 0xC1, 0xE0, 0xF0, 0x78, 0x3C, 0x1E, 0x0F, 0x07, 0x83, 0xC1, 0xF1, 0xDF, 0xE7, 0xB0, 0x08,
    0x00, 0xC0, 0x06, 0x00, 0x00, 0x19, 0x81, 0x98, 0x19, 0x80, 0x00, 0xC0, 0x3C, 0x03, 0xC0, 0x3C,
    0x03, 0xC0, 0x3C, 0x03, 0xC0, 0x3C, 0x03, 0xC0, 0x3C, 0x03, 0xC0, 0x3C, 0x03, 0xE0, 0x76, 0x0E,
    0x3F, 0xC1, 0xF8, 0x30, 0x18, 0x06, 0x00, 0x06, 0x33, 0x19, 0x8C, 0x00, 0xC1, 0xE0, 0xF0, 0x78,
    0x3C, 0x1E, 0x0F, 0x07, 0x83, 0xC1, 0xF1, 0xDF, 0xE7, 0xB0, 0x3E, 0x1F, 0xEE, 0x18, 0x03, 0x00,
    0xFF, 0xFF, 0xFF, 0x03, 0xC0, 0xD8, 0x67, 0xF8, 0x78, 0x0F, 0xC0, 0x3F, 0x00, 0x00, 0x03, 0x30,
    0x0C, 0xC0, 0x33, 0x00, 0x00, 0x01, 0xE0, 0x07, 0x80, 0x1E, 0x00, 0xDC, 0x03, 0x30, 0x0C, 0xC0,
    0x73, 0x81, 0x86, 0x06, 0x18, 0x38, 0x70, 0xFF, 0xC3, 0xFF, 0x1C, 0x0E, 0x60, 0x19, 0x80, 0x6E,
    0x01, 0xC0, 0x3F, 0x1F, 0x80, 0x06, 0x63, 0x31, 0x98, 0x00, 0x7C, 0x7F, 0x30, 0xC0, 0x60, 0x33,
    0xFB, 0xEF, 0x87, 0x83, 0xE3, 0xBF, 0xCF, 0x60, 0x0F, 0xC0, 0x3F, 0x00, 0x00, 0x01, 0xC0, 0x07,
    0x00, 0x0C, 0x00, 0x00, 0x01, 0xC0, 0x07, 0x00, 0x3E, 0x00, 0xD8, 0x03, 0x70, 0x1C, 0xC0, 0x63,
    0x01, 0x8E, 0x0E, 0x18, 0x30, 0x60, 0xFF, 0xC3, 0xFF, 0x18, 0x0E, 0x60, 0x19, 0x80, 0x6E, 0x01,
    0xC0, 0x3F, 0x1F, 0x80, 0x03, 0x81, 0xC0, 0x60, 0x00, 0x7C, 0x7F, 0x70, 0xC0, 0x60, 0x33, 0xFB,
    0xEF, 0x07, 0x83, 0xC3, 0xBF, 0xCF, 0x60, 0x00, 0x3F, 0x00, 0x07, 0xE0, 0x00, 0x00, 0x00, 0x00,
    0x00, 0x1F, 0xFE, 0x03, 0x7F, 0xC0, 0x6C, 0x00, 0x19, 0x80, 0x03, 0x30, 0x00, 0xC6, 0x00, 0x18,
    0xC0, 0x06, 0x1F, 0xE0, 0xC3, 0xFE, 0x38, 0x60, 0x07, 0xFC, 0x01, 0xFF, 0x80, 0x30, 0x30, 0x06,
    0x06, 0x01, 0x80, 0xFF, 0xB0, 0x1F, 0xF0, 0x03, 0xF0, 0x01, 0xF8, 0x00, 0x00, 0x00, 0x00, 0x03,
    0xE3, 0xE3, 0xFF, 0xFB, 0x87, 0x8C, 0x03, 0x83, 0x01, 0x81, 0x9F, 0xFF, 0xDF, 0xFF, 0xF8, 0x38,
    0x0C, 0x1C, 0x06, 0x1F, 0x0D, 0xFD, 0xFC, 0x7C, 0x7C, 0x0F, 0x80, 0xFF, 0x83, 0x07, 0x18, 0x0C,
    0xE0, 0x1B, 0x00, 0x0C, 0x00, 0x30, 0x00, 0xC1, 0xFB, 0x07, 0xEC, 0x01, 0xB8, 0x7F, 0x61, 0xFC,
    0xC1, 0xC3, 0xFE, 0x03, 0xF0, 0x1E, 0xC3, 0xFE, 0x18, 0x71, 0x81, 0x8C, 0x0C, 0x61, 0xFF, 0x03,
    0x18, 0x18, 0xC0, 0xC3, 0x0E, 0x1F, 0xF0, 0x7D, 0x80, 0x0C, 0x30, 0xE1, 0xFE, 0x07, 0xE0, 0x08,
    0x80, 0x6C, 0x01, 0xC0, 0x00, 0x00, 0x00, 0x07, 0xC0, 0xFF, 0x86, 0x0E, 0x60, 0x37, 0x00, 0xF0,
    0x01, 0x80, 0x0C, 0x00, 0x60, 0xFF, 0x07, 0xF8, 0x03, 0xE0, 0x1B, 0x01, 0xCC, 0x1C, 0x7F, 0xC0,
    0xFC, 0x00, 0x33, 0x07, 0x80, 0xC0, 0x00, 0x00, 0x07, 0xB7, 0xFD, 0x87, 0xC0, 0xF0, 0x3C, 0x0F,
    0x03, 0xC0, 0xF0, 0x36, 0x1D, 0xFF, 0x3E, 0xC0, 0x36, 0x1D, 0xFE, 0x3F, 0x00, 0x31, 0x01, 0xB0,
    0x1E, 0x00, 0xC0, 0x00, 0x0C, 0x0E, 0xC0, 0xCC, 0x18, 0xC3, 0x8C, 0x70, 0xCE, 0x0D, 0xC0, 0xFC,
    0x0F, 0xE0, 0xE6, 0x0C, 0x70, 0xC3, 0x8C, 0x18, 0xC1, 0xCC, 0x0E, 0xC0, 0x60, 0x66, 0x01, 0xE0,
    0x06, 0x00, 0x00, 0x01, 0x80, 0x0C, 0x00, 0x60, 0x03, 0x00, 0x18, 0x70, 0xC7, 0x06, 0x70, 0x37,
    0x01, 0xF0, 0x0F, 0x80, 0x7E, 0x03, 0x30, 0x19, 0xC0, 0xC7, 0x06, 0x1C, 0x30, 0x60, 0x0F, 0x81,
    0xFF, 0x1C, 0x1C, 0xC0, 0x6E, 0x03, 0xE0, 0x0F, 0x00, 0x78, 0x03, 0xC0, 0x1E, 0x00, 0xF0, 0x07,
    0xC0, 0x76, 0x03, 0x38, 0x38, 0xFF, 0x81, 0xF0, 0x03, 0x00, 0x30, 0x01, 0xE0, 0x07, 0x00, 0x1E,
    0x1F, 0xE6, 0x1B, 0x03, 0xC0, 0xF0, 0x3C, 0x0F, 0x03, 0xC0, 0xD8, 0x67, 0xF8, 0x78, 0x0C, 0x06,
    0x01, 0xE0, 0x38, 0x0F, 0xC0, 0x7E, 0x00, 0x00, 0x00, 0x00, 0x00, 0x07, 0xC0, 0xFF, 0x8E, 0x0E,
    0x60, 0x37, 0x01, 0xF0, 0x07, 0x80, 0x3C, 0x01, 0xE0, 0x0F, 0x00, 0x78, 0x03, 0xE0, 0x3B, 0x01,
    0x9C, 0x1C, 0x7F, 0xC0, 0xF8, 0x01, 0x80, 0x18, 0x00, 0xF0, 0x03, 0x80, 0x3F, 0x0F, 0xC0, 0x00,
    0x00, 0x1E, 0x1F, 0xE6, 0x1B, 0x03, 0xC0, 0xF0, 0x3C, 0x0F, 0x03, 0xC0, 0xD8, 0x67, 0xF8, 0x78,
    0x0C, 0x06, 0x01, 0xE0, 0x38, 0x19, 0x80, 0xF0, 0x06, 0x00, 0x00, 0x00, 0x07, 0xFF, 0x7F, 0xF0,
    0x0E, 0x01, 0xC0, 0x38, 0x07, 0x00, 0xE0, 0x0F, 0x00, 0xFC, 0x00, 0xE0, 0x06, 0x00, 0x30, 0x03,
    0x00, 0x30, 0x03, 0xC0, 0x3C, 0x06, 0x70, 0xE3, 0xFC, 0x1F, 0x80, 0x11, 0x03, 0x60, 0x38, 0x00,
    0x00, 0x00, 0xFF, 0x9F, 0xF0, 0x0C, 0x03, 0x00, 0xE0, 0x38, 0x06, 0x00, 0xF8, 0x03, 0x80, 0x38,
    0x03, 0x00, 0x7C, 0x0D, 0x83, 0x3F, 0xE1, 0xF0, 0x66, 0x3C, 0x18, 0x00, 0x00, 0x18, 0x18, 0x18,
    0x18, 0x18, 0x18, 0x18, 0x18, 0x18, 0x18, 0x18, 0x18, 0x18, 0x18, 0x70, 0x70, 0xFF, 0x01, 0xFF,
    0xFF, 0xE0, 0xFF, 0xF0, 0x38, 0x00, 0xD8, 0x0C, 0x00, 0x6C, 0x07, 0x00, 0x66, 0x01, 0x80, 0x73,
    0x00, 0xC0, 0x31, 0x80, 0x60, 0x30, 0xC0, 0x30, 0x18, 0x60, 0x18, 0x18, 0x30, 0x0C, 0x1C, 0x18,
    0x0E, 0x0C, 0x0C, 0x06, 0x0C, 0x06, 0x06, 0x06, 0x03, 0xFF, 0x07, 0xFF, 0xFE, 0x03, 0xFF, 0xFF,
    0x00, 0x01, 0xFF, 0x80, 0x03, 0x03, 0x80, 0x06, 0x03, 0x00, 0x0C, 0x07, 0x3F, 0xF8, 0x06, 0x7F,
    0xF0, 0x0C, 0x03, 0x60, 0x18, 0x0E, 0xC0, 0x30, 0x39, 0x80, 0x60, 0x63, 0x00, 0xC1, 0x86, 0x03,
    0x87, 0x0C, 0x06, 0x1C, 0x18, 0x18, 0x30, 0x3F, 0xF0, 0xFF, 0xFF, 0x81, 0xFF, 0x00, 0xC0, 0x00,
    0x03, 0x00, 0x00, 0x0C, 0x00, 0x00, 0x30, 0x00, 0x1E, 0xC7, 0xFD, 0xFF, 0x1F, 0xF6, 0x1C, 0x01,
    0xB0, 0x30, 0x0E, 0xC0, 0xC0, 0x73, 0x03, 0x01, 0x8C, 0x0C, 0x0E, 0x30, 0x30, 0x70, 0xC0, 0xC3,
    0x81, 0x87, 0x0C, 0x07, 0xFC, 0x7F, 0xC7, 0xB1, 0xFF, 0x01, 0x80, 0x0C, 0x00, 0xC0, 0x04, 0x00,
    0x00, 0x07, 0xC0, 0xFF, 0x86, 0x0E, 0x60, 0x37, 0x00, 0xF0, 0x01, 0x80, 0x0C, 0x00, 0x60, 0xFF,
    0x07, 0xF8, 0x03, 0xE0, 0x1B, 0x01, 0xCC, 0x1C, 0x7F, 0xC0, 0xFC, 0x00, 0x06, 0x01, 0x80, 0xC0,
    0x00, 0x00, 0x07, 0xB7, 0xFD, 0x87, 0xC0, 0xF0, 0x3C, 0x0F, 0x03, 0xC0, 0xF0, 0x36, 0x1D, 0xFF,
    0x3E, 0xC0, 0x36, 0x1D, 0xFE, 0x3F, 0x00, 0xC0, 0x30, 0x0C, 0x03, 0x00, 0xC0, 0x30, 0x0C, 0x03,
    0x00, 0xC0, 0x30, 0x3C, 0x03, 0x03, 0xC0, 0x30, 0x3F, 0xFF, 0x03, 0xFF, 0xF0, 0x3C, 0x03, 0x03,
    0xC0, 0x30, 0x3C, 0x03, 0x03, 0xC0, 0x30, 0x3C, 0x03, 0x86, 0xC0, 0x1F, 0xEC, 0x00, 0xFC, 0xFF,
    0x1F, 0xF3, 0x87, 0x60, 0x6C, 0x07, 0x80, 0xF0, 0x1E, 0x03, 0xC0, 0x78, 0x0F, 0x03, 0x60, 0x6C,
    0x19, 0x87, 0x33, 0xC7, 0xE0, 0xF8, 0x18, 0x03, 0x00, 0x60, 0x00, 0x0C, 0x00, 0xC0, 0x06, 0x00,
    0x00, 0xE0, 0x3E, 0x03, 0xF0, 0x3F, 0x83, 0xD8, 0x3D, 0xC3, 0xCC, 0x3C, 0xE3, 0xC7, 0x3C, 0x33,
    0xC3, 0xBC, 0x1B, 0xC1, 0xFC, 0x0F, 0xC0, 0x7C, 0x07, 0x30, 0x0C, 0x06, 0x00, 0x0D, 0xE7, 0xFB,
    0x8F, 0x83, 0xC1, 0xE0, 0xF0, 0x78, 0x3C, 0x1E, 0x0F, 0x07, 0x83, 0x01, 0x80, 0x0C, 0x00, 0x30,
    0x03, 0xE0, 0x0C, 0xC0, 0x33, 0x00, 0xF8, 0x00, 0xC0, 0x03, 0x00, 0x1E, 0x00, 0x78, 0x01, 0x60,
    0x0C, 0xC0, 0x33, 0x00, 0xCC, 0x06, 0x18, 0x18, 0x60, 0xE1, 0x83, 0xFF, 0x0F, 0xFC, 0x70, 0x39,
    0x80, 0x66, 0x01, 0xB8, 0x07, 0x06, 0x02, 0x03, 0x07, 0xC3, 0x31, 0x98, 0xFC, 0x3C, 0x00, 0x1F,
    0x1F, 0xDC, 0x30, 0x18, 0x0C, 0xFE, 0xFB, 0xC1, 0xE0, 0xF0, 0xEF, 0xF3, 0xD8, 0x00, 0x02, 0x00,
    0x00, 0xC0, 0x00, 0x18, 0x00, 0x02, 0x00, 0x00, 0x00, 0x03, 0xFF, 0xC0, 0x6F, 0xF8, 0x0D, 0x80,
    0x03, 0x30, 0x00, 0x66, 0x00, 0x18, 0xC0, 0x03, 0x18, 0x00, 0xC3, 0xFC, 0x18, 0x7F, 0xC7, 0x0C,
    0x00, 0xFF, 0x80, 0x3F, 0xF0, 0x06, 0x06, 0x00, 0xC0, 0xC0, 0x30, 0x1F, 0xF6, 0x03, 0xFE, 0x00,
    0x60, 0x00, 0x30, 0x00, 0x30, 0x00, 0x10, 0x00, 0x00, 0x01, 0xF1, 0xF1, 0xFF, 0xFD, 0xC3, 0xC6,
    0x01, 0xC1, 0x80, 0xC0, 0xCF, 0xFF, 0xEF, 0xFF, 0xFC, 0x1C, 0x06, 0x0E, 0x03, 0x0F, 0x8E, 0xFE,
    0xFE, 0x3E, 0x3E, 0x00, 0x01, 0x80, 0x0C, 0x00, 0xC0, 0x04, 0x00, 0x00, 0x07, 0xD8, 0xFF, 0xCE,
    0x0E, 0x60, 0xF7, 0x07, 0xF0, 0x67, 0x87, 0x3C, 0x31, 0xE3, 0x0F, 0x38, 0x79, 0x83, 0xF8, 0x3B,
    0xC1, 0x9C, 0x1C, 0xFF, 0xC6, 0xF8, 0x00, 0x00, 0x03, 0x00, 0x30, 0x02, 0x00, 0x00, 0x00, 0x00,
    0xF6, 0x3F, 0xE3, 0x1C, 0x61, 0xE6, 0x36, 0x66, 0x66, 0xC6, 0x6C, 0x67, 0x86, 0x30, 0xC7, 0xFC,
    0x4F, 0x00, 0x00, 0x3B, 0x80, 0x66, 0x00, 0xC8, 0x00, 0x00, 0x03, 0x00, 0x1E, 0x00, 0x78, 0x03,
    0xE0, 0x0C, 0xC0, 0x33, 0x01, 0xCE, 0x06, 0x18, 0x18, 0x60, 0xE1, 0xC3, 0xFF, 0x0F, 0xFC, 0x70,
    0x39, 0x80, 0x66, 0x01, 0xB8, 0x07, 0xEC, 0x33, 0x0D, 0x80, 0x00, 0x01, 0xF1, 0xFD, 0xC3, 0x01,
    0x80, 0xCF, 0xEF, 0xBC, 0x1E, 0x0F, 0x0E, 0xFF, 0x3D, 0x80, 0x07, 0x80, 0x3F, 0x01, 0x8C, 0x00,
    0x00, 0x00, 0x00, 0x1C, 0x00, 0x70, 0x01, 0xE0, 0x0D, 0x80, 0x36, 0x00, 0xCC, 0x06, 0x30, 0x18,
    0xE0, 0x61, 0x83, 0x06, 0x0F, 0xFC, 0x3F, 0xF1, 0x80, 0xE6, 0x01, 0x98, 0x06, 0xE0, 0x1C, 0x08,
    0x1F, 0x1D, 0xCC, 0x60, 0x01, 0xF1, 0xFD, 0xC3, 0x01, 0x80, 0xCF, 0xEF, 0xBC, 0x1E, 0x0F, 0x0E,
    0xFF, 0x3D, 0x80, 0xCC, 0x36, 0x09, 0x80, 0x0F, 0xFF, 0xFF, 0x01, 0x80, 0xC0, 0x60, 0x30, 0x1F,
    0xEF, 0xFE, 0x03, 0x01, 0x80, 0xC0, 0x60, 0x3F, 0xFF, 0xF0, 0x6E, 0x19, 0x83, 0x20, 0x00, 0x00,
    0x07, 0x87, 0xF9, 0x86, 0xC0, 0xF0, 0x3F, 0xFF, 0xFF, 0xC0, 0x30, 0x06, 0x1D, 0xFE, 0x1F, 0x00,
    0x1E, 0x1F, 0x98, 0xC0, 0x00, 0x07, 0xFF, 0xFF, 0x80, 0xC0, 0x60, 0x30, 0x18, 0x0F, 0xF7, 0xFF,
    0x01, 0x80, 0xC0, 0x60, 0x30, 0x1F, 0xFF, 0xF8, 0x0C, 0x07, 0x83, 0xF0, 0xCC, 0x00, 0x07, 0x87,
    0xF9, 0x86, 0xC0, 0xF0, 0x3F, 0xFF, 0xFF, 0xC0, 0x30, 0x06, 0x1D, 0xFE, 0x1F, 0x00, 0x6C, 0x66,
    0x36, 0x00, 0x0C, 0x0C, 0x0C, 0x0C, 0x0C, 0x0C, 0x0C, 0x0C, 0x0C, 0x0C, 0x0C, 0x0C, 0x0C, 0x0C,
    0x0C, 0x0C, 0x6C, 0x66, 0x36, 0x00, 0x0C, 0x0C, 0x0C, 0x0C, 0x0C, 0x0C, 0x0C, 0x0C, 0x0C, 0x0C,
    0x0C, 0x0C, 0x79, 0xFB, 0x18, 0x00, 0x06, 0x0C, 0x18, 0x30, 0x60, 0xC1, 0x83, 0x06, 0x0C, 0x18,
    0x30, 0x60, 0xC1, 0x83, 0x00, 0x10, 0xFB, 0xBE, 0x30, 0x06, 0x0C, 0x18, 0x30, 0x60, 0xC1, 0x83,
    0x06, 0x0C, 0x18, 0x30, 0x33, 0x00, 0xD8, 0x02, 0x60, 0x00, 0x00, 0x00, 0x07, 0xC0, 0xFF, 0x8E,
    0x0E, 0x60, 0x37, 0x01, 0xF0, 0x07, 0x80, 0x3C, 0x01, 0xE0, 0x0F, 0x00, 0x78, 0x03, 0xE0, 0x3B,
    0x01, 0x9C, 0x1C, 0x7F, 0xC0, 0xF8, 0x00, 0x6C, 0x19, 0x83, 0x60, 0x00, 0x00, 0x07, 0x87, 0xF9,
    0x86, 0xC0, 0xF0, 0x3C, 0x0F, 0x03, 0xC0, 0xF0, 0x36, 0x19, 0xFE, 0x1E, 0x00, 0x07, 0x80, 0x7E,
    0x06, 0x30, 0x11, 0x80, 0x00, 0x07, 0xC0, 0xFF, 0x8E, 0x0E, 0x60, 0x37, 0x01, 0xF0, 0x07, 0x80,
    0x3C, 0x01, 0xE0, 0x0F, 0x00, 0x78, 0x03, 0xE0, 0x3B, 0x01, 0x9C, 0x1C, 0x7F, 0xC0, 0xF8, 0x00,
    0x04, 0x07, 0xC3, 0xB8, 0xC6, 0x00, 0x07, 0x87, 0xF9, 0x86, 0xE0, 0xF0, 0x1C, 0x07, 0x01, 0xC0,
    0x70, 0x36, 0x19, 0xFE, 0x1E, 0x00, 0xCC, 0x0C, 0x80, 0xD8, 0x00, 0x0F, 0xF1, 0xFF, 0x30, 0x76,
    0x06, 0xC0, 0xD8, 0x1B, 0x03, 0x60, 0xCF, 0xF9, 0xFE, 0x30, 0xC6, 0x18, 0xC1, 0x98, 0x33, 0x03,
    0x60, 0x60, 0xEC, 0x66, 0x36, 0x00, 0x37, 0x3F, 0x38, 0x30, 0x30, 0x30, 0x30, 0x30, 0x30, 0x30,
    0x30, 0x30, 0x1E, 0x07, 0xE1, 0x8C, 0x00, 0x00, 0x01, 0xFE, 0x3F, 0xE6, 0x0E, 0xC0, 0xD8, 0x1B,
    0x03, 0x60, 0x6C, 0x19, 0xFF, 0x3F, 0xC6, 0x18, 0xC3, 0x18, 0x33, 0x06, 0x60, 0x6C, 0x0C, 0x10,
    0xFB, 0xBE, 0x30, 0x1B, 0xFF, 0xF0, 0xC1, 0x83, 0x06, 0x0C, 0x18, 0x30, 0x60, 0xC0, 0x76, 0x03,
    0x30, 0x1B, 0x00, 0x00, 0x00, 0x0C, 0x03, 0xC0, 0x3C, 0x03, 0xC0, 0x3C, 0x03, 0xC0, 0x3C, 0x03,
    0xC0, 0x3C, 0x03, 0xC0, 0x3C, 0x03, 0xC0, 0x3E, 0x07, 0x60, 0xE3, 0xFC, 0x1F, 0x80, 0x66, 0x0D,
    0x81, 0x30, 0x00, 0x00, 0x18, 0x36, 0x0D, 0x83, 0x60, 0xD8, 0x36, 0x0D, 0x83, 0x60, 0xD8, 0x37,
    0x1C, 0xFF, 0x1E, 0xC0, 0x0F, 0x01, 0xF8, 0x31, 0x80, 0x00, 0x00, 0x0C, 0x03, 0xC0, 0x3C, 0x03,
    0xC0, 0x3C, 0x03, 0xC0, 0x3C, 0x03, 0xC0, 0x3C, 0x03, 0xC0, 0x3C, 0x03, 0xC0, 0x3E, 0x07, 0x60,
    0xE3, 0xFC, 0x1F, 0x80, 0x08, 0x1F, 0x1D, 0xCC, 0x60, 0x06, 0x0F, 0x07, 0x83, 0xC1, 0xE0, 0xF0,
    0x78, 0x3C, 0x1E, 0x0F, 0x8E, 0xFF, 0x3D, 0x80, 0x1F, 0x83, 0xFC, 0x70, 0xE6, 0x06, 0x70, 0x07,
    0xC0, 0x3F, 0x80, 0xFC, 0x01, 0xE0, 0x06, 0x60, 0x67, 0x0E, 0x3F, 0xC1, 0xF8, 0x00, 0x00, 0x60,
    0x06, 0x00, 0x60, 0x06, 0x00, 0x3E, 0x1F, 0xC7, 0x39, 0xC0, 0x7C, 0x0F, 0xC0, 0x78, 0x06, 0x71,
    0x9F, 0xE3, 0xF0, 0x00, 0x0C, 0x03, 0x00, 0xC0, 0x30, 0xFF, 0xFF, 0xFF, 0x06, 0x00, 0x60, 0x06,
    0x00, 0x60, 0x06, 0x00, 0x60, 0x06, 0x00, 0x60, 0x06, 0x00, 0x60, 0x06, 0x00, 0x60, 0x00, 0x00,
    0x60, 0x06, 0x00, 0x60, 0x06, 0x00, 0x30, 0x60, 0xC7, 0xFF, 0xE6, 0x0C, 0x18, 0x30, 0x60, 0xC1,
    0x83, 0xE3, 0xC0, 0x0C, 0x18, 0x30, 0x40, 0x3F, 0x1F, 0xEE, 0x1F, 0x03, 0x00, 0xC0, 0x30, 0x0C,
    0x06, 0x03, 0x83, 0xF7, 0xCD, 0xC3, 0x00, 0xC0, 0x30, 0x0C, 0x06, 0x03, 0x83, 0xC7, 0xE1, 0xE0,
    0x00, 0x00, 0x3C, 0x7F, 0xC3, 0xC3, 0x03, 0x07, 0x0E, 0x3F, 0x7B, 0x43, 0x03, 0x03, 0x07, 0x0E,
    0x3C, 0x78, 0x40, 0x11, 0x81, 0x98, 0x0F, 0x00, 0x60, 0x00, 0x0C, 0x03, 0xC0, 0x3C, 0x03, 0xC0,
    0x3C, 0x03, 0xC0, 0x3C, 0x03, 0xFF, 0xFF, 0xFF, 0xC0, 0x3C, 0x03, 0xC0, 0x3C, 0x03, 0xC0, 0x3C,
    0x03, 0xC0, 0x30, 0x46, 0x06, 0x60, 0x3C, 0x01, 0x80, 0x00, 0x01, 0x80, 0x18, 0x01, 0x80, 0x18,
    0x01, 0xBC, 0x1F, 0xE1, 0xC7, 0x18, 0x31, 0x83, 0x18, 0x31, 0x83, 0x18, 0x31, 0x83, 0x18, 0x31,
    0x83, 0x18, 0x30, 0x61, 0xC3, 0x86, 0x18, 0xE7, 0x18, 0x18, 0x3C, 0x7C, 0x66, 0x72, 0x7E, 0x5C,
    0xFF, 0xF0, 0xC7, 0xFD, 0xF0, 0x00, 0xDB, 0x00, 0xC7, 0x8F, 0x18, 0xEE, 0x66, 0x77, 0xF7, 0xF7,
    0x00, 0x33, 0x99, 0xCE, 0x60, 0x46, 0x6E, 0x3C, 0x38, 0x66, 0x36, 0x33, 0x5B, 0x60, 0x6D, 0xBD,
    0x80, 0x6D, 0xBD, 0x80, 0x66, 0xCC, 0x00, 0xDF, 0x80, 0xDB, 0x60, 0x67, 0x3F, 0xE0, 0x06, 0xCF,
    0xF0, 0xCC, 0xF8, 0xE0, 0x00, 0x80, 0xC0, 0x40, 0x60, 0x20, 0x30, 0x10, 0x18, 0x08, 0x0C, 0x04,
    0x06, 0x03, 0x03, 0x01, 0x80, 0x00, 0x20, 0x06, 0x00, 0x40, 0x0C, 0x00, 0x80, 0x10, 0x03, 0x00,
    0x20, 0x06, 0x00, 0x40, 0x08, 0x01, 0x80, 0x10, 0x03, 0x00, 0x20, 0x04, 0x00, 0xC0, 0x00, 0xFF,
    0xF0, 0x00, 0x66, 0x4C, 0xFF, 0xFF, 0x1E, 0x3C, 0x60, 0xFF, 0xF0, 0x3F, 0xFC, 0xDE, 0xF7, 0xB0,
    0x7F, 0xC6, 0x31, 0x80, 0x00, 0x6A, 0xFE, 0xDE, 0x10, 0x18, 0x18, 0x02, 0x73, 0x7F, 0x4E, 0x18,
    0x18, 0x00, 0x73, 0xCE, 0x73, 0xFE, 0x22, 0x21, 0xBF, 0xE8, 0x62, 0x20, 0x00, 0x10, 0xE5, 0x44,
    0x10, 0x00, 0xC0, 0xF8, 0x3E, 0x0F, 0x3E, 0xF8, 0xE0, 0x00, 0x69, 0x31, 0xEC, 0xF3, 0x30, 0xC0,
    0x01, 0x67, 0x1C, 0x78, 0x00, 0x00, 0xFD, 0x83, 0x84, 0x06, 0x1E, 0x3E, 0x40, 0x00, 0x18, 0x31,
    0xCE, 0x0D, 0x47, 0x2D, 0x8C, 0x80, 0x4E, 0x33, 0x7E, 0xDF, 0x80, 0x21, 0x1C, 0xE5, 0x00, 0x7D,
    0x26, 0x4B, 0xE0, 0x43, 0x9C, 0x62, 0x00, 0x70, 0x0E, 0x3F, 0xFC, 0x0F, 0xF0, 0x70, 0x0E, 0x3F,
    0xFC, 0x0F, 0xF0, 0xFF, 0xFF, 0xFF, 0xFF, 0xFF, 0xFF, 0x3F, 0x00, 0x37, 0xFF, 0xFF, 0xC0, 0x7F,
    0xE0, 0x00, 0x00, 0x03, 0xC0, 0x1F, 0xF8, 0x3C, 0x1C, 0x60, 0x06, 0x00, 0x00, 0x00, 0x06, 0x00,
    0x00, 0xCF, 0xFF, 0xF0, 0x00, 0x30, 0x00, 0x60, 0x73, 0x61, 0xBE, 0xDB, 0xE0, 0x76, 0x7F, 0x8C,
    0xB8, 0xFF, 0xFF, 0x7B, 0x3C, 0xF3, 0xCD, 0xE0, 0xDE, 0xF7, 0xBD, 0xBC, 0x76, 0x71, 0x8C, 0xB8,
    0x0C, 0x37, 0xF3, 0xCF, 0x3C, 0xDF, 0xC6, 0x3D, 0xBD, 0xEF, 0x7B, 0xFF, 0x6C, 0xF6, 0x7B, 0x3D,
    0x9E, 0xCC, 0xFC, 0xCC, 0xCC, 0x66, 0xF6, 0x66, 0x67, 0x4D, 0xA6, 0x8E, 0x30, 0xC0, 0xD9, 0xE3,
    0x0C, 0x7B, 0x60, 0x30, 0x0C, 0x06, 0x00, 0x0F, 0xFF, 0xFF, 0x01, 0x80, 0xC0, 0x60, 0x30, 0x1F,
    0xEF, 0xFE, 0x03, 0x01, 0x80, 0xC0, 0x60, 0x3F, 0xFF, 0xF0, 0x33, 0x0C, 0xC3, 0x30, 0x00, 0xFF,
    0xFF, 0xFC, 0x03, 0x00, 0xC0, 0x30, 0x0F, 0xFB, 0xFE, 0xC0, 0x30, 0x0C, 0x03, 0x00, 0xFF, 0xFF,
    0xF0, 0xFF, 0xF0, 0xFF, 0xF0, 0x06, 0x00, 0x06, 0x00, 0x06, 0x00, 0x07, 0xFC, 0x07, 0xFE, 0x07,
    0x07, 0x06, 0x07, 0x06, 0x03, 0x06, 0x07, 0x06, 0x07, 0x06, 0x3E, 0x06, 0x3C, 0x03, 0x01, 0xC0,
    0xE0, 0x30, 0x00, 0x3F, 0xFF, 0xFF, 0x00, 0xC0, 0x30, 0x0C, 0x03, 0x00, 0xC0, 0x30, 0x0C, 0x03,
    0x00, 0xC0, 0x30, 0x0C, 0x00, 0x1F, 0x81, 0xFF, 0x1C, 0x3D, 0xC0, 0xEE, 0x03, 0x60, 0x03, 0xFC,
    0x1F, 0xE0, 0xC0, 0x07, 0x00, 0x38, 0x1C, 0xE1, 0xE3, 0xFE, 0x0F, 0xC0, 0x1F, 0x83, 0xFE, 0x70,
    0xE6, 0x06, 0x70, 0x07, 0xC0, 0x3F, 0x80, 0xFE, 0x00, 0xF0, 0x07, 0x60, 0x37, 0x07, 0x3F, 0xE1,
    0xFC, 0xDB, 0x6D, 0xB6, 0xDB, 0x6D, 0x80, 0xC6, 0xE6, 0xC6, 0x00, 0x18, 0x18, 0x18, 0x18, 0x18,
    0x18, 0x18, 0x18, 0x18, 0x18, 0x18, 0x18, 0x18, 0x18, 0x01, 0x80, 0x60, 0x18, 0x06, 0x01, 0x80,
    0x60, 0x18, 0x06, 0x01, 0x80, 0x6E, 0x1B, 0x8E, 0x7F, 0x0F, 0x80, 0x1F, 0xF8, 0x00, 0x7F, 0xE0,
    0x01, 0x81, 0x80, 0x06, 0x06, 0x00, 0x18, 0x18, 0x00, 0x60, 0x7F, 0x81, 0x81, 0xFF, 0x06, 0x06,
    0x0E, 0x18, 0x18, 0x18, 0x60, 0x60, 0x61, 0x81, 0x81, 0x8E, 0x06, 0x0E, 0xF0, 0x1F, 0xF3, 0x80,
    0x7F, 0x80, 0xC0, 0x30, 0x0C, 0x03, 0x00, 0xC0, 0x30, 0x0C, 0x03, 0x00, 0xC0, 0x30, 0x0F, 0xFF,
    0xFC, 0xFF, 0xFF, 0xEC, 0x03, 0x07, 0xC0, 0x30, 0x7C, 0x03, 0x03, 0xC0, 0x30, 0x7C, 0x03, 0x0F,
    0xC0, 0x3F, 0xEC, 0x03, 0xFC, 0xFF, 0xF0, 0xFF, 0xF0, 0x06, 0x00, 0x06, 0x00, 0x06, 0x00, 0x07,
    0xFC, 0x07, 0xFE, 0x07, 0x07, 0x06, 0x07, 0x06, 0x03, 0x06, 0x03, 0x06, 0x03, 0x06, 0x03, 0x06,
    0x03, 0x01, 0x80, 0x1C, 0x01, 0xC0, 0x0C, 0x00, 0x00, 0x60, 0x3B, 0x03, 0x98, 0x38, 0xC3, 0x86,
    0x38, 0x33, 0x81, 0xF8, 0x0F, 0xC0, 0x67, 0x03, 0x1C, 0x18, 0x70, 0xC1, 0xC6, 0x07, 0x30, 0x1C,
    0x0C, 0x00, 0xC0, 0x06, 0x00, 0x00, 0xC0, 0x7C, 0x07, 0xC0, 0xFC, 0x1F, 0xC1, 0xBC, 0x3B, 0xC3,
    0x3C, 0x73, 0xCE, 0x3C, 0xC3, 0xDC, 0x3D, 0x83, 0xF8, 0x3F, 0x03, 0xE0, 0x3E, 0x03, 0x0C, 0x60,
    0x1C, 0xC0, 0x3F, 0x80, 0x3E, 0x00, 0x00, 0x0E, 0x03, 0x8E, 0x07, 0x1C, 0x1C, 0x1C, 0x38, 0x38,
    0xE0, 0x39, 0xC0, 0x73, 0x00, 0x7E, 0x00, 0x78, 0x00, 0xF0, 0x00, 0xC0, 0x03, 0x80, 0x1E, 0x00,
    0x38, 0x00, 0xC0, 0x6C, 0x06, 0xC0, 0x6C, 0x06, 0xC0, 0x6C, 0x06, 0xC0, 0x6C, 0x06, 0xC0, 0x6C,
    0x06, 0xC0, 0x6E, 0x06, 0xFF, 0xEF, 0xFE, 0x06, 0x00, 0x60, 0x06, 0x00, 0x03, 0x80, 0x1E, 0x00,
    0x78, 0x03, 0xF0, 0x0F, 0xC0, 0x33, 0x81, 0xCE, 0x06, 0x18, 0x38, 0x70, 0xFF, 0xC3, 0xFF, 0x9C,
    0x0E, 0x70, 0x3B, 0x80, 0x70, 0xFF, 0xCF, 0xFC, 0xC0, 0x0C, 0x00, 0xC0, 0x0F, 0xF8, 0xFF, 0xCC,
    0x0E, 0xC0, 0x6C, 0x06, 0xC0, 0x6C, 0x0E, 0xFF, 0xCF, 0xF8, 0xFF, 0x8F, 0xFC, 0xC1, 0xCC, 0x0C,
    0xC0, 0xCC, 0x1C, 0xFF, 0x8F, 0xFC, 0xC0, 0xEC, 0x06, 0xC0, 0x6C, 0x0E, 0xFF, 0xEF, 0xF8, 0xFF,
    0xFF, 0xFC, 0x03, 0x00, 0xC0, 0x30, 0x0C, 0x03, 0x00, 0xC0, 0x30, 0x0C, 0x03, 0x00, 0xC0, 0x30,
    0x00, 0x1F, 0xF0, 0x3F, 0xE0, 0x60, 0xC0, 0xC1, 0x81, 0x83, 0x03, 0x06, 0x06, 0x0C, 0x1C, 0x18,
    0x38, 0x30, 0x70, 0x60, 0xC0, 0xC1, 0x81, 0x8F, 0xFF, 0xDF, 0xFF, 0xB0, 0x03, 0x60, 0x06, 0xC0,
    0x0C, 0x00, 0x00, 0xFF, 0xFF, 0xFC, 0x03, 0x00, 0xC0, 0x30, 0x0F, 0xFB, 0xFE, 0xC0, 0x30, 0x0C,
    0x03, 0x00, 0xFF, 0xFF, 0xF0, 0x70, 0x60, 0xE3, 0x86, 0x0E, 0x38, 0x61, 0xC1, 0xC6, 0x38, 0x0E,
    0x63, 0x00, 0x66, 0x70, 0x07, 0xFE, 0x00, 0x7F, 0xE0, 0x0E, 0x67, 0x00, 0xE6, 0x38, 0x1C, 0x63,
    0x83, 0x86, 0x1C, 0x38, 0x60, 0xE7, 0x06, 0x0F, 0x1F, 0x83, 0xFE, 0x70, 0xE6, 0x06, 0x00, 0xE0,
    0xFC, 0x0F, 0xE0, 0x0F, 0x00, 0x76, 0x03, 0x70, 0x77, 0x8F, 0x3F, 0xE1, 0xF8, 0xC0, 0x7C, 0x07,
    0xC0, 0xFC, 0x1F, 0xC3, 0xFC, 0x3B, 0xC7, 0x3C, 0xE3, 0xDC, 0x3F, 0xC3, 0xF8, 0x3F, 0x03, 0xE0,
    0x3E, 0x03, 0x30, 0xC3, 0x9C, 0x3F, 0xC1, 0xF8, 0x00, 0x0C, 0x07, 0xC0, 0x7C, 0x0F, 0xC1, 0xFC,
    0x3F, 0xC3, 0xBC, 0x73, 0xCE, 0x3D, 0xC3, 0xFC, 0x3F, 0x83, 0xF0, 0x3E, 0x03, 0xE0, 0x30, 0xC0,
    0x76, 0x07, 0x30, 0x71, 0x87, 0x0C, 0x70, 0x67, 0x03, 0xF0, 0x1F, 0x80, 0xCE, 0x06, 0x38, 0x30,
    0xE1, 0x83, 0x8C, 0x0E, 0x60, 0x38, 0x1F, 0xF8, 0x7F, 0xE1, 0x81, 0x86, 0x06, 0x18, 0x18, 0x60,
    0x61, 0x81, 0x86, 0x06, 0x18, 0x18, 0x60, 0x61, 0x81, 0x8E, 0x06, 0xF0, 0x1B, 0x80, 0x60, 0xE0,
    0x0D, 0xC0, 0x3B, 0xC0, 0xF7, 0xC1, 0xEF, 0x87, 0xDB, 0x8D, 0xB3, 0x3B, 0x67, 0x66, 0xC7, 0xCD,
    0x8F, 0x1B, 0x0C, 0x36, 0x00, 0x6C, 0x00, 0xD8, 0x01, 0x80, 0xC0, 0x3C, 0x03, 0xC0, 0x3C, 0x03,
    0xC0, 0x3C, 0x03, 0xFF, 0xFF, 0xFF, 0xC0, 0x3C, 0x03, 0xC0, 0x3C, 0x03, 0xC0, 0x3C, 0x03, 0x0F,
    0xC0, 0xFF, 0x87, 0x87, 0x18, 0x0E, 0xE0, 0x1B, 0x80, 0x6C, 0x01, 0xB0, 0x06, 0xE0, 0x1B, 0x80,
    0x66, 0x03, 0x9E, 0x1C, 0x3F, 0xE0, 0x3F, 0x00, 0xFF, 0xFF, 0xFF, 0xC0, 0x3C, 0x03, 0xC0, 0x3C,
    0x03, 0xC0, 0x3C, 0x03, 0xC0, 0x3C, 0x03, 0xC0, 0x3C, 0x03, 0xC0, 0x3C, 0x03, 0xFF, 0x9F, 0xFB,
    0x03, 0xE0, 0x7C, 0x07, 0x81, 0xF0, 0x7F, 0xFE, 0xFF, 0x18, 0x03, 0x00, 0x60, 0x0C, 0x01, 0x80,
    0x00, 0x1F, 0x83, 0xFE, 0x70, 0xFE, 0x07, 0xE0, 0x3E, 0x00, 0xC0, 0x0C, 0x00, 0xE0, 0x0E, 0x03,
    0xE0, 0x77, 0x0F, 0x3F, 0xE1, 0xF8, 0xFF, 0xFF, 0xFF, 0x06, 0x00, 0x60, 0x06, 0x00, 0x60, 0x06,
    0x00, 0x60, 0x06, 0x00, 0x60, 0x06, 0x00, 0x60, 0x06, 0x00, 0x60, 0x70, 0x0C, 0x70, 0x38, 0xE0,
    0x60, 0xE1, 0xC1, 0xC3, 0x01, 0xCE, 0x03, 0x98, 0x03, 0xF0, 0x03, 0xE0, 0x07, 0x80, 0x07, 0x00,
    0x1C, 0x00, 0xF0, 0x01, 0xC0, 0x00, 0x01, 0x80, 0x0F, 0xF8, 0x3F, 0xFC, 0x79, 0x8E, 0xE1, 0x87,
    0xE1, 0x87, 0xC1, 0x83, 0xC1, 0x83, 0xE1, 0x87, 0xE1, 0x87, 0x61, 0x86, 0x79, 0x8E, 0x3F, 0xFC,
    0x0F, 0xF0, 0x01, 0x80, 0x70, 0x38, 0xE1, 0xC3, 0x87, 0x07, 0x38, 0x0F, 0xC0, 0x1F, 0x00, 0x78,
    0x01, 0xE0, 0x0F, 0xC0, 0x33, 0x81, 0xCE, 0x0E, 0x1C, 0x70, 0x39, 0xC0, 0xE0, 0xC0, 0x63, 0x01,
    0x8C, 0x06, 0x30, 0x18, 0xC0, 0x63, 0x01, 0x8C, 0x06, 0x30, 0x18, 0xC0, 0x63, 0x01, 0x8C, 0x06,
    0x38, 0x1C, 0xFF, 0xFB, 0xFF, 0xE0, 0x01, 0x80, 0x06, 0x00, 0x18, 0xC0, 0x78, 0x0F, 0x01, 0xE0,
    0x3C, 0x07, 0xC0, 0xFC, 0x7B, 0xFF, 0x3F, 0xE0, 0x0C, 0x01, 0x80, 0x30, 0x06, 0x00, 0xC0, 0xC1,
    0x83, 0x60, 0xC1, 0xB0, 0x60, 0xD8, 0x30, 0x6C, 0x18, 0x36, 0x0C, 0x1B, 0x06, 0x0D, 0x83, 0x06,
    0xC1, 0x83, 0x60, 0xC1, 0xB0, 0x60, 0xDC, 0x38, 0x6F, 0xFF, 0xF7, 0xFF, 0xF8, 0xC1, 0x83, 0x18,
    0x30, 0x63, 0x06, 0x0C, 0x60, 0xC1, 0x8C, 0x18, 0x31, 0x83, 0x06, 0x30, 0x60, 0xC6, 0x0C, 0x18,
    0xC1, 0x83, 0x18, 0x30, 0x63, 0x06, 0x0C, 0x70, 0xE1, 0xCF, 0xFF, 0xFD, 0xFF, 0xFF, 0x80, 0x00,
    0x30, 0x00, 0x06, 0x00, 0x00, 0xC0, 0xF8, 0x03, 0xE0, 0x01, 0x80, 0x06, 0x00, 0x18, 0x00, 0x7F,
    0x81, 0xFF, 0x86, 0x0F, 0x18, 0x1C, 0x60, 0x31, 0x81, 0xC6, 0x07, 0x1F, 0xF8, 0x7F, 0xC0, 0xC0,
    0x07, 0x80, 0x0F, 0x00, 0x1E, 0x00, 0x3C, 0x00, 0x7F, 0xE0, 0xFF, 0xE1, 0xE0, 0xE3, 0xC0, 0xC7,
    0x81, 0x8F, 0x03, 0x1F, 0x0E, 0x3F, 0xF8, 0x7F, 0xE0, 0xC0, 0xC0, 0x18, 0x03, 0x00, 0x60, 0x0C,
    0x01, 0xFE, 0x3F, 0xF6, 0x0F, 0xC0, 0xF8, 0x0F, 0x03, 0xF0, 0xFF, 0xFD, 0xFF, 0x00, 0x1F, 0x81,
    0xFF, 0x1C, 0x39, 0xC0, 0xE6, 0x03, 0x00, 0x18, 0x3F, 0xC1, 0xFE, 0x00, 0x30, 0x01, 0xB8, 0x1C,
    0xE1, 0xC3, 0xFE, 0x0F, 0xC0, 0xC0, 0xFC, 0x61, 0xFF, 0x30, 0xE1, 0xD8, 0xE0, 0x7C, 0x70, 0x3F,
    0xF8, 0x1F, 0xF8, 0x07, 0x8C, 0x03, 0xC7, 0x03, 0xE3, 0x81, 0xF1, 0xC0, 0xF8, 0x70, 0xEC, 0x1F,
    0xE6, 0x07, 0xE0, 0x1F, 0xF3, 0xFF, 0x78, 0x37, 0x03, 0x60, 0x37, 0x03, 0x78, 0x33, 0xFF, 0x1F,
    0xF1, 0xC3, 0x1C, 0x33, 0x83, 0x70, 0x37, 0x03, 0x3F, 0x1F, 0xE6, 0x38, 0x06, 0x7F, 0xBF, 0xEE,
    0x1B, 0x06, 0xE3, 0xBF, 0xE7, 0xD8, 0x00, 0x03, 0xF8, 0xFE, 0x38, 0x0F, 0xF1, 0xFF, 0x3C, 0x77,
    0x06, 0xC0, 0xD8, 0x1B, 0x83, 0x70, 0x67, 0x1C, 0xFF, 0x07, 0xC0, 0xFF, 0x3F, 0xEC, 0x1B, 0x06,
    0xC3, 0xBF, 0xCF, 0xFB, 0x06, 0xC1, 0xBF, 0xEF, 0xF0, 0xFF, 0xFF, 0xC0, 0xC0, 0xC0, 0xC0, 0xC0,
    0xC0, 0xC0, 0xC0, 0xC0, 0x3F, 0xC3, 0xFC, 0x30, 0xC3, 0x0C, 0x30, 0xC3, 0x0C, 0x30, 0xC3, 0x0C,
    0x30, 0xCF, 0xFF, 0xFF, 0xFC, 0x03, 0xC0, 0x30, 0x00, 0x1F, 0x0F, 0xF1, 0x87, 0x70, 0x6F, 0xFD,
    0xFF, 0xB0, 0x07, 0x00, 0x71, 0xCF, 0xF0, 0x7C, 0x00, 0x61, 0x87, 0x38, 0xC3, 0x0E, 0x63, 0x07,
    0x33, 0x81, 0xD9, 0x80, 0x7F, 0x80, 0x3F, 0xE0, 0x3B, 0x30, 0x39, 0x8C, 0x38, 0xC7, 0x38, 0x61,
    0xC0, 0x3F, 0x1F, 0xEE, 0x18, 0x06, 0x1F, 0x87, 0xE0, 0x1F, 0x03, 0xE1, 0xDF, 0xE3, 0xF0, 0xC1,
    0xF0, 0x7C, 0x3F, 0x1F, 0xC6, 0xF3, 0x3D, 0x8F, 0xE3, 0xF0, 0xF8, 0x3E, 0x0C, 0x33, 0x0F, 0xC3,
    0xF0, 0x00, 0xC1, 0xF0, 0x7C, 0x3F, 0x1F, 0xC6, 0xF3, 0x3D, 0x8F, 0xE3, 0xF0, 0xF8, 0x3E, 0x0C,
    0xC1, 0xD8, 0x73, 0x1C, 0x63, 0x0C, 0xE1, 0xF8, 0x3F, 0x06, 0x70, 0xC7, 0x18, 0x73, 0x07, 0x00,
    0x3F, 0xC7, 0xF8, 0xC3, 0x18, 0x63, 0x0C, 0x61, 0x8C, 0x31, 0x86, 0x70, 0xDE, 0x1B, 0x83, 0x00,
    0xE0, 0x7F, 0x07, 0xF0, 0xFF, 0x8F, 0xF9, 0xFD, 0xFB, 0xCF, 0x3C, 0xF3, 0xC6, 0x3C, 0x03, 0xC0,
    0x30, 0xC0, 0xF0, 0x3C, 0x0F, 0x03, 0xC0, 0xFF, 0xFF, 0xFF, 0x03, 0xC0, 0xF0, 0x3C, 0x0C, 0x1F,
    0x0F, 0xF9, 0xC7, 0x70, 0x7C, 0x07, 0x80, 0xF8, 0x3F, 0x07, 0x71, 0xCF, 0xF8, 0x7C, 0x00, 0xFF,
    0xBF, 0xEC, 0x1B, 0x06, 0xC1, 0xB0, 0x6C, 0x1B, 0x06, 0xC1, 0xB0, 0x6C, 0x18, 0xCF, 0x1F, 0xF3,
    0xC7, 0x70, 0x6C, 0x0D, 0x81, 0xB0, 0x37, 0x06, 0xF1, 0xDF, 0xF3, 0x3C, 0x60, 0x0C, 0x01, 0x80,
    0x30, 0x00, 0x1F, 0x1F, 0xE7, 0x1F, 0x83, 0xC0, 0x30, 0x0E, 0x03, 0x83, 0x71, 0xDF, 0xE1, 0xF0,
    0xFF, 0xFF, 0xF0, 0xC0, 0x30, 0x0C, 0x03, 0x00, 0xC0, 0x30, 0x0C, 0x03, 0x00, 0xC0, 0x70, 0x73,
    0x83, 0x8C, 0x18, 0x71, 0xC1, 0x8C, 0x0E, 0x60, 0x37, 0x01, 0xF0, 0x0F, 0x80, 0x38, 0x01, 0xC0,
    0x0E, 0x00, 0x60, 0x0F, 0x00, 0x70, 0x00, 0x03, 0x00, 0x0C, 0x00, 0x30, 0x07, 0xF8, 0x7F, 0xF3,
    0xCC, 0xEE, 0x31, 0xF0, 0xC7, 0xC3, 0x1F, 0x8C, 0x7E, 0x31, 0xDC, 0xCE, 0x7F, 0xF0, 0x7F, 0x80,
    0x30, 0x00, 0xC0, 0x03, 0x00, 0x0C, 0x00, 0x70, 0xE3, 0x1C, 0x39, 0x81, 0xF8, 0x0F, 0x00, 0xF0,
    0x1F, 0x01, 0xB8, 0x39, 0xC7, 0x0C, 0x60, 0xE0, 0xC1, 0x98, 0x33, 0x06, 0x60, 0xCC, 0x19, 0x83,
    0x30, 0x66, 0x0C, 0xC1, 0x9F, 0xFF, 0xFF, 0x80, 0x30, 0x06, 0x00, 0x00, 0xC1, 0xB0, 0x6C, 0x1B,
    0x06, 0xE1, 0xB8, 0x67, 0xF8, 0xFE, 0x01, 0x80, 0x60, 0x18, 0xC3, 0x0D, 0x86, 0x1B, 0x0C, 0x36,
    0x18, 0x6C, 0x30, 0xD8, 0x61, 0xB0, 0xC3, 0x61, 0x86, 0xC3, 0x0D, 0xFF, 0xFB, 0xFF, 0xF0, 0xC3,
    0x0C, 0xC3, 0x0C, 0xC3, 0x0C, 0xC3, 0x0C, 0xC3, 0x0C, 0xC3, 0x0C, 0xC3, 0x0C, 0xC3, 0x0C, 0xC3,
    0x0C, 0xFF, 0xFF, 0xFF, 0xFF, 0x00, 0x03, 0x00, 0x03, 0x00, 0x00, 0xF8, 0x0F, 0x80, 0x18, 0x01,
    0x80, 0x1F, 0xE1, 0xFF, 0x18, 0x71, 0x83, 0x18, 0x71, 0xFF, 0x1F, 0xE0, 0xC0, 0x36, 0x01, 0xB0,
    0x0D, 0x80, 0x6F, 0xE3, 0x7F, 0x9B, 0x0C, 0xD8, 0x66, 0xC3, 0x37, 0xF9, 0xBF, 0x8C, 0xC0, 0x60,
    0x30, 0x18, 0x0F, 0xF7, 0xFF, 0x0F, 0x83, 0xC3, 0xFF, 0xFF, 0xC0, 0x3F, 0x1F, 0xE6, 0x1C, 0x03,
    0x0F, 0xC3, 0xF0, 0x0D, 0x87, 0x71, 0xDF, 0xE1, 0xF0, 0xC3, 0xE3, 0x1F, 0xEC, 0xE3, 0xB3, 0x07,
    0xFC, 0x0F, 0xF0, 0x3C, 0xC1, 0xF3, 0x07, 0xCE, 0x3B, 0x1F, 0xEC, 0x3E, 0x00, 0x1F, 0xC7, 0xF9,
    0xC3, 0x30, 0x67, 0x0C, 0x7F, 0x87, 0xF0, 0xC6, 0x38, 0xCE, 0x19, 0xC3, 0x00, 0x18, 0x06, 0x00,
    0xC0, 0x00, 0x00, 0x07, 0x87, 0xF9, 0x86, 0xC0, 0xF0, 0x3F, 0xFF, 0xFF, 0xC0, 0x30, 0x06, 0x1D,
    0xFE, 0x1F, 0x00, 0x33, 0x06, 0x60, 0xCC, 0x0F, 0x87, 0xF8, 0xC3, 0xB8, 0x37, 0xFE, 0xFF, 0xD8,
    0x03, 0x80, 0x38, 0xE7, 0xF8, 0x3E, 0x00, 0x30, 0x03, 0x00, 0x30, 0x0F, 0xF8, 0xFF, 0x83, 0x00,
    0x37, 0xC3, 0xFE, 0x38, 0xE3, 0x86, 0x30, 0x63, 0x06, 0x30, 0x63, 0x06, 0x00, 0x60, 0x06, 0x01,
    0xE0, 0x1C, 0x06, 0x0C, 0x18, 0x00, 0xFF, 0xFF, 0xC0, 0xC0, 0xC0, 0xC0, 0xC0, 0xC0, 0xC0, 0xC0,
    0xC0, 0x1F, 0x1F, 0xE6, 0x1B, 0x00, 0xFC, 0x3F, 0x0C, 0x03, 0x86, 0x63, 0x9F, 0xE3, 0xE0, 0x1F,
    0x0F, 0xF1, 0xC7, 0x38, 0x07, 0xC0, 0x7F, 0x00, 0xF0, 0x06, 0x71, 0xCF, 0xF8, 0x7E, 0x00, 0xDB,
    0x6D, 0xB6, 0xDB, 0x6D, 0x80, 0xC7, 0xCF, 0x18, 0xC1, 0x83, 0x06, 0x0C, 0x18, 0x30, 0x60, 0xC1,
    0x83, 0x00, 0x31, 0x8C, 0x63, 0x18, 0xC6, 0x31, 0x8C, 0x63, 0x18, 0xC6, 0xF7, 0x00, 0x3F, 0xC0,
    0x1F, 0xE0, 0x0C, 0x30, 0x06, 0x18, 0x03, 0x0F, 0xE1, 0x87, 0xF8, 0xC3, 0x0C, 0x61, 0x86, 0x70,
    0xC7, 0x78, 0x7F, 0xB8, 0x3F, 0x80, 0xC1, 0x80, 0x60, 0xC0, 0x30, 0x60, 0x18, 0x30, 0x0F, 0xFF,
    0xE7, 0xFF, 0xFB, 0x06, 0x1D, 0x83, 0x06, 0xC1, 0x83, 0x60, 0xFF, 0xB0, 0x7F, 0x80, 0x30, 0x03,
    0x00, 0x30, 0x0F, 0xF8, 0xFF, 0x83, 0x00, 0x33, 0xC3, 0xFE, 0x38, 0xE3, 0x86, 0x30, 0x63, 0x06,
    0x30, 0x63, 0x06, 0x03, 0x80, 0xC0, 0x30, 0x00, 0x0C, 0x1D, 0x87, 0x31, 0xC6, 0x30, 0xCE, 0x1F,
    0x83, 0xF0, 0x67, 0x0C, 0x71, 0x87, 0x30, 0x70, 0x30, 0x0C, 0x06, 0x00, 0x0C, 0x1E, 0x1F, 0x0F,
    0x8F, 0xCD, 0xE6, 0xF6, 0x7B, 0x3F, 0x1F, 0x0F, 0x87, 0x83, 0x1D, 0xC0, 0x7C, 0x00, 0x00, 0x00,
    0x07, 0x03, 0x38, 0x38, 0xC1, 0x87, 0x1C, 0x18, 0xC0, 0xE6, 0x03, 0x70, 0x1F, 0x00, 0xF8, 0x03,
    0x80, 0x1C, 0x00, 0xE0, 0x06, 0x00, 0xF0, 0x07, 0x00, 0xC1, 0xB0, 0x6C, 0x1B, 0x06, 0xC1, 0xB0,
    0x6C, 0x1B, 0x06, 0xC1, 0xBF, 0xEF, 0xF8, 0x30, 0x0C, 0x03, 0x00, 0xC1, 0x83, 0xC1, 0x83, 0xC1,
    0x83, 0xC1, 0x83, 0xC1, 0x83, 0xC1, 0x83, 0xC1, 0x83, 0xC1, 0x83, 0xC1, 0x83, 0xC1, 0x83, 0xC1,
    0x83, 0xC1, 0x83, 0xC1, 0x83, 0xE3, 0xC7, 0x7F, 0xFE, 0x3E, 0x7C, 0xC3, 0x0F, 0x0C, 0x3C, 0x30,
    0xF0, 0xC3, 0xC3, 0x0F, 0x0C, 0x3C, 0x30, 0xF0, 0xC3, 0xC3, 0x0F, 0x1C, 0x77, 0xFF, 0x8E, 0x3C,
    0x18, 0x00, 0x60, 0x01, 0x80, 0x3F, 0xE0, 0x7F, 0x80, 0x60, 0x01, 0xFE, 0x07, 0xFC, 0x18, 0x38,
    0x60, 0x31, 0x80, 0xC6, 0x03, 0x18, 0x0C, 0x60, 0x61, 0xFF, 0x87, 0xF8, 0x18, 0x01, 0x80, 0x18,
    0x01, 0x80, 0xFF, 0x07, 0xF0, 0x18, 0x01, 0x80, 0x1F, 0xC1, 0xFE, 0x18, 0x71, 0x83, 0x18, 0x31,
    0x83, 0x1F, 0xE1, 0xFC, 0xC0, 0xFC, 0x30, 0x7F, 0x8C, 0x38, 0x73, 0x18, 0x0E, 0xC6, 0x01, 0xB3,
    0x00, 0x0C, 0xC0, 0x03, 0xFF, 0xC0, 0xFF, 0xF0, 0x33, 0x00, 0x0C, 0xC0, 0x03, 0x18, 0x06, 0xC6,
    0x03, 0xB0, 0xE1, 0xCC, 0x1F, 0xE3, 0x03, 0xF0, 0xC1, 0xF3, 0x0F, 0xEC, 0x61, 0xF3, 0x03, 0xCC,
    0x03, 0xFF, 0x8F, 0xFC, 0x33, 0x00, 0xCE, 0x0F, 0x18, 0x7C, 0x7F, 0xB0, 0x7C, 0x03, 0x00, 0x1E,
    0x00, 0x78, 0x03, 0x60, 0x0C, 0xC0, 0x33, 0x01, 0xCC, 0x06, 0x18, 0x18, 0x60, 0xFF, 0xC3, 0xFF,
    0x0C, 0xCC, 0x73, 0x39, 0x8C, 0x66, 0x31, 0xB8, 0xC7, 0x06, 0x00, 0xF0, 0x0F, 0x00, 0xF0, 0x19,
    0x81, 0x98, 0x19, 0x83, 0xFC, 0x36, 0xC3, 0x6C, 0x66, 0x66, 0x66, 0xC0, 0x60, 0x30, 0x3C, 0x0C,
    0x0F, 0x03, 0x03, 0x60, 0xC1, 0x98, 0x30, 0x66, 0x0C, 0x18, 0xC3, 0x0C, 0x30, 0xC3, 0x0E, 0x3F,
    0xFF, 0x8F, 0xFF, 0xE3, 0x19, 0x9C, 0xC6, 0x63, 0x33, 0x98, 0xCC, 0xC6, 0x1B, 0x31, 0x86, 0xC0,
    0xC1, 0x83, 0xC3, 0x07, 0x86, 0x0F, 0x0C, 0x37, 0x18, 0x66, 0x3F, 0xCC, 0x7F, 0xFC, 0xC6, 0xD9,
    0x9D, 0xB3, 0x33, 0x36, 0xE6, 0x60, 0x7F, 0xFC, 0x7F, 0xF0, 0xE0, 0xC0, 0xC3, 0x80, 0xC6, 0x01,
    0x98, 0x01, 0xB0, 0x0F, 0xF8, 0x7F, 0xFD, 0xC6, 0x1B, 0x0C, 0x1E, 0x18, 0x3C, 0x30, 0x78, 0x60,
    0xF0, 0xC1, 0xE1, 0x83, 0x7F, 0xF1, 0xFF, 0x0E, 0x30, 0x31, 0x80, 0xD8, 0x0F, 0xE1, 0xFF, 0xDC,
    0xC6, 0xC6, 0x1E, 0x30, 0xF1, 0x87, 0x8C, 0x30, 0xC1, 0xFF, 0xEC, 0x0F, 0xFC, 0xC0, 0xE0, 0xCC,
    0x06, 0x18, 0xC0, 0x71, 0x8C, 0x03, 0x30, 0xC0, 0x1A, 0x0F, 0xFF, 0xF8, 0xFF, 0xFF, 0xEC, 0x38,
    0xC7, 0xC3, 0x0C, 0x3C, 0x30, 0xC3, 0xC3, 0x0C, 0x3C, 0x30, 0xC3, 0xC3, 0x0C, 0x3C, 0x30, 0xC3,
    0xC3, 0xFF, 0x60, 0xFF, 0x30, 0x61, 0x98, 0x19, 0x8C, 0x0C, 0xC7, 0xFF, 0xF3, 0xFF, 0xFD, 0x86,
    0x67, 0xC6, 0x31, 0xE3, 0x18, 0xF1, 0x8C, 0x78, 0xC6, 0x30, 0x22, 0x36, 0x1C, 0x08, 0x00, 0xFC,
    0x7E, 0x07, 0x03, 0x03, 0x07, 0x3E, 0x3C, 0x3E, 0x07, 0x03, 0x03, 0x03, 0x07, 0x3E, 0xFC, 0xC0,
    0xC0, 0xE0, 0x60, 0x00, 0x66, 0x3C, 0x18, 0x00, 0x00, 0xFE, 0x7F, 0x03, 0x03, 0x3E, 0x3E, 0x07,
    0x03, 0x03, 0x03, 0x3E, 0xFC, 0xC0, 0xC0, 0xF0, 0x70, 0xC3, 0x0D, 0x86, 0x1B, 0x0C, 0x36, 0x18,
    0x6C, 0x30, 0xD8, 0x61, 0xB0, 0xC3, 0x61, 0x86, 0x63, 0x18, 0xE6, 0x70, 0xFF, 0xC0, 0x7E, 0x00,
    0x30, 0x00, 0x60, 0x00, 0xC0, 0x01, 0x80, 0x06, 0x00, 0x30, 0x01, 0x81, 0x8C, 0x6C, 0x63, 0x63,
    0x1B, 0x18, 0xD8, 0xC6, 0xC6, 0x36, 0x31, 0xB1, 0x8D, 0x8C, 0x66, 0x66, 0x3F, 0xF0, 0x7E, 0x00,
    0xC0, 0x06, 0x00, 0x30, 0x01, 0x80, 0x0F, 0x81, 0xFF, 0x1C, 0x1C, 0xC0, 0x6E, 0x03, 0xE0, 0x0F,
    0x00, 0x7F, 0xFF, 0xFF, 0xFE, 0x00, 0xF0, 0x07, 0xC0, 0x76, 0x03, 0x38, 0x38, 0xFF, 0x81, 0xF0,
    0x1E, 0x1F, 0xE6, 0x1B, 0x03, 0xF8, 0xFF, 0xFC, 0x7F, 0x03, 0xC0, 0xD8, 0x67, 0xF8, 0x78, 0xE0,
    0x0D, 0x80, 0x76, 0x01, 0x9C, 0x0C, 0x30, 0x30, 0xC0, 0xC1, 0x86, 0x06, 0x18, 0x18, 0x60, 0x33,
    0x00, 0xCC, 0x03, 0x30, 0x07, 0x80, 0x1E, 0x00, 0x78, 0x00, 0xC0, 0x60, 0x76, 0x07, 0x30, 0xC3,
    0x0C, 0x31, 0xC1, 0x98, 0x19, 0x81, 0xB8, 0x0F, 0x00, 0xF0, 0x0E, 0x00, 0x60, 0x19, 0x80, 0x36,
    0x00, 0xCC, 0x00, 0x00, 0xE0, 0x0D, 0x80, 0x76, 0x01, 0x9C, 0x0C, 0x30, 0x30, 0xC0, 0xC1, 0x86,
    0x06, 0x18, 0x18, 0x60, 0x33, 0x00, 0xCC, 0x03, 0x30, 0x07, 0x80, 0x1E, 0x00, 0x78, 0x00, 0xC0,
    0x36, 0x03, 0x30, 0x1B, 0x00, 0x00, 0x60, 0x76, 0x07, 0x30, 0xC3, 0x0C, 0x31, 0xC1, 0x98, 0x19,
    0x81, 0xB8, 0x0F, 0x00, 0xF0, 0x0E, 0x00, 0x60, 0x0F, 0x80, 0x00, 0x0F, 0xF8, 0x00, 0x07, 0x07,
    0x00, 0x01, 0x80, 0xC0, 0x00, 0xE0, 0x39, 0x81, 0xB0, 0x06, 0x60, 0x6C, 0x01, 0x8C, 0x3B, 0x00,
    0x63, 0x0C, 0xC0, 0x18, 0xC3, 0x30, 0x06, 0x19, 0x8C, 0x01, 0x86, 0x63, 0x80, 0xE1, 0x98, 0x60,
    0x30, 0x3C, 0x1C, 0x1C, 0x0F, 0x03, 0xFE, 0x01, 0xC0, 0x3E, 0x00, 0x60, 0x00, 0x00, 0x18, 0x00,
    0x00, 0x0C, 0x00, 0x00, 0x0F, 0x00, 0x00, 0x03, 0x80, 0x1E, 0x18, 0x0D, 0xFE, 0x30, 0x66, 0x18,
    0xC1, 0xB0, 0x33, 0x8E, 0xC0, 0xC6, 0x33, 0x03, 0x18, 0xCC, 0x0C, 0x76, 0x30, 0x30, 0xD8, 0xC0,
    0xC3, 0x61, 0x86, 0x07, 0x07, 0xF8, 0x1C, 0x07, 0x80, 0x70, 0x00, 0x01, 0x80, 0x00, 0x06, 0x00,
    0x00, 0xF0, 0x00, 0x03, 0x80, 0x0F, 0x83, 0xFC, 0x70, 0x66, 0x03, 0xC0, 0x3C, 0x00, 0xC0, 0x0C,
    0x00, 0xC0, 0x0C, 0x00, 0xE0, 0x36, 0x07, 0x78, 0xF3, 0xFB, 0x0F, 0x30, 0x03, 0x1E, 0x1F, 0xE6,
    0x1B, 0x02, 0xC0, 0x30, 0x0C, 0x03, 0x00, 0xC0, 0x18, 0x07, 0xC0, 0x70, 0x0C, 0x03, 0x00, 0xC0,
    0x30, 0x00, 0xC0, 0x18, 0x66, 0x07, 0xC0, 0x78, 0x0F, 0x81, 0x9E, 0x60, 0x7C, 0x07, 0x80, 0x78,
    0x19, 0x83, 0x00, 0xC0, 0x00, 0x07, 0xFF, 0xFE, 0x0C, 0x00, 0x0E, 0xFF, 0xF3, 0xD9, 0x00, 0x6F,
    0x00, 0x78, 0x7F, 0xB1, 0xC0, 0x00, 0xE0, 0x00, 0x1B, 0x00, 0x00, 0x00, 0x01, 0x80, 0x38, 0x24,
    0x02, 0xC0, 0x00, 0x00, 0x00, 0x00, 0x00, 0x00, 0x00, 0x00, 0x00, 0x07, 0x00, 0x0E, 0xD0, 0x00,
    0x90, 0x00, 0x00, 0x00, 0x00, 0x00, 0x00, 0x00, 0x18, 0x03, 0x82, 0x40, 0x6C, 0x00, 0x00, 0x00,
    0x0E, 0x00, 0x01, 0x90, 0x00, 0x00, 0x60, 0x00, 0x08, 0x00, 0x01, 0x00, 0x0C, 0x60, 0x00, 0x80,
    0x30, 0x18, 0x0C, 0x00, 0x00, 0x00, 0x00, 0x00, 0x00, 0x00, 0x1E, 0x00, 0x30, 0xC0, 0x07, 0x80,
    0x00, 0x00, 0x00, 0x00, 0x00, 0x00, 0x01, 0x01, 0x80, 0xE0, 0x30, 0x30, 0x63, 0x00, 0x08, 0x20,
    0x01, 0x00, 0x00, 0x60, 0x00, 0x19, 0x80, 0x66, 0x00, 0xF0, 0x01, 0x80, 0x00, 0x03, 0x01, 0xCC,
    0x07, 0x30, 0x3C, 0xC1, 0xF3, 0x06, 0xCC, 0x3B, 0x30, 0xCC, 0xC7, 0x33, 0x38, 0xCC, 0xC3, 0x37,
    0x0C, 0xD8, 0x33, 0xC0, 0xCF, 0x03, 0x38, 0x0F, 0xE0, 0x3C, 0x00, 0x60, 0x01, 0x80, 0x06, 0x00,
    0x10, 0x63, 0x0E, 0xE0, 0xF8, 0x0E, 0x00, 0x01, 0x83, 0x30, 0xE6, 0x1C, 0xC7, 0x98, 0xB3, 0x36,
    0x6C, 0xCD, 0x99, 0xE3, 0x38, 0x67, 0x0F, 0xC1, 0xE0, 0x18, 0x03, 0x00, 0x60, 0x08, 0x18, 0x00,
    0x60, 0x01, 0x80, 0x3F, 0xE0, 0x7F, 0x80, 0x60, 0x01, 0xFE, 0x07, 0xFC, 0x18, 0x38, 0x60, 0x31,
    0x80, 0xC6, 0x03, 0x18, 0x0C, 0x60, 0x61, 0xFF, 0x87, 0xF8, 0x18, 0x01, 0x80, 0x18, 0x0F, 0xF0,
    0x7F, 0x01, 0x80, 0x18, 0x01, 0xFC, 0x1F, 0xE1, 0x87, 0x18, 0x31, 0x83, 0x18, 0x31, 0xFE, 0x1F,
    0xC0, 0xFF, 0x3F, 0xEC, 0x1F, 0x03, 0xC0, 0xF0, 0x3C, 0x6F, 0x0F, 0xFF, 0xBF, 0xEC, 0x1B, 0x00,
    0xC0, 0x30, 0x0C, 0x03, 0x00, 0xDF, 0x3F, 0xEE, 0x1B, 0x03, 0xC0, 0xF0, 0x3C, 0x0F, 0x03, 0xC7,
    0xF8, 0xEF, 0xFB, 0x7F, 0xC0, 0xB0, 0x0C, 0x03, 0x00, 0x01, 0x80, 0x60, 0x1B, 0xFE, 0xFF, 0xB0,
    0x0C, 0x03, 0x00, 0xC0, 0x30, 0x0C, 0x03, 0x00, 0xC0, 0x30, 0x0C, 0x03, 0x00, 0xC0, 0x00, 0x03,
    0x03, 0x03, 0xFF, 0xFF, 0xC0, 0xC0, 0xC0, 0xC0, 0xC0, 0xC0, 0xC0, 0xC0, 0xC0, 0x3F, 0xE7, 0xFC,
    0xC0, 0x18, 0x03, 0x00, 0x60, 0x3F, 0xC7, 0xF8, 0x30, 0x06, 0x00, 0xC0, 0x18, 0x03, 0x00, 0x60,
    0x00, 0x3F, 0xCF, 0xF3, 0x00, 0xC0, 0x30, 0x3F, 0x8F, 0xE0, 0xC0, 0x30, 0x0C, 0x03, 0x00, 0xFF,
    0x9F, 0xF3, 0x00, 0x60, 0x0C, 0x01, 0xFE, 0x3F, 0xF7, 0x0E, 0xC0, 0xD8, 0x1B, 0x03, 0x60, 0x6C,
    0x0D, 0x81, 0x80, 0x30, 0x0E, 0x07, 0xC0, 0xF0, 0xFF, 0x3F, 0xCC, 0x03, 0x00, 0xFF, 0x3F, 0xEE,
    0x3B, 0x06, 0xC1, 0xB0, 0x6C, 0x18, 0x06, 0x01, 0x81, 0xE0, 0x70, 0x70, 0x60, 0x71, 0xC3, 0x07,
    0x0E, 0x18, 0x70, 0x38, 0xC7, 0x00, 0xE6, 0x38, 0x03, 0xB3, 0x80, 0x1F, 0xF8, 0x00, 0xFF, 0xC0,
    0x0E, 0x67, 0x00, 0x73, 0x1C, 0x07, 0x18, 0xF0, 0x70, 0xC3, 0x83, 0x86, 0x0F, 0x38, 0x30, 0x38,
    0x00, 0x00, 0xC0, 0x00, 0x06, 0x00, 0x00, 0x30, 0x61, 0x86, 0x38, 0xC7, 0x0E, 0x63, 0x03, 0x33,
    0x81, 0xDB, 0x80, 0x7F, 0x80, 0x3F, 0xE0, 0x3B, 0x30, 0x39, 0x9C, 0x38, 0xC7, 0xB8, 0x61, 0xC0,
    0x00, 0x60, 0x00, 0x30, 0x1F, 0x83, 0xFE, 0x70, 0xE6, 0x06, 0x00, 0xE0, 0xFC, 0x0F, 0xE0, 0x0F,
    0x00, 0x76, 0x03, 0x70, 0x77, 0x9F, 0x3F, 0xE1, 0xF8, 0x06, 0x00, 0x60, 0x06, 0x00, 0x3F, 0x1F,
    0xEE, 0x18, 0x06, 0x1F, 0x87, 0xE0, 0x1F, 0x03, 0xE1, 0xDF, 0xE3, 0xF0, 0x30, 0x0C, 0x03, 0x00,
    0xC0, 0x76, 0x07, 0x30, 0x71, 0x87, 0x0C, 0x70, 0x67, 0x03, 0xF0, 0x1F, 0xC0, 0xCF, 0x06, 0x3C,
    0x30, 0xE1, 0x83, 0x8C, 0x0F, 0xE0, 0x3C, 0x00, 0x60, 0x03, 0x00, 0x18, 0xC1, 0xD8, 0x73, 0x1C,
    0x63, 0x0C, 0xC1, 0xF8, 0x3F, 0x06, 0x70, 0xC7, 0x18, 0x7B, 0x07, 0x00, 0x60, 0x0C, 0xC0, 0x3B,
    0x01, 0xCC, 0x0E, 0x33, 0x38, 0xCD, 0xC3, 0x36, 0x0F, 0xF8, 0x3F, 0xE0, 0xCD, 0xC3, 0x37, 0x0C,
    0x0E, 0x30, 0x1C, 0xC0, 0x73, 0x00, 0xE0, 0xC0, 0xEC, 0x1C, 0xC1, 0xCD, 0xB8, 0xDF, 0x0F, 0xF0,
    0xFF, 0x0D, 0xF8, 0xD9, 0xCC, 0x1C, 0xC0, 0xE0, 0xF8, 0x0E, 0xF8, 0x1C, 0x18, 0x38, 0x18, 0x70,
    0x18, 0xE0, 0x19, 0xC0, 0x1F, 0x80, 0x1F, 0x80, 0x19, 0xC0, 0x18, 0xE0, 0x18, 0x70, 0x18, 0x38,
    0x18, 0x1C, 0x18, 0x0E, 0xF8, 0x3B, 0xE1, 0xC1, 0x8E, 0x06, 0x30, 0x19, 0xC0, 0x7E, 0x01, 0xF8,
    0x06, 0x70, 0x18, 0xE0, 0x61, 0xC1, 0x83, 0x80, 0xC0, 0x33, 0x00, 0xCC, 0x03, 0x30, 0x0C, 0xC0,
    0x33, 0x00, 0xCF, 0xFF, 0x3F, 0xFC, 0xC0, 0x33, 0x00, 0xCC, 0x03, 0x30, 0x0C, 0xC0, 0x3F, 0x00,
    0xF0, 0x00, 0xC0, 0x03, 0x00, 0x0C, 0xC0, 0xCC, 0x0C, 0xC0, 0xCC, 0x0C, 0xC0, 0xCF, 0xFC, 0xFF,
    0xCC, 0x0C, 0xC0, 0xCC, 0x0E, 0xC0, 0xE0, 0x06, 0x00, 0x60, 0xC0, 0x3F, 0xF8, 0x07, 0xFF, 0x00,
    0xC0, 0x60, 0x18, 0x0C, 0x03, 0x01, 0x80, 0x60, 0x3F, 0xFC, 0x07, 0xFF, 0x80, 0xC0, 0x30, 0x18,
    0x06, 0x03, 0x00, 0xC0, 0x60, 0x18, 0x0C, 0x03, 0x01, 0x80, 0x60, 0x00, 0xC0, 0xFF, 0x81, 0xFF,
    0x03, 0x06, 0x06, 0x0C, 0x0C, 0x1F, 0xF8, 0x3F, 0xF0, 0x60, 0x60, 0xC0, 0xC1, 0x81, 0x83, 0x03,
    0x00, 0xFF, 0xF0, 0x0F, 0xFF, 0x00, 0xC0, 0x30, 0x0C, 0x03, 0x00, 0xC0, 0x30, 0x0C, 0x03, 0x00,
    0xC0, 0x37, 0x8C, 0x03, 0xFC, 0xC0, 0x38, 0xEC, 0x03, 0x07, 0xC0, 0x30, 0x3C, 0x03, 0x03, 0xC0,
    0x30, 0x3C, 0x03, 0x03, 0xC0, 0x30, 0x6C, 0x03, 0x3E, 0x00, 0x03, 0x80, 0xFF, 0x80, 0x7F, 0xC0,
    0x30, 0x60, 0x18, 0x30, 0x0C, 0x18, 0x06, 0x0F, 0xE3, 0x07, 0xF9, 0x83, 0x06, 0xC1, 0x83, 0xE0,
    0xC0, 0xF0, 0x60, 0x78, 0x30, 0x30, 0x00, 0x30, 0x00, 0x78, 0x00, 0x30, 0x00, 0x00, 0x0E, 0x00,
    0x07, 0xC0, 0x00, 0xC0, 0xF0, 0x30, 0x3F, 0x8E, 0x0C, 0x31, 0x83, 0x83, 0x30, 0x60, 0x66, 0x0C,
    0x0C, 0xC1, 0x81, 0x98, 0x30, 0x33, 0x03, 0x0E, 0x70, 0x63, 0x86, 0x06, 0xE0, 0x70, 0xF8, 0x07,
    0xFF, 0xF0, 0x7F, 0x7E, 0x18, 0x00, 0x78, 0xE0, 0x63, 0xF8, 0xC3, 0x18, 0xC6, 0x0C, 0xC6, 0x0C,
    0xC6, 0x0C, 0xC6, 0x0C, 0xE3, 0x18, 0x73, 0xF8, 0x3F, 0xFE, 0x1F, 0xFE, 0x1F, 0x81, 0xFF, 0x1C,
    0x3C, 0xC0, 0xEE, 0x03, 0x70, 0x03, 0x00, 0x18, 0x00, 0xE0, 0x07, 0x01, 0xB8, 0x1C, 0xE1, 0xE7,
    0xFE, 0x0F, 0xE0, 0x1C, 0x00, 0xC0, 0x06, 0x00, 0x1F, 0x0F, 0xF1, 0xC7, 0x70, 0x6C, 0x01, 0x80,
    0x38, 0x07, 0x06, 0x71, 0xCF, 0xF0, 0x7C, 0x06, 0x00, 0xC0, 0xFF, 0xFF, 0xFC, 0x18, 0x03, 0x00,
    0x60, 0x0C, 0x01, 0x80, 0x30, 0x06, 0x00, 0xC0, 0x18, 0x03, 0x00, 0x60, 0x0C, 0x01, 0xC0, 0x38,
    0x03, 0x00, 0x60, 0x0C, 0x01, 0x80, 0xFF, 0xFF, 0xC3, 0x01, 0x80, 0xC0, 0x60, 0x30, 0x18, 0x0C,
    0x06, 0x03, 0x81, 0xC0, 0x60, 0x30, 0x18, 0x0C, 0x70, 0x39, 0xC0, 0xE3, 0x87, 0x07, 0x18, 0x1C,
    0xE0, 0x3F, 0x00, 0x7C, 0x01, 0xE0, 0x03, 0x80, 0x0C, 0x00, 0x30, 0x00, 0xC0, 0x03, 0x00, 0x0C,
    0x00, 0xE0, 0x77, 0x06, 0x70, 0xE3, 0x0C, 0x39, 0xC1, 0x9C, 0x1D, 0x81, 0xF8, 0x0F, 0x00, 0xF0,
    0x07, 0x00, 0x60, 0x06, 0x00, 0x60, 0x06, 0x00, 0x60, 0x70, 0x38, 0xE1, 0xC3, 0x87, 0x07, 0x38,
    0x0E, 0xE0, 0x3F, 0x00, 0x78, 0x01, 0xE0, 0x1F, 0xE0, 0x7F, 0x80, 0x30, 0x00, 0xC0, 0x03, 0x00,
    0x0C, 0x00, 0xE0, 0x66, 0x0E, 0x70, 0xC3, 0x1C, 0x39, 0xC3, 0x98, 0x1B, 0x81, 0xF0, 0x0F, 0x03,
    0xFC, 0x3F, 0xC0, 0x60, 0x06, 0x00, 0x60, 0x06, 0x00, 0x60, 0x70, 0x38, 0x70, 0x70, 0x71, 0xC0,
    0xE7, 0x00, 0xFE, 0x00, 0xF8, 0x01, 0xE0, 0x03, 0xE0, 0x0F, 0xC0, 0x1D, 0xC0, 0x71, 0xC1, 0xC3,
    0x83, 0x83, 0xCE, 0x03, 0x80, 0x03, 0x00, 0x06, 0x00, 0x0C, 0x70, 0x61, 0xC7, 0x07, 0x70, 0x1F,
    0x00, 0xF0, 0x03, 0x80, 0x3E, 0x03, 0xB8, 0x19, 0xC1, 0xC7, 0x9C, 0x1C, 0x00, 0x60, 0x03, 0x00,
    0xFF, 0xE3, 0x3F, 0xF8, 0xC0, 0x60, 0x30, 0x18, 0x0C, 0x06, 0x03, 0x01, 0x80, 0xC0, 0x60, 0x30,
    0x18, 0x0C, 0x06, 0x03, 0x01, 0x80, 0xC0, 0x60, 0x30, 0x18, 0x0C, 0x06, 0x03, 0x01, 0x80, 0xC0,
    0x7F, 0xFC, 0x1F, 0xFF, 0x00, 0x00, 0xC0, 0x00, 0x30, 0x00, 0x0C, 0x00, 0x03, 0xFF, 0x31, 0xF8,
    0xC1, 0x83, 0x06, 0x0C, 0x18, 0x30, 0x60, 0xC1, 0x83, 0x06, 0x0C, 0x18, 0x30, 0x60, 0xC1, 0xFF,
    0xC7, 0xFF, 0x00, 0x0C, 0x00, 0x30, 0x00, 0xC0, 0x03, 0xC0, 0x66, 0x03, 0x30, 0x19, 0x80, 0xCC,
    0x06, 0x70, 0x33, 0xC7, 0x8F, 0xFC, 0x3F, 0xE0, 0x03, 0x00, 0x18, 0x00, 0xC0, 0x07, 0x80, 0x3C,
    0x00, 0x60, 0x03, 0x00, 0x18, 0xC1, 0x98, 0x33, 0x06, 0x60, 0xCE, 0x19, 0xC3, 0x1F, 0xE1, 0xFC,
    0x01, 0x80, 0x3C, 0x07, 0x80, 0x30, 0x06, 0xC0, 0x78, 0x0F, 0x01, 0xE3, 0x3E, 0x6F, 0xFF, 0xDF,
    0xF9, 0xFF, 0x06, 0x60, 0xCC, 0x01, 0x80, 0x30, 0x06, 0x00, 0xC0, 0xC1, 0xB0, 0x6C, 0x1B, 0x36,
    0xED, 0xBF, 0xE7, 0xF8, 0x36, 0x0D, 0x80, 0x60, 0x18, 0xC0, 0x18, 0x03, 0x00, 0x60, 0x0C, 0x01,
    0xFF, 0x3F, 0xF7, 0x07, 0xC0, 0xF8, 0x0F, 0x01, 0xE0, 0x3C, 0x07, 0x80, 0xC0, 0xC0, 0x30, 0x0C,
    0x03, 0x3C, 0xFF, 0xBC, 0x7E, 0x1F, 0x03, 0xC0, 0xF0, 0x3C, 0x0F, 0x03, 0xC0, 0xF0, 0x30, 0x01,
    0xF8, 0x07, 0xFC, 0x06, 0x0E, 0x0C, 0x06, 0x9C, 0x03, 0xD8, 0x03, 0xD8, 0x03, 0xFF, 0xFF, 0x3F,
    0xFF, 0x18, 0x00, 0x18, 0x00, 0x1C, 0x03, 0x0C, 0x06, 0x06, 0x0E, 0x07, 0xFC, 0x01, 0xF0, 0x03,
    0xE0, 0x1F, 0xC0, 0xC1, 0xB7, 0x07, 0xD8, 0x0D, 0xFF, 0xF3, 0xFF, 0xC6, 0x00, 0x1C, 0x00, 0x30,
    0x70, 0x7F, 0x80, 0xFC, 0x01, 0xF8, 0x07, 0xFC, 0x06, 0x0E, 0x0C, 0x06, 0x9C, 0x03, 0xD8, 0x03,
    0xD8, 0x03, 0xFF, 0xFF, 0x3F, 0xFF, 0x18, 0x00, 0x18, 0x00, 0x1C, 0x03, 0x0C, 0x06, 0x06, 0x0E,
    0x07, 0xFC, 0x01, 0xF0, 0x00, 0x60, 0x00, 0x60, 0x00, 0x60, 0x03, 0xE0, 0x1F, 0xE0, 0xC1, 0xB7,
    0x03, 0xFF, 0xFD, 0xFF, 0xF1, 0x80, 0x06, 0x00, 0x1C, 0x08, 0x30, 0x60, 0x7F, 0x80, 0xF8, 0x00,
    0x80, 0x03, 0x80, 0x06, 0x00, 0x78, 0xDB, 0x6D, 0xB6, 0xDB, 0x6D, 0x80, 0x01, 0x98, 0x00, 0x19,
    0x80, 0x00, 0xF0, 0x00, 0x06, 0x00, 0x00, 0x00, 0x07, 0x06, 0x0E, 0x30, 0x60, 0xC3, 0x86, 0x1C,
    0x18, 0x61, 0x81, 0xC6, 0x38, 0x0C, 0x63, 0x00, 0x66, 0x60, 0x07, 0xFE, 0x00, 0x7F, 0xE0, 0x0E,
    0x67, 0x00, 0xC6, 0x30, 0x18, 0x61, 0x81, 0x86, 0x18, 0x30, 0x60, 0xC7, 0x06, 0x0E, 0x60, 0x60,
    0x60, 0x06, 0x60, 0x06, 0x60, 0x03, 0xC0, 0x01, 0x80, 0x00, 0x00, 0x61, 0x86, 0x71, 0x8E, 0x31,
    0x8C, 0x19, 0x98, 0x0D, 0xB8, 0x0F, 0xF0, 0x0F, 0xF0, 0x0D, 0xB8, 0x19, 0x98, 0x39, 0x9C, 0x71,
    0x8E, 0xE1, 0x87, 0xC0, 0xEC, 0x1C, 0xC1, 0xCC, 0x38, 0xC7, 0x0C, 0x60, 0xFF, 0x0F, 0xFC, 0xC1,
    0xCC, 0x0C, 0xC0, 0xCC, 0x0C, 0xC0, 0xCC, 0x0C, 0x00, 0xC0, 0x1C, 0x07, 0xC0, 0x78, 0xC1, 0xB0,
    0xCC, 0x73, 0x38, 0xFE, 0x3F, 0xCC, 0x3B, 0x0E, 0xC1, 0xB0, 0x6C, 0x18, 0x06, 0x03, 0x81, 0xE0,
    0x70, 0x1F, 0xF8, 0x3F, 0xF0, 0x60, 0x60, 0xC0, 0xC1, 0x81, 0x83, 0x03, 0x06, 0x06, 0x0C, 0x0C,
    0x18, 0x18, 0x30, 0x30, 0x60, 0x61, 0xC0, 0xC3, 0x01, 0x86, 0x03, 0x3C, 0x07, 0xF0, 0x0F, 0x00,
    0x0C, 0x00, 0x18, 0x00, 0x30, 0x00, 0x40, 0x1F, 0xE0, 0xFF, 0x06, 0x18, 0x30, 0xC1, 0x86, 0x0C,
    0x30, 0x61, 0x83, 0x0C, 0x18, 0x61, 0xC3, 0x1C, 0x1F, 0xC0, 0xF0, 0x03, 0x00, 0x18, 0x00, 0xC0,
    0x04, 0xC0, 0x3C, 0x03, 0xC0, 0x3C, 0x03, 0xC0, 0x3F, 0xFF, 0xFF, 0xFC, 0x03, 0xC0, 0x3C, 0x03,
    0xC0, 0x3C, 0x03, 0xC0, 0x3C, 0x03, 0x00, 0x30, 0x07, 0x01, 0xF0, 0x1E, 0xC0, 0xF0, 0x3C, 0x0F,
    0x03, 0xFF, 0xFF, 0xFC, 0x0F, 0x03, 0xC0, 0xF0, 0x3C, 0x0C, 0x03, 0x01, 0xC0, 0xF0, 0x38, 0xC0,
    0x33, 0x00, 0xCC, 0x03, 0x30, 0x0C, 0xC0, 0x33, 0x00, 0xCC, 0x03, 0x3F, 0xFC, 0xFF, 0xF3, 0x00,
    0xCC, 0x03, 0x30, 0x0C, 0xC0, 0x33, 0x00, 0xCC, 0x03, 0xF0, 0x0F, 0x00, 0x18, 0x00, 0x60, 0x01,
    0x80, 0x04, 0xC1, 0x98, 0x33, 0x06, 0x60, 0xCC, 0x19, 0xFF, 0x3F, 0xE6, 0x0C, 0xC1, 0x98, 0x33,
    0x07, 0xE0, 0xF0, 0x0C, 0x01, 0x80, 0x30, 0x04, 0xC0, 0x78, 0x0F, 0x01, 0xE0, 0x3C, 0x07, 0xC0,
    0xFC, 0x7B, 0xFF, 0x3F, 0xE0, 0x0C, 0x01, 0x80, 0x30, 0x1E, 0x03, 0xC0, 0x60, 0x0C, 0x01, 0x80,
    0xC1, 0xB0, 0x6C, 0x1B, 0x06, 0xE1, 0xBF, 0xE7, 0xF8, 0x06, 0x01, 0x81, 0xE0, 0x78, 0x18, 0x06,
    0x00, 0xE0, 0x0E, 0x70, 0x07, 0x3C, 0x07, 0x9E, 0x03, 0xCF, 0x81, 0xE6, 0xC1, 0xB3, 0x60, 0xD9,
    0xB8, 0xEC, 0xCC, 0x66, 0x66, 0x33, 0x31, 0xB1, 0x98, 0xD8, 0xCC, 0x6C, 0x66, 0x1C, 0x33, 0x0E,
    0x1F, 0x87, 0x0F, 0x00, 0x03, 0x00, 0x01, 0x80, 0x00, 0xC0, 0x00, 0x40, 0xE0, 0x39, 0xC0, 0xF3,
    0xC1, 0xE7, 0x83, 0xCD, 0x8D, 0x9B, 0x1B, 0x36, 0x76, 0x66, 0xCC, 0xCD, 0x99, 0x9E, 0x33, 0x1C,
    0x7E, 0x38, 0xF0, 0x00, 0xC0, 0x01, 0x80, 0x03, 0x00, 0x04, 0xDB, 0x6D, 0xB6, 0xDB, 0x6D, 0x80,
    0x0C, 0x60, 0x1C, 0xC0, 0x3F, 0x80, 0x3E, 0x00, 0x00, 0x00, 0x70, 0x00, 0xE0, 0x03, 0xE0, 0x07,
    0xC0, 0x0D, 0xC0, 0x3B, 0x80, 0x63, 0x01, 0xC7, 0x03, 0x8E, 0x07, 0xFE, 0x1F, 0xFC, 0x38, 0x18,
    0xE0, 0x39, 0xC0, 0x70, 0x33, 0x0F, 0xC0, 0x00, 0x00, 0x3F, 0x1F, 0xE6, 0x38, 0x06, 0x7F, 0xBF,
    0xEE, 0x1B, 0x06, 0xE3, 0xBF, 0xE7, 0xD8, 0x18, 0xC0, 0x63, 0x01, 0x8C, 0x00, 0x00, 0x07, 0x80,
    0x3E, 0x00, 0xF8, 0x03, 0xF0, 0x1D, 0xC0, 0x77, 0x01, 0x8E, 0x0E, 0x38, 0x38, 0x60, 0xFF, 0xC7,
    0xFF, 0x1C, 0x0C, 0x60, 0x3B, 0x80, 0xE0, 0x33, 0x0C, 0xC3, 0x30, 0xFC, 0x7F, 0x98, 0xE0, 0x19,
    0xFE, 0xFF, 0xB8, 0x6C, 0x1B, 0x8E, 0xFF, 0x9F, 0x60, 0x00, 0x7F, 0xF0, 0x0F, 0xFF, 0x00, 0xF0,
    0x00, 0x1F, 0x00, 0x01, 0xB0, 0x00, 0x3B, 0x00, 0x07, 0x3F, 0xE0, 0x73, 0xFE, 0x0E, 0x30, 0x01,
    0xFF, 0x00, 0x1F, 0xF0, 0x03, 0x83, 0x00, 0x38, 0x3F, 0xF7, 0x03, 0xFF, 0x3E, 0x3F, 0x1F, 0xFF,
    0xE6, 0x3C, 0x1C, 0x07, 0x07, 0x7F, 0xFF, 0xFF, 0xFF, 0xFE, 0x18, 0x03, 0x07, 0x00, 0xE3, 0xE1,
    0xFF, 0xDF, 0xE7, 0xE3, 0xF0, 0x61, 0x9C, 0xE7, 0xF8, 0xFC, 0x00, 0x3F, 0xFF, 0xFF, 0x00, 0xC0,
    0x30, 0x0C, 0x03, 0xFE, 0xFF, 0xB0, 0x0C, 0x03, 0x00, 0xC0, 0x3F, 0xFF, 0xFC, 0x33, 0x87, 0xE0,
    0x00, 0x00, 0x01, 0xF0, 0xFF, 0x18, 0x77, 0x06, 0xFF, 0xDF, 0xFB, 0x00, 0x70, 0x07, 0x1C, 0xFF,
    0x07, 0xC0, 0x1F, 0x81, 0xFE, 0x1C, 0x39, 0xC0, 0xE0, 0x03, 0x00, 0x1B, 0xFF, 0xDF, 0xFE, 0xE0,
    0x37, 0x01, 0xB8, 0x1C, 0xE1, 0xC3, 0xFC, 0x0F, 0xC0, 0x3F, 0x0F, 0xF3, 0x87, 0x00, 0x60, 0x0D,
    0xFF, 0xBF, 0xF7, 0x06, 0xE1, 0xCF, 0xF0, 0xFC, 0x00, 0x18, 0xC0, 0xC6, 0x06, 0x30, 0x00, 0x00,
    0xFC, 0x1F, 0xF1, 0xE1, 0xCE, 0x06, 0x00, 0x38, 0x00, 0xFF, 0xFF, 0xFF, 0xFE, 0x01, 0xB0, 0x1D,
    0xC0, 0xCF, 0x0E, 0x3F, 0xE0, 0x7C, 0x00, 0x33, 0x06, 0x60, 0xCC, 0x1F, 0x87, 0xF9, 0xC3, 0x80,
    0x30, 0x06, 0xFF, 0xDF, 0xFB, 0x83, 0x70, 0xE7, 0xF8, 0x7E, 0x00, 0x03, 0x18, 0x00, 0x39, 0x80,
    0x03, 0x18, 0x00, 0x00, 0x00, 0x70, 0x60, 0xE7, 0x06, 0x1C, 0x38, 0x63, 0x81, 0xC6, 0x30, 0x0C,
    0x67, 0x00, 0xE6, 0xE0, 0x07, 0xFC, 0x00, 0x7F, 0xE0, 0x0E, 0x6E, 0x01, 0xC6, 0x70, 0x1C, 0x63,
    0x83, 0x86, 0x38, 0x70, 0x61, 0xCE, 0x06, 0x0E, 0x06, 0x30, 0x03, 0x98, 0x01, 0x8C, 0x0E, 0x18,
    0xE3, 0x0C, 0x61, 0xC6, 0x70, 0x73, 0x30, 0x39, 0xB0, 0x0F, 0xF8, 0x07, 0xFC, 0x07, 0x37, 0x07,
    0x19, 0xC3, 0x8C, 0x63, 0x86, 0x38, 0x31, 0x83, 0x18, 0x31, 0x80, 0x00, 0x3F, 0x87, 0xFC, 0xF0,
    0xE6, 0x06, 0x00, 0xE0, 0xFC, 0x0F, 0xC0, 0x0E, 0x00, 0x6C, 0x06, 0xE0, 0x6F, 0x0E, 0x7F, 0xC1,
    0xF8, 0x31, 0x86, 0x30, 0xC6, 0x0F, 0xC7, 0xFC, 0xE3, 0x80, 0x70, 0x7C, 0x0F, 0xC0, 0x39, 0x83,
    0x38, 0xE7, 0xFC, 0x3E, 0x00, 0x7F, 0xCF, 0xF8, 0x06, 0x01, 0x80, 0x70, 0x1C, 0x03, 0x00, 0x7C,
    0x01, 0xC0, 0x1C, 0x01, 0x80, 0x3E, 0x06, 0xC1, 0x9F, 0xF0, 0xF8, 0x7F, 0xCF, 0xF8, 0x06, 0x01,
    0x80, 0x70, 0x1C, 0x03, 0x00, 0x7C, 0x01, 0xC0, 0x1C, 0x01, 0x80, 0x3E, 0x06, 0xC1, 0x9F, 0xF0,
    0xF8, 0x1F, 0x81, 0xF8, 0x00, 0x00, 0x00, 0xC0, 0x7C, 0x07, 0xC0, 0xFC, 0x1F, 0xC3, 0xFC, 0x3B,
    0xC7, 0x3C, 0xE3, 0xDC, 0x3F, 0xC3, 0xF8, 0x3F, 0x03, 0xE0, 0x3E, 0x03, 0x3F, 0x0F, 0xC0, 0x03,
    0x07, 0xC1, 0xF0, 0xFC, 0x7F, 0x1B, 0xCC, 0xF6, 0x3F, 0x8F, 0xC3, 0xE0, 0xF8, 0x30, 0x19, 0x81,
    0x98, 0x19, 0x80, 0x00, 0xE0, 0x7E, 0x0F, 0xE0, 0xFE, 0x1F, 0xE3, 0xFE, 0x3B, 0xE7, 0x3E, 0xE3,
    0xEE, 0x3F, 0xC3, 0xF8, 0x3F, 0x03, 0xF0, 0x3E, 0x03, 0x33, 0x0C, 0xC3, 0x33, 0x07, 0xC1, 0xF0,
    0xFC, 0x7F, 0x1B, 0xCC, 0xF6, 0x3F, 0x8F, 0xC3, 0xE0, 0xF8, 0x30, 0x18, 0xC0, 0x63, 0x01, 0x8C,
    0x00, 0x00, 0x0F, 0xC0, 0xFF, 0x87, 0x87, 0x18, 0x0E, 0xE0, 0x1B, 0x80, 0x6C, 0x01, 0xB0, 0x06,
    0xE0, 0x1B, 0x80, 0x66, 0x03, 0x9E, 0x1C, 0x3F, 0xE0, 0x3F, 0x00, 0x31, 0x86, 0x30, 0xC6, 0x0F,
    0x87, 0xFC, 0xE3, 0xB8, 0x3E, 0x03, 0xC0, 0x7C, 0x1F, 0x83, 0xB8, 0xE7, 0xFC, 0x3E, 0x00, 0x0F,
    0x81, 0xFF, 0x1E, 0x3C, 0xE0, 0xEE, 0x03, 0xF0, 0x1F, 0xFF, 0xFF, 0xFF, 0xE0, 0x3F, 0x01, 0xDC,
    0x1C, 0xF1, 0xE3, 0xFE, 0x07, 0xC0, 0x1F, 0x0F, 0xF9, 0xC7, 0x70, 0x7F, 0xFF, 0xFF, 0xF8, 0x3F,
    0x07, 0x71, 0xCF, 0xF8, 0x7C, 0x00, 0x18, 0xC0, 0xC6, 0x06, 0x30, 0x00, 0x00, 0xF8, 0x1F, 0xF1,
    0xE3, 0xCE, 0x06, 0xE0, 0x3F, 0x01, 0xFF, 0xFF, 0xFF, 0xFE, 0x03, 0xF0, 0x1D, 0xC0, 0xCF, 0x1E,
    0x3F, 0xE0, 0x7C, 0x00, 0x31, 0x86, 0x30, 0xC6, 0x0F, 0x87, 0xFC, 0xE3, 0xB8, 0x3F, 0xFF, 0xFF,
    0xFC, 0x1F, 0x83, 0xB8, 0xE7, 0xFC, 0x3E, 0x00, 0x19, 0x80, 0xCC, 0x06, 0x60, 0x00, 0x00, 0x00,
    0x07, 0xC0, 0xFF, 0x8E, 0x0C, 0x60, 0x36, 0x01, 0xC0, 0x06, 0x00, 0x30, 0xFF, 0x87, 0xFC, 0x00,
    0x60, 0x03, 0xC0, 0x3B, 0x01, 0x9C, 0x18, 0x7F, 0xC0, 0xF8, 0x00, 0x33, 0x86, 0x70, 0xC6, 0x00,
    0x01, 0xF0, 0x7F, 0x18, 0x32, 0x07, 0x00, 0x63, 0xFC, 0x7F, 0x80, 0x36, 0x0E, 0xC1, 0x8F, 0xE0,
    0xF8, 0x0F, 0xC0, 0x3F, 0x00, 0x00, 0x00, 0x00, 0x70, 0x1D, 0xC0, 0xE3, 0x83, 0x8E, 0x1C, 0x1C,
    0x70, 0x71, 0x80, 0xEE, 0x03, 0xF0, 0x07, 0xC0, 0x0E, 0x00, 0x38, 0x00, 0xC0, 0x1F, 0x00, 0x78,
    0x00, 0x1F, 0x81, 0xF8, 0x00, 0x0E, 0x07, 0x70, 0x67, 0x0E, 0x30, 0xC3, 0x8C, 0x19, 0xC1, 0xD8,
    0x0F, 0x80, 0xF0, 0x0F, 0x00, 0x70, 0x06, 0x00, 0xE0, 0x3C, 0x03, 0x80, 0x0C, 0x60, 0x18, 0xC0,
    0x31, 0x80, 0x00, 0x07, 0x01, 0xC7, 0x03, 0x8E, 0x06, 0x0E, 0x1C, 0x1C, 0x30, 0x1C, 0xE0, 0x3D,
    0x80, 0x3F, 0x00, 0x7C, 0x00, 0x78, 0x00, 0xE0, 0x01, 0xC0, 0x0F, 0x00, 0x1C, 0x00, 0x18, 0xC0,
    0xC6, 0x06, 0x30, 0xE0, 0x67, 0x07, 0x18, 0x30, 0xE3, 0x83, 0x18, 0x1C, 0xC0, 0xEE, 0x03, 0xE0,
    0x1F, 0x00, 0x70, 0x03, 0x80, 0x1C, 0x01, 0xC0, 0x1E, 0x00, 0xE0, 0x00, 0x01, 0x98, 0x06, 0x60,
    0x1D, 0x80, 0x00, 0x07, 0x00, 0xC7, 0x03, 0x8E, 0x06, 0x0E, 0x1C, 0x1C, 0x30, 0x1C, 0xE0, 0x39,
    0x80, 0x3F, 0x00, 0x3E, 0x00, 0x78, 0x00, 0x70, 0x01, 0xC0, 0x0F, 0x00, 0x1C, 0x00, 0x06, 0x70,
    0x73, 0x07, 0x30, 0x00, 0x07, 0x07, 0x38, 0x38, 0xC1, 0x87, 0x1C, 0x18, 0xC0, 0xE6, 0x03, 0x70,
    0x1F, 0x00, 0xF8, 0x03, 0x80, 0x1C, 0x00, 0xE0, 0x06, 0x00, 0xF0, 0x07, 0x00, 0x19, 0x83, 0x30,
    0x66, 0x00, 0x0E, 0x07, 0xC0, 0xF8, 0x1F, 0x03, 0xE0, 0x7C, 0x0F, 0xC7, 0xBF, 0xF3, 0xFE, 0x00,
    0xC0, 0x18, 0x03, 0x00, 0x60, 0x0C, 0x33, 0x0C, 0xC3, 0x33, 0x06, 0xC1, 0xB0, 0x6C, 0x1B, 0x86,
    0xE1, 0x9F, 0xE3, 0xF8, 0x06, 0x01, 0x80, 0x60, 0xFF, 0xFF, 0xF0, 0x18, 0x0C, 0x06, 0x03, 0x01,
    0x80, 0xC0, 0x60, 0x30, 0x18, 0x0C, 0x06, 0x03, 0x81, 0xC0, 0x60, 0x30, 0x18, 0x0C, 0x00, 0xFF,
    0xFF, 0x06, 0x0C, 0x18, 0x30, 0x60, 0xC1, 0x83, 0x87, 0x06, 0x0C, 0x18, 0x30, 0x0C, 0x60, 0x18,
    0xC0, 0x31, 0x80, 0x00, 0x0C, 0x00, 0x78, 0x00, 0xF0, 0x01, 0xE0, 0x03, 0xC0, 0x07, 0xFE, 0x0F,
    0xFE, 0x1E, 0x0E, 0x3C, 0x0C, 0x78, 0x18, 0xF0, 0x31, 0xF0, 0xE3, 0xFF, 0x87, 0xFE, 0x0C, 0x19,
    0x80, 0xCC, 0x06, 0x61, 0x80, 0x6C, 0x03, 0x60, 0x1B, 0x00, 0xDF, 0xC6, 0xFF, 0x36, 0x19, 0xB0,
    0xCD, 0x86, 0x6F, 0xF3, 0x7F, 0x18, 0x3F, 0xE7, 0xFC, 0xC0, 0x18, 0x03, 0x00, 0x60, 0x0C, 0x07,
    0xFC, 0xFF, 0x06, 0x00, 0xC0, 0x18, 0x03, 0x00, 0x60, 0x0F, 0x01, 0xE0, 0x0C, 0x01, 0x81, 0xF0,
    0x3C, 0x00, 0x3F, 0x9F, 0xCC, 0x06, 0x03, 0x07, 0xF1, 0xF8, 0x60, 0x30, 0x18, 0x0F, 0x07, 0x80,
    0xC0, 0x61, 0xF0, 0xF0, 0x70, 0x18, 0x60, 0x70, 0xE0, 0xC0, 0xE3, 0x00, 0xCE, 0x01, 0xD8, 0x01,
    0xE0, 0x01, 0xC0, 0x07, 0x80, 0x0F, 0x80, 0x33, 0x00, 0xE7, 0x01, 0x87, 0x07, 0x06, 0x1C, 0x0F,
    0xB0, 0x0F, 0x00, 0x06, 0x00, 0x0C, 0x00, 0x78, 0x01, 0xE0, 0x61, 0xCC, 0x30, 0xCE, 0x1D, 0x81,
    0xE0, 0x1C, 0x03, 0x80, 0xF0, 0x3B, 0x06, 0x71, 0x86, 0x30, 0x60, 0x0C, 0x01, 0x81, 0xF0, 0x3C,
    0x70, 0x1C, 0x70, 0x30, 0x60, 0xC0, 0xE3, 0x80, 0xE6, 0x00, 0xD8, 0x01, 0xF0, 0x1F, 0xFC, 0x07,
    0xC0, 0x0D, 0x80, 0x3B, 0x80, 0x63, 0x01, 0x83, 0x07, 0x07, 0x0C, 0x06, 0x30, 0x06, 0x60, 0xC6,
    0x30, 0xE6, 0x0D, 0x80, 0xF0, 0xFF, 0x87, 0x80, 0xD8, 0x1B, 0x06, 0x31, 0xC7, 0x30, 0x60, 0x07,
    0x00, 0x1C, 0x00, 0xF8, 0x03, 0x60, 0x0D, 0xC0, 0x73, 0x01, 0x8C, 0x06, 0x38, 0x38, 0x60, 0xFF,
    0x83, 0xFF, 0x0C, 0x0C, 0x60, 0x39, 0x80, 0x66, 0x01, 0xB8, 0x07, 0x00, 0x00, 0x0C, 0x00, 0x70,
    0x01, 0xC0, 0x3E, 0x3F, 0xB8, 0x60, 0x30, 0x19, 0xFD, 0xF7, 0x83, 0xC1, 0xE1, 0xDF, 0xE7, 0xB0,
    0x00, 0x60, 0x70, 0x38, 0x07, 0x00, 0x1E, 0x00, 0x10, 0x00, 0xC0, 0x00, 0x00, 0x0C, 0x00, 0x78,
    0x01, 0xE0, 0x0F, 0x80, 0x33, 0x00, 0xCC, 0x07, 0x38, 0x18, 0x60, 0x61, 0x83, 0x87, 0x0F, 0xFC,
    0x3F, 0xF1, 0xC0, 0xE6, 0x01, 0x98, 0x06, 0xE0, 0x1C, 0x18, 0x0E, 0x03, 0x01, 0x00, 0x01, 0xF1,
    0xFD, 0xC3, 0x01, 0x80, 0xCF, 0xEF, 0xBC, 0x1E, 0x0F, 0x0E, 0xFF, 0x3D, 0x80, 0x00, 0x30, 0x01,
    0x80, 0x04, 0x00, 0x00, 0x03, 0x00, 0x1E, 0x00, 0xCC, 0x00, 0x00, 0x03, 0x00, 0x1E, 0x00, 0x78,
    0x03, 0xE0, 0x0C, 0xC0, 0x33, 0x01, 0xCE, 0x06, 0x18, 0x18, 0x60, 0xE1, 0xC3, 0xFF, 0x0F, 0xFC,
    0x70, 0x39, 0x80, 0x66, 0x01, 0xB8, 0x07, 0x01, 0x80, 0x60, 0x30, 0x00, 0x1C, 0x07, 0x83, 0x30,
    0x00, 0x3E, 0x1F, 0xCE, 0x18, 0x06, 0x01, 0x8F, 0xE7, 0xDB, 0x06, 0xC1, 0xB0, 0xE7, 0xF8, 0xF6,
    0x01, 0x80, 0x03, 0x00, 0x04, 0x00, 0x00, 0x07, 0x80, 0x1B, 0x00, 0xCC, 0x00, 0x00, 0x03, 0x00,
    0x1E, 0x00, 0x78, 0x03, 0xE0, 0x0C, 0xC0, 0x33, 0x01, 0xCE, 0x06, 0x18, 0x18, 0x60, 0xE1, 0xC3,
    0xFF, 0x0F, 0xFC, 0x70, 0x39, 0x80, 0x66, 0x01, 0xB8, 0x07, 0x06, 0x03, 0x00, 0xC0, 0x01, 0xC1,
    0xB0, 0xCC, 0x00, 0x3E, 0x3F, 0xB8, 0x60, 0x30, 0x19, 0xFD, 0xF7, 0x83, 0xC1, 0xE1, 0xDF, 0xE7,
    0xB0, 0x01, 0xC0, 0x07, 0x80, 0x04, 0x00, 0x00, 0x03, 0x00, 0x1E, 0x00, 0xCC, 0x00, 0x00, 0x03,
    0x00, 0x1E, 0x00, 0x78, 0x03, 0xE0, 0x0C, 0xC0, 0x33, 0x01, 0xCE, 0x06, 0x18, 0x18, 0x60, 0xE1,
    0xC3, 0xFF, 0x0F, 0xFC, 0x70, 0x39, 0x80, 0x66, 0x01, 0xB8, 0x07, 0x06, 0x03, 0x80, 0x40, 0x60,
    0x00, 0xE0, 0xD8, 0x66, 0x00, 0x1F, 0x1F, 0xDC, 0x30, 0x18, 0x0C, 0xFE, 0xFB, 0xC1, 0xE0, 0xF0,
    0xEF, 0xF3, 0xD8, 0x06, 0x40, 0x3F, 0x00, 0x00, 0x00, 0xC0, 0x07, 0x80, 0x33, 0x00, 0x84, 0x00,
    0x00, 0x03, 0x00, 0x1E, 0x00, 0x78, 0x03, 0xE0, 0x0C, 0xC0, 0x33, 0x01, 0xCE, 0x06, 0x18, 0x18,
    0x60, 0xE1, 0xC3, 0xFF, 0x0F, 0xFC, 0x70, 0x39, 0x80, 0x66, 0x01, 0xB8, 0x07, 0x3B, 0x1F, 0x00,
    0x00, 0x01, 0xC1, 0xB0, 0xCC, 0x00, 0x3E, 0x3F, 0xB8, 0x60, 0x30, 0x19, 0xFD, 0xF7, 0x83, 0xC1,
    0xE1, 0xDF, 0xE7, 0xB0, 0x07, 0x00, 0x3E, 0x00, 0x8C, 0x00, 0x00, 0x00, 0x00, 0x1C, 0x00, 0x70,
    0x03, 0xE0, 0x0D, 0x80, 0x37, 0x01, 0xCC, 0x06, 0x30, 0x18, 0xE0, 0xE1, 0x83, 0xFE, 0x0F, 0xFC,
    0x30, 0x31, 0x80, 0xE6, 0x01, 0x98, 0x06, 0xE0, 0x1C, 0x00, 0x00, 0x30, 0x01, 0xC0, 0x07, 0x00,
    0x1C, 0x1F, 0x08, 0xC0, 0x00, 0x01, 0xF1, 0xFD, 0xC3, 0x01, 0x80, 0xCF, 0xEF, 0xBC, 0x1E, 0x0F,
    0x0E, 0xFF, 0x3D, 0x80, 0x03, 0x03, 0x81, 0xC0, 0x01, 0x80, 0x06, 0x00, 0x10, 0x00, 0x00, 0x0C,
    0xC0, 0x33, 0x00, 0x78, 0x00, 0x00, 0x03, 0x00, 0x1C, 0x00, 0x78, 0x01, 0x60, 0x0C, 0xC0, 0x33,
    0x00, 0xCC, 0x06, 0x18, 0x18, 0x60, 0x61, 0x83, 0xFF, 0x0F, 0xFC, 0x70, 0x39, 0x80, 0x66, 0x01,
    0xB8, 0x07, 0x02, 0x03, 0x01, 0x00, 0x00, 0x01, 0x98, 0x78, 0x00, 0x00, 0x1F, 0x1F, 0xDC, 0x30,
    0x18, 0x0C, 0xFE, 0xFB, 0xC1, 0xE0, 0xF0, 0xEF, 0xF3, 0xD8, 0x06, 0x00, 0x18, 0x00, 0x20, 0x00,
    0x00, 0x0C, 0xC0, 0x33, 0x00, 0x78, 0x00, 0x00, 0x03, 0x00, 0x0C, 0x00, 0x78, 0x01, 0xE0, 0x0C,
    0xC0, 0x33, 0x00, 0xCC, 0x06, 0x18, 0x18, 0x60, 0x61, 0x83, 0xFF, 0x0F, 0xFC, 0x70, 0x39, 0x80,
    0x66, 0x01, 0xB8, 0x07, 0x30, 0x18, 0x06, 0x01, 0x00, 0x03, 0x18, 0xF8, 0x00, 0x00, 0x1F, 0x1F,
    0xDC, 0x30, 0x18, 0x0C, 0xFE, 0xFB, 0xC1, 0xE0, 0xF0, 0xEF, 0xF3, 0xD8, 0x03, 0x00, 0x0C, 0x00,
    0x10, 0x00, 0x00, 0x0C, 0xC0, 0x3F, 0x00, 0x78, 0x00, 0x00, 0x03, 0x00, 0x1C, 0x00, 0x78, 0x01,
    0x60, 0x0C, 0xC0, 0x33, 0x00, 0xCC, 0x06, 0x18, 0x18, 0x60, 0x61, 0x83, 0xFF, 0x0F, 0xFC, 0x70,
    0x39, 0x80, 0x66, 0x01, 0xB8, 0x07, 0x0C, 0x06, 0x01, 0x00, 0x80, 0x01, 0x98, 0xFC, 0x18, 0x00,
    0x1F, 0x1F, 0xDC, 0x30, 0x18, 0x0C, 0xFE, 0xFB, 0xC1, 0xE0, 0xF0, 0xEF, 0xF3, 0xD8, 0x06, 0xC0,
    0x3F, 0x00, 0x00, 0x02, 0x10, 0x0C, 0xC0, 0x3F, 0x00, 0x78, 0x00, 0x00, 0x03, 0x00, 0x0C, 0x00,
    0x78, 0x01, 0x60, 0x0C, 0xC0, 0x33, 0x00, 0xCC, 0x06, 0x18, 0x18, 0x60, 0x61, 0x83, 0xFF, 0x0F,
    0xFC, 0x70, 0x39, 0x80, 0x66, 0x01, 0xB8, 0x07, 0x3B, 0x1F, 0x80, 0x00, 0x02, 0x31, 0xF8, 0x30,
    0x00, 0x3E, 0x3F, 0xB8, 0x60, 0x30, 0x19, 0xFD, 0xF7, 0x83, 0xC1, 0xE1, 0xDF, 0xE7, 0xB0, 0x0C,
    0xC0, 0x3F, 0x00, 0x78, 0x00, 0x00, 0x00, 0x00, 0x0C, 0x00, 0x70, 0x01, 0xE0, 0x05, 0x80, 0x33,
    0x00, 0xCC, 0x02, 0x30, 0x18, 0x60, 0x61, 0x83, 0xFE, 0x0F, 0xFC, 0x30, 0x31, 0xC0, 0xE6, 0x01,
    0x98, 0x06, 0xE0, 0x1C, 0x00, 0x00, 0x30, 0x00, 0xC0, 0x03, 0x00, 0x63, 0x1F, 0x87, 0x80, 0x00,
    0x01, 0xF1, 0xFD, 0xC3, 0x01, 0x80, 0xCF, 0xEF, 0xBC, 0x1E, 0x0F, 0x0E, 0xFF, 0x3D, 0x80, 0x03,
    0x03, 0x81, 0xC0, 0xFF, 0xFF, 0xF0, 0x18, 0x0C, 0x06, 0x03, 0x01, 0xFF, 0xFF, 0x60, 0x30, 0x18,
    0x0C, 0x06, 0x03, 0xFF, 0xFF, 0x00, 0x06, 0x07, 0x03, 0x80, 0x1F, 0x1F, 0xE6, 0x1F, 0x03, 0xFF,
    0xFF, 0xFC, 0x03, 0x00, 0xC0, 0x98, 0x77, 0xF8, 0x7C, 0x00, 0x03, 0x00, 0xE0, 0x38, 0x18, 0x0E,
    0x03, 0x01, 0x00, 0x07, 0xFF, 0xFF, 0x80, 0xC0, 0x60, 0x30, 0x18, 0x0F, 0xF7, 0xFF, 0x01, 0x80,
    0xC0, 0x60, 0x30, 0x1F, 0xFF, 0xF8, 0x08, 0x07, 0x80, 0x40, 0x30, 0x00, 0x07, 0x87, 0xF9, 0x86,
    0xC0, 0xF0, 0x3F, 0xFF, 0xFF, 0xC0, 0x30, 0x06, 0x1D, 0xFE, 0x1F, 0x00, 0x3B, 0x1F, 0x00, 0x00,
    0x0F, 0xFF, 0xFF, 0x01, 0x80, 0xC0, 0x60, 0x30, 0x1F, 0xEF, 0xFE, 0x03, 0x01, 0x80, 0xC0, 0x60,
    0x3F, 0xFF, 0xF0, 0x11, 0x0F, 0xC3, 0xF0, 0x00, 0x00, 0x07, 0x87, 0xF9, 0x86, 0xC0, 0xF0, 0x3F,
    0xFF, 0xFF, 0xC0, 0x30, 0x06, 0x1D, 0xFE, 0x1F, 0x00, 0x01, 0x80, 0x40, 0x30, 0x00, 0x1C, 0x0F,
    0x83, 0x20, 0x00, 0xFF, 0xBF, 0xEC, 0x03, 0x00, 0xC0, 0x30, 0x0C, 0x03, 0xFC, 0xFF, 0xB0, 0x0C,
    0x03, 0x00, 0xC0, 0x30, 0x0F, 0xFB, 0xFE, 0x00, 0xC0, 0x60, 0x10, 0x00, 0x0C, 0x07, 0x83, 0x30,
    0x00, 0x1E, 0x1F, 0xE6, 0x1B, 0x03, 0xC0, 0xFF, 0xFF, 0xFF, 0x00, 0xC0, 0x18, 0x77, 0xF8, 0x7C,
    0x06, 0x03, 0x00, 0xC0, 0x01, 0xC1, 0xB0, 0x88, 0x00, 0xFF, 0xFF, 0xF0, 0x18, 0x0C, 0x06, 0x03,
    0x01, 0xFE, 0xFF, 0xE0, 0x30, 0x18, 0x0C, 0x06, 0x03, 0xFF, 0xFF, 0x06, 0x00, 0xC0, 0x10, 0x00,
    0x0C, 0x07, 0x83, 0x30, 0x00, 0x1E, 0x1F, 0xE6, 0x1B, 0x03, 0xC0, 0xFF, 0xFF, 0xFF, 0x00, 0xC0,
    0x18, 0x77, 0xF8, 0x7C, 0x07, 0x03, 0x80, 0xC0, 0x01, 0xC1, 0xB0, 0x88, 0x00, 0xFF, 0xFF, 0xF0,
    0x18, 0x0C, 0x06, 0x03, 0x01, 0xFE, 0xFF, 0xE0, 0x30, 0x18, 0x0C, 0x06, 0x03, 0xFF, 0xFF, 0x03,
    0x01, 0xE0, 0x18, 0x04, 0x00, 0x03, 0x01, 0xE0, 0xCC, 0x00, 0x07, 0x87, 0xF9, 0x86, 0xC0, 0xF0,
    0x3F, 0xFF, 0xFF, 0xC0, 0x30, 0x06, 0x1D, 0xFE, 0x1F, 0x00, 0x3A, 0x1F, 0x00, 0x01, 0x01, 0xC1,
    0xB0, 0x88, 0x00, 0xFF, 0xFF, 0xF0, 0x18, 0x0C, 0x06, 0x03, 0x01, 0xFE, 0xFF, 0xE0, 0x30, 0x18,
    0x0C, 0x06, 0x03, 0xFF, 0xFF, 0x1B, 0x0F, 0xC0, 0x00, 0x00, 0x0C, 0x07, 0x83, 0x30, 0x00, 0x1E,
    0x1F, 0xE6, 0x1B, 0x03, 0xC0, 0xFF, 0xFF, 0xFF, 0x00, 0xC0, 0x18, 0x77, 0xF8, 0x7C, 0x1C, 0x1F,
    0x08, 0x80, 0x00, 0x07, 0xFF, 0xFF, 0x80, 0xC0, 0x60, 0x30, 0x18, 0x0F, 0xFF, 0xFB, 0x01, 0x80,
    0xC0, 0x60, 0x30, 0x1F, 0xFF, 0xF8, 0x00, 0x30, 0x38, 0x1C, 0x00, 0x0E, 0x07, 0x83, 0x30, 0x00,
    0x00, 0x07, 0xC7, 0xF9, 0x87, 0xC0, 0xFF, 0xFF, 0xFF, 0x00, 0xC0, 0x30, 0x26, 0x1D, 0xFE, 0x1F,
    0x00, 0x00, 0xC0, 0x38, 0x0E, 0x00, 0x6E, 0x26, 0x06, 0x66, 0x66, 0x66, 0x66, 0x66, 0x66, 0x66,
    0x60, 0xCE, 0x26, 0x06, 0x66, 0x66, 0x66, 0x66, 0x66, 0x60, 0xDB, 0x6D, 0xB6, 0xDB, 0x6D, 0xB6,
    0x1B, 0xF0, 0x5F, 0x81, 0xB6, 0xDB, 0x6D, 0xB6, 0xC3, 0x7E, 0x0F, 0x81, 0xFF, 0x1C, 0x1C, 0xC0,
    0x6E, 0x03, 0xE0, 0x0F, 0x00, 0x78, 0x03, 0xC0, 0x1E, 0x00, 0xF0, 0x07, 0xC0, 0x76, 0x03, 0x38,
    0x38, 0xFF, 0x81, 0xF0, 0x00, 0x00, 0x18, 0x01, 0xC0, 0x0E, 0x00, 0x1E, 0x1F, 0xE6, 0x1B, 0x03,
    0xC0, 0xF0, 0x3C, 0x0F, 0x03, 0xC0, 0xD8, 0x67, 0xF8, 0x78, 0x00, 0x03, 0x00, 0xE0, 0x38, 0x07,
    0x00, 0x38, 0x00, 0xC0, 0x04, 0x00, 0x00, 0x07, 0xC0, 0xFF, 0x8E, 0x0E, 0x60, 0x37, 0x01, 0xF0,
    0x07, 0x80, 0x3C, 0x01, 0xE0, 0x0F, 0x00, 0x78, 0x03, 0xE0, 0x3B, 0x01, 0x9C, 0x1C, 0x7F, 0xC0,
    0xF8, 0x00, 0x08, 0x07, 0x00, 0x40, 0x30, 0x00, 0x07, 0x87, 0xF9, 0x86, 0xC0, 0xF0, 0x3C, 0x0F,
    0x03, 0xC0, 0xF0, 0x36, 0x19, 0xFE, 0x1E, 0x00, 0x00, 0x60, 0x06, 0x00, 0x30, 0x00, 0x00, 0x70,
    0x07, 0xC0, 0x36, 0x00, 0x00, 0x0F, 0x81, 0xFF, 0x1C, 0x1C, 0xC0, 0x6E, 0x03, 0xE0, 0x0F, 0x00,
    0x78, 0x03, 0xC0, 0x1E, 0x00, 0xF0, 0x07, 0xC0, 0x76, 0x03, 0x38, 0x38, 0xFF, 0x81, 0xF0, 0x01,
    0xC0, 0x60, 0x10, 0x00, 0x0C, 0x07, 0x83, 0x30, 0x00, 0x1E, 0x1F, 0xE6, 0x1B, 0x03, 0xC0, 0xF0,
    0x3C, 0x0F, 0x03, 0xC0, 0xD8, 0x67, 0xF8, 0x78, 0x01, 0x80, 0x0C, 0x00, 0x30, 0x00, 0x00, 0x70,
    0x06, 0xC0, 0x22, 0x00, 0x00, 0x0F, 0x81, 0xFF, 0x1C, 0x1C, 0xC0, 0x6E, 0x03, 0xE0, 0x0F, 0x00,
    0x78, 0x03, 0xC0, 0x1E, 0x00, 0xF0, 0x07, 0xC0, 0x76, 0x03, 0x38, 0x38, 0xFF, 0x81, 0xF0, 0x06,
    0x00, 0xC0, 0x30, 0x00, 0x0C, 0x07, 0x83, 0x30, 0x00, 0x1E, 0x1F, 0xE6, 0x1B, 0x03, 0xC0, 0xF0,
    0x3C, 0x0F, 0x03, 0xC0, 0xD8, 0x67, 0xF8, 0x78, 0x01, 0x80, 0x0E, 0x00, 0x30, 0x01, 0x00, 0x00,
    0x03, 0x80, 0x36, 0x01, 0x10, 0x00, 0x00, 0x7C, 0x0F, 0xF8, 0xE0, 0xE6, 0x03, 0x70, 0x1F, 0x00,
    0x78, 0x03, 0xC0, 0x1E, 0x00, 0xF0, 0x07, 0x80, 0x3E, 0x03, 0xB0, 0x19, 0xC1, 0xC7, 0xFC, 0x0F,
    0x80, 0x07, 0x01, 0xC0, 0x10, 0x0C, 0x00, 0x03, 0x01, 0xE0, 0xCC, 0x00, 0x07, 0x87, 0xF9, 0x86,
    0xC0, 0xF0, 0x3C, 0x0F, 0x03, 0xC0, 0xF0, 0x36, 0x19, 0xFE, 0x1E, 0x00, 0x0E, 0x80, 0x7C, 0x00,
    0x00, 0x04, 0x00, 0x70, 0x06, 0xC0, 0x22, 0x00, 0x00, 0x0F, 0x81, 0xFF, 0x1C, 0x1C, 0xC0, 0x6E,
    0x03, 0xE0, 0x0F, 0x00, 0x78, 0x03, 0xC0, 0x1E, 0x00, 0xF0, 0x07, 0xC0, 0x76, 0x03, 0x38, 0x38,
    0xFF, 0x81, 0xF0, 0x1B, 0x0F, 0xC0, 0x00, 0x00, 0x0C, 0x07, 0x83, 0x30, 0x00, 0x1E, 0x1F, 0xE6,
    0x1B, 0x03, 0xC0, 0xF0, 0x3C, 0x0F, 0x03, 0xC0, 0xD8, 0x67, 0xF8, 0x78, 0x07, 0x00, 0x7C, 0x02,
    0x20, 0x00, 0x00, 0x00, 0x07, 0xC0, 0xFF, 0x8E, 0x0E, 0x60, 0x37, 0x01, 0xF0, 0x07, 0x80, 0x3C,
    0x01, 0xE0, 0x0F, 0x00, 0x78, 0x03, 0xE0, 0x3B, 0x01, 0x9C, 0x1C, 0x7F, 0xC0, 0xF8, 0x00, 0x00,
    0x0C, 0x00, 0xE0, 0x07, 0x00, 0x0E, 0x07, 0x83, 0x30, 0x00, 0x00, 0x07, 0x87, 0xF9, 0x86, 0xC0,
    0xF0, 0x3C, 0x0F, 0x03, 0xC0, 0xF0, 0x36, 0x19, 0xFE, 0x1E, 0x00, 0x00, 0xC0, 0x38, 0x0E, 0x00,
    0x00, 0x80, 0x06, 0x00, 0x30, 0x00, 0x83, 0x00, 0x0C, 0x3F, 0xF1, 0xFF, 0x8C, 0x1C, 0x60, 0x1B,
    0x80, 0x6C, 0x00, 0xF0, 0x03, 0xC0, 0x0F, 0x00, 0x3C, 0x00, 0xF0, 0x03, 0xE0, 0x19, 0x80, 0x63,
    0x07, 0x07, 0xF8, 0x0F, 0xC0, 0x06, 0x00, 0xC0, 0x11, 0x80, 0x30, 0x06, 0x3F, 0xDF, 0xE3, 0x0C,
    0xC0, 0xD8, 0x1B, 0x03, 0x60, 0x6C, 0x0D, 0x81, 0x98, 0x63, 0xFC, 0x1E, 0x00, 0x0E, 0x00, 0x18,
    0x00, 0x30, 0xC0, 0x03, 0x00, 0x0C, 0x3F, 0xF1, 0xFF, 0x8C, 0x1C, 0x60, 0x1B, 0x80, 0x6C, 0x00,
    0xF0, 0x03, 0xC0, 0x0F, 0x00, 0x3C, 0x00, 0xF0, 0x03, 0xE0, 0x19, 0x80, 0x63, 0x07, 0x07, 0xF8,
    0x0F, 0xC0, 0x18, 0x03, 0x00, 0x31, 0x80, 0x30, 0x06, 0x3F, 0x9F, 0xE3, 0x0C, 0xC0, 0xD8, 0x1B,
    0x03, 0x60, 0x6C, 0x0D, 0x81, 0x98, 0x63, 0xFC, 0x1E, 0x00, 0x07, 0x00, 0x1C, 0x00, 0x10, 0x00,
    0xC3, 0x00, 0x0C, 0x3F, 0xF1, 0xFF, 0x8C, 0x1C, 0x60, 0x1B, 0x80, 0x6C, 0x00, 0xF0, 0x03, 0xC0,
    0x0F, 0x00, 0x3C, 0x00, 0xF0, 0x03, 0xE0, 0x19, 0x80, 0x63, 0x07, 0x07, 0xF8, 0x0F, 0xC0, 0x08,
    0x03, 0x80, 0x10, 0x06, 0x30, 0x06, 0x3F, 0xDF, 0xE3, 0x0C, 0xC0, 0xD8, 0x1B, 0x03, 0x60, 0x6C,
    0x0D, 0x81, 0x98, 0x63, 0xFC, 0x1E, 0x00, 0x04, 0x40, 0x3B, 0x00, 0xBC, 0x00, 0x03, 0x00, 0x0C,
    0x3F, 0xF1, 0xFF, 0x8C, 0x1C, 0x60, 0x1B, 0x80, 0x6C, 0x00, 0xF0, 0x03, 0xC0, 0x0F, 0x00, 0x3C,
    0x00, 0xF0, 0x03, 0xE0, 0x19, 0x80, 0x63, 0x07, 0x07, 0xF8, 0x0F, 0xC0, 0x10, 0x07, 0x60, 0xF9,
    0x00, 0x30, 0x06, 0x3F, 0xDF, 0xE3, 0x0C, 0xC0, 0xD8, 0x1B, 0x03, 0x60, 0x6C, 0x0D, 0x81, 0x98,
    0x63, 0xFC, 0x1E, 0x00, 0x00, 0x0C, 0x00, 0x30, 0x00, 0xC3, 0xFF, 0x1F, 0xF8, 0xC1, 0xC6, 0x01,
    0xB8, 0x06, 0xC0, 0x0F, 0x00, 0x3C, 0x00, 0xF0, 0x03, 0xC0, 0x0F, 0x00, 0x3E, 0x01, 0x98, 0x06,
    0x30, 0x70, 0x7F, 0x80, 0xFC, 0x00, 0x00, 0x03, 0x00, 0x1C, 0x00, 0x70, 0x00, 0x00, 0x60, 0x0C,
    0x01, 0x8F, 0xF7, 0xF8, 0xC3, 0x30, 0x36, 0x06, 0xC0, 0xD8, 0x1B, 0x03, 0x60, 0x66, 0x18, 0xFF,
    0x07, 0x80, 0x00, 0x0C, 0x01, 0xC0, 0x38, 0x00, 0xC0, 0x3C, 0x03, 0xC0, 0x3C, 0x03, 0xC0, 0x3C,
    0x03, 0xC0, 0x3C, 0x03, 0xC0, 0x3C, 0x03, 0xC0, 0x3C, 0x03, 0xE0, 0x76, 0x0E, 0x3F, 0xC1, 0xF8,
    0x00, 0x00, 0x60, 0x0E, 0x00, 0xE0, 0xC1, 0xE0, 0xF0, 0x78, 0x3C, 0x1E, 0x0F, 0x07, 0x83, 0xC1,
    0xF1, 0xDF, 0xE7, 0xB0, 0x00, 0x60, 0x70, 0x38, 0x0E, 0x00, 0xE0, 0x02, 0x00, 0x00, 0x00, 0x0C,
    0x03, 0xC0, 0x3C, 0x03, 0xC0, 0x3C, 0x03, 0xC0, 0x3C, 0x03, 0xC0, 0x3C, 0x03, 0xC0, 0x3C, 0x03,
    0xC0, 0x3E, 0x07, 0x60, 0xE3, 0xFC, 0x1F, 0x80, 0x18, 0x0E, 0x03, 0x01, 0x00, 0x06, 0x0F, 0x07,
    0x83, 0xC1, 0xE0, 0xF0, 0x78, 0x3C, 0x1E, 0x0F, 0x8E, 0xFF, 0x3D, 0x80, 0x01, 0x00, 0x0C, 0x00,
    0x60, 0xC0, 0x03, 0x00, 0x0F, 0x00, 0xFC, 0x03, 0xB0, 0x0C, 0xC0, 0x33, 0x00, 0xCC, 0x03, 0x30,
    0x0C, 0xC0, 0x33, 0x00, 0xCC, 0x03, 0x30, 0x0C, 0xC0, 0x33, 0x81, 0xC6, 0x0E, 0x0F, 0xF0, 0x1F,
    0x80, 0x06, 0x00, 0xC0, 0x31, 0x84, 0x30, 0x07, 0x83, 0xF0, 0x76, 0x0C, 0xC1, 0x98, 0x33, 0x06,
    0x60, 0xCC, 0x19, 0x83, 0x38, 0xE3, 0xFC, 0x3D, 0x80, 0x1C, 0x00, 0x30, 0x00, 0x60, 0xC0, 0x03,
    0x00, 0x0F, 0x00, 0xFC, 0x03, 0xB0, 0x0C, 0xC0, 0x33, 0x00, 0xCC, 0x03, 0x30, 0x0C, 0xC0, 0x33,
    0x00, 0xCC, 0x03, 0x30, 0x0C, 0xC0, 0x33, 0x81, 0xC6, 0x0E, 0x0F, 0xF0, 0x1F, 0x80, 0x30, 0x03,
    0x00, 0x61, 0x80, 0x30, 0x07, 0x83, 0xF0, 0x76, 0x0C, 0xC1, 0x98, 0x33, 0x06, 0x60, 0xCC, 0x19,
    0x83, 0x38, 0xE3, 0xFC, 0x3D, 0x80, 0x0E, 0x00, 0x38, 0x00, 0x20, 0x00, 0x03, 0x00, 0x0F, 0x00,
    0xFC, 0x03, 0xB0, 0x0C, 0xC0, 0x33, 0x00, 0xCC, 0x03, 0x30, 0x0C, 0xC0, 0x33, 0x00, 0xCC, 0x03,
    0x30, 0x0C, 0xC0, 0x33, 0x81, 0xC6, 0x0E, 0x0F, 0xF0, 0x1F, 0x80, 0x18, 0x03, 0x80, 0x30, 0x04,
    0x30, 0x07, 0x83, 0xF0, 0x76, 0x0C, 0xC1, 0x98, 0x33, 0x06, 0x60, 0xCC, 0x19, 0x83, 0x38, 0xE3,
    0xFC, 0x3D, 0x80, 0x08, 0x80, 0x7E, 0x01, 0x38, 0x00, 0x03, 0x00, 0x0F, 0x00, 0xFC, 0x03, 0xB0,
    0x0C, 0xC0, 0x33, 0x00, 0xCC, 0x03, 0x30, 0x0C, 0xC0, 0x33, 0x00, 0xCC, 0x03, 0x30, 0x0C, 0xC0,
    0x33, 0x81, 0xC6, 0x0E, 0x0F, 0xF0, 0x1F, 0x80, 0x12, 0x07, 0x40, 0xB8, 0x80, 0x30, 0x07, 0x83,
    0xF0, 0x76, 0x0C, 0xC1, 0x98, 0x33, 0x06, 0x60, 0xCC, 0x19, 0x83, 0x38, 0xE3, 0xFC, 0x3D, 0x80,
    0x00, 0x0C, 0x00, 0x30, 0x00, 0xF0, 0x0F, 0xC0, 0x3B, 0x00, 0xCC, 0x03, 0x30, 0x0C, 0xC0, 0x33,
    0x00, 0xCC, 0x03, 0x30, 0x0C, 0xC0, 0x33, 0x00, 0xCC, 0x03, 0x38, 0x1C, 0x60, 0xE0, 0xFF, 0x01,
    0xF8, 0x00, 0x00, 0x06, 0x00, 0x38, 0x00, 0xE0, 0x00, 0x00, 0x60, 0x0C, 0x01, 0xE0, 0xFC, 0x1D,
    0x83, 0x30, 0x66, 0x0C, 0xC1, 0x98, 0x33, 0x06, 0x60, 0xCE, 0x38, 0xFF, 0x0F, 0x60, 0x00, 0x0C,
    0x03, 0x80, 0x70, 0x00, 0x1C, 0x00, 0x38, 0x00, 0x60, 0x00, 0x80, 0x00, 0x01, 0xC0, 0xE7, 0x03,
    0x8E, 0x1C, 0x1C, 0x70, 0x73, 0x80, 0xEC, 0x01, 0xF0, 0x07, 0x80, 0x0E, 0x00, 0x30, 0x00, 0xC0,
    0x03, 0x00, 0x0C, 0x00, 0x30, 0x00, 0x18, 0x00, 0xE0, 0x03, 0x00, 0x0C, 0x00, 0x00, 0x38, 0x39,
    0xC1, 0xC6, 0x0C, 0x38, 0xE0, 0xC6, 0x07, 0x30, 0x1B, 0x80, 0xF8, 0x07, 0xC0, 0x1C, 0x00, 0xE0,
    0x07, 0x00, 0x30, 0x07, 0x80, 0x38, 0x00, 0x60, 0x1C, 0xE0, 0x30, 0xC0, 0xE0, 0xC1, 0x81, 0xC6,
    0x01, 0x9C, 0x03, 0xB0, 0x03, 0xC0, 0x03, 0x80, 0x06, 0x00, 0x0C, 0x00, 0x18, 0x00, 0x30, 0x00,
    0x60, 0x00, 0xC0, 0x01, 0x80, 0x00, 0x00, 0x06, 0x00, 0x0E, 0x00, 0x1C, 0x00, 0xC0, 0x6C, 0x1D,
    0x83, 0x30, 0xE3, 0x18, 0x63, 0x0C, 0xE0, 0xD8, 0x1B, 0x01, 0xC0, 0x38, 0x07, 0x00, 0xC0, 0x19,
    0x1E, 0x73, 0x8E, 0x03, 0x00, 0x1C, 0x00, 0x10, 0x00, 0xC0, 0x00, 0x01, 0x80, 0x67, 0x03, 0x8C,
    0x0C, 0x18, 0x60, 0x61, 0x80, 0xCC, 0x03, 0xF0, 0x07, 0x80, 0x1E, 0x00, 0x30, 0x00, 0xC0, 0x03,
    0x00, 0x0C, 0x00, 0x30, 0x00, 0xC0, 0x03, 0x00, 0x0C, 0x01, 0xC0, 0x18, 0x02, 0x00, 0x01, 0xC0,
    0xD8, 0x3B, 0x06, 0x30, 0xC6, 0x30, 0xC6, 0x0C, 0xC1, 0xB0, 0x36, 0x03, 0xC0, 0x70, 0x06, 0x01,
    0x80, 0x30, 0x1E, 0x07, 0x80, 0x0E, 0xC0, 0x3F, 0x00, 0x00, 0x00, 0x00, 0x60, 0x19, 0xC0, 0xE3,
    0x03, 0x0E, 0x1C, 0x18, 0x60, 0x33, 0x00, 0xDC, 0x01, 0xE0, 0x07, 0x80, 0x0C, 0x00, 0x30, 0x00,
    0xC0, 0x03, 0x00, 0x0C, 0x00, 0x30, 0x00, 0xC0, 0x0C, 0x81, 0xF8, 0x00, 0x00, 0x00, 0x00, 0x06,
    0x06, 0x60, 0x67, 0x0E, 0x30, 0xC3, 0x0C, 0x19, 0x81, 0x98, 0x19, 0x80, 0xF0, 0x0F, 0x00, 0xE0,
    0x06, 0x00, 0x60, 0x0C, 0x03, 0xC0, 0x38, 0x00, 0xFF, 0xF0, 0xFF, 0xF0, 0xFF, 0xFF, 0xF0, 0xFF,
    0xFF, 0xF0, 0xFF, 0xFF, 0xFF, 0xF0, 0xFF, 0xFF, 0xFF, 0xFF, 0xFF, 0xC0, 0xDE, 0xF7, 0xBD, 0xEF,
    0x7B, 0xDE, 0xF7, 0xBD, 0xEF, 0x7B, 0xDE, 0xF7, 0xBD, 0xEF, 0x7B, 0xDE, 0xC0, 0xFF, 0xFF, 0xC0,
    0x1F, 0xFF, 0xF8, 0x26, 0xEC, 0xCC, 0x66, 0x66, 0xCC, 0x66, 0x66, 0xCC, 0x66, 0x63, 0x33, 0x23,
    0x63, 0xE6, 0xC6, 0xC6, 0xC6, 0x63, 0x63, 0x63, 0x67, 0xC6, 0xC4, 0x63, 0x63, 0x63, 0x67, 0xC6,
    0xC4, 0x66, 0x66, 0x66, 0x36, 0x32, 0x33, 0x0C, 0x03, 0x00, 0xC3, 0xFF, 0xFF, 0xC3, 0x00, 0xC0,
    0x30, 0x0C, 0x03, 0x00, 0xC0, 0x30, 0x0C, 0x03, 0x00, 0xC0, 0x30, 0x0C, 0x03, 0x00, 0x0C, 0x03,
    0x00, 0xC3, 0xFF, 0xFF, 0xC3, 0x00, 0xC0, 0x30, 0x0C, 0x03, 0x00, 0xC0, 0x30, 0xFF, 0xFF, 0xF0,
    0xC0, 0x30, 0x0C, 0x03, 0x00, 0x77, 0xFF, 0xF7, 0x00, 0x83, 0x0F, 0x3E, 0xF3, 0x88, 0x00, 0xDF,
    0x80, 0xC3, 0x71, 0xF8, 0xE0, 0xE1, 0xC3, 0xF0, 0xE1, 0xF8, 0x70, 0xE0, 0xDF, 0x80, 0x7C, 0x0C,
    0x00, 0x7F, 0x0C, 0x00, 0x3B, 0x8E, 0x00, 0x18, 0xC6, 0x00, 0x0E, 0xE6, 0x00, 0x07, 0xF7, 0x00,
    0x00, 0xF7, 0x00, 0x00, 0x03, 0x3C, 0x3C, 0x03, 0x3F, 0x3F, 0x03, 0x99, 0x99, 0x81, 0x8C, 0xCC,
    0xC1, 0x86, 0x66, 0x61, 0xC3, 0xF3, 0xF1, 0xC0, 0xF0, 0xF0, 0x78, 0x0C, 0x00, 0x01, 0xF8, 0x30,
    0x00, 0x03, 0x30, 0x40, 0x00, 0x06, 0x61, 0x80, 0x00, 0x0C, 0xC6, 0x00, 0x00, 0x1F, 0x88, 0x00,
    0x00, 0x1E, 0x30, 0x00, 0x00, 0x00, 0xC0, 0x00, 0x00, 0x01, 0x00, 0x00, 0x00, 0x06, 0x3C, 0x78,
    0xF8, 0x18, 0xFD, 0xFB, 0xB8, 0x21, 0x9B, 0x36, 0x30, 0xC3, 0x36, 0x6C, 0x61, 0x06, 0x6C, 0xD8,
    0xC6, 0x0F, 0xDF, 0x9F, 0x18, 0x0F, 0x1E, 0x3E, 0xFB, 0x6D, 0x80, 0xE6, 0xC6, 0xC6, 0xC6, 0xC4,
    0xC4, 0xE6, 0x3C, 0x67, 0xC6, 0x6C, 0x66, 0xC4, 0x6C, 0x46, 0xDB, 0x36, 0xC0, 0xC6, 0xC6, 0xC6,
    0x66, 0x66, 0x62, 0xC6, 0x6C, 0x66, 0xC6, 0x36, 0x63, 0x66, 0x36, 0x23, 0x0C, 0x0E, 0x0D, 0x86,
    0x66, 0x30, 0x00, 0xCE, 0xEE, 0x63, 0x8E, 0x38, 0x40, 0x04, 0x31, 0xC7, 0x1D, 0xDC, 0xC4, 0x00,
    0x00, 0x00, 0x30, 0x19, 0x98, 0xE1, 0xC3, 0x9C, 0x6F, 0xDB, 0x3C, 0xC1, 0xF0, 0x3D, 0xC3, 0x87,
    0x19, 0x98, 0x0C, 0x00, 0xC3, 0x61, 0xB0, 0xD8, 0x6C, 0x36, 0x1B, 0x0D, 0x86, 0xC3, 0x61, 0xB0,
    0xC0, 0x00, 0x06, 0x1B, 0x8F, 0xC7, 0x3E, 0x3F, 0xB0, 0xF8, 0x31, 0x98, 0xCC, 0x6C, 0x3C, 0x1C,
    0x0C, 0x06, 0x00, 0x00, 0x00, 0xC0, 0xE0, 0x70, 0xFF, 0xFF, 0xF0, 0x00, 0x00, 0x38, 0x03, 0x8F,
    0xFF, 0x81, 0xFF, 0x00, 0x01, 0xC0, 0x0F, 0xFE, 0x0F, 0x07, 0x8C, 0x00, 0x60, 0x00, 0x00, 0x00,
    0x00, 0x80, 0xC0, 0x40, 0x60, 0x60, 0x30, 0x30, 0x1C, 0x1B, 0x19, 0x8C, 0x60, 0x00, 0x02, 0x00,
    0x10, 0x01, 0xC0, 0x1F, 0x00, 0x70, 0x01, 0x00, 0x00, 0x02, 0x08, 0x38, 0xE3, 0xEF, 0x8E, 0x38,
    0xFB, 0xE1, 0x04, 0x00, 0x00, 0xFF, 0xC0, 0x00, 0x38, 0x01, 0xC0, 0x06, 0x00, 0x38, 0x01, 0xC0,
    0x06, 0x00, 0x38, 0x01, 0xC0, 0x0E, 0x00, 0x30, 0x01, 0xC0, 0x0E, 0x00, 0x30, 0x01, 0xC0, 0x00,
    0xFF, 0xCC, 0xCC, 0xCC, 0xCF, 0xFC, 0xCC, 0xCC, 0xCC, 0xFF, 0x7F, 0xC6, 0x31, 0x8C, 0x63, 0x1B,
    0xFE, 0x31, 0x8C, 0x63, 0x18, 0xDF, 0xF0, 0x3E, 0x07, 0xC7, 0xF0, 0xFE, 0x63, 0x9C, 0x7E, 0x19,
    0x83, 0x01, 0x80, 0x30, 0x18, 0x07, 0x03, 0x00, 0xE0, 0xE0, 0x1C, 0x1C, 0x03, 0x81, 0x80, 0x30,
    0x18, 0x03, 0x00, 0x00, 0x00, 0x00, 0x00, 0x01, 0x80, 0x30, 0x1C, 0x03, 0x81, 0xC0, 0x38, 0x3E,
    0x0C, 0xFE, 0x19, 0x8E, 0x37, 0x0C, 0x60, 0x18, 0xC0, 0x31, 0x80, 0xC3, 0x07, 0x86, 0x0C, 0x0C,
    0x30, 0x18, 0x60, 0x30, 0x00, 0x00, 0x00, 0x03, 0x01, 0x87, 0x03, 0x8E, 0x07, 0xC1, 0xF3, 0x0F,
    0xEC, 0x31, 0xF1, 0xC3, 0xC0, 0x0F, 0x00, 0x3C, 0x01, 0xB0, 0x1E, 0xC0, 0x63, 0x03, 0x0C, 0x0C,
    0x00, 0x00, 0x00, 0x03, 0x03, 0x0E, 0x0E, 0x38, 0x38, 0xFE, 0xFE, 0x06, 0x06, 0x06, 0x06, 0x06,
    0x06, 0x06, 0x04, 0x04, 0x0C, 0x0C, 0x0C, 0x0C, 0x0C, 0xFE, 0x3F, 0xEC, 0xFB, 0x3F, 0xCF, 0xF3,
    0xFC, 0xFF, 0x3F, 0xCF, 0xB3, 0xCC, 0x03, 0x00, 0xC0, 0x30, 0x0C, 0x03, 0x00, 0x3F, 0xBF, 0xFF,
    0x7F, 0xBF, 0xDF, 0xEF, 0xF6, 0xFF, 0x3F, 0x80, 0xFE, 0x7F, 0xB7, 0xFB, 0xFD, 0xFE, 0xFF, 0x7F,
    0xFE, 0xFE, 0x00, 0x0C, 0x03, 0x06, 0xD9, 0xFC, 0x1E, 0x1F, 0xC6, 0xD8, 0x30, 0x0C, 0x00, 0xEE,
    0xC0, 0x00, 0x00, 0x0E, 0x66, 0x62, 0x20, 0x03, 0xC0, 0x0F, 0xFE, 0x1F, 0x07, 0x8C, 0x00, 0x60,
    0x00, 0x00, 0x00, 0x00, 0x00, 0x00, 0x00, 0x00, 0x00, 0x00, 0x00, 0x00, 0x00, 0x00, 0x00, 0x00,
    0x00, 0x00, 0x00, 0x00, 0x00, 0x00, 0x00, 0x00, 0x00, 0x00, 0x00, 0x00, 0x00, 0x10, 0x00, 0xCF,
    0x01, 0xE3, 0xFF, 0xC0, 0x3F, 0x80, 0x0C, 0x03, 0x06, 0xD9, 0xFC, 0x1E, 0x1F, 0xC6, 0xD8, 0x30,
    0x0C, 0x00, 0x00, 0x00, 0x30, 0x0C, 0x1B, 0x67, 0xF0, 0x78, 0x7F, 0x1B, 0x60, 0xC0, 0x30, 0x00,
    0x10, 0x01, 0xB8, 0x19, 0xC0, 0x8E, 0x0C, 0x00, 0xC0, 0x04, 0x00, 0x60, 0x06, 0x00, 0x20, 0x03,
    0x00, 0x30, 0x71, 0x03, 0x98, 0x1D, 0x80, 0x08, 0x00, 0x3C, 0x07, 0xF0, 0x90, 0xFE, 0x03, 0xE0,
    0x07, 0xF0, 0x0F, 0xFF, 0x1E, 0x03, 0xC8, 0x00, 0x20, 0x0C, 0x06, 0x9B, 0xC7, 0xC7, 0xFF, 0xFC,
    0xF8, 0xFE, 0x2D, 0x06, 0x00, 0xE6, 0x33, 0x63, 0x39, 0xB1, 0x98, 0xD8, 0xCC, 0x6C, 0x46, 0x36,
    0x23, 0x10, 0x3C, 0x7E, 0xC3, 0xC3, 0xC3, 0xC3, 0xC3, 0x7E, 0x3C, 0x33, 0xFF, 0xF0, 0x1C, 0x1C,
    0x3C, 0x6C, 0xEC, 0xFE, 0xFE, 0x0C, 0x7E, 0x60, 0x60, 0x7E, 0x67, 0x03, 0x43, 0x7E, 0x3C, 0x3C,
    0xDF, 0x07, 0xEE, 0xF8, 0xF1, 0xB7, 0x3C, 0xFE, 0x1C, 0x30, 0x61, 0x83, 0x0C, 0x38, 0x60, 0x7D,
    0xDF, 0x1B, 0x37, 0xDD, 0xF1, 0xF7, 0x7C, 0x79, 0xDB, 0x1E, 0x3E, 0x6F, 0xC1, 0xF6, 0x78, 0x18,
    0x18, 0x7E, 0x18, 0x18, 0x18, 0x03, 0xF0, 0x00, 0x03, 0xF0, 0x00, 0xFC, 0x00, 0x66, 0xCC, 0xCC,
    0xCC, 0xC6, 0x60, 0x46, 0x63, 0x33, 0x33, 0x66, 0x40, 0xFD, 0xDF, 0x1E, 0x3C, 0x78, 0xF1, 0x80,
    0x3C, 0x66, 0xC3, 0xC3, 0xC3, 0xC3, 0x66, 0x3C, 0x77, 0xBD, 0x63, 0x18, 0xC6, 0x30, 0x79, 0xFB,
    0x30, 0x61, 0xC7, 0x1C, 0x7F, 0xFE, 0x3C, 0x7E, 0x66, 0x1E, 0x1C, 0x06, 0x66, 0x7E, 0x3C, 0x1C,
    0x1C, 0x3C, 0x3C, 0x6C, 0xEC, 0xFE, 0xFE, 0x0C, 0x7E, 0x60, 0x60, 0x7E, 0x67, 0x03, 0x67, 0x3E,
    0x3C, 0xDF, 0x07, 0xEC, 0xF8, 0xF3, 0xBE, 0xFE, 0x0C, 0x30, 0x61, 0x86, 0x0C, 0x30, 0x7D, 0xCF,
    0x1B, 0xEE, 0xF8, 0xFB, 0xBE, 0x7D, 0xDF, 0x1E, 0x37, 0xE0, 0xFB, 0x3C, 0x18, 0x18, 0x7E, 0x18,
    0x18, 0x03, 0xF0, 0x00, 0xFC, 0x0F, 0xC0, 0x66, 0xCC, 0xCC, 0xC6, 0x60, 0x66, 0x33, 0x33, 0x36,
    0x60, 0x7C, 0xDC, 0xFF, 0x3C, 0xEF, 0xC0, 0x7D, 0xCF, 0xFE, 0x0E, 0x6F, 0x80, 0x7D, 0xDF, 0x1E,
    0x3E, 0xEF, 0x80, 0xE6, 0x6C, 0x3C, 0x3C, 0x6E, 0xC6, 0x79, 0x9C, 0x1F, 0xFC, 0x79, 0xDF, 0x00,
    0xC1, 0x83, 0xF7, 0x7C, 0x78, 0xF1, 0xE3, 0xC1, 0x83, 0x37, 0xCF, 0x1F, 0x37, 0x66, 0xFF, 0xFF,
    0xFB, 0xD9, 0xDB, 0x33, 0x66, 0x6C, 0xCD, 0x99, 0x80, 0xFD, 0xDF, 0x1E, 0x3C, 0x78, 0xC0, 0xFD,
    0xDF, 0x1E, 0x3E, 0xFF, 0xB0, 0x60, 0x3C, 0xCD, 0xE0, 0xF6, 0x67, 0x80, 0x67, 0x98, 0xC6, 0x31,
    0xC0, 0x08, 0x03, 0xE0, 0x67, 0x0C, 0x30, 0xC1, 0x0C, 0x00, 0xCF, 0xFC, 0xFF, 0xCC, 0x0E, 0xC0,
    0x7F, 0xE3, 0xFE, 0x0C, 0x00, 0xC0, 0x0C, 0x00, 0xFF, 0x0F, 0xF0, 0x01, 0xA0, 0x09, 0x03, 0xF8,
    0x7F, 0xC3, 0x27, 0x31, 0x3B, 0x8A, 0x78, 0x90, 0xC4, 0x86, 0x2C, 0x33, 0x41, 0x92, 0x0C, 0xB0,
    0x7D, 0x0D, 0xC8, 0xC7, 0xCE, 0x3F, 0xE1, 0xFC, 0x09, 0x00, 0x40, 0x00, 0x0F, 0x81, 0xFF, 0x1C,
    0x1C, 0xC0, 0x6E, 0x03, 0x60, 0x03, 0x00, 0x18, 0xDC, 0xC7, 0xE6, 0x38, 0x31, 0x81, 0xCC, 0x66,
    0x63, 0x3B, 0x38, 0xFF, 0x81, 0xF0, 0x1F, 0xF1, 0xFF, 0x18, 0x01, 0x80, 0x18, 0x01, 0x80, 0x18,
    0x01, 0xFE, 0x1F, 0xF1, 0x80, 0x18, 0x07, 0xE0, 0x7E, 0x01, 0x80, 0x18, 0x01, 0x80, 0x0F, 0x83,
    0xF8, 0xE3, 0x98, 0x33, 0x00, 0x60, 0x3F, 0xE3, 0xFC, 0x30, 0x0F, 0xF3, 0xFE, 0x18, 0x03, 0x00,
    0x40, 0xFF, 0xFF, 0xFE, 0x00, 0x80, 0x01, 0x83, 0x77, 0xE7, 0xFF, 0xEE, 0x38, 0xD8, 0x61, 0xB0,
    0xC3, 0x63, 0x86, 0xC7, 0x0D, 0x8E, 0x1B, 0x3C, 0x36, 0x78, 0x6C, 0xF0, 0xDB, 0x61, 0x86, 0x00,
    0x08, 0x00, 0x38, 0x0C, 0x38, 0x0C, 0x3C, 0x0C, 0x3C, 0x0C, 0x36, 0x0C, 0x37, 0x0C, 0xFF, 0xFF,
    0x7F, 0xFE, 0x31, 0x8C, 0x7F, 0xFE, 0xFF, 0xFF, 0x30, 0x6C, 0x30, 0x3C, 0x30, 0x3C, 0x30, 0x1C,
    0x30, 0x1C, 0xFF, 0x00, 0x3F, 0xE1, 0x8C, 0x1C, 0x63, 0x03, 0x18, 0xC0, 0xDF, 0xF0, 0x37, 0xEC,
    0x0C, 0x63, 0x07, 0x18, 0xFF, 0x86, 0x3F, 0xC1, 0x8C, 0x00, 0x63, 0x00, 0x18, 0xC0, 0x06, 0x30,
    0x01, 0x8C, 0x00, 0x7F, 0x00, 0x0F, 0xFF, 0x00, 0x07, 0xFC, 0x00, 0x30, 0x70, 0x01, 0x81, 0x80,
    0x0C, 0x0C, 0x3E, 0x60, 0x63, 0xFB, 0x03, 0x30, 0xF8, 0x31, 0x80, 0xFF, 0x8E, 0x07, 0xF8, 0x3E,
    0x30, 0xC0, 0x7D, 0x86, 0x00, 0x7C, 0x18, 0x01, 0xE0, 0xE6, 0x1F, 0x03, 0x3F, 0xD8, 0x1C, 0xFC,
    0x60, 0x70, 0x33, 0x03, 0x81, 0x9C, 0x1C, 0x1C, 0x61, 0xF0, 0xC3, 0x0D, 0x86, 0x3F, 0xFF, 0xF9,
    0xFF, 0xFF, 0xC3, 0x31, 0x98, 0x19, 0x8C, 0xC3, 0xFF, 0xFF, 0x9F, 0xFF, 0xFC, 0x1E, 0x0F, 0x00,
    0xF0, 0x78, 0x07, 0x83, 0xC0, 0x1C, 0x1C, 0x00, 0xC0, 0x60, 0xFF, 0x1F, 0xFC, 0xF0, 0x37, 0x81,
    0xBC, 0xCD, 0xE6, 0x6F, 0x33, 0x79, 0x9B, 0xCC, 0x1E, 0x60, 0xF3, 0xFF, 0x9F, 0xE0, 0x00, 0xC0,
    0x7F, 0x00, 0xC0, 0x0C, 0x1E, 0xC7, 0xFC, 0x61, 0xCC, 0x0C, 0xC0, 0xCC, 0x0C, 0xC0, 0xCC, 0x0C,
    0xC0, 0xC6, 0x1C, 0x7F, 0xC1, 0xEC, 0x00, 0x00, 0x00, 0xFF, 0xCF, 0xFC, 0x07, 0xC0, 0xFF, 0x8F,
    0x1C, 0x70, 0x7F, 0xF0, 0x7F, 0x80, 0xC0, 0x1F, 0xE0, 0xFF, 0x01, 0x81, 0xCE, 0x1C, 0x38, 0xE1,
    0xFE, 0x03, 0xE0, 0x18, 0x1C, 0x30, 0x30, 0x60, 0xC0, 0xC3, 0x81, 0x8E, 0x03, 0x38, 0x06, 0xE0,
    0x7F, 0xFF, 0x7F, 0xFC, 0x3B, 0x80, 0x63, 0x00, 0xC3, 0x01, 0x87, 0x03, 0x07, 0x06, 0x06, 0x0C,
    0x06, 0xFF, 0xFF, 0xFC, 0x18, 0x03, 0x00, 0x68, 0x0F, 0x03, 0xC1, 0xF0, 0x27, 0x80, 0xF0, 0xF8,
    0x1B, 0x00, 0x60, 0x0C, 0x01, 0x80, 0x30, 0x0C, 0x00, 0x00, 0x01, 0x80, 0x00, 0x00, 0x7F, 0x80,
    0x00, 0x1F, 0xFC, 0x00, 0x02, 0xC1, 0xC0, 0x00, 0x18, 0x18, 0x00, 0x03, 0x01, 0x83, 0xC0, 0x60,
    0x31, 0xFC, 0x0C, 0x06, 0x30, 0xC1, 0x80, 0xCC, 0x1C, 0x30, 0x19, 0x81, 0x86, 0x03, 0x30, 0x37,
    0xC0, 0x66, 0x07, 0xF8, 0x0C, 0xC0, 0xF3, 0x83, 0x18, 0x3E, 0x78, 0xE3, 0x86, 0xFB, 0xF8, 0x7F,
    0x8E, 0x3E, 0x0D, 0xE0, 0x00, 0x01, 0x80, 0x00, 0x00, 0x30, 0x00, 0x00, 0x06, 0x00, 0x00, 0x00,
    0xC0, 0x00, 0x3F, 0xC1, 0xFF, 0x0C, 0x18, 0xFF, 0xFF, 0xFF, 0x98, 0x18, 0xC0, 0xDF, 0xFF, 0x7F,
    0xF9, 0x83, 0x0F, 0xF0, 0x7F, 0x03, 0x00, 0x18, 0x00, 0xC0, 0x06, 0x00, 0x02, 0x00, 0x10, 0x00,
    0x80, 0x1F, 0x03, 0xFE, 0x19, 0x39, 0x88, 0xDC, 0x43, 0xC2, 0x06, 0x10, 0x30, 0x81, 0x87, 0xFC,
    0x3F, 0xE1, 0x0F, 0x88, 0x6C, 0x47, 0x32, 0x71, 0xFF, 0x03, 0xF0, 0x04, 0x00, 0x20, 0x00, 0x03,
    0x00, 0x1E, 0x00, 0x78, 0x01, 0xE0, 0x0C, 0xC0, 0x33, 0x07, 0xFF, 0x9F, 0xFE, 0x18, 0x60, 0x61,
    0x87, 0xFF, 0x9F, 0xFE, 0x30, 0x31, 0xC0, 0x66, 0x01, 0x98, 0x06, 0x3F, 0x0F, 0xF1, 0xC6, 0x00,
    0xCF, 0xFF, 0xFF, 0xC0, 0x07, 0xFF, 0xFF, 0xEE, 0x01, 0x80, 0x38, 0xC7, 0xF8, 0x7E, 0x00, 0x02,
    0x00, 0x10, 0x00, 0x80, 0x1F, 0x03, 0xFE, 0x19, 0x39, 0x88, 0xDC, 0x47, 0xC2, 0x06, 0x10, 0x30,
    0x81, 0x84, 0x0C, 0x20, 0x61, 0x03, 0x88, 0xEC, 0x46, 0x32, 0x71, 0xFF, 0x03, 0xE0, 0x04, 0x00,
    0x20, 0x00, 0xFF, 0xFF, 0xFF, 0x00, 0x0F, 0xFF, 0xFF, 0xF0, 0x60, 0x06, 0x00, 0x60, 0x06, 0x00,
    0x60, 0x06, 0x00, 0x60, 0x06, 0x00, 0x60, 0x00, 0x0F, 0xFD, 0xFF, 0x01, 0x87, 0xFC, 0xFF, 0x80,
    0xE0, 0x18, 0x7F, 0x0F, 0x80, 0xC0, 0x1C, 0x01, 0xC0, 0x1C, 0x01, 0xC0, 0x18, 0x30, 0x0C, 0x83,
    0xE0, 0xF0, 0xF0, 0x3D, 0x83, 0xE1, 0xF0, 0xF0, 0x3C, 0x33, 0x1C, 0xC6, 0x31, 0x8C, 0xE3, 0xF0,
    0xF0, 0x00, 0x00, 0x06, 0x00, 0x30, 0x01, 0x80, 0x3F, 0x03, 0xFC, 0x3B, 0x71, 0x99, 0xD8, 0xC6,
    0xC6, 0x36, 0x31, 0xB1, 0x8D, 0x8C, 0x60, 0x3F, 0xC3, 0xFE, 0x30, 0x73, 0x07, 0x30, 0x33, 0x07,
    0x30, 0x7F, 0xFE, 0xFF, 0xC3, 0x00, 0xFF, 0x8F, 0xF8, 0x30, 0x03, 0x00, 0x19, 0x81, 0x98, 0x1F,
    0x83, 0xFC, 0x79, 0xEF, 0x9E, 0xD9, 0xBD, 0x9B, 0xD9, 0xBC, 0x00, 0xC0, 0x0C, 0x00, 0x60, 0x03,
    0x00, 0xFF, 0xFF, 0xFF, 0x24, 0x04, 0x83, 0xFC, 0x7F, 0xCC, 0x1D, 0x81, 0xB0, 0x36, 0x06, 0xC1,
    0x9F, 0xE3, 0xFE, 0x60, 0x6C, 0x07, 0x80, 0xF0, 0x1E, 0x07, 0xFF, 0xDF, 0xF0, 0x90, 0x12, 0x00,
    0x03, 0x80, 0x0E, 0x00, 0x38, 0x00, 0xE0, 0x03, 0x80, 0x0F, 0xFF, 0xDF, 0xFF, 0x9C, 0x00, 0x1C,
    0x00, 0x1C, 0x00, 0x1C, 0x00, 0x1C, 0x00, 0x00, 0x00, 0x0C, 0x00, 0x78, 0x03, 0xF0, 0x1F, 0xE0,
    0xED, 0xC7, 0x33, 0x98, 0xC6, 0x43, 0x08, 0x0C, 0x00, 0x30, 0x00, 0xC0, 0x03, 0x00, 0x0C, 0x00,
    0x30, 0x00, 0x03, 0x80, 0x03, 0x80, 0x03, 0x80, 0x03, 0x80, 0x03, 0x9F, 0xFF, 0xBF, 0xFF, 0x00,
    0x1C, 0x00, 0x70, 0x01, 0xC0, 0x07, 0x00, 0x1C, 0x00, 0x03, 0x00, 0x0C, 0x00, 0x30, 0x00, 0xC0,
    0x03, 0x00, 0x0C, 0x00, 0x30, 0x90, 0xC6, 0x63, 0x39, 0xCD, 0xE3, 0xFF, 0x07, 0xF8, 0x0F, 0xC0,
    0x1E, 0x00, 0x30, 0x00, 0x00, 0x02, 0x00, 0x00, 0x07, 0x00, 0xE0, 0x0E, 0x00, 0x60, 0x1C, 0x00,
    0x30, 0x38, 0x00, 0x18, 0x30, 0x00, 0x0C, 0x7F, 0xFF, 0xFE, 0xFF, 0xFF, 0xFF, 0x70, 0x00, 0x0E,
    0x38, 0x00, 0x1C, 0x1C, 0x00, 0x38, 0x0E, 0x00, 0x70, 0x07, 0x00, 0xE0, 0x02, 0x00, 0x40, 0x00,
    0x00, 0x00, 0x00, 0x00, 0x0C, 0x00, 0x78, 0x03, 0xF0, 0x1B, 0x60, 0xCC, 0xC6, 0x31, 0x90, 0xC2,
    0x03, 0x00, 0x0C, 0x00, 0x30, 0x00, 0xC0, 0x03, 0x00, 0x0C, 0x00, 0x30, 0x00, 0xC0, 0x03, 0x03,
    0x8C, 0x67, 0x33, 0x8C, 0xDC, 0x1B, 0x60, 0x3F, 0x00, 0x78, 0x00, 0xC0, 0x00, 0x00, 0x00, 0x01,
    0xFF, 0x07, 0xFE, 0x1E, 0x00, 0x7C, 0x01, 0xB8, 0x06, 0x70, 0x18, 0xE0, 0x61, 0xC1, 0x83, 0x82,
    0x07, 0x00, 0x0E, 0x00, 0x18, 0x00, 0x00, 0x00, 0x00, 0x3F, 0xE1, 0xFF, 0x80, 0x1E, 0x00, 0xF8,
    0x07, 0x60, 0x39, 0x81, 0xC6, 0x0E, 0x18, 0x70, 0x63, 0x81, 0x1C, 0x00, 0x60, 0x00, 0x00, 0x00,
    0x00, 0x01, 0x80, 0x07, 0x00, 0x0E, 0x04, 0x1C, 0x18, 0x38, 0x60, 0x71, 0x80, 0xE6, 0x01, 0xD8,
    0x03, 0xE0, 0x07, 0x87, 0xFE, 0x0F, 0xF8, 0x00, 0x00, 0x00, 0x60, 0x03, 0x88, 0x1C, 0x60, 0xE1,
    0x87, 0x06, 0x38, 0x19, 0xC0, 0x6E, 0x01, 0xF0, 0x07, 0x80, 0x1F, 0xF8, 0x7F, 0xC0, 0x00, 0x03,
    0x80, 0x00, 0x3E, 0x00, 0x00, 0xE0, 0x30, 0x03, 0x06, 0x00, 0x30, 0xC0, 0x03, 0x18, 0x00, 0x33,
    0x00, 0x06, 0x7F, 0xFF, 0xEF, 0xFF, 0xF8, 0x70, 0x00, 0x03, 0x80, 0x00, 0x1C, 0x00, 0x00, 0xE0,
    0x00, 0x07, 0x00, 0x00, 0x20, 0x00, 0x1C, 0x00, 0x07, 0xC0, 0x00, 0x70, 0x00, 0x0C, 0x00, 0xC0,
    0xC0, 0x06, 0x0C, 0x00, 0x30, 0xC0, 0x01, 0x86, 0x00, 0x0C, 0x7F, 0xFF, 0xE1, 0xFF, 0xFF, 0x00,
    0x00, 0xE0, 0x00, 0x1C, 0x00, 0x03, 0x80, 0x00, 0x70, 0x00, 0x0E, 0x00, 0x00, 0x40, 0x00, 0x00,
    0x02, 0x00, 0x01, 0x80, 0x00, 0xE0, 0x00, 0x7F, 0xFF, 0xDF, 0xFF, 0xF3, 0x80, 0x0C, 0x60, 0x03,
    0x08, 0x00, 0xC0, 0x00, 0x30, 0x00, 0x0C, 0x00, 0x03, 0x00, 0x00, 0xC0, 0x00, 0x30, 0x00, 0x0C,
    0x00, 0x03, 0x00, 0x00, 0x00, 0x00, 0x00, 0x00, 0x04, 0x00, 0x03, 0x00, 0x01, 0xCF, 0xFF, 0xF7,
    0xFF, 0xFB, 0x00, 0x39, 0x80, 0x18, 0xC0, 0x08, 0x60, 0x00, 0x30, 0x00, 0x18, 0x00, 0x0C, 0x00,
    0x06, 0x00, 0x03, 0x00, 0x01, 0x80, 0x00, 0x00, 0x00, 0x00, 0x00, 0x00, 0x60, 0x00, 0x30, 0x00,
    0x18, 0x00, 0x0C, 0x00, 0x06, 0x00, 0x43, 0x00, 0x31, 0x80, 0x1C, 0xFF, 0xFF, 0x7F, 0xFF, 0x80,
    0x03, 0x80, 0x01, 0x80, 0x00, 0x80, 0x00, 0x00, 0x00, 0x03, 0xFF, 0x0F, 0xFC, 0x00, 0x30, 0x00,
    0xC0, 0x03, 0x00, 0x0C, 0x00, 0x30, 0x00, 0xC0, 0x03, 0x00, 0x0C, 0x00, 0x30, 0x07, 0xF8, 0x0F,
    0xC0, 0x1E, 0x00, 0x30, 0x00, 0x00, 0x00, 0x00, 0x00, 0x00, 0x30, 0x00, 0x0C, 0x00, 0x03, 0x00,
    0x00, 0xC2, 0x00, 0x31, 0x80, 0x0C, 0xE0, 0x03, 0x7F, 0xFF, 0xDF, 0xFF, 0xF3, 0x80, 0x00, 0x60,
    0x00, 0x08, 0x00, 0x00, 0x00, 0x00, 0x00, 0x00, 0x00, 0x80, 0x01, 0x80, 0x07, 0x80, 0x0F, 0xE0,
    0x0F, 0xF8, 0x07, 0x9C, 0x03, 0x8E, 0x01, 0x86, 0x00, 0x07, 0x00, 0x03, 0xC0, 0x03, 0xC0, 0x03,
    0xE0, 0x03, 0x60, 0x06, 0x70, 0x0E, 0x38, 0x1C, 0x1F, 0xF8, 0x07, 0xE0, 0x00, 0x00, 0x01, 0x00,
    0x01, 0x80, 0x01, 0xC0, 0x07, 0xF0, 0x1F, 0xF0, 0x39, 0xE0, 0x71, 0x80, 0x61, 0x00, 0xC0, 0x00,
    0xC0, 0x00, 0xC0, 0x03, 0xC0, 0x03, 0xC0, 0x07, 0x60, 0x06, 0x70, 0x0E, 0x38, 0x1C, 0x1F, 0xF8,
    0x07, 0xE0, 0x00, 0x00, 0x02, 0x00, 0x07, 0x00, 0x0E, 0x00, 0x1C, 0x00, 0x3F, 0xFE, 0x7F, 0xFE,
    0xE0, 0x00, 0x7F, 0xFE, 0x3F, 0xFE, 0x1C, 0x00, 0x0E, 0x00, 0x07, 0x00, 0x02, 0x00, 0x00, 0x00,
    0x00, 0x80, 0x00, 0xC0, 0x00, 0xE0, 0x00, 0x70, 0xFF, 0xF8, 0xFF, 0xFC, 0x00, 0x0E, 0x00, 0x0E,
    0xFF, 0xFC, 0xFF, 0xF8, 0x00, 0x30, 0x00, 0x60, 0x00, 0xC0, 0x00, 0x80, 0x00, 0x00, 0x02, 0x00,
    0x40, 0x07, 0x00, 0xE0, 0x0E, 0x00, 0x70, 0x1C, 0x00, 0x38, 0x3F, 0xFF, 0xF8, 0x7F, 0xFF, 0xFC,
    0x60, 0x00, 0x06, 0xE0, 0x00, 0x07, 0x7F, 0xFF, 0xFE, 0x3F, 0xFF, 0xFC, 0x1C, 0x00, 0x38, 0x0E,
    0x00, 0x70, 0x07, 0x00, 0xE0, 0x03, 0x00, 0xC0, 0x00, 0x00, 0x00, 0x00, 0x03, 0x01, 0xE0, 0xFC,
    0x7F, 0x83, 0x00, 0xC0, 0x30, 0x3F, 0x0F, 0xE0, 0xC0, 0x30, 0x3F, 0x8F, 0xC0, 0xC0, 0x30, 0x0C,
    0x00, 0x00, 0x00, 0x03, 0x00, 0xC0, 0x30, 0x3F, 0x0F, 0xE0, 0xC0, 0xFC, 0x3F, 0x83, 0x00, 0xC0,
    0x30, 0x7F, 0x8F, 0xC1, 0xE0, 0x30, 0x00, 0x00, 0xC0, 0x00, 0x30, 0x80, 0x0C, 0x60, 0x03, 0x3C,
    0x00, 0xDF, 0xFF, 0xB3, 0xC0, 0x0C, 0x60, 0x03, 0x08, 0x00, 0xC0, 0x00, 0x00, 0x00, 0x00, 0xC0,
    0x04, 0x30, 0x01, 0x8C, 0x00, 0xF3, 0x7F, 0xFE, 0xC0, 0x0F, 0x30, 0x01, 0x8C, 0x00, 0x43, 0x00,
    0x00, 0xC0, 0x00, 0x00, 0x00, 0x0C, 0x00, 0x03, 0xC0, 0x00, 0xCC, 0x00, 0x30, 0xC0, 0x0C, 0x1C,
    0x03, 0x01, 0xC0, 0xC0, 0x1C, 0x3E, 0x0F, 0xC0, 0xC1, 0x80, 0x18, 0x30, 0x03, 0x06, 0x00, 0x60,
    0xC0, 0x0C, 0x18, 0x01, 0x83, 0x00, 0x30, 0x60, 0x07, 0xFC, 0x00, 0x00, 0x00, 0x00, 0x0C, 0x00,
    0x03, 0xC0, 0x00, 0xCC, 0x00, 0x30, 0xC0, 0x0C, 0x1C, 0x03, 0x01, 0xC0, 0xC0, 0x1C, 0x3E, 0x0F,
    0xC0, 0xC1, 0x80, 0x18, 0x30, 0x03, 0x06, 0x00, 0x60, 0xC0, 0x0F, 0xF8, 0x00, 0x00, 0x00, 0x00,
    0x00, 0x07, 0xFC, 0x00, 0xC1, 0x80, 0x18, 0x30, 0x03, 0xFE, 0x00, 0x00, 0x00, 0x3F, 0x07, 0xF0,
    0x07, 0x00, 0x60, 0xFE, 0x7F, 0xDC, 0x3B, 0x83, 0x60, 0x6C, 0x0D, 0x81, 0xB0, 0x73, 0x0C, 0x7F,
    0x07, 0xC0, 0x00, 0x00, 0x1E, 0x21, 0xFF, 0x0E, 0x1C, 0x30, 0x71, 0x82, 0x66, 0x11, 0x98, 0x86,
    0x64, 0x18, 0xE0, 0xC3, 0x87, 0x0F, 0xF8, 0x4F, 0xC0, 0x00, 0x00, 0x03, 0x00, 0x1E, 0x00, 0x78,
    0x03, 0xF0, 0x0F, 0xC0, 0x33, 0x01, 0xCE, 0x07, 0x38, 0x18, 0x70, 0xE1, 0xC3, 0x87, 0x0C, 0x0E,
    0x70, 0x39, 0xFF, 0xEF, 0xFF, 0xC0, 0xFF, 0xFF, 0xFF, 0x01, 0xE0, 0x3C, 0x07, 0x80, 0xF0, 0x1E,
    0x03, 0xC0, 0x78, 0x0F, 0x01, 0xE0, 0x3C, 0x07, 0x80, 0xF0, 0x1E, 0x03, 0xC0, 0x78, 0x0C, 0xFF,
    0xE7, 0xFF, 0x1C, 0x00, 0x70, 0x01, 0xC0, 0x06, 0x00, 0x18, 0x00, 0xE0, 0x03, 0x80, 0x1C, 0x01,
    0xC0, 0x0C, 0x00, 0xC0, 0x0C, 0x00, 0xE0, 0x0E, 0x00, 0xFF, 0xF7, 0xFF, 0x80, 0x00, 0x3F, 0xFF,
    0xFC, 0x01, 0x80, 0x60, 0x38, 0x0C, 0x07, 0x01, 0x80, 0xE0, 0x30, 0x1C, 0x06, 0x03, 0x80, 0xC0,
    0x70, 0x18, 0x0E, 0x00, 0x00, 0x78, 0x03, 0xC0, 0x18, 0x01, 0xC0, 0x0E, 0x00, 0x60, 0x03, 0x00,
    0x38, 0x01, 0xC7, 0x0C, 0x3C, 0x60, 0x67, 0x03, 0xB8, 0x1D, 0xC0, 0x7C, 0x03, 0xE0, 0x0F, 0x00,
    0x78, 0x03, 0x80, 0x00, 0x00, 0x3C, 0x0E, 0x1F, 0xCF, 0xEE, 0x3F, 0x1B, 0x07, 0x83, 0xC0, 0xC0,
    0xF0, 0x78, 0x3E, 0x3F, 0x19, 0xFC, 0xFE, 0x3C, 0x0E, 0x00, 0x0F, 0x07, 0x86, 0x03, 0x01, 0x80,
    0xC0, 0x60, 0x30, 0x18, 0x0C, 0x06, 0x03, 0x01, 0x80, 0xC0, 0x60, 0x30, 0x18, 0x0C, 0x06, 0x0F,
    0x07, 0x00, 0xFF, 0x00, 0x00, 0xDF, 0x80, 0x18, 0x0F, 0xCD, 0xFF, 0x81, 0xE0, 0x00, 0x78, 0x1F,
    0x9B, 0xFF, 0x03, 0xC0, 0x02, 0x03, 0x01, 0x9F, 0xFF, 0xF8, 0x60, 0x60, 0x30, 0xFF, 0xFF, 0xCC,
    0x04, 0x00, 0x00, 0x00, 0x30, 0x3C, 0x7E, 0x7E, 0x3E, 0x0F, 0x01, 0xF8, 0x1F, 0x81, 0xF0, 0x1C,
    0x00, 0xFF, 0xFF, 0xF0, 0x00, 0x30, 0x0F, 0x03, 0xF0, 0x3F, 0x81, 0xF0, 0x3C, 0x7E, 0x7E, 0x3E,
    0x0C, 0x00, 0x00, 0xFF, 0xFF, 0xF0, 0x00, 0x0F, 0x80, 0x00, 0x07, 0xFF, 0x80, 0x00, 0x78, 0x1F,
    0x00, 0x0F, 0x00, 0x1C, 0x00, 0xE0, 0x00, 0x38, 0x0E, 0x00, 0x00, 0xC0, 0x60, 0x00, 0x03, 0x06,
    0x00, 0x00, 0x0C, 0x70, 0x06, 0x00, 0x63, 0x00, 0x30, 0x01, 0x98, 0x01, 0x80, 0x0D, 0x80, 0x0C,
    0x00, 0x7C, 0x00, 0x60, 0x01, 0xE0, 0x03, 0x00, 0x0F, 0x07, 0xFF, 0xE0, 0x78, 0x3F, 0xFF, 0x03,
    0xC0, 0x06, 0x00, 0x1E, 0x00, 0x30, 0x00, 0xF0, 0x01, 0x80, 0x0E, 0xC0, 0x0C, 0x00, 0x66, 0x00,
    0x60, 0x03, 0x38, 0x03, 0x00, 0x38, 0xC0, 0x00, 0x01, 0x87, 0x00, 0x00, 0x18, 0x1C, 0x00, 0x01,
    0xC0, 0x70, 0x00, 0x1C, 0x01, 0xC0, 0x01, 0xC0, 0x07, 0x80, 0x7C, 0x00, 0x0F, 0xFF, 0x80, 0x00,
    0x1F, 0xF0, 0x00, 0x00, 0x0F, 0x80, 0x00, 0x07, 0xFF, 0x80, 0x00, 0x78, 0x1F, 0x00, 0x0F, 0x00,
    0x1C, 0x00, 0xE0, 0x00, 0x38, 0x0E, 0x00, 0x00, 0xC0, 0x60, 0x00, 0x03, 0x06, 0x00, 0x00, 0x0C,
    0x70, 0x00, 0x00, 0x63, 0x00, 0x00, 0x01, 0x98, 0x00, 0x00, 0x0D, 0x80, 0x00, 0x00, 0x7C, 0x00,
    0x00, 0x01, 0xE0, 0x00, 0x00, 0x0F, 0x01, 0xFF, 0x80, 0x78, 0x0F, 0xFC, 0x03, 0xC0, 0x00, 0x00,
    0x1E, 0x00, 0x00, 0x00, 0xF0, 0x00, 0x00, 0x0E, 0xC0, 0x00, 0x00, 0x66, 0x00, 0x00, 0x03, 0x38,
    0x00, 0x00, 0x38, 0xC0, 0x00, 0x01, 0x87, 0x00, 0x00, 0x18, 0x1C, 0x00, 0x01, 0xC0, 0x70, 0x00,
    0x1C, 0x01, 0xC0, 0x01, 0xC0, 0x07, 0x80, 0x7C, 0x00, 0x0F, 0xFF, 0x80, 0x00, 0x1F, 0xF0, 0x00,
    0x00, 0x0F, 0x80, 0x00, 0x07, 0xFF, 0x80, 0x00, 0x78, 0x1F, 0x00, 0x0F, 0x00, 0x1C, 0x00, 0xE0,
    0x00, 0x38, 0x0E, 0x00, 0x00, 0xC0, 0x60, 0x00, 0x03, 0x06, 0x00, 0x00, 0x0C, 0x70, 0x00, 0x00,
    0x63, 0x00, 0x00, 0x01, 0x98, 0x08, 0x08, 0x0D, 0x80, 0x60, 0xC0, 0x7C, 0x01, 0x8C, 0x01, 0xE0,
    0x06, 0xC0, 0x0F, 0x00, 0x1C, 0x00, 0x78, 0x00, 0xE0, 0x03, 0xC0, 0x0F, 0x80, 0x1E, 0x00, 0xCE,
    0x00, 0xF0, 0x0C, 0x38, 0x0E, 0xC0, 0x60, 0xC0, 0x66, 0x00, 0x00, 0x03, 0x38, 0x00, 0x00, 0x38,
    0xC0, 0x00, 0x01, 0x87, 0x00, 0x00, 0x18, 0x1C, 0x00, 0x01, 0xC0, 0x70, 0x00, 0x1C, 0x01, 0xC0,
    0x01, 0xC0, 0x07, 0x80, 0x7C, 0x00, 0x0F, 0xFF, 0x80, 0x00, 0x1F, 0xF0, 0x00, 0x00, 0x0F, 0x80,
    0x00, 0x07, 0xFF, 0x80, 0x00, 0x78, 0x1F, 0x00, 0x0F, 0x00, 0x1C, 0x00, 0xE0, 0x00, 0x38, 0x0E,
    0x00, 0x00, 0xC0, 0x60, 0x00, 0x03, 0x06, 0x00, 0x00, 0x0C, 0x70, 0x00, 0x00, 0x63, 0x00, 0x01,
    0x81, 0x98, 0x00, 0x18, 0x0D, 0x80, 0x01, 0xC0, 0x7C, 0x00, 0x1C, 0x01, 0xE0, 0x00, 0xC0, 0x0F,
    0x00, 0x0C, 0x00, 0x78, 0x00, 0xC0, 0x03, 0xC0, 0x0E, 0x00, 0x1E, 0x00, 0xE0, 0x00, 0xF0, 0x06,
    0x00, 0x0E, 0xC0, 0x60, 0x00, 0x66, 0x06, 0x00, 0x03, 0x38, 0x00, 0x00, 0x38, 0xC0, 0x00, 0x01,
    0x87, 0x00, 0x00, 0x18, 0x1C, 0x00, 0x01, 0xC0, 0x70, 0x00, 0x1C, 0x01, 0xC0, 0x01, 0xC0, 0x07,
    0x80, 0x7C, 0x00, 0x0F, 0xFF, 0x80, 0x00, 0x1F, 0xF0, 0x00,
};

static const EpdGlyph golos_ui_10_mediumGlyphs[] = {
    { 0, 0, 0, 0, 0, 0, 0 }, // U+0000
    { 0, 0, 83, 0, 0, 0, 0 }, // U+000D
    { 0, 0, 83, 0, 0, 0, 0 }, // U+0020
    { 3, 14, 103, 2, 14, 6, 0 }, // !
    { 6, 4, 133, 1, 14, 3, 6 }, // "
    { 12, 14, 227, 1, 14, 21, 9 }, // #
    { 12, 19, 217, 0, 17, 29, 30 }, // $
    { 17, 14, 280, 1, 14, 30, 59 }, // %
    { 13, 14, 228, 1, 14, 23, 89 }, // &
    { 3, 4, 73, 1, 14, 2, 112 }, // '
    { 7, 18, 127, 2, 14, 16, 114 }, // (
    { 7, 18, 127, 0, 14, 16, 130 }, // )
    { 8, 7, 150, 1, 14, 7, 146 }, // *
    { 10, 10, 187, 1, 13, 13, 153 }, // +
    { 4, 6, 103, 1, 3, 3, 166 }, // ,
    { 6, 2, 127, 1, 7, 2, 169 }, // -
    { 3, 3, 103, 2, 3, 2, 171 }, // .
    { 10, 18, 160, 0, 14, 23, 173 }, // /
    { 11, 14, 210, 1, 14, 20, 196 }, // 0
    { 9, 14, 165, 1, 14, 16, 216 }, // 1
    { 11, 14, 197, 1, 14, 20, 232 }, // 2
    { 11, 14, 198, 1, 14, 20, 252 }, // 3
    { 11, 14, 205, 1, 14, 20, 272 }, // 4
    { 11, 14, 197, 0, 14, 20, 292 }, // 5
    { 11, 14, 205, 1, 14, 20, 312 }, // 6
    { 10, 14, 178, 1, 14, 18, 332 }, // 7
    { 11, 14, 207, 1, 14, 20, 350 }, // 8
    { 11, 14, 205, 1, 14, 20, 370 }, // 9
    { 3, 11, 103, 2, 11, 5, 390 }, // :
    { 4, 14, 103, 1, 11, 7, 395 }, // ;
    { 10, 11, 187, 1, 13, 14, 402 }, // <
    { 10, 6, 187, 1, 11, 8, 416 }, // =
    { 10, 11, 187, 1, 13, 14, 424 }, // >
    { 10, 14, 173, 1, 14, 18, 438 }, // ?
    { 19, 18, 330, 1, 14, 43, 456 }, // @
    { 14, 14, 227, 0, 14, 25, 499 }, // A
    { 12, 14, 225, 2, 14, 21, 524 }, // B
    { 12, 14, 230, 1, 14, 21, 545 }, // C
    { 12, 14, 235, 2, 14, 21, 566 }, // D
    { 10, 14, 205, 2, 14, 18, 587 }, // E
    { 10, 14, 198, 2, 14, 18, 605 }, // F
    { 13, 14, 238, 1, 14, 23, 623 }, // G
    { 12, 14, 253, 2, 14, 21, 646 }, // H
    { 3, 14, 107, 2, 14, 6, 667 }, // I
    { 10, 14, 187, 1, 14, 18, 673 }, // J
    { 12, 14, 232, 2, 14, 21, 691 }, // K
    { 10, 14, 190, 2, 14, 18, 712 }, // L
    { 15, 14, 290, 2, 14, 27, 730 }, // M
    { 12, 14, 253, 2, 14, 21, 757 }, // N
    { 14, 14, 250, 1, 14, 25, 778 }, // O
    { 11, 14, 220, 2, 14, 20, 803 }, // P
    { 14, 15, 250, 1, 14, 27, 823 }, // Q
    { 12, 14, 228, 2, 14, 21, 850 }, // R
    { 12, 14, 217, 0, 14, 21, 871 }, // S
    { 12, 14, 210, 1, 14, 21, 892 }, // T
    { 12, 14, 243, 2, 14, 21, 913 }, // U
    { 14, 14, 227, 0, 14, 25, 934 }, // V
    { 20, 14, 323, 0, 14, 35, 959 }, // W
    { 14, 14, 227, 0, 14, 25, 994 }, // X
    { 14, 14, 220, 0, 14, 25, 1019 }, // Y
    { 11, 14, 203, 1, 14, 20, 1044 }, // Z
    { 4, 18, 127, 2, 14, 9, 1064 }, // [
    { 10, 18, 160, 0, 14, 23, 1073 }, // <backslash>
    { 5, 18, 127, 1, 14, 12, 1096 }, // ]
    { 11, 6, 187, 0, 15, 9, 1108 }, // ^
    { 10, 2, 167, 0, -1, 3, 1117 }, // _
    { 6, 4, 93, 0, 16, 3, 1120 }, // `
    { 10, 11, 190, 1, 11, 14, 1123 }, // a
    { 11, 14, 205, 1, 14, 20, 1137 }, // b
    { 10, 11, 185, 1, 11, 14, 1157 }, // c
    { 11, 14, 205, 1, 14, 20, 1171 }, // d
    { 11, 11, 193, 1, 11, 16, 1191 }, // e
    { 7, 14, 122, 1, 14, 13, 1207 }, // f
    { 11, 15, 205, 1, 11, 21, 1220 }, // g
    { 10, 14, 202, 1, 14, 18, 1241 }, // h
    { 3, 15, 90, 1, 15, 6, 1259 }, // i
    { 5, 19, 90, -1, 15, 12, 1265 }, // j
    { 11, 14, 190, 1, 14, 20, 1277 }, // k
    { 5, 14, 108, 2, 14, 9, 1297 }, // l
    { 16, 11, 292, 1, 11, 22, 1306 }, // m
    { 10, 11, 202, 1, 11, 14, 1328 }, // n
    { 11, 11, 200, 1, 11, 16, 1342 }, // o
    { 11, 15, 205, 1, 11, 21, 1358 }, // p
    { 11, 15, 205, 1, 11, 21, 1379 }, // q
    { 6, 11, 130, 1, 11, 9, 1400 }, // r
    { 11, 11, 180, 0, 11, 16, 1409 }, // s
    { 7, 14, 133, 1, 14, 13, 1425 }, // t
    { 10, 11, 198, 1, 11, 14, 1438 }, // u
    { 12, 11, 193, 0, 11, 17, 1452 }, // v
    { 17, 11, 277, 0, 11, 24, 1469 }, // w
    { 12, 11, 187, 0, 11, 17, 1493 }, // x
    { 13, 15, 193, 0, 11, 25, 1510 }, // y
    { 9, 11, 170, 1, 11, 13, 1535 }, // z
    { 6, 18, 127, 1, 14, 14, 1548 }, // {
    { 3, 18, 113, 2, 14, 7, 1562 }, // |
    { 6, 18, 127, 1, 14, 14, 1569 }, // }
    { 11, 4, 187, 0, 9, 6, 1583 }, // ~
    { 0, 0, 83, 0, 0, 0, 1589 }, // U+00A0
    { 3, 15, 103, 2, 11, 6, 1589 }, // U+00A1
    { 10, 15, 185, 1, 13, 19, 1595 }, // U+00A2
    { 11, 14, 213, 1, 14, 20, 1614 }, // U+00A3
    { 11, 10, 187, 1, 12, 14, 1634 }, // U+00A4
    { 13, 14, 227, 0, 14, 23, 1648 }, // U+00A5
    { 3, 18, 113, 2, 14, 7, 1671 }, // U+00A6
    { 10, 18, 193, 1, 14, 23, 1678 }, // U+00A7
    { 7, 3, 127, 1, 15, 3, 1701 }, // U+00A8
    { 16, 15, 277, 1, 15, 30, 1704 }, // U+00A9
    { 10, 11, 190, 1, 11, 14, 1734 }, // U+00AA
    { 10, 11, 182, 1, 11, 14, 1748 }, // U+00AB
    { 11, 6, 187, 0, 8, 9, 1762 }, // U+00AC
    { 6, 2, 127, 1, 7, 2, 1771 }, // U+00AD
    { 13, 12, 217, 0, 14, 20, 1773 }, // U+00AE
    { 6, 2, 107, 1, 15, 2, 1793 }, // U+00AF
    { 7, 7, 130, 1, 15, 7, 1795 }, // U+00B0
    { 10, 12, 187, 1, 14, 15, 1802 }, // U+00B1
    { 7, 8, 123, 1, 16, 7, 1817 }, // U+00B2
    { 8, 8, 127, 0, 16, 8, 1824 }, // U+00B3
    { 6, 4, 93, 0, 16, 3, 1832 }, // U+00B4
    { 10, 15, 207, 2, 11, 19, 1835 }, // U+00B5
    { 11, 18, 210, 1, 14, 25, 1854 }, // U+00B6
    { 3, 3, 103, 2, 7, 2, 1879 }, // U+00B7
    { 4, 5, 77, 0, 1, 3, 1881 }, // U+00B8
    { 5, 8, 87, 1, 16, 5, 1884 }, // U+00B9
    { 7, 7, 127, 1, 15, 7, 1889 }, // U+00BA
    { 10, 11, 182, 1, 11, 14, 1896 }, // U+00BB
    { 16, 16, 277, 1, 16, 32, 1910 }, // U+00BC
    { 16, 16, 270, 1, 16, 32, 1942 }, // U+00BD
    { 19, 17, 317, 0, 17, 41, 1974 }, // U+00BE
    { 10, 15, 173, 1, 11, 19, 2015 }, // U+00BF
    { 14, 19, 227, 0, 19, 34, 2034 }, // U+00C0
    { 14, 19, 227, 0, 19, 34, 2068 }, // U+00C1
    { 14, 19, 227, 0, 19, 34, 2102 }, // U+00C2
    { 14, 18, 227, 0, 18, 32, 2136 }, // U+00C3
    { 14, 18, 227, 0, 18, 32, 2168 }, // U+00C4
    { 15, 20, 227, -1, 20, 38, 2200 }, // U+00C5
    { 20, 14, 325, -1, 14, 35, 2238 }, // U+00C6
    { 13, 18, 230, 1, 14, 30, 2273 }, // U+00C7
    { 10, 19, 205, 2, 19, 24, 2303 }, // U+00C8
    { 10, 19, 205, 2, 19, 24, 2327 }, // U+00C9
    { 10, 19, 205, 2, 19, 24, 2351 }, // U+00CA
    { 10, 18, 205, 2, 18, 23, 2375 }, // U+00CB
    { 6, 19, 107, -1, 19, 15, 2398 }, // U+00CC
    { 6, 19, 107, 2, 19, 15, 2413 }, // U+00CD
    { 8, 19, 107, -1, 19, 19, 2428 }, // U+00CE
    { 8, 18, 107, 0, 18, 18, 2447 }, // U+00CF
    { 14, 14, 242, 1, 14, 25, 2465 }, // U+00D0
    { 12, 18, 253, 2, 18, 27, 2490 }, // U+00D1
    { 14, 19, 250, 1, 19, 34, 2517 }, // U+00D2
    { 14, 19, 250, 1, 19, 34, 2551 }, // U+00D3
    { 14, 19, 250, 1, 19, 34, 2585 }, // U+00D4
    { 14, 19, 250, 1, 19, 34, 2619 }, // U+00D5
    { 14, 18, 250, 1, 18, 32, 2653 }, // U+00D6
    { 10, 10, 187, 1, 12, 13, 2685 }, // U+00D7
    { 14, 14, 250, 1, 14, 25, 2698 }, // U+00D8
    { 12, 19, 243, 2, 19, 29, 2723 }, // U+00D9
    { 12, 19, 243, 2, 19, 29, 2752 }, // U+00DA
    { 12, 19, 243, 2, 19, 29, 2781 }, // U+00DB
    { 12, 18, 243, 2, 18, 27, 2810 }, // U+00DC
    { 14, 18, 220, 0, 18, 32, 2837 }, // U+00DD
    { 11, 14, 220, 2, 14, 20, 2869 }, // U+00DE
    { 10, 14, 195, 1, 14, 18, 2889 }, // U+00DF
    { 10, 15, 190, 1, 15, 19, 2907 }, // U+00E0
    { 10, 16, 190, 1, 16, 20, 2926 }, // U+00E1
    { 10, 16, 190, 1, 16, 20, 2946 }, // U+00E2
    { 10, 15, 190, 1, 15, 19, 2966 }, // U+00E3
    { 10, 15, 190, 1, 15, 19, 2985 }, // U+00E4
    { 10, 17, 190, 1, 17, 22, 3004 }, // U+00E5
    { 18, 11, 312, 1, 11, 25, 3026 }, // U+00E6
    { 10, 15, 185, 1, 11, 19, 3051 }, // U+00E7
    { 11, 16, 193, 1, 16, 22, 3070 }, // U+00E8
    { 11, 16, 193, 1, 16, 22, 3092 }, // U+00E9
    { 11, 16, 193, 1, 16, 22, 3114 }, // U+00EA
    { 11, 15, 193, 1, 15, 21, 3136 }, // U+00EB
    { 6, 15, 90, -1, 15, 12, 3157 }, // U+00EC
    { 6, 15, 90, 2, 15, 12, 3169 }, // U+00ED
    { 8, 15, 90, -1, 15, 15, 3181 }, // U+00EE
    { 7, 15, 90, -1, 15, 14, 3196 }, // U+00EF
    { 11, 16, 202, 1, 16, 22, 3210 }, // U+00F0
    { 10, 15, 202, 1, 15, 19, 3232 }, // U+00F1
    { 11, 16, 200, 1, 16, 22, 3251 }, // U+00F2
    { 11, 16, 200, 1, 16, 22, 3273 }, // U+00F3
    { 11, 16, 200, 1, 16, 22, 3295 }, // U+00F4
    { 11, 15, 200, 1, 15, 21, 3317 }, // U+00F5
    { 11, 15, 200, 1, 15, 21, 3338 }, // U+00F6
    { 10, 11, 187, 1, 13, 14, 3359 }, // U+00F7
    { 11, 11, 200, 1, 11, 16, 3373 }, // U+00F8
    { 10, 16, 198, 1, 16, 20, 3389 }, // U+00F9
    { 10, 16, 198, 1, 16, 20, 3409 }, // U+00FA
    { 10, 16, 198, 1, 16, 20, 3429 }, // U+00FB
    { 10, 15, 198, 1, 15, 19, 3449 }, // U+00FC
    { 13, 20, 193, 0, 16, 33, 3468 }, // U+00FD
    { 11, 18, 205, 1, 14, 25, 3501 }, // U+00FE
    { 13, 19, 193, 0, 15, 31, 3526 }, // U+00FF
    { 14, 18, 227, 0, 18, 32, 3557 }, // U+0100
    { 10, 14, 190, 1, 14, 18, 3589 }, // U+0101
    { 15, 19, 227, -1, 19, 36, 3607 }, // U+0102
    { 10, 15, 190, 1, 15, 19, 3643 }, // U+0103
    { 15, 18, 227, -1, 14, 34, 3662 }, // U+0104
    { 10, 15, 190, 1, 11, 19, 3696 }, // U+0105
    { 12, 19, 230, 1, 19, 29, 3715 }, // U+0106
    { 10, 16, 185, 1, 16, 20, 3744 }, // U+0107
    { 13, 21, 243, 1, 21, 35, 3764 }, // U+0108
    { 10, 17, 190, 1, 17, 22, 3799 }, // U+0109
    { 13, 18, 230, 1, 18, 30, 3821 }, // U+010A
    { 10, 15, 185, 1, 15, 19, 3851 }, // U+010B
    { 12, 19, 230, 1, 19, 29, 3870 }, // U+010C
    { 10, 15, 185, 1, 15, 19, 3899 }, // U+010D
    { 12, 19, 235, 2, 19, 29, 3918 }, // U+010E
    { 15, 14, 205, 1, 14, 27, 3947 }, // U+010F
    { 14, 14, 242, 1, 14, 25, 3974 }, // U+0110
    { 13, 14, 205, 1, 14, 23, 3999 }, // U+0111
    { 10, 18, 205, 2, 18, 23, 4022 }, // U+0112
    { 11, 14, 193, 1, 14, 20, 4045 }, // U+0113
    { 9, 21, 200, 2, 21, 24, 4065 }, // U+0114
    { 10, 17, 194, 1, 17, 22, 4089 }, // U+0115
    { 10, 18, 205, 2, 18, 23, 4111 }, // U+0116
    { 11, 15, 193, 1, 15, 21, 4134 }, // U+0117
    { 10, 18, 205, 2, 14, 23, 4155 }, // U+0118
    { 11, 15, 193, 1, 11, 21, 4178 }, // U+0119
    { 10, 19, 205, 2, 19, 24, 4199 }, // U+011A
    { 11, 16, 193, 1, 16, 22, 4223 }, // U+011B
    { 13, 21, 249, 1, 21, 35, 4245 }, // U+011C
    { 10, 21, 204, 1, 17, 27, 4280 }, // U+011D
    { 13, 14, 238, 1, 14, 23, 4307 }, // U+011E
    { 11, 15, 205, 1, 11, 21, 4330 }, // U+011F
    { 13, 18, 238, 1, 18, 30, 4351 }, // U+0120
    { 12, 19, 205, 1, 15, 29, 4381 }, // U+0121
    { 13, 19, 238, 1, 14, 31, 4410 }, // U+0122
    { 11, 21, 205, 1, 17, 29, 4441 }, // U+0123
    { 12, 21, 248, 2, 21, 32, 4470 }, // U+0124
    { 12, 21, 197, -1, 21, 32, 4502 }, // U+0125
    { 16, 14, 253, 0, 14, 28, 4534 }, // U+0126
    { 12, 14, 202, -1, 14, 21, 4562 }, // U+0127
    { 6, 20, 89, 0, 20, 15, 4583 }, // U+0128
    { 6, 17, 81, 0, 17, 13, 4598 }, // U+0129
    { 6, 18, 107, 1, 18, 14, 4611 }, // U+012A
    { 6, 14, 90, 0, 14, 11, 4625 }, // U+012B
    { 6, 21, 89, 0, 21, 16, 4636 }, // U+012C
    { 6, 17, 81, 0, 17, 13, 4652 }, // U+012D
    { 4, 18, 107, 1, 14, 9, 4665 }, // U+012E
    { 4, 19, 90, 1, 15, 10, 4674 }, // U+012F
    { 3, 18, 107, 2, 18, 7, 4684 }, // U+0130
    { 3, 11, 90, 2, 11, 5, 4691 }, // U+0131
    { 15, 14, 293, 2, 14, 27, 4696 }, // U+0132
    { 9, 19, 180, 1, 15, 22, 4723 }, // U+0133
    { 12, 21, 190, 1, 21, 32, 4745 }, // U+0134
    { 8, 21, 81, -1, 17, 21, 4777 }, // U+0135
    { 12, 19, 232, 2, 14, 29, 4798 }, // U+0136
    { 10, 19, 190, 1, 14, 24, 4827 }, // U+0137
    { 10, 12, 175, 2, 12, 15, 4851 }, // U+0138
    { 10, 19, 190, 2, 19, 24, 4866 }, // U+0139
    { 6, 19, 108, 2, 19, 15, 4890 }, // U+013A
    { 10, 19, 190, 2, 14, 24, 4905 }, // U+013B
    { 5, 19, 108, 2, 14, 12, 4929 }, // U+013C
    { 10, 14, 190, 2, 14, 18, 4941 }, // U+013D
    { 7, 14, 108, 2, 14, 13, 4959 }, // U+013E
    { 9, 16, 187, 2, 16, 18, 4972 }, // U+013F
    { 6, 16, 120, 2, 16, 12, 4990 }, // U+0140
    { 12, 14, 200, 1, 14, 21, 5002 }, // U+0141
    { 7, 14, 118, 0, 14, 13, 5023 }, // U+0142
    { 12, 19, 253, 2, 19, 29, 5036 }, // U+0143
    { 10, 15, 202, 1, 15, 19, 5065 }, // U+0144
    { 12, 19, 253, 2, 14, 29, 5084 }, // U+0145
    { 10, 16, 202, 1, 11, 20, 5113 }, // U+0146
    { 12, 19, 253, 2, 19, 29, 5133 }, // U+0147
    { 10, 15, 202, 1, 15, 19, 5162 }, // U+0148
    { 12, 18, 253, 2, 14, 27, 5181 }, // U+014A
    { 10, 15, 202, 1, 11, 19, 5208 }, // U+014B
    { 14, 18, 250, 1, 18, 32, 5227 }, // U+014C
    { 11, 14, 200, 1, 14, 20, 5259 }, // U+014D
    { 13, 21, 255, 1, 21, 35, 5279 }, // U+014E
    { 10, 17, 200, 1, 17, 22, 5314 }, // U+014F
    { 14, 18, 250, 1, 18, 32, 5336 }, // U+0150
    { 12, 15, 200, 1, 15, 23, 5368 }, // U+0151
    { 21, 14, 367, 1, 14, 37, 5391 }, // U+0152
    { 19, 11, 330, 1, 11, 27, 5428 }, // U+0153
    { 12, 19, 228, 2, 19, 29, 5455 }, // U+0154
    { 7, 15, 130, 1, 15, 14, 5484 }, // U+0155
    { 11, 19, 228, 2, 14, 27, 5498 }, // U+0156
    { 6, 16, 130, 1, 11, 12, 5525 }, // U+0157
    { 12, 19, 228, 2, 19, 29, 5537 }, // U+0158
    { 7, 15, 130, 0, 15, 14, 5566 }, // U+0159
    { 12, 19, 217, 0, 19, 29, 5580 }, // U+015A
    { 11, 15, 180, 0, 15, 21, 5609 }, // U+015B
    { 12, 21, 214, 1, 21, 32, 5630 }, // U+015C
    { 10, 17, 176, 0, 17, 22, 5662 }, // U+015D
    { 12, 18, 217, 0, 14, 27, 5684 }, // U+015E
    { 11, 15, 180, 0, 11, 21, 5711 }, // U+015F
    { 12, 19, 217, 0, 19, 29, 5732 }, // U+0160
    { 11, 15, 180, 0, 15, 21, 5761 }, // U+0161
    { 11, 20, 215, 1, 16, 28, 5782 }, // U+0162
    { 7, 19, 109, 0, 15, 17, 5810 }, // U+0163
    { 12, 19, 210, 1, 19, 29, 5827 }, // U+0164
    { 8, 16, 133, 1, 16, 16, 5856 }, // U+0165
    { 11, 16, 215, 1, 16, 22, 5872 }, // U+0166
    { 7, 15, 109, 0, 15, 14, 5894 }, // U+0167
    { 12, 21, 248, 2, 21, 32, 5908 }, // U+0168
    { 9, 17, 197, 2, 17, 20, 5940 }, // U+0169
    { 12, 18, 243, 2, 18, 27, 5960 }, // U+016A
    { 10, 14, 198, 1, 14, 18, 5987 }, // U+016B
    { 12, 14, 243, 2, 14, 21, 6005 }, // U+016C
    { 10, 15, 198, 1, 15, 19, 6026 }, // U+016D
    { 12, 20, 243, 2, 20, 30, 6045 }, // U+016E
    { 10, 17, 198, 1, 17, 22, 6075 }, // U+016F
    { 13, 18, 243, 2, 18, 30, 6097 }, // U+0170
    { 11, 15, 198, 1, 15, 21, 6127 }, // U+0171
    { 12, 18, 243, 2, 14, 27, 6148 }, // U+0172
    { 10, 15, 198, 1, 11, 19, 6175 }, // U+0173
    { 20, 19, 323, 0, 19, 48, 6194 }, // U+0174
    { 17, 15, 277, 0, 15, 32, 6242 }, // U+0175
    { 14, 18, 220, 0, 18, 32, 6274 }, // U+0176
    { 13, 20, 193, 0, 16, 33, 6306 }, // U+0177
    { 14, 18, 220, 0, 18, 32, 6339 }, // U+0178
    { 11, 19, 203, 1, 19, 27, 6371 }, // U+0179
    { 9, 15, 170, 1, 15, 17, 6398 }, // U+017A
    { 11, 18, 203, 1, 18, 25, 6415 }, // U+017B
    { 9, 15, 170, 1, 15, 17, 6440 }, // U+017C
    { 11, 19, 203, 1, 19, 27, 6457 }, // U+017D
    { 9, 15, 170, 1, 15, 17, 6484 }, // U+017E
    { 5, 17, 105, 2, 17, 11, 6501 }, // U+017F
    { 14, 18, 254, 1, 18, 32, 6512 }, // U+01A0
    { 11, 15, 199, 1, 15, 21, 6544 }, // U+01A1
    { 14, 19, 247, 2, 19, 34, 6565 }, // U+01AF
    { 11, 15, 206, 2, 15, 21, 6599 }, // U+01B0
    { 23, 17, 425, 2, 17, 49, 6620 }, // U+01C5
    { 22, 17, 388, 1, 17, 47, 6669 }, // U+01C6
    { 20, 16, 379, 2, 16, 40, 6716 }, // U+01C7
    { 14, 21, 269, 2, 17, 37, 6756 }, // U+01C8
    { 7, 21, 161, 2, 17, 19, 6793 }, // U+01C9
    { 24, 16, 441, 2, 16, 48, 6812 }, // U+01CA
    { 18, 21, 332, 2, 17, 48, 6860 }, // U+01CB
    { 15, 21, 278, 2, 17, 40, 6908 }, // U+01CC
    { 14, 21, 230, 0, 21, 37, 6948 }, // U+01CD
    { 9, 17, 187, 1, 17, 20, 6985 }, // U+01CE
    { 8, 21, 89, -1, 21, 21, 7005 }, // U+01CF
    { 8, 17, 81, -1, 17, 17, 7026 }, // U+01D0
    { 13, 21, 255, 1, 21, 35, 7043 }, // U+01D1
    { 10, 17, 200, 1, 17, 22, 7078 }, // U+01D2
    { 12, 21, 248, 2, 21, 32, 7100 }, // U+01D3
    { 9, 17, 197, 2, 17, 20, 7132 }, // U+01D4
    { 12, 23, 248, 2, 23, 35, 7152 }, // U+01D5
    { 9, 19, 197, 2, 19, 22, 7187 }, // U+01D6
    { 12, 24, 248, 2, 24, 36, 7209 }, // U+01D7
    { 9, 20, 197, 2, 20, 23, 7245 }, // U+01D8
    { 12, 24, 248, 2, 24, 36, 7268 }, // U+01D9
    { 9, 20, 197, 2, 20, 23, 7304 }, // U+01DA
    { 12, 24, 248, 2, 24, 36, 7327 }, // U+01DB
    { 9, 20, 197, 2, 20, 23, 7363 }, // U+01DC
    { 10, 12, 194, 1, 12, 15, 7386 }, // U+01DD
    { 14, 23, 230, 0, 23, 41, 7401 }, // U+01DE
    { 9, 19, 187, 1, 19, 22, 7442 }, // U+01DF
    { 14, 23, 230, 0, 23, 41, 7464 }, // U+01E0
    { 9, 19, 187, 1, 19, 22, 7505 }, // U+01E1
    { 19, 20, 331, 0, 20, 48, 7527 }, // U+01E2
    { 17, 16, 306, 1, 16, 34, 7575 }, // U+01E3
    { 14, 16, 249, 1, 16, 28, 7609 }, // U+01E4
    { 13, 16, 224, 1, 12, 26, 7637 }, // U+01E5
    { 13, 21, 249, 1, 21, 35, 7663 }, // U+01E6
    { 10, 21, 204, 1, 17, 27, 7698 }, // U+01E7
    { 12, 21, 224, 2, 21, 32, 7725 }, // U+01E8
    { 13, 20, 183, -1, 20, 33, 7757 }, // U+01E9
    { 13, 20, 255, 1, 16, 33, 7790 }, // U+01EA
    { 10, 16, 200, 1, 12, 20, 7823 }, // U+01EB
    { 13, 25, 255, 1, 21, 41, 7843 }, // U+01EC
    { 10, 20, 200, 1, 16, 25, 7884 }, // U+01ED
    { 12, 25, 228, 1, 21, 38, 7909 }, // U+01EE
    { 11, 21, 207, 1, 17, 29, 7947 }, // U+01EF
    { 8, 21, 81, -1, 17, 21, 7976 }, // U+01F0
    { 25, 16, 450, 2, 16, 50, 7997 }, // U+01F1
    { 23, 16, 425, 2, 16, 46, 8047 }, // U+01F2
    { 22, 16, 388, 1, 16, 44, 8093 }, // U+01F3
    { 13, 21, 249, 1, 21, 35, 8137 }, // U+01F4
    { 10, 21, 204, 1, 17, 27, 8172 }, // U+01F5
    { 20, 16, 373, 2, 16, 40, 8199 }, // U+01F6
    { 11, 20, 212, 1, 16, 28, 8239 }, // U+01F7
    { 12, 20, 251, 2, 20, 30, 8267 }, // U+01F8
    { 9, 16, 197, 2, 16, 18, 8297 }, // U+01F9
    { 14, 24, 230, 0, 24, 42, 8315 }, // U+01FA
    { 9, 21, 187, 1, 21, 24, 8357 }, // U+01FB
    { 19, 21, 331, 0, 21, 50, 8381 }, // U+01FC
    { 17, 17, 306, 1, 17, 37, 8431 }, // U+01FD
    { 13, 22, 255, 1, 21, 36, 8468 }, // U+01FE
    { 12, 18, 200, 0, 17, 27, 8504 }, // U+01FF
    { 14, 20, 230, 0, 20, 35, 8531 }, // U+0200
    { 9, 17, 187, 1, 17, 20, 8566 }, // U+0201
    { 14, 21, 230, 0, 21, 37, 8586 }, // U+0202
    { 9, 17, 187, 1, 17, 20, 8623 }, // U+0203
    { 9, 20, 200, 2, 20, 23, 8643 }, // U+0204
    { 10, 17, 194, 1, 17, 22, 8666 }, // U+0205
    { 9, 21, 200, 2, 21, 24, 8688 }, // U+0206
    { 10, 17, 194, 1, 17, 22, 8712 }, // U+0207
    { 8, 20, 89, -2, 20, 20, 8734 }, // U+0208
    { 8, 16, 81, -2, 16, 16, 8754 }, // U+0209
    { 7, 21, 89, 0, 21, 19, 8770 }, // U+020A
    { 7, 17, 81, 0, 17, 15, 8789 }, // U+020B
    { 13, 21, 255, 1, 21, 35, 8804 }, // U+020C
    { 10, 17, 200, 1, 17, 22, 8839 }, // U+020D
    { 13, 21, 255, 1, 21, 35, 8861 }, // U+020E
    { 10, 17, 200, 1, 17, 22, 8896 }, // U+020F
    { 11, 20, 214, 2, 20, 28, 8918 }, // U+0210
    { 8, 16, 125, 0, 16, 16, 8946 }, // U+0211
    { 11, 21, 214, 2, 21, 29, 8962 }, // U+0212
    { 7, 17, 125, 1, 17, 15, 8991 }, // U+0213
    { 12, 21, 248, 2, 21, 32, 9006 }, // U+0214
    { 10, 17, 197, 1, 17, 22, 9038 }, // U+0215
    { 12, 21, 248, 2, 21, 32, 9060 }, // U+0216
    { 9, 17, 197, 2, 17, 20, 9092 }, // U+0217
    { 12, 19, 217, 0, 14, 29, 9112 }, // U+0218
    { 10, 16, 180, 0, 11, 20, 9141 }, // U+0219
    { 12, 19, 210, 1, 14, 29, 9161 }, // U+021A
    { 7, 19, 133, 1, 14, 17, 9190 }, // U+021B
    { 10, 21, 211, 1, 16, 27, 9207 }, // U+021C
    { 8, 17, 181, 1, 12, 17, 9234 }, // U+021D
    { 12, 21, 248, 2, 21, 32, 9251 }, // U+021E
    { 12, 21, 197, -1, 21, 32, 9283 }, // U+021F
    { 6, 4, 0, 0, 16, 3, 9315 }, // U+0300
    { 6, 4, 0, 0, 16, 3, 9318 }, // U+0301
    { 8, 4, 0, 0, 16, 4, 9321 }, // U+0302
    { 8, 3, 0, 0, 15, 3, 9325 }, // U+0303
    { 6, 2, 0, 1, 15, 2, 9328 }, // U+0304
    { 7, 4, 0, 1, 15, 4, 9330 }, // U+0306
    { 3, 3, 0, 1, 15, 2, 9334 }, // U+0307
    { 7, 3, 0, 1, 15, 3, 9336 }, // U+0308
    { 4, 4, 0, 1, 17, 2, 9339 }, // U+0309
    { 5, 5, 0, 1, 17, 4, 9341 }, // U+030A
    { 10, 3, 0, 1, 15, 4, 9345 }, // U+030B
    { 8, 4, 0, 0, 16, 4, 9349 }, // U+030C
    { 8, 3, 0, 1, 16, 3, 9353 }, // U+030F
    { 3, 4, 0, -1, 16, 2, 9356 }, // U+0312
    { 3, 7, 0, 4, 11, 3, 9358 }, // U+0313
    { 3, 7, 0, 4, 11, 3, 9361 }, // U+0315
    { 4, 5, 0, -4, 15, 3, 9364 }, // U+031B
    { 3, 3, 81, 1, -1, 2, 9367 }, // U+0323
    { 3, 4, 0, 1, -1, 2, 9369 }, // U+0326
    { 4, 5, 0, 0, 1, 3, 9371 }, // U+0327
    { 4, 6, 0, 1, 1, 3, 9374 }, // U+0328
    { 7, 3, 0, 1, -2, 3, 9377 }, // U+032C
    { 9, 15, 0, -11, 14, 17, 9380 }, // U+0337
    { 12, 17, 0, -12, 16, 26, 9397 }, // U+0338
    { 6, 3, 0, -8, 16, 3, 9423 }, // U+0342
    { 4, 4, 0, 0, 14, 2, 9426 }, // U+0343
    { 7, 5, 0, -9, 18, 5, 9428 }, // U+0346
    { 6, 5, 0, -9, -2, 4, 9433 }, // U+0347
    { 5, 4, 0, -7, -1, 3, 9437 }, // U+0348
    { 5, 5, 0, -8, -1, 4, 9440 }, // U+0349
    { 8, 5, 0, -10, 17, 5, 9444 }, // U+034A
    { 8, 8, 0, -10, 20, 8, 9449 }, // U+034B
    { 8, 5, 0, -9, 18, 5, 9457 }, // U+034C
    { 9, 6, 0, -10, -1, 7, 9462 }, // U+034D
    { 6, 5, 0, -9, -1, 4, 9469 }, // U+034E
    { 0, 0, 0, 0, 0, 0, 9473 }, // U+034F
    { 8, 9, 0, -9, 22, 9, 9473 }, // U+0350
    { 2, 4, 0, -6, 16, 1, 9482 }, // U+0351
    { 6, 6, 0, -9, 18, 5, 9483 }, // U+0352
    { 6, 6, 0, -8, 0, 5, 9488 }, // U+0353
    { 5, 6, 0, -8, 0, 4, 9493 }, // U+0354
    { 5, 6, 0, -7, 0, 4, 9497 }, // U+0355
    { 11, 6, 0, -9, 0, 9, 9501 }, // U+0356
    { 4, 6, 0, 0, 19, 3, 9510 }, // U+0357
    { 3, 3, 0, 1, 17, 2, 9513 }, // U+0358
    { 5, 5, 0, -8, -1, 4, 9515 }, // U+0359
    { 7, 4, 0, -10, -1, 4, 9519 }, // U+035A
    { 5, 6, 0, -8, 18, 4, 9523 }, // U+035B
    { 16, 3, 0, -8, -1, 6, 9527 }, // U+035C
    { 16, 3, 0, -8, 16, 6, 9533 }, // U+035D
    { 12, 2, 0, -12, 16, 3, 9539 }, // U+035E
    { 12, 2, 0, -12, -2, 3, 9542 }, // U+035F
    { 20, 4, 0, -10, 16, 10, 9545 }, // U+0360
    { 16, 4, 0, -8, 16, 8, 9555 }, // U+0361
    { 17, 6, 0, -8, 0, 13, 9563 }, // U+0362
    { 6, 6, 0, -8, 19, 5, 9576 }, // U+0363
    { 5, 6, 0, -8, 19, 4, 9581 }, // U+0364
    { 2, 8, 0, -6, 21, 2, 9585 }, // U+0365
    { 6, 6, 0, -8, 19, 5, 9587 }, // U+0366
    { 5, 6, 0, -8, 19, 4, 9592 }, // U+0367
    { 5, 6, 0, -8, 19, 4, 9596 }, // U+0368
    { 6, 8, 0, -8, 21, 6, 9600 }, // U+0369
    { 5, 8, 0, -8, 21, 5, 9606 }, // U+036A
    { 9, 6, 0, -10, 19, 7, 9611 }, // U+036B
    { 4, 6, 0, -7, 19, 3, 9618 }, // U+036C
    { 4, 8, 0, 0, 21, 4, 9621 }, // U+036D
    { 6, 6, 0, -9, 19, 5, 9625 }, // U+036E
    { 6, 6, 0, -8, 19, 5, 9630 }, // U+036F
    { 9, 20, 200, 2, 20, 23, 9635 }, // U+0400
    { 10, 18, 205, 2, 18, 23, 9658 }, // U+0401
    { 16, 14, 275, 1, 14, 28, 9681 }, // U+0402
    { 10, 19, 187, 2, 19, 24, 9709 }, // U+0403
    { 13, 14, 230, 1, 14, 23, 9733 }, // U+0404
    { 12, 14, 217, 0, 14, 21, 9756 }, // U+0405
    { 3, 14, 107, 2, 14, 6, 9777 }, // U+0406
    { 8, 18, 107, 0, 18, 18, 9783 }, // U+0407
    { 10, 14, 187, 1, 14, 18, 9801 }, // U+0408
    { 22, 14, 353, 0, 14, 39, 9819 }, // U+0409
    { 20, 14, 367, 2, 14, 35, 9858 }, // U+040A
    { 16, 14, 280, 1, 14, 28, 9893 }, // U+040B
    { 13, 19, 235, 2, 19, 31, 9921 }, // U+040C
    { 12, 20, 251, 2, 20, 30, 9952 }, // U+040D
    { 15, 19, 227, -1, 19, 36, 9982 }, // U+040E
    { 12, 17, 247, 2, 14, 26, 10018 }, // U+040F
    { 14, 14, 227, 0, 14, 25, 10044 }, // U+0410
    { 12, 14, 223, 2, 14, 21, 10069 }, // U+0411
    { 12, 14, 225, 2, 14, 21, 10090 }, // U+0412
    { 10, 14, 187, 2, 14, 18, 10111 }, // U+0413
    { 15, 18, 247, 1, 14, 34, 10129 }, // U+0414
    { 10, 14, 205, 2, 14, 18, 10163 }, // U+0415
    { 20, 14, 327, 0, 14, 35, 10181 }, // U+0416
    { 12, 14, 217, 0, 14, 21, 10216 }, // U+0417
    { 12, 14, 253, 2, 14, 21, 10237 }, // U+0418
    { 12, 19, 253, 2, 19, 29, 10258 }, // U+0419
    { 13, 14, 235, 2, 14, 23, 10287 }, // U+041A
    { 14, 14, 240, 0, 14, 25, 10310 }, // U+041B
    { 15, 14, 290, 2, 14, 27, 10335 }, // U+041C
    { 12, 14, 253, 2, 14, 21, 10362 }, // U+041D
    { 14, 14, 250, 1, 14, 25, 10383 }, // U+041E
    { 12, 14, 250, 2, 14, 21, 10408 }, // U+041F
    { 11, 14, 220, 2, 14, 20, 10429 }, // U+0420
    { 12, 14, 230, 1, 14, 21, 10449 }, // U+0421
    { 12, 14, 210, 1, 14, 21, 10470 }, // U+0422
    { 15, 14, 227, -1, 14, 27, 10491 }, // U+0423
    { 16, 15, 293, 1, 14, 30, 10518 }, // U+0424
    { 14, 14, 227, 0, 14, 25, 10548 }, // U+0425
    { 14, 17, 257, 2, 14, 30, 10573 }, // U+0426
    { 11, 14, 225, 1, 14, 20, 10603 }, // U+0427
    { 17, 14, 327, 2, 14, 30, 10623 }, // U+0428
    { 19, 17, 337, 2, 14, 41, 10653 }, // U+0429
    { 14, 14, 247, 1, 14, 25, 10694 }, // U+042A
    { 15, 14, 300, 2, 14, 27, 10719 }, // U+042B
    { 11, 14, 220, 2, 14, 20, 10746 }, // U+042C
    { 13, 14, 230, 1, 14, 23, 10766 }, // U+042D
    { 17, 14, 318, 2, 14, 30, 10789 }, // U+042E
    { 12, 14, 227, 0, 14, 21, 10819 }, // U+042F
    { 10, 11, 190, 1, 11, 14, 10840 }, // U+0430
    { 11, 15, 198, 1, 15, 21, 10854 }, // U+0431
    { 10, 11, 190, 1, 11, 14, 10875 }, // U+0432
    { 8, 11, 153, 1, 11, 11, 10889 }, // U+0433
    { 12, 14, 205, 1, 11, 21, 10900 }, // U+0434
    { 11, 11, 193, 1, 11, 16, 10921 }, // U+0435
    { 17, 11, 270, 0, 11, 24, 10937 }, // U+0436
    { 10, 11, 178, 1, 11, 14, 10961 }, // U+0437
    { 10, 11, 203, 1, 11, 14, 10975 }, // U+0438
    { 10, 15, 203, 1, 15, 19, 10989 }, // U+0439
    { 11, 11, 193, 1, 11, 16, 11008 }, // U+043A
    { 11, 11, 197, 1, 11, 16, 11024 }, // U+043B
    { 12, 11, 240, 1, 11, 17, 11040 }, // U+043C
    { 10, 11, 203, 1, 11, 14, 11057 }, // U+043D
    { 11, 11, 200, 1, 11, 16, 11071 }, // U+043E
    { 10, 11, 200, 1, 11, 14, 11087 }, // U+043F
    { 11, 15, 205, 1, 11, 21, 11101 }, // U+0440
    { 10, 11, 185, 1, 11, 14, 11122 }, // U+0441
    { 10, 11, 167, 1, 11, 14, 11136 }, // U+0442
    { 13, 15, 193, 0, 11, 25, 11150 }, // U+0443
    { 14, 18, 250, 1, 14, 32, 11175 }, // U+0444
    { 12, 11, 187, 0, 11, 17, 11207 }, // U+0445
    { 11, 14, 208, 1, 11, 20, 11224 }, // U+0446
    { 10, 11, 187, 1, 11, 14, 11244 }, // U+0447
    { 15, 11, 273, 1, 11, 21, 11258 }, // U+0448
    { 16, 14, 285, 1, 11, 28, 11279 }, // U+0449
    { 12, 11, 203, 0, 11, 17, 11307 }, // U+044A
    { 13, 11, 247, 1, 11, 18, 11324 }, // U+044B
    { 9, 11, 180, 2, 11, 13, 11342 }, // U+044C
    { 10, 11, 185, 0, 11, 14, 11355 }, // U+044D
    { 14, 11, 258, 1, 11, 20, 11369 }, // U+044E
    { 11, 11, 192, 0, 11, 16, 11389 }, // U+044F
    { 10, 17, 194, 1, 17, 22, 11405 }, // U+0450
    { 11, 14, 193, 1, 14, 20, 11427 }, // U+0451
    { 12, 18, 208, 1, 14, 27, 11447 }, // U+0452
    { 8, 15, 153, 1, 15, 15, 11474 }, // U+0453
    { 10, 11, 185, 1, 11, 14, 11489 }, // U+0454
    { 11, 11, 180, 0, 11, 16, 11503 }, // U+0455
    { 3, 14, 90, 1, 14, 6, 11519 }, // U+0456
    { 7, 14, 90, -1, 14, 13, 11525 }, // U+0457
    { 5, 18, 90, -1, 14, 12, 11538 }, // U+0458
    { 17, 11, 283, 1, 11, 24, 11550 }, // U+0459
    { 17, 11, 293, 1, 11, 24, 11574 }, // U+045A
    { 12, 14, 208, 1, 14, 21, 11598 }, // U+045B
    { 11, 15, 193, 1, 15, 21, 11619 }, // U+045C
    { 9, 16, 197, 2, 16, 18, 11640 }, // U+045D
    { 13, 19, 193, 0, 15, 31, 11658 }, // U+045E
    { 10, 14, 197, 1, 11, 18, 11689 }, // U+045F
    { 16, 16, 299, 2, 16, 32, 11707 }, // U+0460
    { 14, 12, 269, 2, 12, 21, 11739 }, // U+0461
    { 14, 16, 229, 0, 16, 28, 11760 }, // U+0462
    { 12, 16, 205, 0, 16, 24, 11788 }, // U+0463
    { 18, 16, 319, 2, 16, 36, 11812 }, // U+0464
    { 14, 12, 261, 2, 12, 21, 11848 }, // U+0465
    { 14, 16, 230, 0, 16, 28, 11869 }, // U+0466
    { 12, 12, 190, 0, 12, 18, 11897 }, // U+0467
    { 18, 16, 312, 2, 16, 36, 11915 }, // U+0468
    { 15, 12, 259, 2, 12, 23, 11951 }, // U+0469
    { 15, 16, 284, 2, 16, 30, 11974 }, // U+046A
    { 13, 12, 231, 1, 12, 20, 12004 }, // U+046B
    { 20, 16, 382, 2, 16, 40, 12024 }, // U+046C
    { 17, 12, 319, 2, 12, 26, 12064 }, // U+046D
    { 8, 26, 181, 1, 21, 26, 12090 }, // U+046E
    { 8, 21, 174, 1, 17, 21, 12116 }, // U+046F
    { 15, 16, 293, 2, 16, 30, 12137 }, // U+0470
    { 13, 19, 259, 2, 15, 31, 12167 }, // U+0471
    { 13, 16, 255, 1, 16, 26, 12198 }, // U+0472
    { 10, 12, 200, 1, 12, 15, 12224 }, // U+0473
    { 14, 16, 235, 0, 16, 28, 12239 }, // U+0474
    { 12, 12, 198, 0, 12, 18, 12267 }, // U+0475
    { 14, 20, 235, 0, 20, 35, 12285 }, // U+0476
    { 12, 16, 198, 0, 16, 24, 12320 }, // U+0477
    { 26, 20, 442, 1, 16, 65, 12344 }, // U+0478
    { 22, 16, 381, 1, 12, 44, 12409 }, // U+0479
    { 12, 16, 237, 1, 16, 24, 12453 }, // U+0480
    { 10, 16, 188, 1, 12, 20, 12477 }, // U+0481
    { 11, 14, 211, 1, 14, 20, 12497 }, // U+0482
    { 7, 5, 0, -9, 17, 5, 12517 }, // U+0483
    { 8, 3, 0, -10, 17, 3, 12522 }, // U+0484
    { 3, 4, 0, -7, 17, 2, 12525 }, // U+0485
    { 3, 4, 0, -6, 17, 2, 12527 }, // U+0486
    { 9, 3, 0, -10, 17, 4, 12529 }, // U+0487
    { 20, 19, 0, -15, 16, 48, 12533 }, // U+0488
    { 19, 20, 0, -15, 16, 48, 12581 }, // U+0489
    { 14, 25, 251, 2, 21, 44, 12629 }, // U+048A
    { 11, 21, 197, 2, 17, 29, 12673 }, // U+048B
    { 14, 16, 229, 0, 16, 28, 12702 }, // U+048C
    { 12, 15, 205, 0, 15, 23, 12730 }, // U+048D
    { 10, 16, 212, 2, 16, 20, 12753 }, // U+048E
    { 10, 16, 203, 2, 12, 20, 12773 }, // U+048F
    { 10, 17, 187, 2, 17, 22, 12793 }, // U+0490
    { 8, 14, 153, 1, 14, 14, 12815 }, // U+0491
    { 11, 14, 190, 1, 14, 20, 12829 }, // U+0492
    { 10, 11, 165, 1, 11, 14, 12849 }, // U+0493
    { 11, 18, 215, 2, 14, 25, 12863 }, // U+0494
    { 10, 15, 187, 1, 11, 19, 12888 }, // U+0495
    { 21, 17, 333, 0, 14, 45, 12907 }, // U+0496
    { 17, 13, 275, 0, 11, 28, 12952 }, // U+0497
    { 12, 17, 217, 0, 14, 26, 12980 }, // U+0498
    { 10, 14, 178, 1, 11, 18, 13006 }, // U+0499
    { 13, 17, 243, 2, 14, 28, 13024 }, // U+049A
    { 11, 13, 196, 1, 11, 18, 13052 }, // U+049B
    { 14, 14, 247, 2, 14, 25, 13070 }, // U+049C
    { 12, 11, 208, 1, 11, 17, 13095 }, // U+049D
    { 16, 14, 266, 1, 14, 28, 13112 }, // U+04A0
    { 14, 11, 219, 0, 11, 20, 13140 }, // U+04A1
    { 14, 17, 260, 2, 14, 30, 13160 }, // U+04A2
    { 12, 13, 211, 1, 11, 20, 13190 }, // U+04A3
    { 19, 14, 339, 2, 14, 34, 13210 }, // U+04A4
    { 15, 11, 273, 1, 11, 21, 13244 }, // U+04A5
    { 20, 17, 369, 2, 16, 43, 13265 }, // U+04A6
    { 17, 16, 307, 2, 12, 34, 13308 }, // U+04A7
    { 19, 16, 328, 1, 16, 38, 13342 }, // U+04A8
    { 16, 12, 259, 1, 12, 24, 13380 }, // U+04A9
    { 13, 17, 230, 1, 14, 28, 13404 }, // U+04AA
    { 11, 13, 185, 1, 11, 18, 13432 }, // U+04AB
    { 11, 20, 215, 1, 16, 28, 13450 }, // U+04AC
    { 9, 16, 155, 1, 12, 18, 13478 }, // U+04AD
    { 14, 14, 220, 0, 14, 25, 13496 }, // U+04AE
    { 12, 16, 191, 0, 11, 24, 13521 }, // U+04AF
    { 14, 14, 211, 0, 14, 25, 13545 }, // U+04B0
    { 12, 16, 186, 0, 11, 24, 13570 }, // U+04B1
    { 15, 17, 234, 0, 14, 32, 13594 }, // U+04B2
    { 13, 13, 193, -1, 11, 22, 13626 }, // U+04B3
    { 18, 20, 305, 1, 16, 45, 13648 }, // U+04B4
    { 14, 16, 220, 0, 12, 28, 13693 }, // U+04B5
    { 13, 17, 234, 1, 14, 28, 13721 }, // U+04B6
    { 11, 13, 197, 1, 11, 18, 13749 }, // U+04B7
    { 11, 14, 223, 1, 14, 20, 13767 }, // U+04B8
    { 10, 11, 194, 1, 11, 14, 13787 }, // U+04B9
    { 11, 14, 220, 2, 14, 20, 13801 }, // U+04BA
    { 10, 14, 202, 1, 14, 18, 13821 }, // U+04BB
    { 16, 16, 280, 1, 16, 32, 13839 }, // U+04BC
    { 14, 12, 238, 1, 12, 21, 13871 }, // U+04BD
    { 16, 19, 280, 1, 16, 38, 13892 }, // U+04BE
    { 14, 16, 238, 1, 12, 28, 13930 }, // U+04BF
    { 3, 14, 107, 2, 14, 6, 13958 }, // U+04C0
    { 20, 21, 320, 0, 21, 53, 13964 }, // U+04C1
    { 16, 17, 270, 0, 17, 34, 14017 }, // U+04C2
    { 12, 18, 223, 2, 14, 27, 14051 }, // U+04C3
    { 10, 15, 186, 1, 11, 19, 14078 }, // U+04C4
    { 15, 20, 249, 1, 16, 38, 14097 }, // U+04C5
    { 13, 16, 192, 0, 12, 26, 14135 }, // U+04C6
    { 12, 18, 253, 2, 14, 27, 14161 }, // U+04C7
    { 10, 15, 203, 1, 11, 19, 14188 }, // U+04C8
    { 14, 20, 248, 2, 16, 35, 14207 }, // U+04C9
    { 11, 16, 196, 2, 12, 22, 14242 }, // U+04CA
    { 11, 17, 225, 1, 14, 24, 14264 }, // U+04CB
    { 10, 13, 187, 1, 11, 17, 14288 }, // U+04CC
    { 17, 20, 301, 2, 16, 43, 14305 }, // U+04CD
    { 15, 16, 257, 2, 12, 30, 14348 }, // U+04CE
    { 3, 14, 87, 2, 14, 6, 14378 }, // U+04CF
    { 15, 19, 227, -1, 19, 36, 14384 }, // U+04D0
    { 10, 15, 190, 1, 15, 19, 14420 }, // U+04D1
    { 14, 18, 227, 0, 18, 32, 14439 }, // U+04D2
    { 10, 14, 190, 1, 14, 18, 14471 }, // U+04D3
    { 20, 14, 325, -1, 14, 35, 14489 }, // U+04D4
    { 18, 11, 312, 1, 11, 25, 14524 }, // U+04D5
    { 10, 19, 205, 2, 19, 24, 14549 }, // U+04D6
    { 11, 15, 193, 1, 15, 21, 14573 }, // U+04D7
    { 13, 14, 238, 1, 14, 23, 14594 }, // U+04D8
    { 11, 11, 194, 1, 11, 16, 14617 }, // U+04D9
    { 13, 18, 238, 1, 18, 30, 14633 }, // U+04DA
    { 11, 14, 194, 1, 14, 20, 14663 }, // U+04DB
    { 20, 18, 327, 0, 18, 45, 14683 }, // U+04DC
    { 17, 14, 270, 0, 14, 30, 14728 }, // U+04DD
    { 12, 18, 217, 1, 18, 27, 14758 }, // U+04DE
    { 11, 14, 178, 0, 14, 20, 14785 }, // U+04DF
    { 11, 16, 207, 1, 16, 22, 14805 }, // U+04E0
    { 11, 16, 207, 1, 12, 22, 14827 }, // U+04E1
    { 12, 18, 253, 2, 18, 27, 14849 }, // U+04E2
    { 10, 14, 203, 1, 14, 18, 14876 }, // U+04E3
    { 12, 18, 253, 2, 18, 27, 14894 }, // U+04E4
    { 10, 14, 203, 1, 14, 18, 14921 }, // U+04E5
    { 14, 18, 250, 1, 18, 32, 14939 }, // U+04E6
    { 11, 14, 200, 1, 14, 20, 14971 }, // U+04E7
    { 13, 14, 252, 1, 14, 23, 14991 }, // U+04E8
    { 11, 11, 202, 1, 11, 16, 15014 }, // U+04E9
    { 13, 18, 252, 1, 18, 30, 15030 }, // U+04EA
    { 11, 14, 202, 1, 14, 20, 15060 }, // U+04EB
    { 13, 21, 243, 1, 21, 35, 15080 }, // U+04EC
    { 11, 16, 190, 0, 16, 22, 15115 }, // U+04ED
    { 14, 18, 227, 0, 18, 32, 15137 }, // U+04EE
    { 12, 18, 193, 0, 14, 27, 15169 }, // U+04EF
    { 15, 18, 227, -1, 18, 34, 15196 }, // U+04F0
    { 13, 18, 193, 0, 14, 30, 15230 }, // U+04F1
    { 15, 18, 227, -1, 18, 34, 15260 }, // U+04F2
    { 13, 19, 193, 0, 15, 31, 15294 }, // U+04F3
    { 11, 18, 225, 1, 18, 25, 15325 }, // U+04F4
    { 10, 14, 187, 1, 14, 18, 15350 }, // U+04F5
    { 9, 20, 193, 2, 16, 23, 15368 }, // U+04F6
    { 7, 16, 145, 2, 12, 14, 15391 }, // U+04F7
    { 15, 18, 300, 2, 18, 34, 15405 }, // U+04F8
    { 13, 14, 247, 1, 14, 23, 15439 }, // U+04F9
    { 11, 20, 197, 1, 16, 28, 15462 }, // U+04FA
    { 9, 16, 145, 0, 12, 18, 15490 }, // U+04FB
    { 15, 20, 234, 0, 16, 38, 15508 }, // U+04FC
    { 11, 16, 174, 0, 12, 22, 15546 }, // U+04FD
    { 15, 16, 227, 0, 16, 30, 15568 }, // U+04FE
    { 11, 12, 182, 0, 12, 17, 15598 }, // U+04FF
    { 14, 20, 230, 0, 16, 35, 15615 }, // U+1EA0
    { 9, 16, 187, 1, 12, 18, 15650 }, // U+1EA1
    { 14, 21, 230, 0, 21, 37, 15668 }, // U+1EA2
    { 9, 17, 187, 1, 17, 20, 15705 }, // U+1EA3
    { 14, 24, 230, 0, 24, 42, 15725 }, // U+1EA4
    { 10, 20, 187, 1, 20, 25, 15767 }, // U+1EA5
    { 14, 24, 230, 0, 24, 42, 15792 }, // U+1EA6
    { 9, 20, 187, 1, 20, 23, 15834 }, // U+1EA7
    { 14, 24, 230, 0, 24, 42, 15857 }, // U+1EA8
    { 9, 21, 187, 1, 21, 24, 15899 }, // U+1EA9
    { 14, 24, 230, 0, 24, 42, 15923 }, // U+1EAA
    { 9, 20, 187, 1, 20, 23, 15965 }, // U+1EAB
    { 14, 25, 230, 0, 21, 44, 15988 }, // U+1EAC
    { 9, 21, 187, 1, 17, 24, 16032 }, // U+1EAD
    { 14, 24, 230, 0, 24, 42, 16056 }, // U+1EAE
    { 9, 21, 187, 1, 21, 24, 16098 }, // U+1EAF
    { 14, 24, 230, 0, 24, 42, 16122 }, // U+1EB0
    { 9, 21, 187, 1, 21, 24, 16164 }, // U+1EB1
    { 14, 24, 230, 0, 24, 42, 16188 }, // U+1EB2
    { 9, 21, 187, 1, 21, 24, 16230 }, // U+1EB3
    { 14, 24, 230, 0, 24, 42, 16254 }, // U+1EB4
    { 9, 20, 187, 1, 20, 23, 16296 }, // U+1EB5
    { 14, 25, 230, 0, 21, 44, 16319 }, // U+1EB6
    { 9, 21, 187, 1, 17, 24, 16363 }, // U+1EB7
    { 9, 20, 200, 2, 16, 23, 16387 }, // U+1EB8
    { 10, 16, 194, 1, 12, 20, 16410 }, // U+1EB9
    { 9, 21, 200, 2, 21, 24, 16430 }, // U+1EBA
    { 10, 17, 194, 1, 17, 22, 16454 }, // U+1EBB
    { 9, 20, 200, 2, 20, 23, 16476 }, // U+1EBC
    { 10, 17, 194, 1, 17, 22, 16499 }, // U+1EBD
    { 10, 24, 200, 2, 24, 30, 16521 }, // U+1EBE
    { 10, 20, 194, 1, 20, 25, 16551 }, // U+1EBF
    { 9, 24, 200, 2, 24, 27, 16576 }, // U+1EC0
    { 10, 20, 194, 1, 20, 25, 16603 }, // U+1EC1
    { 9, 24, 200, 2, 24, 27, 16628 }, // U+1EC2
    { 10, 21, 194, 1, 21, 27, 16655 }, // U+1EC3
    { 9, 24, 200, 2, 24, 27, 16682 }, // U+1EC4
    { 10, 20, 194, 1, 20, 25, 16709 }, // U+1EC5
    { 9, 25, 200, 2, 21, 29, 16734 }, // U+1EC6
    { 10, 21, 194, 1, 17, 27, 16763 }, // U+1EC7
    { 4, 21, 89, 1, 21, 11, 16790 }, // U+1EC8
    { 4, 17, 81, 1, 17, 9, 16801 }, // U+1EC9
    { 3, 20, 89, 2, 16, 8, 16810 }, // U+1ECA
    { 3, 21, 81, 1, 17, 8, 16818 }, // U+1ECB
    { 13, 20, 255, 1, 16, 33, 16826 }, // U+1ECC
    { 10, 16, 200, 1, 12, 20, 16859 }, // U+1ECD
    { 13, 21, 255, 1, 21, 35, 16879 }, // U+1ECE
    { 10, 17, 200, 1, 17, 22, 16914 }, // U+1ECF
    { 13, 24, 255, 1, 24, 39, 16936 }, // U+1ED0
    { 10, 20, 200, 1, 20, 25, 16975 }, // U+1ED1
    { 13, 24, 255, 1, 24, 39, 17000 }, // U+1ED2
    { 10, 20, 200, 1, 20, 25, 17039 }, // U+1ED3
    { 13, 25, 255, 1, 25, 41, 17064 }, // U+1ED4
    { 10, 21, 200, 1, 21, 27, 17105 }, // U+1ED5
    { 13, 24, 255, 1, 24, 39, 17132 }, // U+1ED6
    { 10, 20, 200, 1, 20, 25, 17171 }, // U+1ED7
    { 13, 25, 255, 1, 21, 41, 17196 }, // U+1ED8
    { 10, 21, 200, 1, 17, 27, 17237 }, // U+1ED9
    { 14, 21, 254, 1, 21, 37, 17264 }, // U+1EDA
    { 11, 17, 199, 1, 17, 24, 17301 }, // U+1EDB
    { 14, 21, 254, 1, 21, 37, 17325 }, // U+1EDC
    { 11, 17, 199, 1, 17, 24, 17362 }, // U+1EDD
    { 14, 21, 254, 1, 21, 37, 17386 }, // U+1EDE
    { 11, 17, 199, 1, 17, 24, 17423 }, // U+1EDF
    { 14, 21, 254, 1, 21, 37, 17447 }, // U+1EE0
    { 11, 17, 199, 1, 17, 24, 17484 }, // U+1EE1
    { 14, 23, 254, 1, 19, 41, 17508 }, // U+1EE2
    { 11, 19, 199, 1, 15, 27, 17549 }, // U+1EE3
    { 12, 20, 248, 2, 16, 30, 17576 }, // U+1EE4
    { 9, 16, 197, 2, 12, 18, 17606 }, // U+1EE5
    { 12, 21, 248, 2, 21, 32, 17624 }, // U+1EE6
    { 9, 17, 197, 2, 17, 20, 17656 }, // U+1EE7
    { 14, 21, 247, 2, 21, 37, 17676 }, // U+1EE8
    { 11, 17, 206, 2, 17, 24, 17713 }, // U+1EE9
    { 14, 21, 247, 2, 21, 37, 17737 }, // U+1EEA
    { 11, 17, 206, 2, 17, 24, 17774 }, // U+1EEB
    { 14, 21, 247, 2, 21, 37, 17798 }, // U+1EEC
    { 11, 17, 206, 2, 17, 24, 17835 }, // U+1EED
    { 14, 21, 247, 2, 21, 37, 17859 }, // U+1EEE
    { 11, 17, 206, 2, 17, 24, 17896 }, // U+1EEF
    { 14, 23, 247, 2, 19, 41, 17920 }, // U+1EF0
    { 11, 19, 206, 2, 15, 27, 17961 }, // U+1EF1
    { 14, 19, 220, 0, 19, 34, 17988 }, // U+1EF2
    { 13, 20, 193, 0, 16, 33, 18022 }, // U+1EF3
    { 15, 20, 226, 0, 16, 38, 18055 }, // U+1EF4
    { 11, 16, 187, 0, 12, 22, 18093 }, // U+1EF5
    { 14, 21, 226, 0, 21, 37, 18115 }, // U+1EF6
    { 11, 21, 187, 0, 17, 29, 18152 }, // U+1EF7
    { 14, 20, 226, 0, 20, 35, 18181 }, // U+1EF8
    { 12, 21, 187, 0, 17, 32, 18216 }, // U+1EF9
    { 0, 0, 182, 0, 0, 0, 18248 }, // U+2000
    { 0, 0, 364, 0, 0, 0, 18248 }, // U+2001
    { 0, 0, 167, 0, 0, 0, 18248 }, // U+2002
    { 0, 0, 333, 0, 0, 0, 18248 }, // U+2003
    { 0, 0, 111, 0, 0, 0, 18248 }, // U+2004
    { 0, 0, 83, 0, 0, 0, 18248 }, // U+2005
    { 0, 0, 55, 0, 0, 0, 18248 }, // U+2006
    { 0, 0, 216, 0, 0, 0, 18248 }, // U+2007
    { 0, 0, 96, 0, 0, 0, 18248 }, // U+2008
    { 0, 0, 51, 0, 0, 0, 18248 }, // U+2009
    { 0, 0, 30, 0, 0, 0, 18248 }, // U+200A
    { 0, 0, 0, 0, 0, 0, 18248 }, // U+200B
    { 0, 0, 0, 0, 0, 0, 18248 }, // U+200C
    { 0, 0, 0, 0, 0, 0, 18248 }, // U+200D
    { 0, 0, 0, 0, 0, 0, 18248 }, // U+200E
    { 0, 0, 0, 0, 0, 0, 18248 }, // U+200F
    { 6, 2, 127, 1, 7, 2, 18248 }, // U+2010
    { 6, 2, 127, 1, 7, 2, 18250 }, // U+2011
    { 10, 2, 197, 1, 8, 3, 18252 }, // U+2012
    { 10, 2, 177, 1, 7, 3, 18255 }, // U+2013
    { 14, 2, 243, 1, 7, 4, 18258 }, // U+2014
    { 21, 2, 333, 0, 8, 6, 18262 }, // U+2015
    { 5, 26, 160, 3, 21, 17, 18268 }, // U+2016
    { 9, 5, 151, 0, 1, 6, 18285 }, // U+2017
    { 4, 6, 103, 2, 14, 3, 18291 }, // U+2018
    { 4, 6, 103, 1, 14, 3, 18294 }, // U+2019
    { 4, 6, 103, 1, 3, 3, 18297 }, // U+201A
    { 4, 6, 87, 0, 16, 3, 18300 }, // U+201B
    { 8, 6, 173, 2, 14, 6, 18303 }, // U+201C
    { 8, 6, 173, 1, 14, 6, 18309 }, // U+201D
    { 8, 6, 173, 1, 3, 6, 18315 }, // U+201E
    { 8, 6, 147, 0, 16, 6, 18321 }, // U+201F
    { 10, 18, 183, 1, 14, 23, 18327 }, // U+2020
    { 10, 18, 183, 1, 14, 23, 18350 }, // U+2021
    { 5, 5, 133, 1, 8, 4, 18373 }, // U+2022
    { 6, 8, 187, 4, 10, 6, 18377 }, // U+2023
    { 3, 3, 96, 2, 3, 2, 18383 }, // U+2024
    { 9, 3, 192, 2, 3, 4, 18385 }, // U+2025
    { 17, 3, 323, 2, 3, 7, 18389 }, // U+2026
    { 3, 3, 96, 2, 9, 2, 18396 }, // U+2027
    { 0, 0, 0, 0, 0, 0, 18398 }, // U+202A
    { 0, 0, 0, 0, 0, 0, 18398 }, // U+202B
    { 0, 0, 0, 0, 0, 0, 18398 }, // U+202C
    { 0, 0, 0, 0, 0, 0, 18398 }, // U+202D
    { 0, 0, 0, 0, 0, 0, 18398 }, // U+202E
    { 0, 0, 51, 0, 0, 0, 18398 }, // U+202F
    { 25, 14, 409, 1, 14, 44, 18398 }, // U+2030
    { 31, 16, 563, 2, 16, 62, 18442 }, // U+2031
    { 3, 6, 74, 1, 16, 3, 18504 }, // U+2032
    { 8, 6, 147, 1, 16, 6, 18507 }, // U+2033
    { 12, 6, 221, 1, 16, 9, 18513 }, // U+2034
    { 3, 6, 74, 1, 16, 3, 18522 }, // U+2035
    { 8, 6, 147, 1, 16, 6, 18525 }, // U+2036
    { 12, 6, 221, 1, 16, 9, 18531 }, // U+2037
    { 9, 5, 152, 0, -1, 6, 18540 }, // U+2038
    { 5, 11, 103, 1, 11, 7, 18546 }, // U+2039
    { 5, 11, 103, 1, 11, 7, 18553 }, // U+203A
    { 13, 12, 213, 1, 13, 20, 18560 }, // U+203B
    { 9, 16, 192, 2, 16, 18, 18580 }, // U+203C
    { 9, 16, 169, 1, 16, 18, 18598 }, // U+203D
    { 10, 2, 180, 1, 19, 3, 18616 }, // U+203E
    { 17, 4, 272, 0, -1, 9, 18619 }, // U+203F
    { 17, 5, 272, 0, 17, 11, 18628 }, // U+2040
    { 9, 13, 151, 0, 7, 15, 18639 }, // U+2041
    { 13, 14, 241, 1, 15, 23, 18654 }, // U+2042
    { 5, 2, 187, 3, 7, 2, 18677 }, // U+2043
    { 14, 14, 60, -5, 14, 25, 18679 }, // U+2044
    { 4, 20, 122, 2, 17, 10, 18704 }, // U+2045
    { 5, 20, 122, 1, 17, 13, 18714 }, // U+2046
    { 20, 16, 341, 0, 16, 40, 18727 }, // U+2047
    { 15, 16, 266, 0, 16, 30, 18767 }, // U+2048
    { 14, 16, 266, 2, 16, 28, 18797 }, // U+2049
    { 8, 16, 148, 1, 12, 16, 18825 }, // U+204A
    { 10, 16, 201, 2, 16, 20, 18841 }, // U+204B
    { 9, 9, 197, 1, 11, 11, 18861 }, // U+204C
    { 9, 9, 197, 2, 11, 11, 18872 }, // U+204D
    { 10, 9, 167, 1, 8, 12, 18883 }, // U+204E
    { 4, 15, 101, 2, 11, 8, 18895 }, // U+204F
    { 17, 22, 271, 0, 17, 47, 18903 }, // U+2050
    { 10, 20, 180, 2, 16, 25, 18950 }, // U+2051
    { 13, 16, 246, 1, 16, 26, 18975 }, // U+2052
    { 13, 4, 242, 1, 10, 7, 19001 }, // U+2053
    { 17, 4, 272, 0, -1, 9, 19008 }, // U+2054
    { 9, 10, 183, 1, 11, 12, 19017 }, // U+2055
    { 17, 6, 294, 1, 16, 13, 19029 }, // U+2057
    { 0, 0, 94, 0, 0, 0, 19042 }, // U+205F
    { 0, 0, 0, 0, 0, 0, 19042 }, // U+2060
    { 0, 0, 0, 0, 0, 0, 19042 }, // U+2061
    { 0, 0, 0, 0, 0, 0, 19042 }, // U+2062
    { 0, 0, 0, 0, 0, 0, 19042 }, // U+2063
    { 0, 0, 0, 0, 0, 0, 19042 }, // U+2064
    { 0, 0, 0, 0, 0, 0, 19042 }, // U+2065
    { 0, 0, 0, 0, 0, 0, 19042 }, // U+206A
    { 0, 0, 0, 0, 0, 0, 19042 }, // U+206B
    { 0, 0, 0, 0, 0, 0, 19042 }, // U+206C
    { 0, 0, 0, 0, 0, 0, 19042 }, // U+206D
    { 0, 0, 0, 0, 0, 0, 19042 }, // U+206E
    { 0, 0, 0, 0, 0, 0, 19042 }, // U+206F
    { 8, 9, 153, 1, 18, 9, 19042 }, // U+2070
    { 2, 10, 66, 1, 19, 3, 19051 }, // U+2071
    { 8, 8, 130, 1, 16, 8, 19054 }, // U+2074
    { 8, 9, 147, 1, 18, 9, 19062 }, // U+2075
    { 7, 9, 148, 1, 18, 8, 19071 }, // U+2076
    { 7, 9, 135, 1, 18, 8, 19079 }, // U+2077
    { 7, 9, 150, 1, 18, 8, 19087 }, // U+2078
    { 7, 9, 148, 1, 18, 8, 19095 }, // U+2079
    { 8, 6, 143, 1, 16, 6, 19103 }, // U+207A
    { 6, 3, 143, 1, 15, 3, 19109 }, // U+207B
    { 6, 6, 143, 2, 17, 5, 19112 }, // U+207C
    { 4, 11, 90, 1, 19, 6, 19117 }, // U+207D
    { 4, 11, 90, 0, 19, 6, 19123 }, // U+207E
    { 7, 7, 145, 1, 16, 7, 19129 }, // U+207F
    { 8, 8, 153, 1, 5, 8, 19136 }, // U+2080
    { 5, 9, 87, 1, 9, 6, 19144 }, // U+2081
    { 7, 9, 123, 1, 9, 8, 19150 }, // U+2082
    { 8, 9, 127, 0, 9, 9, 19158 }, // U+2083
    { 8, 9, 130, 1, 9, 9, 19167 }, // U+2084
    { 8, 8, 147, 1, 5, 8, 19176 }, // U+2085
    { 7, 8, 148, 1, 5, 7, 19184 }, // U+2086
    { 7, 8, 135, 1, 5, 7, 19191 }, // U+2087
    { 7, 8, 150, 1, 5, 7, 19198 }, // U+2088
    { 7, 8, 148, 1, 5, 7, 19205 }, // U+2089
    { 8, 5, 143, 1, 3, 5, 19212 }, // U+208A
    { 6, 3, 143, 1, 2, 3, 19217 }, // U+208B
    { 6, 4, 143, 2, 3, 3, 19220 }, // U+208C
    { 4, 9, 90, 1, 5, 5, 19223 }, // U+208D
    { 4, 9, 90, 0, 5, 5, 19228 }, // U+208E
    { 7, 6, 134, 1, 3, 6, 19233 }, // U+2090
    { 7, 6, 139, 1, 3, 6, 19239 }, // U+2091
    { 7, 6, 142, 1, 3, 6, 19245 }, // U+2092
    { 8, 6, 134, 0, 3, 6, 19251 }, // U+2093
    { 7, 8, 150, 1, 3, 7, 19257 }, // U+2094
    { 7, 8, 145, 1, 5, 7, 19264 }, // U+2095
    { 7, 8, 132, 1, 5, 7, 19271 }, // U+2096
    { 2, 8, 66, 1, 5, 2, 19278 }, // U+2097
    { 11, 6, 208, 1, 3, 9, 19280 }, // U+2098
    { 7, 6, 145, 1, 3, 6, 19289 }, // U+2099
    { 7, 8, 145, 1, 3, 7, 19295 }, // U+209A
    { 7, 6, 130, 0, 3, 6, 19302 }, // U+209B
    { 5, 7, 82, 0, 4, 5, 19308 }, // U+209C
    { 12, 17, 243, 2, 17, 26, 19313 }, // U+20A0
    { 13, 20, 243, 1, 18, 33, 19339 }, // U+20A1
    { 13, 16, 243, 1, 16, 26, 19372 }, // U+20A2
    { 12, 16, 201, -1, 16, 24, 19398 }, // U+20A3
    { 11, 16, 204, 1, 16, 22, 19422 }, // U+20A4
    { 15, 16, 286, 2, 14, 30, 19444 }, // U+20A5
    { 16, 16, 256, 0, 16, 32, 19474 }, // U+20A6
    { 18, 16, 322, 2, 16, 36, 19506 }, // U+20A7
    { 21, 16, 373, 2, 16, 42, 19542 }, // U+20A8
    { 21, 16, 318, 0, 16, 42, 19584 }, // U+20A9
    { 13, 12, 272, 2, 12, 20, 19626 }, // U+20AA
    { 12, 20, 204, 1, 16, 30, 19646 }, // U+20AB
    { 13, 14, 227, 1, 14, 23, 19676 }, // U+20AC
    { 15, 16, 237, 0, 16, 30, 19699 }, // U+20AD
    { 11, 16, 215, 1, 16, 22, 19729 }, // U+20AE
    { 27, 22, 463, 1, 18, 75, 19751 }, // U+20AF
    { 13, 16, 221, 0, 16, 26, 19826 }, // U+20B1
    { 13, 21, 249, 1, 19, 35, 19852 }, // U+20B2
    { 14, 16, 230, 0, 16, 28, 19887 }, // U+20B3
    { 11, 14, 203, 1, 14, 20, 19915 }, // U+20B4
    { 13, 21, 243, 1, 19, 35, 19935 }, // U+20B5
    { 12, 14, 210, 1, 14, 21, 19970 }, // U+20B8
    { 11, 16, 180, 0, 16, 22, 19991 }, // U+20B9
    { 10, 17, 198, 1, 16, 22, 20013 }, // U+20BA
    { 13, 12, 242, 2, 12, 20, 20035 }, // U+20BC
    { 12, 14, 217, 1, 14, 21, 20055 }, // U+20BD
    { 12, 16, 242, 2, 16, 24, 20076 }, // U+20BE
    { 11, 20, 218, 2, 18, 28, 20100 }, // U+20BF
    { 15, 12, 250, 0, 13, 23, 20128 }, // U+2190
    { 14, 15, 250, 1, 15, 27, 20151 }, // U+2191
    { 15, 12, 250, 1, 13, 23, 20178 }, // U+2192
    { 14, 16, 250, 1, 15, 28, 20201 }, // U+2193
    { 24, 15, 447, 2, 14, 45, 20229 }, // U+2194
    { 14, 25, 278, 2, 19, 44, 20274 }, // U+2195
    { 14, 14, 267, 1, 14, 25, 20318 }, // U+2196
    { 14, 14, 250, 1, 14, 25, 20343 }, // U+2197
    { 14, 13, 250, 1, 14, 23, 20368 }, // U+2198
    { 14, 13, 250, 1, 14, 23, 20391 }, // U+2199
    { 20, 16, 381, 2, 16, 40, 20414 }, // U+21A9
    { 20, 16, 381, 2, 16, 40, 20454 }, // U+21AA
    { 18, 17, 329, 1, 16, 39, 20494 }, // U+21B0
    { 17, 17, 329, 2, 16, 37, 20533 }, // U+21B1
    { 17, 14, 329, 2, 16, 30, 20570 }, // U+21B3
    { 14, 17, 278, 2, 16, 30, 20600 }, // U+21B4
    { 18, 14, 329, 1, 16, 32, 20630 }, // U+21B5
    { 16, 19, 318, 2, 19, 38, 20662 }, // U+21BA
    { 16, 19, 318, 2, 19, 38, 20700 }, // U+21BB
    { 16, 15, 318, 2, 14, 30, 20738 }, // U+21D0
    { 16, 15, 318, 3, 14, 30, 20768 }, // U+21D2
    { 24, 15, 447, 2, 14, 45, 20798 }, // U+21D4
    { 10, 18, 203, 1, 17, 23, 20843 }, // U+21DE
    { 10, 17, 203, 1, 16, 22, 20866 }, // U+21DF
    { 18, 9, 338, 2, 12, 21, 20888 }, // U+21E4
    { 18, 9, 338, 1, 12, 21, 20909 }, // U+21E5
    { 19, 17, 344, 1, 17, 41, 20930 }, // U+21E7
    { 19, 21, 344, 1, 17, 50, 20971 }, // U+21EA
    { 11, 15, 211, 1, 15, 21, 21021 }, // U+2202
    { 14, 14, 228, 0, 13, 25, 21042 }, // U+2205
    { 14, 15, 227, 0, 15, 27, 21067 }, // U+2206
    { 11, 18, 241, 2, 15, 25, 21094 }, // U+220F
    { 13, 18, 211, 0, 15, 30, 21119 }, // U+2211
    { 10, 3, 187, 1, 9, 4, 21149 }, // U+2212
    { 10, 15, 187, 1, 15, 19, 21153 }, // U+2215
    { 13, 20, 203, 0, 17, 33, 21172 }, // U+221A
    { 18, 9, 312, 1, 11, 21, 21205 }, // U+221E
    { 9, 21, 122, -1, 16, 24, 21226 }, // U+222B
    { 3, 11, 96, 2, 13, 5, 21250 }, // U+2236
    { 11, 9, 187, 0, 12, 13, 21255 }, // U+2248
    { 9, 12, 220, 2, 12, 14, 21268 }, // U+2260
    { 10, 14, 187, 1, 15, 18, 21282 }, // U+2264
    { 10, 14, 187, 1, 15, 18, 21300 }, // U+2265
    { 29, 30, 463, 1, 23, 109, 21318 }, // U+2295
    { 29, 30, 463, 1, 23, 109, 21427 }, // U+2296
    { 29, 30, 463, 1, 23, 109, 21536 }, // U+2297
    { 29, 30, 463, 1, 23, 109, 21645 }, // U+2298
};

static const EpdUnicodeInterval golos_ui_10_mediumIntervals[] = {
    { 0x0, 0x0, 0x0 },
    { 0xD, 0xD, 0x1 },
    { 0x20, 0x7E, 0x2 },
    { 0xA0, 0xFF, 0x61 },
    { 0x100, 0x148, 0xC1 },
    { 0x14A, 0x17F, 0x10A },
    { 0x1A0, 0x1A1, 0x140 },
    { 0x1AF, 0x1B0, 0x142 },
    { 0x1C5, 0x21F, 0x144 },
    { 0x300, 0x304, 0x19F },
    { 0x306, 0x30C, 0x1A4 },
    { 0x30F, 0x30F, 0x1AB },
    { 0x312, 0x313, 0x1AC },
    { 0x315, 0x315, 0x1AE },
    { 0x31B, 0x31B, 0x1AF },
    { 0x323, 0x323, 0x1B0 },
    { 0x326, 0x328, 0x1B1 },
    { 0x32C, 0x32C, 0x1B4 },
    { 0x337, 0x338, 0x1B5 },
    { 0x342, 0x343, 0x1B7 },
    { 0x346, 0x36F, 0x1B9 },
    { 0x400, 0x479, 0x1E3 },
    { 0x480, 0x49D, 0x25D },
    { 0x4A0, 0x4FF, 0x27B },
    { 0x1EA0, 0x1EF9, 0x2DB },
    { 0x2000, 0x2027, 0x335 },
    { 0x202A, 0x2055, 0x35D },
    { 0x2057, 0x2057, 0x389 },
    { 0x205F, 0x2065, 0x38A },
    { 0x206A, 0x206F, 0x391 },
    { 0x2070, 0x2071, 0x397 },
    { 0x2074, 0x208E, 0x399 },
    { 0x2090, 0x209C, 0x3B4 },
    { 0x20A0, 0x20AF, 0x3C1 },
    { 0x20B1, 0x20B5, 0x3D1 },
    { 0x20B8, 0x20BA, 0x3D6 },
    { 0x20BC, 0x20BF, 0x3D9 },
    { 0x2190, 0x2199, 0x3DD },
    { 0x21A9, 0x21AA, 0x3E7 },
    { 0x21B0, 0x21B1, 0x3E9 },
    { 0x21B3, 0x21B5, 0x3EB },
    { 0x21BA, 0x21BB, 0x3EE },
    { 0x21D0, 0x21D0, 0x3F0 },
    { 0x21D2, 0x21D2, 0x3F1 },
    { 0x21D4, 0x21D4, 0x3F2 },
    { 0x21DE, 0x21DF, 0x3F3 },
    { 0x21E4, 0x21E5, 0x3F5 },
    { 0x21E7, 0x21E7, 0x3F7 },
    { 0x21EA, 0x21EA, 0x3F8 },
    { 0x2202, 0x2202, 0x3F9 },
    { 0x2205, 0x2206, 0x3FA },
    { 0x220F, 0x220F, 0x3FC },
    { 0x2211, 0x2212, 0x3FD },
    { 0x2215, 0x2215, 0x3FF },
    { 0x221A, 0x221A, 0x400 },
    { 0x221E, 0x221E, 0x401 },
    { 0x222B, 0x222B, 0x402 },
    { 0x2236, 0x2236, 0x403 },
    { 0x2248, 0x2248, 0x404 },
    { 0x2260, 0x2260, 0x405 },
    { 0x2264, 0x2265, 0x406 },
    { 0x2295, 0x2298, 0x408 },
};

static const uint16_t golos_ui_10_mediumKernLeftCodepoints[] = {
    0x0022, 0x0027, 0x002B, 0x002C, 0x002D, 0x002E, 0x0031, 0x0034, 0x003A, 0x003B, 0x003D, 0x003E,
    0x003F, 0x0040, 0x0041, 0x0042, 0x0043, 0x0044, 0x0045, 0x0046, 0x0047, 0x0048, 0x0049, 0x004A,
    0x004B, 0x004C, 0x004D, 0x004E, 0x004F, 0x0050, 0x0051, 0x0052, 0x0053, 0x0054, 0x0055, 0x0056,
    0x0057, 0x0058, 0x0059, 0x005A, 0x0061, 0x0062, 0x0063, 0x0064, 0x0065, 0x0066, 0x0068, 0x0069,
    0x006A, 0x006B, 0x006C, 0x006D, 0x006E, 0x006F, 0x0070, 0x0072, 0x0073, 0x0074, 0x0076, 0x0077,
    0x0078, 0x0079, 0x007A, 0x00B0, 0x00B1, 0x00C0, 0x00C1, 0x00C2, 0x00C3, 0x00C4, 0x00C5, 0x00C6,
    0x00C7, 0x00C8, 0x00C9, 0x00CA, 0x00CB, 0x00CC, 0x00CD, 0x00CE, 0x00CF, 0x00D0, 0x00D1, 0x00D2,
    0x00D3, 0x00D4, 0x00D5, 0x00D6, 0x00D8, 0x00D9, 0x00DA, 0x00DB, 0x00DC, 0x00DD, 0x00DE, 0x00DF,
    0x00E0, 0x00E1, 0x00E2, 0x00E3, 0x00E4, 0x00E5, 0x00E6, 0x00E7, 0x00E8, 0x00E9, 0x00EA, 0x00EB,
    0x00EC, 0x00ED, 0x00EE, 0x00EF, 0x00F0, 0x00F1, 0x00F2, 0x00F3, 0x00F4, 0x00F5, 0x00F6, 0x00F7,
    0x00F8, 0x00FD, 0x00FE, 0x00FF, 0x0100, 0x0101, 0x0102, 0x0103, 0x0104, 0x0105, 0x0106, 0x0107,
    0x0108, 0x0109, 0x010A, 0x010B, 0x010C, 0x010D, 0x010E, 0x010F, 0x0110, 0x0111, 0x0112, 0x0113,
    0x0114, 0x0115, 0x0116, 0x0117, 0x0118, 0x0119, 0x011A, 0x011B, 0x011C, 0x011D, 0x0124, 0x0125,
    0x0127, 0x0128, 0x0129, 0x012A, 0x012C, 0x012D, 0x012E, 0x0130, 0x0132, 0x0134, 0x0135, 0x0136,
    0x0137, 0x0138, 0x0139, 0x013B, 0x013D, 0x013E, 0x013F, 0x0140, 0x0141, 0x0142, 0x0143, 0x0144,
    0x0145, 0x0146, 0x0147, 0x0148, 0x014A, 0x014B, 0x014C, 0x014D, 0x014E, 0x014F, 0x0150, 0x0151,
    0x0152, 0x0153, 0x015A, 0x015B, 0x015C, 0x015D, 0x015E, 0x015F, 0x0160, 0x0161, 0x0162, 0x0163,
    0x0166, 0x0167, 0x0168, 0x0169, 0x016A, 0x016C, 0x016E, 0x0170, 0x0172, 0x0175, 0x0176, 0x0177,
    0x0178, 0x0179, 0x017A, 0x017B, 0x017C, 0x017D, 0x017E, 0x017F, 0x01A0, 0x01AF, 0x01B0, 0x01C5,
    0x01C6, 0x01C8, 0x01C9, 0x01CB, 0x01CC, 0x01CD, 0x01CE, 0x01CF, 0x01D0, 0x01D1, 0x01D2, 0x01D3,
    0x01D4, 0x01D5, 0x01D6, 0x01D7, 0x01D8, 0x01D9, 0x01DA, 0x01DB, 0x01DC, 0x01DD, 0x01DE, 0x01DF,
    0x01E0, 0x01E1, 0x01E2, 0x01E3, 0x01E4, 0x01E5, 0x01E6, 0x01E7, 0x01E8, 0x01E9, 0x01EA, 0x01EB,
    0x01EC, 0x01ED, 0x01F0, 0x01F1, 0x01F2, 0x01F3, 0x01F4, 0x01F5, 0x01F6, 0x01F8, 0x01F9, 0x01FA,
    0x01FB, 0x01FC, 0x01FD, 0x01FE, 0x01FF, 0x0200, 0x0201, 0x0202, 0x0203, 0x0204, 0x0205, 0x0206,
    0x0207, 0x0208, 0x0209, 0x020A, 0x020B, 0x020C, 0x020D, 0x020E, 0x020F, 0x0210, 0x0211, 0x0212,
    0x0213, 0x0214, 0x0215, 0x0216, 0x0217, 0x0218, 0x0219, 0x021E, 0x021F, 0x0400, 0x0401, 0x0402,
    0x0403, 0x0404, 0x0405, 0x0406, 0x0407, 0x0408, 0x0409, 0x040A, 0x040B, 0x040C, 0x040D, 0x040E,
    0x040F, 0x0410, 0x0411, 0x0412, 0x0413, 0x0414, 0x0415, 0x0416, 0x0417, 0x0418, 0x0419, 0x041A,
    0x041B, 0x041C, 0x041D, 0x041E, 0x041F, 0x0420, 0x0421, 0x0422, 0x0423, 0x0424, 0x0425, 0x0426,
    0x0427, 0x0428, 0x0429, 0x042A, 0x042B, 0x042C, 0x042D, 0x042E, 0x042F, 0x0430, 0x0431, 0x0432,
    0x0433, 0x0434, 0x0435, 0x0436, 0x0437, 0x0438, 0x0439, 0x043A, 0x043B, 0x043C, 0x043D, 0x043E,
    0x043F, 0x0440, 0x0441, 0x0442, 0x0443, 0x0444, 0x0445, 0x0446, 0x0447, 0x0448, 0x0449, 0x044A,
    0x044B, 0x044C, 0x044D, 0x044E, 0x044F, 0x0450, 0x0451, 0x0452, 0x0453, 0x0454, 0x0455, 0x0456,
    0x0457, 0x0458, 0x0459, 0x045A, 0x045B, 0x045C, 0x045D, 0x045E, 0x045F, 0x0460, 0x0462, 0x0463,
    0x0464, 0x0465, 0x0466, 0x0467, 0x0468, 0x046E, 0x0472, 0x0473, 0x0474, 0x0475, 0x0476, 0x0477,
    0x0479, 0x0481, 0x048A, 0x048B, 0x048C, 0x048D, 0x048E, 0x048F, 0x0490, 0x0491, 0x0492, 0x0493,
    0x0496, 0x0497, 0x0498, 0x0499, 0x049A, 0x049B, 0x049C, 0x049D, 0x04A0, 0x04A1, 0x04A2, 0x04A3,
    0x04A4, 0x04A6, 0x04A7, 0x04A9, 0x04AA, 0x04AB, 0x04AC, 0x04AD, 0x04AE, 0x04AF, 0x04B0, 0x04B1,
    0x04B2, 0x04B3, 0x04B5, 0x04B6, 0x04B7, 0x04B8, 0x04B9, 0x04BA, 0x04BD, 0x04BF, 0x04C0, 0x04C1,
    0x04C6, 0x04C7, 0x04C8, 0x04C9, 0x04CA, 0x04CB, 0x04CC, 0x04CD, 0x04CE, 0x04D0, 0x04D1, 0x04D2,
    0x04D3, 0x04D4, 0x04D6, 0x04D8, 0x04D9, 0x04DA, 0x04DB, 0x04DC, 0x04DD, 0x04DE, 0x04DF, 0x04E0,
    0x04E2, 0x04E3, 0x04E4, 0x04E5, 0x04E6, 0x04E7, 0x04E8, 0x04E9, 0x04EA, 0x04EB, 0x04ED, 0x04EE,
    0x04F0, 0x04F2, 0x04F4, 0x04F5, 0x04F6, 0x04F7, 0x04F8, 0x04F9, 0x04FA, 0x04FB, 0x04FC, 0x04FD,
    0x04FE, 0x04FF, 0x1EA0, 0x1EA1, 0x1EA2, 0x1EA3, 0x1EA4, 0x1EA5, 0x1EA6, 0x1EA7, 0x1EA8, 0x1EA9,
    0x1EAA, 0x1EAB, 0x1EAC, 0x1EAD, 0x1EAE, 0x1EAF, 0x1EB0, 0x1EB1, 0x1EB2, 0x1EB3, 0x1EB4, 0x1EB5,
    0x1EB6, 0x1EB7, 0x1EB8, 0x1EB9, 0x1EBA, 0x1EBB, 0x1EBC, 0x1EBD, 0x1EBE, 0x1EBF, 0x1EC0, 0x1EC1,
    0x1EC2, 0x1EC3, 0x1EC4, 0x1EC5, 0x1EC6, 0x1EC7, 0x1EC8, 0x1EC9, 0x1ECA, 0x1ECB, 0x1ECC, 0x1ECD,
    0x1ECE, 0x1ECF, 0x1ED0, 0x1ED1, 0x1ED2, 0x1ED3, 0x1ED4, 0x1ED5, 0x1ED6, 0x1ED7, 0x1ED8, 0x1ED9,
    0x1EDA, 0x1EDB, 0x1EDC, 0x1EDD, 0x1EDE, 0x1EDF, 0x1EE0, 0x1EE1, 0x1EE2, 0x1EE3, 0x1EE4, 0x1EE5,
    0x1EE6, 0x1EE7, 0x1EE8, 0x1EE9, 0x1EEA, 0x1EEB, 0x1EEC, 0x1EED, 0x1EEE, 0x1EEF, 0x1EF0, 0x1EF1,
    0x1EF2, 0x1EF3, 0x1EF4, 0x1EF5, 0x1EF6, 0x1EF7, 0x1EF8, 0x1EF9, 0x2013, 0x2014, 0x201A, 0x201E,
    0x2023, 0x2026, 0x2034, 0x203D, 0x2043, 0x204B, 0x204C, 0x204D, 0x204F, 0x2071, 0x2077, 0x207A,
    0x207B, 0x2080, 0x2085, 0x2086, 0x2088, 0x2089, 0x208A, 0x208B, 0x208C, 0x208D, 0x208E, 0x2090,
    0x2091, 0x2092, 0x2093, 0x2095, 0x2096, 0x2097, 0x2098, 0x2099, 0x209A, 0x209B, 0x209C, 0x20A1,
    0x20A7, 0x20A8, 0x20A9, 0x20AF, 0x20B2, 0x20B5, 0x20BF, 0x21D0, 0x221E, 0x2248, 0x2260,
};

static const uint8_t golos_ui_10_mediumKernLeftClassIds[] = {
      1,   1,   2,   3,   4,   3,   5,   6,   7,   8,   2,   2,   9,  10,  11,  12,
     13,  14,  15,  16,  14,  17,  17,  18,  19,  20,  17,  17,  14,  21,  22,  23,
     24,  25,  18,  26,  27,  19,  28,  29,  30,  31,  32,  33,  31,  34,  30,  33,
     33,  35,  36,  30,  30,  31,  31,  37,  38,  39,  40,  41,  35,  40,  42,  43,
      2,  11,  11,  11,  11,  11,  11,  15,  13,  15,  15,  15,  15,  17,  44,  44,
     45,  14,  17,  14,  14,  14,  14,  14,  46,  18,  18,  18,  18,  28,  47,  48,
     30,  30,  30,  30,  30,  30,  31,  49,  31,  31,  31,  31,  33,  50,  50,  50,
     31,  30,  31,  31,  31,  31,  31,   2,  51,  40,  31,  40,  11,  30,  11,  30,
     11,  30,  14,  32,  52,  53,  14,  32,  14,  32,  14,  54,  14,  33,  15,  31,
     55,  53,  15,  31,  15,  31,  15,  31,  56,  57,  58,  59,  30,  60,  61,  45,
     60,  62,  45,  45,  18,  63,  64,  19,  35,  65,  20,  20,  20,  66,  67,  58,
     20,  68,  17,  30,  17,  30,  17,  30,  17,  30,  14,  31,  69,  53,  14,  31,
     15,  31,  24,  38,  70,  71,  24,  38,  24,  38,  72,  73,  74,  73,  63,  75,
     18,  18,  18,  18,  18,  40,  28,  40,  28,  29,  42,  29,  42,  29,  42,  76,
     77,  78,  79,  80,  81,  82,  82,  82,  82,  83,  59,  84,  85,  69,  53,  63,
     75,  63,  75,  63,  75,  63,  75,  63,  75,  86,  83,  59,  83,  59,  55,  87,
     56,  57,  56,  57,  88,  65,  69,  53,  69,  53,  82,  89,  81,  81,  56,  57,
     90,  58,  59,  83,  59,  55,  87,  69,  53,  83,  59,  83,  59,  55,  53,  55,
     53,  91,  92,  60,  93,  69,  53,  69,  53,  94,  95,  94,  95,  63,  75,  63,
     75,  24,  38,  58,  59,  55,  96,  97,  98,  99, 100, 101, 102, 103,  97,  97,
    104, 105,  58, 106, 101, 107, 108, 109,  98, 110,  96, 105, 109, 101, 101, 105,
    101, 101, 101, 111, 101, 112, 113, 114, 106, 111, 105, 110, 101, 101, 110,  97,
    101,  97, 111, 111, 101, 115, 116, 117, 118, 119, 116, 120, 117, 121, 121, 120,
    121, 121, 121, 116, 121, 116, 122, 123, 124, 116, 120, 119, 121, 121, 119, 125,
    121, 125, 116, 116, 121,  53, 116, 115, 123, 126, 127, 101, 128, 101, 125, 125,
    115, 120,  59, 124, 121,  58,  53,  53,  52,  53,  83,  83,  83, 129,  69,  53,
    130, 131, 130, 131, 132,  53,  58,  73,  53,  53, 133,  53,  98, 134,  98, 123,
    105, 120, 109, 117, 105, 120, 105, 120, 105, 120, 110, 119,  98,  53, 135,  87,
    111, 122, 136,  95, 137, 138, 106, 124, 105, 120, 139, 110, 119, 101, 121, 140,
     53,  87, 101, 141,  73, 101, 121,  73,  73, 101, 121,  58,  73, 107, 115, 107,
    115,  96,  96, 111, 116, 111, 116, 105, 120, 109, 117, 142, 101, 121, 101, 121,
    111, 116, 111, 116, 111, 116,  53, 106, 106, 106, 101, 121, 136,  95, 101, 121,
    136,  95, 141, 143, 141, 143,  83,  59,  83,  59,  83,  59,  83,  59,  83,  59,
     83,  59,  83,  59,  83,  59,  83,  59,  83,  59,  83,  59,  83,  59,  55,  53,
     55,  53,  55,  53,  55,  53,  55,  53,  55,  53,  55,  53,  55,  53,  58,  92,
     58, 144,  69,  53,  69,  53,  69,  53,  69,  53,  69, 145,  69,  53,  69,  53,
     69,  53,  69,  53,  69,  53,  69,  53,  69,  53,  63,  75,  63,  75, 146,  75,
    146,  75, 146,  79, 146,  75, 146,  75,  28,  40, 147, 131, 147, 131, 147, 131,
      4,   4, 148, 148, 149,   3, 150, 151, 149, 133,  59, 149, 152, 153, 154, 155,
    155, 156, 157, 156, 156, 156, 156, 156, 156, 156, 156, 156, 156, 156, 156, 156,
    156, 156, 156, 156, 156, 156, 156,  52,  73,  71, 146,  53,  56,  52, 129, 158,
     67,   2, 158,
};

static const uint16_t golos_ui_10_mediumKernRightCodepoints[] = {
    0x0022, 0x0027, 0x002C, 0x002D, 0x002E, 0x0034, 0x0037, 0x003A, 0x003B, 0x003F, 0x0040, 0x0041,
    0x0043, 0x0047, 0x004A, 0x004F, 0x0051, 0x0053, 0x0054, 0x0055, 0x0056, 0x0057, 0x0058, 0x0059,
    0x005A, 0x0061, 0x0062, 0x0063, 0x0064, 0x0065, 0x0066, 0x0067, 0x0068, 0x0069, 0x006A, 0x006B,
    0x006C, 0x006D, 0x006E, 0x006F, 0x0070, 0x0071, 0x0072, 0x0073, 0x0074, 0x0075, 0x0076, 0x0077,
    0x0078, 0x0079, 0x007A, 0x00B0, 0x00C0, 0x00C1, 0x00C2, 0x00C3, 0x00C4, 0x00C5, 0x00C6, 0x00C7,
    0x00CC, 0x00CE, 0x00CF, 0x00D0, 0x00D2, 0x00D3, 0x00D4, 0x00D5, 0x00D6, 0x00D8, 0x00D9, 0x00DA,
    0x00DB, 0x00DC, 0x00DD, 0x00DF, 0x00E0, 0x00E1, 0x00E2, 0x00E3, 0x00E4, 0x00E5, 0x00E6, 0x00E7,
    0x00E8, 0x00E9, 0x00EA, 0x00EB, 0x00EC, 0x00ED, 0x00EE, 0x00EF, 0x00F0, 0x00F1, 0x00F2, 0x00F3,
    0x00F4, 0x00F5, 0x00F6, 0x00F8, 0x00F9, 0x00FA, 0x00FB, 0x00FC, 0x00FD, 0x00FE, 0x00FF, 0x0100,
    0x0101, 0x0102, 0x0103, 0x0104, 0x0105, 0x0106, 0x0107, 0x0108, 0x0109, 0x010A, 0x010B, 0x010C,
    0x010D, 0x010F, 0x0111, 0x0113, 0x0114, 0x0115, 0x0117, 0x0119, 0x011B, 0x011C, 0x011D, 0x011F,
    0x0121, 0x0123, 0x0124, 0x0125, 0x0128, 0x0129, 0x012A, 0x012C, 0x012D, 0x012E, 0x0130, 0x0133,
    0x0134, 0x0135, 0x0137, 0x0138, 0x013A, 0x013C, 0x0140, 0x0141, 0x0142, 0x0144, 0x0146, 0x0148,
    0x014B, 0x014C, 0x014D, 0x014E, 0x014F, 0x0150, 0x0151, 0x0152, 0x0153, 0x0155, 0x0157, 0x0159,
    0x015A, 0x015C, 0x015D, 0x015E, 0x0160, 0x0161, 0x0162, 0x0163, 0x0166, 0x0167, 0x0168, 0x0169,
    0x016A, 0x016B, 0x016C, 0x016D, 0x016E, 0x016F, 0x0170, 0x0171, 0x0172, 0x0173, 0x0175, 0x0176,
    0x0177, 0x0178, 0x0179, 0x017B, 0x017D, 0x017E, 0x017F, 0x01A0, 0x01A1, 0x01AF, 0x01B0, 0x01C5,
    0x01C6, 0x01C8, 0x01C9, 0x01CB, 0x01CC, 0x01CD, 0x01CE, 0x01CF, 0x01D0, 0x01D1, 0x01D2, 0x01D3,
    0x01D4, 0x01D5, 0x01D6, 0x01D7, 0x01D8, 0x01D9, 0x01DA, 0x01DB, 0x01DC, 0x01DD, 0x01DE, 0x01DF,
    0x01E0, 0x01E1, 0x01E2, 0x01E3, 0x01E4, 0x01E5, 0x01E6, 0x01E7, 0x01E8, 0x01E9, 0x01EA, 0x01EB,
    0x01EC, 0x01ED, 0x01EF, 0x01F0, 0x01F2, 0x01F3, 0x01F4, 0x01F5, 0x01F6, 0x01F8, 0x01F9, 0x01FA,
    0x01FB, 0x01FC, 0x01FD, 0x01FE, 0x01FF, 0x0200, 0x0201, 0x0202, 0x0203, 0x0204, 0x0205, 0x0206,
    0x0207, 0x0208, 0x0209, 0x020A, 0x020B, 0x020C, 0x020D, 0x020E, 0x020F, 0x0210, 0x0211, 0x0212,
    0x0213, 0x0214, 0x0215, 0x0216, 0x0217, 0x0218, 0x021E, 0x021F, 0x0400, 0x0402, 0x0404, 0x0405,
    0x0407, 0x0408, 0x0409, 0x040B, 0x040D, 0x040E, 0x0410, 0x0414, 0x0416, 0x0417, 0x041B, 0x041E,
    0x0421, 0x0422, 0x0423, 0x0424, 0x0425, 0x0427, 0x042A, 0x042D, 0x042F, 0x0430, 0x0431, 0x0432,
    0x0433, 0x0434, 0x0435, 0x0436, 0x0437, 0x0438, 0x0439, 0x043A, 0x043B, 0x043C, 0x043D, 0x043E,
    0x043F, 0x0440, 0x0441, 0x0442, 0x0443, 0x0444, 0x0445, 0x0446, 0x0447, 0x0448, 0x0449, 0x044A,
    0x044B, 0x044C, 0x044D, 0x044E, 0x044F, 0x0450, 0x0451, 0x0452, 0x0453, 0x0454, 0x0455, 0x0456,
    0x0457, 0x0458, 0x0459, 0x045A, 0x045B, 0x045C, 0x045D, 0x045E, 0x045F, 0x0460, 0x0463, 0x0464,
    0x0465, 0x0466, 0x0467, 0x0468, 0x046C, 0x046E, 0x0472, 0x0473, 0x0474, 0x0475, 0x0476, 0x0477,
    0x0478, 0x0479, 0x0481, 0x048A, 0x048B, 0x048D, 0x048E, 0x048F, 0x0491, 0x0495, 0x0496, 0x0497,
    0x0499, 0x049B, 0x049D, 0x04A0, 0x04A1, 0x04A3, 0x04A5, 0x04A6, 0x04A7, 0x04A9, 0x04AA, 0x04AB,
    0x04AC, 0x04AD, 0x04AE, 0x04AF, 0x04B0, 0x04B1, 0x04B2, 0x04B4, 0x04B5, 0x04B6, 0x04B7, 0x04B8,
    0x04B9, 0x04BD, 0x04C1, 0x04C4, 0x04C6, 0x04C8, 0x04C9, 0x04CA, 0x04CB, 0x04CC, 0x04CD, 0x04CE,
    0x04D0, 0x04D1, 0x04D2, 0x04D3, 0x04D4, 0x04D5, 0x04D7, 0x04D8, 0x04D9, 0x04DA, 0x04DB, 0x04DC,
    0x04DD, 0x04DF, 0x04E1, 0x04E3, 0x04E5, 0x04E6, 0x04E7, 0x04E8, 0x04E9, 0x04EA, 0x04EB, 0x04ED,
    0x04EE, 0x04F0, 0x04F2, 0x04F4, 0x04F5, 0x04F7, 0x04F9, 0x04FB, 0x04FC, 0x04FD, 0x04FE, 0x04FF,
    0x1EA0, 0x1EA1, 0x1EA2, 0x1EA3, 0x1EA4, 0x1EA5, 0x1EA6, 0x1EA7, 0x1EA8, 0x1EA9, 0x1EAA, 0x1EAB,
    0x1EAC, 0x1EAD, 0x1EAE, 0x1EAF, 0x1EB0, 0x1EB1, 0x1EB2, 0x1EB3, 0x1EB4, 0x1EB5, 0x1EB6, 0x1EB7,
    0x1EB8, 0x1EB9, 0x1EBA, 0x1EBB, 0x1EBC, 0x1EBD, 0x1EBE, 0x1EBF, 0x1EC0, 0x1EC1, 0x1EC2, 0x1EC3,
    0x1EC4, 0x1EC5, 0x1EC6, 0x1EC7, 0x1EC8, 0x1EC9, 0x1ECA, 0x1ECB, 0x1ECC, 0x1ECD, 0x1ECE, 0x1ECF,
    0x1ED0, 0x1ED1, 0x1ED2, 0x1ED3, 0x1ED4, 0x1ED5, 0x1ED6, 0x1ED7, 0x1ED8, 0x1ED9, 0x1EDA, 0x1EDB,
    0x1EDC, 0x1EDD, 0x1EDE, 0x1EDF, 0x1EE0, 0x1EE1, 0x1EE2, 0x1EE3, 0x1EE4, 0x1EE5, 0x1EE6, 0x1EE7,
    0x1EE8, 0x1EE9, 0x1EEA, 0x1EEB, 0x1EEC, 0x1EED, 0x1EEE, 0x1EEF, 0x1EF0, 0x1EF1, 0x1EF2, 0x1EF3,
    0x1EF4, 0x1EF5, 0x1EF6, 0x1EF7, 0x1EF8, 0x1EF9, 0x2013, 0x2014, 0x2018, 0x2019, 0x201C, 0x201D,
    0x2023, 0x2026, 0x2034, 0x203D, 0x2043, 0x204A, 0x204B, 0x204C, 0x204D, 0x204F, 0x2077, 0x2079,
    0x207E, 0x207F, 0x2080, 0x2086, 0x2087, 0x2088, 0x2089, 0x208A, 0x208B, 0x208C, 0x208D, 0x208E,
    0x2091, 0x2092, 0x2093, 0x2095, 0x2096, 0x2097, 0x2098, 0x2099, 0x209A, 0x209B, 0x209C, 0x20A1,
    0x20A7, 0x20A8, 0x20AB, 0x20B2, 0x20B5, 0x20BF, 0x21D2, 0x221E, 0x222B, 0x2236, 0x2260,
};

static const uint8_t golos_ui_10_mediumKernRightClassIds[] = {
      1,   1,   2,   3,   2,   4,   5,   6,   6,   7,   8,   9,  10,  10,  11,  10,
     10,  12,  13,  14,  15,  16,  17,  18,  19,  20,  21,  22,  22,  22,  23,  22,
     21,  21,  21,  21,  24,  25,  25,  22,  25,  22,  25,  26,  27,  28,  29,  30,
     31,  29,  32,  33,   9,   9,   9,   9,   9,   9,  34,  10,  35,  35,  36,  37,
     10,  10,  10,  10,  10,  38,  14,  14,  14,  14,  18,  21,  39,  20,  39,  39,
     39,  39,  20,  22,  40,  22,  40,  40,  41,  21,  42,  41,  43,  44,  40,  22,
     40,  40,  40,  45,  46,  28,  46,  46,  29,  21,  47,   9,  20,   9,  20,   9,
     20,  10,  22,  48,  49,  10,  22,  10,  22,  22,  22,  22,  50,  49,  22,  22,
     22,  48,  49,  22,  22,  22,  50,  50,  51,  52,  36,  51,  53,  36,  36,  21,
     54,  55,  21,  56,  21,  21,  50,  57,  58,  25,  25,  25,  25,  10,  22,  48,
     49,  10,  22,  10,  22,  25,  25,  25,  12,  59,  60,  12,  12,  61,  62,  63,
     64,  63,  65,  66,  14,  28,  14,  28,  14,  28,  14,  28,  14,  28,  29,  18,
     29,  18,  19,  19,  19,  67,  50,  48,  49,  65,  68,  69,  49,  50,  50,  50,
     56,  70,  71,  50,  72,  48,  49,  65,  68,  65,  68,  65,  68,  65,  68,  65,
     68,  73,  70,  71,  70,  71,  70,  71,  48,  49,  48,  49,  50,  50,  48,  49,
     48,  49,  63,  74,  50,  73,  48,  49,  69,  50,  56,  70,  71,  70,  71,  48,
     49,  70,  71,  70,  71,  50,  49,  50,  49,  51,  75,  51,  76,  48,  49,  48,
     49,  50,  56,  50,  56,  65,  68,  65,  68,  12,  50,  50,  50,  77,  78,  79,
     80,  81,  82,  77,  50,  83,  84,  85,  86,  78,  82,  78,  78,  77,  83,  78,
     87,  88,  77,  89,  90,  91,  92,  93,  93,  94,  95,  96,  97,  93,  98,  93,
     99,  93,  93,  95,  93,  93,  95, 100, 101,  95,  96,  93, 102,  93,  93, 103,
     93,  93,  97,  93, 104,  49, 105, 106,  93,  95, 107, 108, 109, 108, 110,  93,
    106,  93,  56, 111,  93,  50,  63,  50,  56,  70,  70,  50,  50,  50,  48,  49,
    112, 113, 112, 113,  48,  49,  49,  69,  56,  63,  50,  56,  93,  93,  87,  96,
     95,  93,  93,  77, 100,  93,  93,  50,  56,  49,  78,  95,  62,  63, 114, 115,
    114, 101,  87,  62,  63,  88, 102,  88, 102,  63, 116,  93, 117,  93,  50,  56,
     88, 102,  50,  56,  84,  91,  84,  91,  84,  91,  95,  78,  95,  78,  95,  87,
     96,  95,  63,  93,  93,  78,  95,  78,  95,  78,  95,  49,  83,  83,  83,  88,
    102,  56,  93,  63, 116, 118, 116, 118,  70,  71,  70,  71,  70,  71,  70,  71,
     70,  71,  70,  71,  70,  71,  70,  71,  70,  71,  70,  71,  70,  71,  70,  71,
     50,  49,  50,  49,  50,  49,  50,  49,  50,  49,  50,  49,  50,  49,  50,  49,
     50,  72,  50,  72,  48,  49,  48,  49,  48,  49,  48,  49,  48,  49,  48,  49,
     48,  49,  48,  49,  48,  49,  48,  49,  48,  49,  48,  49,  65,  68,  65,  68,
     65,  68,  65,  68,  65,  68,  65,  68,  65,  68,  18,  29, 119, 113, 119, 113,
    119, 113,   3,   3, 120, 120, 120, 120, 121,   2, 122, 123, 121,  63,  50, 121,
     56, 124, 125, 126, 127, 128, 129, 129, 130, 129, 129, 129, 129, 129, 129, 129,
    129, 129, 129, 129, 129, 129, 129, 129, 129, 129, 129,  48,  50,  50,  49,  48,
     48,  50, 131, 132,  74, 124, 131,
};

static const uint16_t golos_ui_10_mediumKernRowOffsets[] = {
        0,    45,    46,   100,   123,   124,   125,   130,   136,   137,   141,   175,   191,   203,   215,   233,
      258,   260,   265,   299,   333,   362,   366,   393,   411,   450,   487,   522,   563,   587,   593,   604,
      613,   615,   632,   650,   669,   687,   691,   706,   727,   748,   762,   763,   765,   767,   779,   797,
      805,   814,   822,   833,   838,   849,   854,   858,   867,   869,   875,   881,   885,   900,   915,   917,
      921,   925,   930,   931,   947,   954,   960,   964,   985,   998,  1019,  1023,  1033,  1034,  1036,  1040,
     1044,  1048,  1052,  1066,  1072,  1076,  1087,  1089,  1104,  1105,  1109,  1113,  1117,  1132,  1140,  1160,
     1177,  1199,  1232,  1245,  1264,  1265,  1266,  1273,  1278,  1309,  1346,  1377,  1397,  1416,  1447,  1460,
     1488,  1501,  1537,  1544,  1557,  1568,  1586,  1604,  1621,  1622,  1632,  1650,  1669,  1684,  1695,  1702,
     1706,  1711,  1727,  1740,  1753,  1757,  1776,  1784,  1805,  1842,  1862,  1867,  1889,  1899,  1900,  1906,
     1910,  1921,  1922,  1941,  1983,  1989,  2004,  2005,  2008,  2009,  2012,  2013,  2020,  2021,  2029,
};

static const uint8_t golos_ui_10_mediumKernSparseCols[] = {
      8,  10,  12,  14,  15,  17,  21,  22,  26,  28,  29,  30,  31,  33,  36,  39,
     40,  41,  42,  44,  46,  56,  66,  76,  80,  81,  82,  83,  84,  87,  93,  94,
     95,  96,  98,  99, 100, 101, 102, 104, 105, 108, 109, 110, 114,   4,   8,   9,
     10,  11,  12,  13,  14,  15,  17,  21,  22,  23,  26,  27,  28,  29,  30,  31,
     33,  36,  37,  39,  42,  44,  45,  46,  56,  57,  66,  76,  77,  78,  80,  81,
     82,  83,  84,  87,  88,  91,  93,  94,  95,  96,  98,  99, 100, 101, 102, 104,
    109, 110, 113, 114,   4,  12,  17,  28,  29,  30,  31,  46,  57,  66,  76,  82,
     93,  95,  98,  99, 100, 101, 102, 109, 110, 113, 114,  32,  32,  12,  14,  17,
     76,  82,  12,  14,  17,  76,  82, 113,   1,  28,  29,  30,  46,   0,   1,   6,
      8,   9,  10,  11,  12,  13,  14,  15,  16,  17,  18,  21,  22,  23,  26,  27,
     28,  29,  30,  31,  33,  36,  37,  39,  42,  44,  45,  46,  57,  66, 119,   0,
      1,   8,   9,  12,  14,  15,  16,  17,  28,  29,  30,  33,  37,  46,  56,   1,
      8,  12,  14,  15,  16,  17,  30,  31,  33,  57,  66,   1,   8,  12,  14,  15,
     16,  17,  30,  31,  33,  57,  66,   0,   9,  12,  14,  15,  17,  19,  21,  28,
     29,  37,  38,  39,  40,  41,  42,  44,  46,   0,   1,   8,   9,  10,  11,  12,
     14,  15,  17,  19,  21,  25,  30,  31,  33,  37,  38,  39,  40,  41,  42,  44,
     57,  66,  40,  41,   1,   8,  33,  40,  41,   6,   8,   9,  11,  12,  14,  15,
     16,  17,  19,  21,  22,  23,  25,  26,  27,  28,  29,  30,  33,  36,  37,  38,
     39,  40,  41,  42,  44,  45,  46,  56,  57,  60, 119,   0,   1,   6,   8,   9,
     10,  12,  13,  14,  15,  16,  17,  18,  19,  21,  22,  23,  26,  27,  28,  29,
     30,  31,  33,  36,  37,  38,  39,  42,  45,  46,  57,  66, 119,   0,   1,   8,
     10,  12,  14,  16,  17,  19,  21,  22,  25,  26,  28,  29,  30,  31,  33,  36,
     38,  39,  40,  41,  42,  44,  46,  60,  66, 119,   1,  30,  33,  57,   6,   9,
     10,  11,  12,  13,  14,  15,  17,  19,  21,  23,  25,  27,  30,  31,  33,  37,
     38,  39,  42,  44,  45,  56,  57,  60,  66,   1,   8,  12,  14,  15,  16,  17,
     22,  26,  28,  29,  30,  31,  33,  36,  46,  56,  66,   0,   1,   2,   5,   8,
      9,  10,  11,  12,  14,  15,  16,  17,  19,  21,  22,  24,  25,  26,  27,  28,
     29,  30,  31,  33,  36,  37,  38,  39,  40,  41,  42,  43,  44,  45,  46,  56,
     57,  66,   0,   1,   5,   8,   9,  10,  11,  12,  14,  15,  16,  17,  18,  19,
     21,  22,  24,  25,  26,  27,  30,  31,  33,  36,  37,  38,  39,  40,  41,  42,
     43,  44,  45,  56,  57,  60,  66,   0,   1,   8,   9,  10,  11,  12,  14,  15,
     16,  17,  18,  19,  21,  22,  24,  25,  27,  30,  31,  33,  36,  37,  38,  39,
     40,  41,  42,  43,  44,  45,  56,  57,  60,  66,   0,   1,   2,   5,   8,   9,
     10,  11,  12,  14,  15,  16,  17,  18,  19,  21,  22,  24,  25,  26,  27,  28,
     29,  30,  31,  33,  36,  37,  38,  39,  40,  41,  42,  43,  44,  45,  46,  56,
     57,  60,  66,   0,   8,  14,  15,  17,  18,  21,  22,  26,  27,  28,  29,  31,
     33,  36,  39,  40,  41,  42,  44,  45,  46,  57,  66,   0,  12,  28,  29,  46,
    119,   0,   1,  22,  28,  29,  30,  31,  46,  57,  66, 119,   0,   1,  22,  28,
     29,  30,  46,  57, 119,  40,  41,   0,   1,   2,  19,  21,  22,  26,  28,  29,
     38,  39,  40,  41,  42,  44,  46, 119,   0,   1,   2,   7,  19,  21,  25,  26,
     28,  29,  30,  38,  39,  42,  44,  46,  57,  60,   0,   1,   2,  21,  22,  25,
     26,  28,  29,  30,  31,  39,  42,  44,  46,  57,  60,  66, 119,   0,   1,   2,
     19,  21,  22,  26,  28,  29,  30,  31,  38,  39,  42,  44,  46,  66, 119,  28,
     29,  30,  46,   0,   1,   2,  21,  26,  28,  29,  30,  31,  39,  42,  44,  46,
     57,  66,   0,   1,   2,   7,  19,  21,  22,  25,  26,  28,  29,  30,  31,  38,
     39,  42,  44,  46,  60,  66, 119,   0,   1,   2,   7,  19,  21,  22,  25,  26,
     28,  29,  30,  31,  38,  39,  42,  44,  46,  60,  66, 119,   0,   1,   2,  21,
     26,  28,  29,  31,  39,  42,  44,  46,  57,  66,   3,  34,  35,  34,  35,   1,
      8,  12,  14,  15,  16,  17,  30,  31,  33,  57,  66,   1,   6,   8,  12,  14,
     15,  16,  17,  18,  28,  29,  30,  33,  36,  46,  56,  57, 119,   0,   1,  22,
     26,  28,  29,  30,  46,   0,   1,  22,  28,  29,  30,  46,  57, 119,   0,  20,
     22,  23,  40,  41,  57, 119,   0,   1,  22,  28,  29,  30,  31,  46,  57,  66,
    119,  51,  52,  69,  75, 115,  61,  63,  69,  70,  74, 111, 112, 115, 117, 118,
    121,  20,  22,  23,  24,  57,  51,  52,  74,  75,  51,  52,  61,  63,  69,  75,
    111, 115, 118,  61,  63,  51,  52,  62,  74,  75, 112,  61,  63, 111, 112, 118,
    121,  51,  52,  74,  75,  49,  50,  51,  52,  54,  55,  61,  62,  63,  68,  71,
     73,  74,  75, 111,  49,  50,  51,  52,  54,  55,  61,  62,  63,  68,  71,  73,
     74,  75, 111,  69,  74,  51,  52,  74,  75,  48,  61,  63,  72,  20,  22,  23,
     24,  57, 118,   0,   1,   2,  21,  22,  26,  28,  29,  30,  31,  39,  42,  44,
     46,  57,  66,  61,  63,  69, 111, 115, 118, 128,  51,  52,  61,  63,  75, 115,
     61,  63, 111, 118,  47,  48,  51,  52,  53,  55,  59,  62,  65,  67,  69,  70,
     72,  74,  75, 112, 117, 118, 120, 123, 130,  48,  54,  59,  61,  63,  70,  72,
     73,  74, 111, 112, 118, 120,  47,  48,  51,  52,  53,  55,  59,  62,  65,  67,
     69,  70,  72,  74,  75, 112, 117, 118, 120, 123, 130,  61,  63, 118, 121,  48,
     55,  59,  62,  65,  67,  70,  72, 112, 117,  69,  61,  63,  48,  62,  72, 112,
     48,  61,  63,  72,  48,  61,  63,  72,  51,  52,  74,  75,  47,  61,  62,  63,
     64,  69,  71, 111, 112, 118, 120, 121, 122, 130,  51,  52,  62,  74,  75, 112,
     51,  52,  74,  75,  61,  63,  69,  70,  74, 111, 112, 115, 117, 118, 121,  61,
     63,  47,  48,  51,  52,  58,  65,  67,  71,  72,  74,  75, 112, 120, 130, 131,
     74,  61,  63, 118, 121,  51,  52,  74,  75,  51,  52,  74,  75,  49,  50,  51,
     52,  54,  55,  61,  62,  63,  68,  71,  73,  74,  75, 111,  48,  51,  52,  70,
     72,  75, 111, 118,  48,  49,  51,  52,  53,  54,  55,  61,  62,  63,  68,  69,
     71,  72,  73,  75, 112, 116, 117, 121,   0,  76,  77,  82,  88,  91,  93,  94,
     96,  98, 100, 101, 104, 108, 109, 110, 114,   0,  76,  80,  82,  83,  85,  86,
     87,  89,  90,  91,  94,  95,  96,  99, 100, 102, 104, 105, 110, 113, 114,   0,
      1,  76,  77,  78,  80,  81,  82,  83,  84,  85,  86,  88,  89,  90,  91,  92,
     93,  94,  95,  96,  97,  98,  99, 100, 101, 102, 103, 104, 108, 109, 110, 114,
      1,  76,  82,  83,  84,  85,  86,  89,  93,  95,  98, 109, 113,   1,  76,  82,
     83,  85,  86,  89,  93,  95,  98,  99, 100, 101, 102, 103, 105, 109, 110, 114,
    108,  79,   1,  83,  84,  89,  93,  98, 109,   0,  76,  82,  87, 119,  76,  77,
     78,  81,  82,  83,  84,  85,  86,  87,  88,  90,  91,  93,  94,  95,  96,  98,
     99, 100, 101, 102, 103, 104, 105, 106, 108, 109, 110, 114, 119,   0,   1,   2,
      5,  76,  77,  78,  80,  81,  82,  83,  84,  85,  86,  88,  89,  90,  91,  92,
     93,  94,  95,  96,  97,  98,  99, 100, 101, 102, 103, 104, 105, 106, 108, 109,
    110, 114,   0,   1,  76,  77,  78,  80,  81,  82,  83,  84,  85,  86,  87,  88,
     91,  93,  94,  95,  96,  98,  99, 100, 101, 102, 103, 104, 109, 110, 113, 114,
    119,   0,  76,  80,  82,  83,  85,  86,  93,  95,  98,  99, 100, 102, 103, 105,
    109, 110, 113, 114, 119,   0,   1,  76,  77,  82,  83,  85,  86,  88,  93,  95,
     98, 100, 103, 109, 110, 113, 114, 119,   1,  76,  77,  80,  81,  82,  83,  84,
     85,  86,  87,  88,  89,  91,  93,  94,  95,  96,  98,  99, 100, 101, 102, 103,
    104, 105, 109, 110, 113, 114, 119,   1,  76,  82,  83,  84,  85,  86,  89,  93,
     95,  98, 109, 113,   0,   1,  76,  80,  81,  82,  83,  84,  85,  86,  90,  93,
     94,  95,  96,  98,  99, 100, 102, 104, 105, 106, 108, 109, 110, 113, 114, 119,
      1,  76,  82,  83,  84,  85,  86,  89,  93,  95,  98, 109, 113,   0,   1,   2,
      5,  76,  77,  78,  80,  81,  82,  83,  84,  85,  86,  88,  89,  90,  91,  92,
     93,  94,  95,  96,  97,  98,  99, 100, 101, 102, 103, 104, 106, 108, 109, 110,
    114,   0,  76,  99, 100, 102, 110, 114,   0,   1,  93,  95,  98,  99, 100, 102,
    105, 109, 110, 114, 119,   0,   1,   2,  95,  99, 100, 102, 105, 110, 114, 119,
      0,   1,   2,  90,  93,  94,  96,  98,  99, 100, 102, 103, 104, 106, 109, 110,
    114, 119,   1,  90,  93,  94,  95,  96,  98,  99, 100, 101, 102, 103, 104, 105,
    109, 110, 114, 119,   0,   1,   2,  90,  91,  93,  94,  95,  96,  98, 100, 101,
    104, 106, 109, 110, 114,  76,   0,   1,  93,  95, 100, 102, 109, 110, 114, 119,
      0,   1,   2,  90,  93,  94,  96,  98,  99, 100, 102, 103, 104, 106, 109, 110,
    114, 119,   0,   1,   2,  90,  93,  94,  95,  96,  98,  99, 100, 101, 102, 103,
    106, 109, 110, 114, 119,   0,   2,  94,  95,  96,  98,  99, 100, 101, 102, 104,
    109, 110, 114, 119,   0,   1,  93,  95,  98, 100, 102, 109, 110, 114, 119,  95,
     99, 100, 102, 105, 110, 114,   0, 107, 108, 119,  51,  52,  61,  63,  75,  47,
     48,  51,  52,  53,  59,  69,  70,  72,  74,  75, 111, 120, 123, 128, 130,  48,
     49,  53,  61,  62,  63,  68,  69,  70,  72, 116, 118, 130,  48,  51,  52,  53,
     59,  62,  69,  70,  72,  74,  75, 118, 120,  48,  53,  69,  72,   0,   1,   2,
     90,  93,  94,  96,  98,  99, 100, 102, 103, 104, 106, 108, 109, 110, 114, 119,
     61,  62,  63, 111, 112, 115, 117, 118,  47,  48,  51,  52,  53,  55,  59,  62,
     65,  67,  69,  70,  72,  74,  75, 112, 117, 118, 120, 123, 130,   0,   1,   2,
      5,  76,  77,  78,  80,  81,  82,  83,  84,  85,  86,  88,  89,  90,  91,  92,
     93,  94,  95,  96,  97,  98,  99, 100, 101, 102, 103, 104, 105, 106, 108, 109,
    110, 114,   0,   1,   2,  90,  93,  94,  95,  96,  98,  99, 100, 101, 102, 103,
    104, 106, 109, 110, 114, 119,  48,  62,  72, 112, 121,   0,  76,  80,  82,  83,
     85,  86,  87,  89,  90,  91,  94,  95,  96,  99, 100, 102, 104, 105, 110, 113,
    114,  47,  48,  58,  61,  63,  70,  72,  74, 120, 130, 115,  48,  61,  62,  63,
     72, 130,  51,  52,  74,  75,  61,  63,  69,  70,  74, 111, 112, 115, 117, 118,
    121,  74,  47,  48,  53,  55,  59,  61,  63,  65,  67,  69,  70,  71,  72,  74,
    120, 123, 128, 130, 131,   8,   9,  10,  12,  13,  14,  15,  17,  21,  22,  26,
     27,  28,  29,  33,  36,  37,  39,  42,  44,  46,  57,  76,  77,  80,  81,  82,
     83,  84,  87,  88,  91,  93,  94,  96,  99, 100, 101, 102, 104, 110, 114,  61,
     63,  69, 111, 115, 118,  47,  48,  53,  55,  59,  62,  65,  67,  69,  70,  72,
    112, 116, 123, 130,  69,  61,  63, 111, 126, 124, 125, 127, 124,  47,  61,  63,
    111, 112, 118, 129, 128,  61,  63,  69, 111, 112, 115, 117, 118,
};

static const int8_t golos_ui_10_mediumKernSparseValues[] = {
     -25,  -25,   10,   10,    6,   10,   -3,    6,   10,   13,   22,    6,    6,  -32,   -6,   -3,
      25,   25,   -3,   -7,   13,   -6,    6,   10,  -25,  -22,   10,  -25,  -19,    6,  -16,   -3,
       6,   -3,  -13,   13,   13,    6,   13,   -3,   19,   25,  -13,   13,   13,  -19,    3,   -6,
       6,   -3,  -38,  -10,  -38,  -19,  -48,   -6,   -6,   -6,  -16,   -6,  -19,  -32,    3,    6,
       3,   -6,   -6,   -6,   -6,   -6,   -6,  -19,   -6,  -13,    6,  -38,   -6,   -3,    6,   13,
     -38,    3,   13,  -44,   -6,   -6,   13,   -6,    3,   -6,   13,  -32,  -19,  -19,  -32,   -6,
      13,  -19,  -33,  -19,  -19,  -10,  -13,   -6,  -10,  -13,   -6,   -6,    6,   -6,  -10,   -6,
     -10,  -13,  -13,  -25,   -6,    3,  -25,  -13,   -6,  -10,   -6,  -25,  -17,   -6,   -6,  -13,
      -6,  -10,   -6,   -6,  -13,   -6,  -10,  -13,  -35,   -6,   -3,   -3,   -6,  -25,    3,  -27,
       7,   -7,    5,   -2,  -23,   -8,  -27,  -17,    7,  -30,    3,   -3,   -5,   -3,  -12,   -5,
     -18,  -33,    7,    7,    7,   -3,  -13,   -3,   -3,   -7,   -5,  -18,   -7,    7,  -25,   -3,
      -3,   -5,   -2,   -5,   -7,   -3,   -3,  -10,   -3,   -7,   -3,   -8,   -3,   -3,    7,   -6,
      -7,   -6,   -3,   -2,   -7,   -7,   -3,   -3,  -15,    3,   -3,   -6,   -7,   -7,   -3,   -2,
      -7,   -7,   -3,   -3,  -15,    3,   -3,    6,   -2,    3,    3,    3,    3,   -2,   -3,   -3,
      -5,   -3,   -2,   -3,   10,   10,   -3,   -3,   -3,    6,  -38,  -17,   -2,  -17,   -3,    7,
       7,    7,    7,  -10,   -3,   -3,   -3,   -3,  -30,   -2,  -10,   -3,   13,   13,   -3,   -3,
       6,   -3,    3,    3,  -10,   -8,  -17,    3,    3,  -10,    7,   -7,   -3,    3,    3,    3,
       3,    3,   -3,   -7,  -10,   -3,   -3,  -10,   -3,  -13,  -23,    7,    7,   -3,  -13,   -3,
      -7,   13,   17,   -7,  -10,   -3,  -13,   -3,   -7,   -3,   -6,  -32,    7,  -27,   10,   -7,
       7,  -30,   -7,  -27,  -20,    7,  -33,    7,    3,   -3,   -3,   -3,   -7,   -3,  -20,  -37,
       3,    3,   10,   -7,  -13,    3,   -3,   -3,   -3,  -20,  -10,    3,  -38,    3,  -44,  -22,
     -23,   -2,   -2,   -5,   -3,   -7,   -3,    7,   -3,    7,    6,    7,    3,    3,  -33,    3,
      -7,   -3,    7,    7,   -3,   -3,    7,   -3,    3,    6,   -6,   -3,   -6,    3,   -7,   -2,
      -5,   -2,   -3,   -5,   -5,   -3,   -7,   -3,   -3,   -3,   -2,   -3,    6,    3,    3,   -2,
      -3,   -3,   -3,   -3,   -3,   -7,   -3,   -2,    3,   -3,   -2,   -3,   -7,   -5,   -3,   -8,
      -3,   -3,   -3,   -7,   -6,   -3,   -7,   -3,   -3,    3,   -3,   10,  -38,  -10,   -6,  -23,
      -7,  -27,   -3,   13,    7,    7,    3,    7,  -30,  -30,   -7,  -30,   -8,   -7,  -30,  -27,
     -27,  -27,  -27,  -30,   -7,   -7,  -20,  -20,   20,   20,  -20,  -23,  -30,  -23,  -20,   -7,
      -7,  -13,   10,  -35,   -6,  -27,   -3,  -23,   -7,    7,    7,    7,    3,    7,    3,  -20,
     -20,   -3,  -13,  -17,   -3,  -13,   -7,   -7,  -37,   -3,   -3,  -17,  -20,   20,   20,  -20,
     -13,  -20,  -13,   -5,   -7,  -17,   -7,    6,  -19,  -17,   -2,  -17,   -5,    7,    7,    7,
       3,    7,    3,  -13,  -13,   -3,   -7,  -10,   -7,   -7,   -3,  -23,   -2,   -2,  -13,  -13,
      17,   17,  -13,   -6,  -13,   -7,   -3,   -7,  -10,   -3,   10,  -44,  -13,  -13,  -30,   -7,
     -30,   -8,    7,    7,    7,    3,    7,    3,  -27,  -23,   -7,  -17,  -20,   -3,  -20,   -3,
     -10,  -13,  -13,  -40,   -7,  -13,  -23,  -23,   23,   23,  -47,  -19,  -47,  -20,   -3,   -7,
     -10,  -20,  -13,    3,    3,    3,    3,    3,    3,   -3,   -3,   -3,   -3,   -3,   -7,    3,
       3,   -3,   -3,   17,   17,   -3,   -7,   -3,   -3,   -3,    3,   -3,  -30,   -5,   -8,   -5,
      -3,   -3,   -6,   -3,   -7,  -10,   -7,   -3,   -7,    3,   -3,   -3,   -3,   -6,   -3,   -6,
      -6,   -3,   -6,    3,   -3,    7,    7,   16,  -13,   -3,   -7,   -3,    3,    3,    7,    7,
      -7,   -3,   20,   20,   -3,   -3,    7,   13,    6,    3,  -13,   -3,   -3,   -7,   -3,    3,
       3,    7,    3,   -3,   -7,   -7,  -13,    3,   -3,   -3,  -13,   16,  -13,   -3,   -6,   -3,
      -7,   -7,   -3,    3,    3,   -3,   -3,   -3,   -7,   -7,   -3,    3,   -7,   13,  -38,  -19,
      -7,   -3,    7,    7,    7,    7,    3,    3,   -7,   -3,   -3,   -3,    7,    3,    6,   -3,
      -7,   -3,   -3,    3,   10,   -6,   -2,   -7,    3,    3,    3,    3,   -2,   -2,   -2,    3,
      -7,    3,   13,  -19,   -6,   -6,  -10,   -7,    7,   -3,    7,    7,   13,    3,    3,  -10,
      -7,   -7,  -13,    7,   -3,    3,    6,   22,  -32,  -10,   -6,  -17,  -10,    7,   -3,    7,
      13,   13,    3,    3,  -17,  -10,  -10,  -10,    7,   -3,    3,   13,    6,    6,   -6,   -3,
       3,    3,    7,    3,   -3,   -3,   -7,    6,   -3,    3,  -29,   53,   53,   53,   27,  -13,
     -13,   -7,   -3,   -2,   -3,  -13,   -3,   -3,  -15,    3,   -3,  -19,   -3,  -12,  -17,   -7,
      -3,  -13,  -13,   -3,    3,    3,   -3,  -20,   13,    3,   13,    7,    6,   -3,   -3,   -3,
      -3,   -3,   -3,   -3,   -3,   -3,   -6,   -3,   -6,  -10,   -3,   -6,    3,   -3,   25,    7,
      13,   13,   37,   37,    7,   13,   -3,  -13,   -3,  -10,  -10,   -7,   -3,   -3,    3,   -3,
      -3,   11,   11,   -7,   11,   -2,  -26,  -26,  -11,    3,   15,  -17,   -7,   -9,   -7,  -28,
      -8,   50,   50,   50,   17,   50,   25,   25,   11,   25,   11,   11,  -10,  -10,   -7,   11,
      -7,   -2,   -7,  -17,  -17,   20,   20,    5,   11,   20,    2,  -23,  -23,  -17,   -5,  -25,
      -7,    7,    7,   13,    7,   20,    7,   55,   55,   32,   11,   30,   17,   30,   44,   34,
      32,   36,   55,   28,   20,    7,   55,   55,   32,   11,   30,   17,   30,   44,   34,   21,
      17,   55,   28,   -7,   11,   34,   32,   24,   34,   -7,  -19,  -19,   -7,   33,   33,   33,
      10,   33,  -11,    3,   16,  -13,   -3,    3,    3,    7,    7,    3,    3,   -3,   -3,   -3,
       7,   -3,    3,  -10,  -10,  -11,  -11,  -11,  -11,  -13,   15,   15,   -2,   -2,   15,   -3,
     -25,  -25,  -15,  -25,  -10,  -26,   30,   30,  -30,  -19,  -25,  -34,  -36,  -36,  -28,  -24,
     -26,   42,   30,  -21,  -42,    7,  -11,  -11,  -11,   -3,    3,   -3,  -11,  -11,    2,   -3,
       3,   15,   -3,    7,   -5,   -4,  -10,  -26,   30,   30,  -70,  -19,  -25,  -34,  -38,  -25,
     -47,  -24,  -26,   42,   30,  -21,  -21,    7,  -11,  -11,  -11,  -17,  -17,  -19,    5,  -23,
     -20,  -20,  -10,  -20,  -20,  -20,  -23,  -20,  -20,  -11,   13,   13,  -11,   10,  -11,    5,
      -5,  -24,  -24,   -5,   -5,  -11,  -11,   -5,   32,   21,   28,   32,  -11,  -28,   -7,  -47,
      -7,    5,    2,  -23,  -23,  -25,  -11,  -34,  -21,  -17,   20,   20,    5,   24,   20,    2,
      32,   32,   30,   32,  -52,  -52,  -11,    3,   15,  -17,   -7,   -9,   -7,  -28,   -8,  -26,
     -26,  -11,  -13,   28,   28,   -3,  -11,  -11,    5,  -13,   28,   28,  -13,  -11,  -11,  -11,
      11,  -32,  -32,  -19,    5,    7,    7,   24,    7,   32,   32,   28,   32,   20,    7,   55,
      55,   34,   11,   30,   17,   30,   44,   32,   34,   32,   69,   28,   -5,   15,   15,   -2,
      -5,   15,   -6,   -8,   -6,    5,   11,   11,  -19,    5,    5,  -19,    5,  -19,    5,  -13,
       3,   -6,    5,   11,    5,   -5,    5,    5,    6,    3,   -2,    3,   -2,   -3,    3,   -3,
      -3,    3,   -3,   -2,   -3,   10,    3,   -3,   -3,  -13,  -23,    3,  -13,   -3,   -3,   -3,
      -3,   -3,    3,    3,    3,   -8,    3,  -10,  -13,  -10,    3,  -10,  -13,  -17,  -13,   10,
     -44,   13,   -7,   -3,  -33,  -10,    7,  -30,  -13,    3,    3,   -7,   -3,  -37,  -17,  -33,
     -33,  -37,  -27,  -37,  -23,  -33,  -23,  -27,  -27,  -23,  -33,  -20,   20,  -33,  -47,  -27,
      -6,  -16,   -7,   -7,  -10,   -7,   -7,   -2,   -8,   -3,   -8,   -8,   -7,   -3,   -3,   -5,
      -2,   -3,   -3,   -2,   -3,   -3,   -3,   -3,   -3,   -3,   -3,   -3,   -3,   -3,   -3,   -3,
       3,   33,  -10,   -8,   -3,   -2,   -7,   -7,   -7,  -19,  -23,  -20,   -3,   -6,    3,   -7,
      -3,    3,    3,    7,    7,    3,    3,   -3,   -7,   -3,   -7,    7,   -7,    7,   -7,    7,
     -13,  -13,  -10,  -13,    3,   -7,   -7,   -3,   13,    7,  -13,  -13,   -6,   10,  -51,  -10,
     -13,    7,   -7,   -5,  -30,  -17,    7,  -27,  -17,    3,    3,   -7,   -7,  -27,  -13,  -13,
     -27,  -23,   -7,  -23,  -13,  -27,   -7,   -7,   -7,   -7,  -20,  -20,   -3,  -17,   23,  -27,
      -7,   -7,  -25,    3,  -23,   -7,   -2,    5,    7,  -20,    7,    7,    7,    7,  -17,   -7,
      -3,    7,   -3,    7,   -3,    7,  -18,  -18,  -13,  -18,    7,   -3,    7,  -18,  -27,  -18,
     -25,  -10,   -7,    3,   -7,   -5,   -5,   -5,   -3,   -8,   -3,   -7,  -10,   -7,   -2,   -3,
      -3,  -10,   -7,  -10,  -13,   -3,   -3,   -5,   -2,  -10,   -5,   -7,   -3,   -2,   -3,   -3,
      -3,   -3,   -3,   -3,   -3,  -10,   -3,   -3,   13,   -3,   -3,    7,   10,   -3,   10,   13,
       7,    7,   -7,   -3,    3,   -2,   13,   -2,    3,   -2,   12,   -7,   -7,   -7,   -7,    3,
      -2,   -7,   12,   -7,   -3,   -7,   -6,   -6,   -7,   -7,   -7,  -10,   -7,   -7,   -2,   -8,
      -3,   -8,   -8,   -7,    3,  -44,   -2,  -23,  -13,   -3,  -22,  -19,   -3,   -3,   -3,  -13,
      -3,    3,   -3,  -13,    7,    7,    7,   -3,    7,   -3,    7,  -13,    7,   -3,    7,    6,
      -6,  -13,   -7,   -7,  -10,   -7,   -7,   -2,   -8,   -3,   -8,   -8,   -7,   10,  -38,  -10,
      -6,   13,   -7,   -3,  -27,  -10,    7,  -23,  -13,    3,    3,   -6,   -3,  -30,  -17,  -30,
     -30,  -30,  -23,  -30,  -23,  -30,  -20,  -27,  -23,  -20,  -30,  -20,   -8,   20,  -30,  -20,
     -27,   -3,  -30,   -3,   -7,   -3,   -7,   -7,   -3,   -6,   -2,   -7,   -3,   -3,   -7,   -3,
      -3,   -3,   -7,   -7,   -3,   -3,   -3,   -3,   -3,   -3,   -3,   -3,   -3,   -3,   -3,   -3,
      13,  -76,  -25,  -10,  -10,   -3,   -3,  -10,   10,    7,   10,   -3,   -3,   -3,  -10,    7,
       7,   10,   13,    3,   10,   -2,    3,   -2,    7,   -3,   -3,   -7,   -3,    3,   -2,   -3,
       7,   -3,   -3,   -3,    6,    3,  -13,   -3,   -3,    3,   -7,    3,  -10,    3,    3,   -3,
      -7,   -3,    3,    7,    3,  -30,   -3,   -6,   -3,   -3,   -6,   -6,   -3,   -6,   -6,   -3,
      13,  -32,  -25,  -10,  -10,   -3,   -3,  -10,   10,    7,   10,   -3,   -3,   -3,  -10,    7,
       7,   10,   13,  -19,   -6,  -10,  -10,   -7,    3,   -7,  -10,    7,    7,    3,    7,   -3,
      -3,  -10,    7,    7,    6,  -19,    6,    3,   -3,    3,    3,  -13,  -13,   -3,  -13,    3,
       3,  -27,  -13,  -13,   -3,   -6,   -3,   -3,   -3,   -6,   -6,   -3,   -6,   -6,   -3,   -3,
      -3,   -3,   -3,   -3,   -3,   -3,   25,    3,   37,   10,   11,   11,  -19,  -19,   11,  -11,
     -17,   28,   28,  -32,  -15,  -23,  -17,  -17,   13,   28,    5,  -13,  -21,  -41,  -21,   -7,
       2,  -21,  -11,    5,  -11,    2,  -23,   -2,   -7,  -15,  -11,  -13,  -10,   34,   34,  -21,
      -7,  -11,  -11,   -5,  -10,   15,   45,    3,   -7,   -2,  -32,  -25,   -2,   13,  -32,  -25,
     -10,  -10,   -3,   -3,  -10,   10,    7,   10,   -3,   -3,   -3,   13,  -10,    7,    7,   10,
     -33,   -7,  -33,  -33,   -9,   -9,   -7,  -57,  -10,  -26,   30,   30,  -30,  -19,  -25,  -34,
     -38,  -25,  -28,  -24,  -26,   42,   30,  -21,  -21,    7,  -11,  -11,  -11,   10,  -51,  -10,
     -13,    7,   -7,   -5,  -30,  -17,    7,  -53,  -17,    3,    3,   -7,   -7,  -27,  -13,  -13,
     -27,  -23,   -7,  -23,  -13,  -27,   -7,   -7,   -7,   -7,  -20,  -20,   -3,  -17,   23,  -27,
      -7,   -7,   13,  -19,   -6,  -10,  -10,   -7,    3,   -7,  -10,    7,    7,    3,    7,   -3,
      -7,   -3,  -10,    7,    7,    6,   -5,   -8,   -5,   -7,  -10,  -13,  -23,    3,  -13,   -3,
      -3,   -3,   -3,   -3,    3,    3,    3,   -8,    3,  -10,  -13,  -10,    3,  -10,  -13,  -33,
     -25,  -11,   -9,   -3,  -13,  -13,  -19,   -9,   28,  -15,  -17,   -7,   -7,  -21,    7,  -21,
      -7,  -11,   32,   21,   24,   32,  -26,  -26,  -11,    3,   30,  -17,   -7,   -9,   -7,  -28,
      -8,   13,  -11,  -26,  -11,  -13,  -23,    7,    7,  -13,  -13,  -25,  -24,   -9,  -44,   28,
     -13,  -21,  -49,  -32,  -11,    6,   -6,    3,  -32,   -6,  -38,  -32,  -38,   -3,   -6,   -6,
      -3,  -19,  -32,    6,   -6,   -6,   -3,   -3,   -3,  -19,   -6,  -32,   -6,    3,    3,  -32,
       6,   13,  -32,   -6,   -3,    6,   -3,   -3,  -19,  -19,  -19,  -19,   -3,  -19,  -19,  -11,
     -11,  -11,  -13,  -15,  -15,  -19,  -21,  -42,   -7,  -26,    5,  -13,  -13,  -46,  -19,  -21,
       5,  -21,  -19,  -19,  -21,  -11,  -11,  -21,    7,    4,   -2,  -11,   -5,  -13,  -42,  -66,
     -41,  -17,  -49,   -5,   -5,  -15,  -15,  -17,  -23,  -13,  -17,  -11,  -32,
};

static const EpdFontData golos_ui_10_medium = {
    golos_ui_10_mediumBitmaps,
    golos_ui_10_mediumGlyphs,
    golos_ui_10_mediumIntervals,
    62,
    25,
    21,
    -5,
    false,
    nullptr,
    0,
    nullptr,
    nullptr,  // kernLeftClasses: built-in fonts use the split arrays below
    nullptr,  // kernRightClasses
    golos_ui_10_mediumKernLeftCodepoints,
    golos_ui_10_mediumKernLeftClassIds,
    golos_ui_10_mediumKernRightCodepoints,
    golos_ui_10_mediumKernRightClassIds,
    nullptr,  // kernMatrix: built-in fonts use the sparse form below
    golos_ui_10_mediumKernRowOffsets,
    golos_ui_10_mediumKernSparseCols,
    golos_ui_10_mediumKernSparseValues,
    659,
    599,
    158,
    132,
    nullptr,
    0,
};
