/**
 * generated by fontconvert.py
 * name: golos_ui_12_medium
 * size: 12
 * mode: 1-bit
 * hinting: auto (FT_LOAD_FORCE_AUTOHINT — grid-fits stems to whole pixels)
 * Command used: lib/EpdFont/scripts/fontconvert.py golos_ui_12_medium 12 GolosText-medium.ttf lib/EpdFont/builtinFonts/source/Inter/Inter-Regular.ttf --additional-intervals 0x0000,0x007F --additional-intervals 0x0080,0x00FF --additional-intervals 0x0100,0x017F --additional-intervals 0x01A0,0x01A1 --additional-intervals 0x01AF,0x01B0 --additional-intervals 0x01C4,0x021F --additional-intervals 0x0300,0x036F --additional-intervals 0x0400,0x04FF --additional-intervals 0x1EA0,0x1EF9 --additional-intervals 0x2010,0x206F --additional-intervals 0x20A0,0x20CF --additional-intervals 0xFB00,0xFB06 --additional-intervals 0xFFFD,0xFFFD
 */
#pragma once
#include "EpdFontData.h"

static const uint8_t golos_ui_12_mediumBitmaps[31428] = {
    0x77, 0x77, 0x77, 0x77, 0x77, 0x77, 0x00, 0x6F, 0xF6, 0xEF, 0xDF, 0xBF, 0x7E, 0xFD, 0xC0, 0x0E,
    0x38, 0x38, 0xE0, 0xC3, 0x83, 0x0C, 0x1C, 0x71, 0xFF, 0xF7, 0xFF, 0xC7, 0x1C, 0x18, 0x60, 0xE1,
    0x8F, 0xFF, 0xBF, 0xFE, 0xFF, 0xF8, 0xE3, 0x83, 0x0C, 0x1C, 0x30, 0x71, 0xC1, 0xC7, 0x00, 0x03,
    0x80, 0x0E, 0x00, 0x7C, 0x07, 0xFC, 0x3F, 0xF9, 0xE1, 0xE7, 0x03, 0x9C, 0x00, 0x70, 0x01, 0xF0,
    0x03, 0xFC, 0x07, 0xFC, 0x03, 0xF8, 0x01, 0xE0, 0x01, 0xD8, 0x07, 0x70, 0x1D, 0xE0, 0xF7, 0xFF,
    0x8F, 0xFC, 0x0F, 0xE0, 0x0E, 0x00, 0x38, 0x00, 0xE0, 0x3C, 0x03, 0x87, 0xE0, 0x70, 0xFF, 0x0F,
    0x0E, 0x70, 0xE0, 0xE7, 0x1C, 0x0E, 0x71, 0xC0, 0xFF, 0x38, 0x07, 0xE7, 0x00, 0x18, 0x70, 0x00,
    0x0E, 0x7C, 0x01, 0xCF, 0xE0, 0x1D, 0xEF, 0x03, 0x9C, 0x70, 0x71, 0xC7, 0x07, 0x1C, 0x70, 0xE1,
    0xFF, 0x1C, 0x0F, 0xE1, 0x80, 0x7C, 0x1F, 0x00, 0x3F, 0x80, 0x7F, 0xC0, 0x71, 0xC0, 0x71, 0xC0,
    0x7B, 0x80, 0x3F, 0x80, 0x1F, 0x00, 0x3F, 0x00, 0x7F, 0x9C, 0xF3, 0x9C, 0xE1, 0xFC, 0xE0, 0xF8,
    0xE0, 0xF8, 0xF0, 0x78, 0x7F, 0xFC, 0x7F, 0xFC, 0x1F, 0x8E, 0xFF, 0xFF, 0xC0, 0x0E, 0x1C, 0x3C,
    0x38, 0x70, 0x70, 0x70, 0xE0, 0xE0, 0xE0, 0xE0, 0xE0, 0xE0, 0xE0, 0xE0, 0xE0, 0x70, 0x70, 0x70,
    0x38, 0x3C, 0x1C, 0x0E, 0x70, 0x38, 0x38, 0x1C, 0x1C, 0x0E, 0x0E, 0x0E, 0x07, 0x07, 0x07, 0x07,
    0x07, 0x07, 0x07, 0x0E, 0x0E, 0x0E, 0x1C, 0x1C, 0x38, 0x38, 0x70, 0x0C, 0x03, 0x06, 0xF9, 0xFE,
    0x1E, 0x1F, 0xE6, 0xF8, 0x30, 0x0C, 0x00, 0x0E, 0x00, 0xE0, 0x0E, 0x00, 0xE0, 0xFF, 0xFF, 0xFF,
    0xFF, 0xF0, 0xE0, 0x0E, 0x00, 0xE0, 0x0E, 0x00, 0xE0, 0x77, 0x77, 0x6C, 0xC0, 0xFF, 0xFF, 0xFF,
    0x6F, 0xF6, 0x00, 0xE0, 0x0E, 0x00, 0xC0, 0x1C, 0x01, 0xC0, 0x18, 0x03, 0x80, 0x38, 0x03, 0x00,
    0x70, 0x07, 0x00, 0x60, 0x0E, 0x00, 0xE0, 0x0C, 0x01, 0xC0, 0x1C, 0x01, 0x80, 0x38, 0x03, 0x80,
    0x30, 0x07, 0x00, 0x70, 0x00, 0x0F, 0x81, 0xFF, 0x1F, 0xFC, 0xE0, 0xEF, 0x07, 0xF0, 0x1F, 0x80,
    0xFC, 0x07, 0xE0, 0x3F, 0x01, 0xF8, 0x0F, 0xC0, 0x7E, 0x03, 0xF8, 0x3D, 0xC1, 0xCF, 0xFE, 0x3F,
    0xE0, 0x7C, 0x00, 0x1E, 0x07, 0xC1, 0xF8, 0x7F, 0x0E, 0xE1, 0x1C, 0x03, 0x80, 0x70, 0x0E, 0x01,
    0xC0, 0x38, 0x07, 0x00, 0xE0, 0x1C, 0x03, 0x87, 0xFF, 0xFF, 0xFF, 0xFC, 0x0F, 0xC1, 0xFF, 0x1F,
    0xFC, 0xE0, 0xFE, 0x03, 0xF0, 0x1C, 0x00, 0xE0, 0x0F, 0x00, 0xF0, 0x0F, 0x00, 0xF0, 0x0F, 0x00,
    0xF0, 0x0F, 0x01, 0xE0, 0x1F, 0xFF, 0xFF, 0xFF, 0xFF, 0xC0, 0x1F, 0x83, 0xFF, 0x3F, 0xFD, 0xC0,
    0xEE, 0x07, 0x00, 0x38, 0x03, 0xC1, 0xFC, 0x0F, 0xC0, 0x3F, 0x80, 0x1C, 0x00, 0x7C, 0x03, 0xF0,
    0x1F, 0xC1, 0xEF, 0xFE, 0x3F, 0xE0, 0xFE, 0x00, 0x00, 0xF0, 0x03, 0xC0, 0x1F, 0x00, 0xFC, 0x07,
    0x70, 0x1D, 0xC0, 0xE7, 0x07, 0x1C, 0x38, 0x70, 0xE1, 0xC7, 0x07, 0x3F, 0xFF, 0xFF, 0xFF, 0xFF,
    0xF0, 0x07, 0x00, 0x1C, 0x00, 0x70, 0x01, 0xC0, 0x7F, 0xF3, 0xFF, 0x9F, 0xFC, 0xE0, 0x07, 0x00,
    0x39, 0x81, 0xFF, 0x8F, 0xFE, 0x78, 0xF3, 0x03, 0xC0, 0x0E, 0x00, 0x70, 0x03, 0xB8, 0x1D, 0xC1,
    0xCF, 0xFE, 0x3F, 0xE0, 0xFC, 0x00, 0x0F, 0xC0, 0xFF, 0x0F, 0xFC, 0xE0, 0xE7, 0x00, 0x70, 0x03,
    0x9F, 0x1F, 0xFC, 0xFF, 0xF7, 0x83, 0xFC, 0x0F, 0xC0, 0x7E, 0x03, 0xF8, 0x1D, 0xC1, 0xCF, 0xFE,
    0x3F, 0xE0, 0x7C, 0x00, 0xFF, 0xFF, 0xFF, 0xFF, 0xF0, 0x0F, 0x00, 0xE0, 0x0E, 0x01, 0xC0, 0x1C,
    0x03, 0xC0, 0x38, 0x03, 0x80, 0x78, 0x07, 0x00, 0xF0, 0x0E, 0x00, 0xE0, 0x1E, 0x01, 0xC0, 0x0F,
    0xC1, 0xFF, 0x9F, 0xFC, 0xE0, 0xF7, 0x03, 0xB8, 0x1D, 0xC1, 0xC7, 0xBE, 0x1F, 0xE1, 0xFF, 0x1E,
    0x1D, 0xC0, 0x7E, 0x03, 0xF0, 0x1F, 0xC1, 0xEF, 0xFE, 0x7F, 0xF0, 0xFE, 0x00, 0x1F, 0x81, 0xFF,
    0x1F, 0xFD, 0xE0, 0xEE, 0x07, 0x70, 0x1F, 0x80, 0xFC, 0x0F, 0xF0, 0xFB, 0xFF, 0xCF, 0xEE, 0x1C,
    0x70, 0x03, 0x80, 0x3B, 0xC3, 0xCF, 0xFC, 0x3F, 0xC0, 0xFC, 0x00, 0x6F, 0xF6, 0x00, 0x00, 0x00,
    0x6F, 0xF6, 0x33, 0xDE, 0x60, 0x00, 0x00, 0x00, 0x00, 0x73, 0x9C, 0xEE, 0x73, 0x00, 0x00, 0x10,
    0x07, 0x03, 0xF0, 0xFF, 0x3F, 0x8F, 0xE0, 0xF0, 0x0F, 0xC0, 0x7F, 0x01, 0xFE, 0x03, 0xF0, 0x0F,
    0x00, 0x30, 0x00, 0xFF, 0xFF, 0xFF, 0xFF, 0xF0, 0x00, 0x00, 0x0F, 0xFF, 0xFF, 0xFF, 0xFF, 0x80,
    0x0E, 0x00, 0xFC, 0x0F, 0xF0, 0x1F, 0xC0, 0x7F, 0x00, 0xF0, 0x3F, 0x0F, 0xE7, 0xF8, 0xFC, 0x0F,
    0x00, 0xC0, 0x00, 0x00, 0x1F, 0x0F, 0xF9, 0xFF, 0xF0, 0x7E, 0x0E, 0x01, 0xC0, 0x78, 0x1E, 0x07,
    0x80, 0xE0, 0x38, 0x07, 0x00, 0x00, 0x00, 0x01, 0x80, 0x78, 0x0F, 0x00, 0xC0, 0x01, 0xFE, 0x00,
    0x1F, 0xFE, 0x00, 0xFF, 0xFE, 0x07, 0x80, 0x7C, 0x3C, 0x60, 0x71, 0xE7, 0xFC, 0xE7, 0x3F, 0xF3,
    0xBC, 0xE3, 0xC7, 0xE7, 0x07, 0x1F, 0x9C, 0x1C, 0x7E, 0x70, 0x71, 0xF9, 0xC1, 0xC7, 0xE7, 0x07,
    0x1F, 0x9E, 0x3C, 0xFE, 0x3F, 0xFF, 0xBC, 0xFE, 0xFC, 0x70, 0xF1, 0xE1, 0xE0, 0x00, 0x03, 0x80,
    0x00, 0x07, 0x80, 0x00, 0x0F, 0xC3, 0x80, 0x1F, 0xFE, 0x00, 0x1F, 0xF0, 0x00, 0x01, 0xC0, 0x01,
    0xF0, 0x00, 0xF8, 0x00, 0x7C, 0x00, 0x7F, 0x00, 0x3B, 0x80, 0x1D, 0xC0, 0x1C, 0x70, 0x0E, 0x38,
    0x0F, 0x1E, 0x07, 0x07, 0x03, 0xFF, 0x83, 0xFF, 0xE1, 0xFF, 0xF0, 0xE0, 0x38, 0xE0, 0x1E, 0x70,
    0x07, 0x78, 0x03, 0xC0, 0xFF, 0xC3, 0xFF, 0xCF, 0xFF, 0x38, 0x1E, 0xE0, 0x3B, 0x80, 0xEE, 0x07,
    0xBF, 0xFC, 0xFF, 0xE3, 0xFF, 0xCE, 0x03, 0xB8, 0x07, 0xE0, 0x1F, 0x80, 0x7E, 0x03, 0xFF, 0xFE,
    0xFF, 0xF3, 0xFF, 0x80, 0x0F, 0xE0, 0x3F, 0xE0, 0xFF, 0xE3, 0xC1, 0xE7, 0x01, 0xDC, 0x03, 0xB8,
    0x00, 0x70, 0x00, 0xE0, 0x01, 0xC0, 0x03, 0x80, 0x07, 0x00, 0x0E, 0x01, 0xCE, 0x03, 0x9E, 0x0F,
    0x1F, 0xFC, 0x1F, 0xF0, 0x1F, 0xC0, 0xFF, 0x83, 0xFF, 0x8F, 0xFF, 0x38, 0x1E, 0xE0, 0x3B, 0x80,
    0xFE, 0x01, 0xF8, 0x07, 0xE0, 0x1F, 0x80, 0x7E, 0x01, 0xF8, 0x07, 0xE0, 0x3B, 0x80, 0xEE, 0x07,
    0xBF, 0xFC, 0xFF, 0xE3, 0xFE, 0x00, 0xFF, 0xFF, 0xFF, 0xFF, 0xFE, 0x00, 0xE0, 0x0E, 0x00, 0xE0,
    0x0F, 0xFE, 0xFF, 0xEF, 0xFE, 0xE0, 0x0E, 0x00, 0xE0, 0x0E, 0x00, 0xE0, 0x0F, 0xFF, 0xFF, 0xFF,
    0xFF, 0xFF, 0xFF, 0xFF, 0xFF, 0xEE, 0x00, 0xE0, 0x0E, 0x00, 0xE0, 0x0E, 0x00, 0xFF, 0xEF, 0xFE,
    0xFF, 0xEE, 0x00, 0xE0, 0x0E, 0x00, 0xE0, 0x0E, 0x00, 0xE0, 0x0E, 0x00, 0x07, 0xE0, 0x3F, 0xE0,
    0xFF, 0xE3, 0xC1, 0xE7, 0x01, 0xDC, 0x00, 0x38, 0x00, 0x70, 0x00, 0xE0, 0xFF, 0xC1, 0xFF, 0x83,
    0xFF, 0x00, 0x7E, 0x00, 0xEE, 0x03, 0x9E, 0x0F, 0x1F, 0xFC, 0x1F, 0xF8, 0x1F, 0xC0, 0xE0, 0x0F,
    0xC0, 0x1F, 0x80, 0x3F, 0x00, 0x7E, 0x00, 0xFC, 0x01, 0xF8, 0x03, 0xFF, 0xFF, 0xFF, 0xFF, 0xFF,
    0xFF, 0x80, 0x3F, 0x00, 0x7E, 0x00, 0xFC, 0x01, 0xF8, 0x03, 0xF0, 0x07, 0xE0, 0x0F, 0xC0, 0x1C,
    0xFF, 0xFF, 0xFF, 0xFF, 0xFF, 0xFF, 0xFC, 0x00, 0xE0, 0x1C, 0x03, 0x80, 0x70, 0x0E, 0x01, 0xC0,
    0x38, 0x07, 0x00, 0xE0, 0x1C, 0x03, 0x80, 0x70, 0x0F, 0xC1, 0xF8, 0x7F, 0xFE, 0x7F, 0x87, 0xE0,
    0xE0, 0x39, 0xC0, 0xF3, 0x83, 0xC7, 0x0F, 0x0E, 0x3C, 0x1C, 0xF0, 0x39, 0xC0, 0x77, 0x80, 0xFF,
    0x01, 0xFF, 0x03, 0xCE, 0x07, 0x9E, 0x0E, 0x1E, 0x1C, 0x1C, 0x38, 0x3C, 0x70, 0x3C, 0xE0, 0x39,
    0xC0, 0x78, 0xE0, 0x0E, 0x00, 0xE0, 0x0E, 0x00, 0xE0, 0x0E, 0x00, 0xE0, 0x0E, 0x00, 0xE0, 0x0E,
    0x00, 0xE0, 0x0E, 0x00, 0xE0, 0x0E, 0x00, 0xE0, 0x0F, 0xFE, 0xFF, 0xFF, 0xFF, 0xE0, 0x03, 0xF8,
    0x03, 0xFC, 0x01, 0xFF, 0x01, 0xFF, 0x80, 0xFF, 0xE0, 0xFF, 0xF0, 0x7F, 0xDC, 0x77, 0xEE, 0x3B,
    0xF3, 0xB9, 0xF9, 0xFC, 0xFC, 0x7C, 0x7E, 0x3E, 0x3F, 0x0E, 0x1F, 0x80, 0x0F, 0xC0, 0x07, 0xE0,
    0x03, 0xF0, 0x01, 0xC0, 0xE0, 0x0F, 0xE0, 0x1F, 0xE0, 0x3F, 0xC0, 0x7F, 0xC0, 0xFF, 0xC1, 0xFB,
    0xC3, 0xF7, 0x87, 0xE7, 0x8F, 0xC7, 0x9F, 0x87, 0x3F, 0x0F, 0x7E, 0x0F, 0xFC, 0x0F, 0xF8, 0x1F,
    0xF0, 0x1F, 0xE0, 0x1F, 0xC0, 0x1C, 0x07, 0xE0, 0x1F, 0xF8, 0x3F, 0xFC, 0x78, 0x1E, 0x70, 0x0E,
    0xE0, 0x0F, 0xE0, 0x07, 0xE0, 0x07, 0xE0, 0x07, 0xE0, 0x07, 0xE0, 0x07, 0xE0, 0x07, 0xE0, 0x0E,
    0x70, 0x0E, 0x78, 0x1E, 0x3F, 0xFC, 0x1F, 0xF8, 0x07, 0xE0, 0xFF, 0xC7, 0xFF, 0x3F, 0xFD, 0xC0,
    0xFE, 0x03, 0xF0, 0x1F, 0x80, 0xFC, 0x07, 0xE0, 0x77, 0xFF, 0xBF, 0xF9, 0xFE, 0x0E, 0x00, 0x70,
    0x03, 0x80, 0x1C, 0x00, 0xE0, 0x07, 0x00, 0x00, 0x07, 0xE0, 0x1F, 0xF8, 0x3F, 0xFC, 0x78, 0x1E,
    0x70, 0x0E, 0xE0, 0x0E, 0xE0, 0x07, 0xE0, 0x07, 0xE0, 0x07, 0xE0, 0x07, 0xE0, 0x07, 0xE0, 0xC7,
    0xE0, 0xFF, 0x70, 0x7E, 0x78, 0x3E, 0x3F, 0xFC, 0x1F, 0xFE, 0x07, 0xE6, 0x00, 0x00, 0xFF, 0xC3,
    0xFF, 0x8F, 0xFF, 0x38, 0x1E, 0xE0, 0x3B, 0x80, 0xEE, 0x03, 0xB8, 0x1E, 0xFF, 0xF3, 0xFF, 0x8F,
    0xFC, 0x38, 0x70, 0xE1, 0xC3, 0x83, 0x8E, 0x0F, 0x38, 0x1C, 0xE0, 0x7B, 0x80, 0xE0, 0x0F, 0xE0,
    0xFF, 0xC3, 0xFF, 0x9C, 0x0E, 0x70, 0x19, 0xC0, 0x07, 0x80, 0x0F, 0xC0, 0x3F, 0xE0, 0x3F, 0xE0,
    0x0F, 0xC0, 0x0F, 0x00, 0x1D, 0xC0, 0x77, 0x03, 0xDF, 0xFE, 0x3F, 0xF0, 0x3F, 0x80, 0xFF, 0xFF,
    0xFF, 0xFF, 0xFF, 0xF8, 0x1C, 0x00, 0x38, 0x00, 0x70, 0x00, 0xE0, 0x01, 0xC0, 0x03, 0x80, 0x07,
    0x00, 0x0E, 0x00, 0x1C, 0x00, 0x38, 0x00, 0x70, 0x00, 0xE0, 0x01, 0xC0, 0x03, 0x80, 0x07, 0x00,
    0xE0, 0x1F, 0x80, 0x7E, 0x01, 0xF8, 0x07, 0xE0, 0x1F, 0x80, 0x7E, 0x01, 0xF8, 0x07, 0xE0, 0x1F,
    0x80, 0x7E, 0x01, 0xF8, 0x07, 0xE0, 0x1F, 0x80, 0x77, 0x03, 0x9F, 0xFE, 0x3F, 0xF0, 0x3F, 0x00,
    0xF0, 0x07, 0xB8, 0x03, 0x9E, 0x01, 0xC7, 0x01, 0xC3, 0x80, 0xE1, 0xE0, 0x70, 0x70, 0x70, 0x38,
    0x38, 0x1E, 0x1C, 0x07, 0x1C, 0x03, 0x8E, 0x00, 0xE7, 0x00, 0x77, 0x00, 0x3F, 0x80, 0x0F, 0x80,
    0x07, 0xC0, 0x03, 0xE0, 0x00, 0xE0, 0x00, 0x70, 0x1C, 0x0F, 0x70, 0x3C, 0x0E, 0x70, 0x3C, 0x0E,
    0x78, 0x3E, 0x0E, 0x38, 0x7E, 0x0E, 0x38, 0x7E, 0x1C, 0x38, 0x7E, 0x1C, 0x3C, 0x67, 0x1C, 0x1C,
    0xE7, 0x1C, 0x1C, 0xE7, 0x38, 0x1C, 0xC3, 0xB8, 0x1F, 0xC3, 0xB8, 0x0F, 0xC3, 0xF8, 0x0F, 0xC1,
    0xF0, 0x0F, 0x81, 0xF0, 0x07, 0x81, 0xF0, 0x07, 0x81, 0xE0, 0x07, 0x00, 0xE0, 0x78, 0x0F, 0x1C,
    0x07, 0x0F, 0x07, 0x83, 0xC7, 0x80, 0xE3, 0x80, 0x7B, 0xC0, 0x1F, 0xC0, 0x07, 0xC0, 0x03, 0xE0,
    0x01, 0xF0, 0x01, 0xFC, 0x00, 0xEE, 0x00, 0xF7, 0x80, 0xF1, 0xE0, 0x70, 0x70, 0x78, 0x3C, 0x78,
    0x0F, 0x38, 0x03, 0x80, 0xF0, 0x0F, 0x3C, 0x07, 0x0E, 0x07, 0x87, 0x83, 0x81, 0xE3, 0xC0, 0x71,
    0xC0, 0x3D, 0xC0, 0x0F, 0xE0, 0x07, 0xE0, 0x01, 0xF0, 0x00, 0x70, 0x00, 0x38, 0x00, 0x1C, 0x00,
    0x0E, 0x00, 0x07, 0x00, 0x03, 0x80, 0x01, 0xC0, 0x00, 0xE0, 0x00, 0xFF, 0xFF, 0xFF, 0xFF, 0xFE,
    0x00, 0xE0, 0x0E, 0x00, 0xF0, 0x0F, 0x00, 0x70, 0x07, 0x80, 0x78, 0x03, 0x80, 0x38, 0x03, 0xC0,
    0x3C, 0x01, 0xC0, 0x1F, 0xFF, 0xFF, 0xFF, 0xFF, 0xC0, 0xFF, 0xFF, 0xCE, 0x73, 0x9C, 0xE7, 0x39,
    0xCE, 0x73, 0x9C, 0xE7, 0x39, 0xCF, 0xFF, 0xE0, 0x70, 0x07, 0x00, 0x30, 0x03, 0x80, 0x38, 0x01,
    0x80, 0x1C, 0x01, 0xC0, 0x0C, 0x00, 0xE0, 0x0E, 0x00, 0x60, 0x07, 0x00, 0x70, 0x03, 0x00, 0x38,
    0x03, 0x80, 0x18, 0x01, 0xC0, 0x1C, 0x00, 0xC0, 0x0E, 0x00, 0xE0, 0xFF, 0xF7, 0xC7, 0x1C, 0x71,
    0xC7, 0x1C, 0x71, 0xC7, 0x1C, 0x71, 0xC7, 0x1C, 0x71, 0xC7, 0x7F, 0xFF, 0xC0, 0x06, 0x00, 0xF0,
    0x1F, 0x83, 0xBC, 0x39, 0xC7, 0x0E, 0xE0, 0xF0, 0xFF, 0xFF, 0xFF, 0xFF, 0xFE, 0x70, 0x70, 0x70,
    0x60, 0x1F, 0x83, 0xFE, 0x7F, 0xE7, 0x07, 0x00, 0x70, 0xFF, 0x7F, 0xFF, 0xFF, 0xF0, 0x7E, 0x07,
    0xE0, 0xFF, 0xFF, 0x7F, 0xF3, 0xE7, 0xE0, 0x07, 0x00, 0x38, 0x01, 0xC0, 0x0E, 0x7C, 0x7F, 0xF3,
    0xFF, 0xDE, 0x0E, 0xE0, 0x3F, 0x01, 0xF8, 0x0F, 0xC0, 0x7E, 0x03, 0xF0, 0x3F, 0xC1, 0xDF, 0xFE,
    0xFF, 0xE7, 0x3E, 0x00, 0x1F, 0x83, 0xFE, 0x7F, 0xE7, 0x07, 0xE0, 0x7E, 0x00, 0xE0, 0x0E, 0x00,
    0xE0, 0x0E, 0x07, 0x70, 0x77, 0xFE, 0x3F, 0xC1, 0xF8, 0x00, 0x38, 0x01, 0xC0, 0x0E, 0x00, 0x71,
    0xF3, 0x9F, 0xDD, 0xFF, 0xFE, 0x0F, 0xE0, 0x3F, 0x01, 0xF8, 0x0F, 0xC0, 0x7E, 0x03, 0xF0, 0x1F,
    0xC1, 0xEF, 0xFF, 0x3F, 0xB8, 0xF9, 0xC0, 0x0F, 0xC1, 0xFF, 0x1F, 0xFD, 0xE0, 0xEE, 0x03, 0xFF,
    0xFF, 0xFF, 0xFF, 0xFF, 0xE0, 0x07, 0x00, 0x1C, 0x1E, 0xFF, 0xE3, 0xFE, 0x07, 0xE0, 0x1F, 0x3F,
    0x3F, 0x38, 0xFF, 0xFF, 0xFF, 0x38, 0x38, 0x38, 0x38, 0x38, 0x38, 0x38, 0x38, 0x38, 0x38, 0x38,
    0x1F, 0x39, 0xFD, 0xDF, 0xFF, 0xE0, 0xFE, 0x03, 0xF0, 0x1F, 0x80, 0xFC, 0x07, 0xE0, 0x3F, 0x01,
    0xFC, 0x1E, 0xFF, 0xF3, 0xFB, 0x8F, 0x9C, 0x00, 0xEE, 0x0E, 0x7F, 0xF3, 0xFF, 0x07, 0xF0, 0xE0,
    0x0E, 0x00, 0xE0, 0x0E, 0x00, 0xE7, 0xCF, 0xFE, 0xFF, 0xEF, 0x0F, 0xE0, 0x7E, 0x07, 0xE0, 0x7E,
    0x07, 0xE0, 0x7E, 0x07, 0xE0, 0x7E, 0x07, 0xE0, 0x7E, 0x07, 0xFF, 0xF0, 0xEE, 0xEE, 0xEE, 0xEE,
    0xEE, 0xEE, 0xEE, 0x1E, 0x3C, 0x78, 0x01, 0xC3, 0x87, 0x0E, 0x1C, 0x38, 0x70, 0xE1, 0xC3, 0x87,
    0x0E, 0x1C, 0x38, 0x70, 0xE7, 0xDF, 0x3C, 0x00, 0xE0, 0x07, 0x00, 0x38, 0x01, 0xC0, 0x0E, 0x0E,
    0x70, 0xE3, 0x8E, 0x1C, 0xE0, 0xEF, 0x07, 0xF0, 0x3F, 0x81, 0xFC, 0x0F, 0x70, 0x73, 0xC3, 0x8F,
    0x1C, 0x38, 0xE0, 0xE7, 0x07, 0x80, 0xE3, 0x8E, 0x38, 0xE3, 0x8E, 0x38, 0xE3, 0x8E, 0x38, 0xE3,
    0x8E, 0x3E, 0x7D, 0xF0, 0xE7, 0x8F, 0x9F, 0xFB, 0xFB, 0xFF, 0xFF, 0x78, 0xF8, 0xFE, 0x0E, 0x0F,
    0xC1, 0xC1, 0xF8, 0x38, 0x3F, 0x07, 0x07, 0xE0, 0xE0, 0xFC, 0x1C, 0x1F, 0x83, 0x83, 0xF0, 0x70,
    0x7E, 0x0E, 0x0F, 0xC1, 0xC1, 0xC0, 0xE7, 0xCF, 0xFE, 0xFF, 0xEF, 0x0F, 0xE0, 0x7E, 0x07, 0xE0,
    0x7E, 0x07, 0xE0, 0x7E, 0x07, 0xE0, 0x7E, 0x07, 0xE0, 0x7E, 0x07, 0x0F, 0x81, 0xFF, 0x1F, 0xFC,
    0xE0, 0xEE, 0x03, 0xF0, 0x1F, 0x80, 0xFC, 0x07, 0xE0, 0x3F, 0x01, 0xDC, 0x1C, 0xFF, 0xE3, 0xFE,
    0x07, 0xC0, 0xE7, 0xC7, 0xFF, 0x3F, 0xFD, 0xE0, 0xEE, 0x03, 0xF0, 0x1F, 0x80, 0xFC, 0x07, 0xE0,
    0x3F, 0x03, 0xFC, 0x1D, 0xFF, 0xEF, 0xFE, 0x73, 0xE3, 0x80, 0x1C, 0x00, 0xE0, 0x07, 0x00, 0x38,
    0x00, 0x1F, 0x39, 0xFD, 0xDF, 0xFF, 0xE0, 0xFE, 0x03, 0xF0, 0x1F, 0x80, 0xFC, 0x07, 0xE0, 0x3F,
    0x01, 0xFC, 0x1E, 0xFF, 0xF3, 0xFB, 0x8F, 0x9C, 0x00, 0xE0, 0x07, 0x00, 0x38, 0x01, 0xC0, 0x0E,
    0xEF, 0xFF, 0xFE, 0xF0, 0xE0, 0xE0, 0xE0, 0xE0, 0xE0, 0xE0, 0xE0, 0xE0, 0xE0, 0xE0, 0x1F, 0x83,
    0xFC, 0x7F, 0xE7, 0x0E, 0x70, 0x07, 0xC0, 0x3F, 0xC0, 0xFE, 0x00, 0xF0, 0x07, 0x70, 0x77, 0xFF,
    0x3F, 0xE1, 0xFC, 0x38, 0x1C, 0x0E, 0x1F, 0xEF, 0xF7, 0xF8, 0xE0, 0x70, 0x38, 0x1C, 0x0E, 0x07,
    0x03, 0x81, 0xC0, 0xFC, 0x3F, 0x0F, 0x80, 0xE0, 0x7E, 0x07, 0xE0, 0x7E, 0x07, 0xE0, 0x7E, 0x07,
    0xE0, 0x7E, 0x07, 0xE0, 0x7E, 0x07, 0xF0, 0xFF, 0xFF, 0x7F, 0x73, 0xE7, 0x70, 0x1D, 0xC0, 0x77,
    0x83, 0x8E, 0x0E, 0x38, 0x30, 0x71, 0xC1, 0xC7, 0x07, 0x18, 0x0E, 0xE0, 0x3B, 0x80, 0x7C, 0x01,
    0xF0, 0x07, 0xC0, 0x0E, 0x00, 0x70, 0x70, 0x77, 0x07, 0x07, 0x70, 0xF8, 0x63, 0x8F, 0x8E, 0x38,
    0xF8, 0xE3, 0x9D, 0x8E, 0x39, 0xDC, 0xC1, 0xD9, 0xDC, 0x1D, 0x8D, 0xC1, 0xF8, 0xFC, 0x1F, 0x0F,
    0x80, 0xF0, 0x78, 0x0F, 0x07, 0x80, 0xE0, 0x78, 0x70, 0x38, 0xE1, 0xC3, 0xCF, 0x07, 0x38, 0x0F,
    0xC0, 0x3F, 0x00, 0x78, 0x01, 0xE0, 0x0F, 0xC0, 0x77, 0x81, 0xCE, 0x0E, 0x1C, 0x78, 0x79, 0xC0,
    0xE0, 0xF0, 0x1D, 0xC0, 0xE7, 0x03, 0x8E, 0x0E, 0x38, 0x70, 0x71, 0xC1, 0xC7, 0x07, 0x38, 0x0E,
    0xE0, 0x3B, 0x00, 0x7C, 0x01, 0xF0, 0x07, 0x80, 0x0E, 0x00, 0x30, 0x01, 0xC0, 0x1F, 0x00, 0x78,
    0x01, 0xC0, 0x00, 0xFF, 0xFF, 0xFF, 0xFF, 0x80, 0xE0, 0x38, 0x0E, 0x03, 0xC0, 0xF0, 0x1C, 0x07,
    0x01, 0xC0, 0x7F, 0xFF, 0xFF, 0xFF, 0xC0, 0x3D, 0xF7, 0xDC, 0x71, 0xC7, 0x1C, 0x71, 0xCF, 0x38,
    0xF1, 0xC7, 0x1C, 0x71, 0xC7, 0x1C, 0x7C, 0xF1, 0xC0, 0xFF, 0xFF, 0xFF, 0xFF, 0xFF, 0xFF, 0xFF,
    0xFF, 0xF8, 0xF1, 0xF1, 0xF0, 0xE1, 0xC3, 0x87, 0x0E, 0x1C, 0x38, 0x78, 0x71, 0xE3, 0x87, 0x0E,
    0x1C, 0x38, 0x70, 0xE7, 0xDF, 0x3C, 0x00, 0x08, 0x00, 0xF8, 0x47, 0xFF, 0x9C, 0xFC, 0x01, 0xE0,
    0x6F, 0xF6, 0x00, 0x77, 0x77, 0x77, 0x77, 0x77, 0x77, 0x70, 0x07, 0x00, 0x38, 0x01, 0xC0, 0x3F,
    0x83, 0xFE, 0x3C, 0x7B, 0xC1, 0xDC, 0x00, 0xE0, 0x07, 0x00, 0x38, 0x01, 0xC0, 0x0E, 0x00, 0x78,
    0x39, 0xE3, 0xC7, 0xFC, 0x1F, 0xC0, 0x38, 0x01, 0xC0, 0x0E, 0x00, 0x07, 0xE0, 0xFF, 0x87, 0xFE,
    0x70, 0xF3, 0x83, 0x9C, 0x00, 0xE0, 0x07, 0x00, 0xFF, 0x87, 0xFC, 0x3F, 0xE0, 0x70, 0x03, 0x80,
    0x1C, 0x00, 0xE0, 0x1F, 0xFF, 0xFF, 0xFF, 0xFF, 0xC0, 0x00, 0x00, 0x80, 0x47, 0xFF, 0x8F, 0xFC,
    0x3F, 0xF0, 0xE1, 0xC3, 0x87, 0x0E, 0x1C, 0x38, 0x70, 0xFF, 0xC3, 0xFF, 0x1F, 0xFE, 0x30, 0x10,
    0x00, 0x00, 0x78, 0x0F, 0x3C, 0x07, 0x0F, 0x07, 0x83, 0x83, 0x81, 0xE3, 0xC0, 0x71, 0xC0, 0x3D,
    0xE0, 0x0F, 0xE0, 0x3F, 0xFE, 0x1F, 0xFF, 0x0F, 0xFF, 0x80, 0x38, 0x03, 0xFF, 0xE1, 0xFF, 0xF0,
    0xFF, 0xF8, 0x03, 0x80, 0x01, 0xC0, 0x00, 0xE0, 0x00, 0xFF, 0xFF, 0xFF, 0xFC, 0x01, 0xFF, 0xFF,
    0xFF, 0xF8, 0x1F, 0x87, 0xF9, 0xFF, 0xB8, 0x77, 0x00, 0xF0, 0x0F, 0x81, 0xFC, 0x7F, 0xDE, 0x3F,
    0x83, 0xF0, 0x7E, 0x0F, 0xE3, 0xDF, 0xF1, 0xFC, 0x07, 0xC0, 0x3C, 0x03, 0xB8, 0x77, 0xFE, 0x7F,
    0x87, 0xE0, 0xE7, 0xE7, 0xE7, 0x03, 0xF8, 0x01, 0xFF, 0xC0, 0x7F, 0xFC, 0x1E, 0x03, 0xC7, 0x9F,
    0x3C, 0xEF, 0xF3, 0xBD, 0xFE, 0x77, 0x78, 0xC7, 0xEE, 0x00, 0xFD, 0xC0, 0x1F, 0xB8, 0x03, 0xF7,
    0x8E, 0x7F, 0x7F, 0x9C, 0xEF, 0xF3, 0x9E, 0x78, 0xF1, 0xE0, 0x3C, 0x1F, 0xFF, 0x01, 0xFF, 0xC0,
    0x0F, 0xE0, 0x00, 0x1F, 0x83, 0xFE, 0x7F, 0xE7, 0x07, 0x00, 0x70, 0x07, 0x3F, 0xF7, 0xFF, 0xF0,
    0x7E, 0x07, 0xE0, 0xFF, 0xFF, 0x7F, 0xF3, 0xE7, 0x00, 0x00, 0x41, 0x1C, 0x73, 0xCF, 0x79, 0xEF,
    0x3C, 0xE3, 0x8E, 0x38, 0xF3, 0xC7, 0x9E, 0x1C, 0x70, 0xC3, 0x00, 0x00, 0xFF, 0xEF, 0xFF, 0xFF,
    0xF0, 0x07, 0x00, 0x70, 0x07, 0x00, 0x70, 0x07, 0xFF, 0xFF, 0xFF, 0x07, 0x80, 0x7F, 0x83, 0x87,
    0x1C, 0x0E, 0x6F, 0x9B, 0x3F, 0x3C, 0xCC, 0xF3, 0xF3, 0xCF, 0x8F, 0x36, 0x3E, 0xDD, 0xD9, 0x26,
    0x38, 0x70, 0x7F, 0x80, 0xFC, 0x00, 0xFF, 0xFF, 0xF8, 0x18, 0x7E, 0x7E, 0xE7, 0xE7, 0xE7, 0xFF,
    0x7E, 0x3C, 0x0E, 0x00, 0xE0, 0x0E, 0x00, 0xE0, 0x0E, 0x0F, 0xFF, 0xFF, 0xFF, 0xFF, 0x0E, 0x00,
    0xE0, 0x00, 0x00, 0x00, 0xFF, 0xFF, 0xFF, 0xFF, 0xF0, 0x3E, 0x7F, 0xF7, 0x47, 0x07, 0x1E, 0x3C,
    0x78, 0xFF, 0xFF, 0x3E, 0x3F, 0x9D, 0xE0, 0x71, 0xF0, 0x78, 0x0E, 0xE7, 0x7F, 0x9F, 0x80, 0x1C,
    0x71, 0xC3, 0x00, 0xE0, 0x7E, 0x07, 0xE0, 0x7E, 0x07, 0xE0, 0x7E, 0x07, 0xE0, 0x7E, 0x07, 0xE0,
    0x7E, 0x07, 0xF0, 0xFF, 0xFF, 0xFF, 0x7F, 0xE7, 0xE0, 0x0E, 0x00, 0xE0, 0x0E, 0x00, 0xE0, 0x00,
    0x1F, 0xF9, 0xFF, 0xDF, 0xFE, 0xFC, 0x7F, 0xE3, 0xFF, 0x1D, 0xF8, 0xEF, 0xC7, 0x3E, 0x38, 0xF1,
    0xC3, 0x8E, 0x1C, 0x70, 0xE3, 0x87, 0x1C, 0x38, 0xE1, 0xC7, 0x0E, 0x38, 0x71, 0xC3, 0x8E, 0x1C,
    0x70, 0xE3, 0x87, 0x1C, 0x38, 0xE0, 0x6F, 0xF6, 0x30, 0xE3, 0xC7, 0xFF, 0xE0, 0x3D, 0xFF, 0xF7,
    0x1C, 0x71, 0xC7, 0x1C, 0x70, 0x00, 0x7E, 0x7E, 0xE7, 0xE7, 0xE7, 0xE7, 0x7E, 0x3C, 0x00, 0x08,
    0x20, 0xC3, 0x0E, 0x38, 0xF3, 0xC3, 0x8E, 0x1C, 0x71, 0xC7, 0x79, 0xEF, 0x3C, 0xE3, 0x8C, 0x30,
    0x82, 0x00, 0x3C, 0x00, 0x07, 0xC0, 0x00, 0xFC, 0x07, 0x0D, 0xC0, 0xE0, 0x1C, 0x1C, 0x01, 0xC1,
    0xC0, 0x1C, 0x38, 0x01, 0xC7, 0x80, 0x1C, 0x70, 0x01, 0xCE, 0x0E, 0x01, 0xE1, 0xE0, 0x1C, 0x3E,
    0x03, 0x87, 0xE0, 0x78, 0x6E, 0x07, 0x0E, 0xE0, 0xE1, 0xFF, 0x1E, 0x1F, 0xF1, 0xC1, 0xFF, 0x38,
    0x00, 0xE7, 0x80, 0x0E, 0x3C, 0x00, 0x0F, 0x80, 0x03, 0xF0, 0x38, 0x6E, 0x07, 0x01, 0xC1, 0xC0,
    0x38, 0x78, 0x07, 0x0E, 0x00, 0xE3, 0x80, 0x1C, 0xF0, 0x03, 0x9C, 0x00, 0x07, 0x3F, 0x00, 0xEF,
    0xF0, 0x39, 0xCE, 0x0E, 0x01, 0xC1, 0xC0, 0x70, 0x70, 0x1E, 0x1E, 0x07, 0x03, 0x83, 0xFC, 0xE0,
    0x7F, 0xBC, 0x0F, 0xF0, 0x0C, 0x00, 0x00, 0x7E, 0x00, 0x01, 0xFE, 0x00, 0x03, 0x9C, 0x07, 0x00,
    0xF8, 0x1C, 0x03, 0xE0, 0x78, 0x07, 0xC0, 0xE0, 0x01, 0xC3, 0x80, 0xF3, 0x8F, 0x00, 0xFF, 0x1C,
    0x00, 0xFC, 0x70, 0x70, 0x01, 0xE1, 0xE0, 0x03, 0x87, 0xC0, 0x0E, 0x0F, 0x80, 0x3C, 0x37, 0x00,
    0x70, 0xEE, 0x01, 0xC3, 0xFE, 0x07, 0x87, 0xFC, 0x0E, 0x0F, 0xF8, 0x38, 0x00, 0xE0, 0xF0, 0x01,
    0xC0, 0x06, 0x01, 0xE0, 0x3C, 0x03, 0x00, 0x00, 0x00, 0x03, 0x80, 0x70, 0x0E, 0x03, 0xC0, 0xF0,
    0x3C, 0x0F, 0x01, 0xC0, 0x38, 0x3F, 0x07, 0x7F, 0xCF, 0xF8, 0x7C, 0x00, 0x0E, 0x00, 0x07, 0x80,
    0x01, 0xC0, 0x00, 0x70, 0x00, 0x18, 0x00, 0x00, 0x00, 0x07, 0x00, 0x07, 0xC0, 0x03, 0xE0, 0x01,
    0xF0, 0x01, 0xFC, 0x00, 0xEE, 0x00, 0x77, 0x00, 0x71, 0xC0, 0x38, 0xE0, 0x3C, 0x78, 0x1C, 0x1C,
    0x0F, 0xFE, 0x0F, 0xFF, 0x87, 0xFF, 0xC3, 0x80, 0xE3, 0x80, 0x79, 0xC0, 0x1D, 0xE0, 0x0F, 0x00,
    0x38, 0x00, 0x3C, 0x00, 0x1C, 0x00, 0x1C, 0x00, 0x0C, 0x00, 0x00, 0x00, 0x07, 0x00, 0x07, 0xC0,
    0x03, 0xE0, 0x01, 0xF0, 0x01, 0xFC, 0x00, 0xEE, 0x00, 0x77, 0x00, 0x71, 0xC0, 0x38, 0xE0, 0x3C,
    0x78, 0x1C, 0x1C, 0x0F, 0xFE, 0x0F, 0xFF, 0x87, 0xFF, 0xC3, 0x80, 0xE3, 0x80, 0x79, 0xC0, 0x1D,
    0xE0, 0x0F, 0x01, 0xC0, 0x01, 0xF0, 0x00, 0xF8, 0x00, 0xEE, 0x00, 0x63, 0x00, 0x00, 0x00, 0x07,
    0x00, 0x07, 0xC0, 0x03, 0xE0, 0x01, 0xF0, 0x01, 0xFC, 0x00, 0xEE, 0x00, 0x77, 0x00, 0x71, 0xC0,
    0x38, 0xE0, 0x3C, 0x78, 0x1C, 0x1C, 0x0F, 0xFE, 0x0F, 0xFF, 0x87, 0xFF, 0xC3, 0x80, 0xE3, 0x80,
    0x79, 0xC0, 0x1D, 0xE0, 0x0F, 0x07, 0x98, 0x07, 0xFC, 0x03, 0xFC, 0x00, 0x0C, 0x00, 0x00, 0x00,
    0x0E, 0x00, 0x0F, 0x80, 0x07, 0xC0, 0x03, 0xE0, 0x03, 0xF8, 0x01, 0xDC, 0x00, 0xEE, 0x00, 0xE3,
    0x80, 0x71, 0xC0, 0x78, 0xF0, 0x38, 0x38, 0x1F, 0xFC, 0x1F, 0xFF, 0x0F, 0xFF, 0x87, 0x01, 0xC7,
    0x00, 0xF3, 0x80, 0x3B, 0xC0, 0x1E, 0x06, 0x30, 0x07, 0xBC, 0x03, 0xDE, 0x00, 0xC6, 0x00, 0x00,
    0x00, 0x0E, 0x00, 0x07, 0x00, 0x07, 0xC0, 0x03, 0xE0, 0x01, 0xF0, 0x01, 0xDC, 0x00, 0xEE, 0x00,
    0x67, 0x00, 0x71, 0xC0, 0x38, 0xE0, 0x3C, 0x78, 0x1F, 0xFC, 0x0F, 0xFE, 0x0F, 0xFF, 0x87, 0x01,
    0xC7, 0x80, 0xF3, 0x80, 0x39, 0xC0, 0x1C, 0x03, 0xC0, 0x07, 0xE0, 0x06, 0x60, 0x06, 0x60, 0x07,
    0xE0, 0x03, 0xC0, 0x00, 0x00, 0x03, 0xC0, 0x03, 0xC0, 0x03, 0xC0, 0x07, 0xE0, 0x07, 0xE0, 0x0E,
    0xF0, 0x0E, 0x70, 0x0E, 0x70, 0x1C, 0x78, 0x1C, 0x38, 0x1C, 0x38, 0x3F, 0xFC, 0x3F, 0xFC, 0x3F,
    0xFC, 0x70, 0x1E, 0x70, 0x0E, 0xF0, 0x0F, 0xE0, 0x07, 0x00, 0x3F, 0xFE, 0x00, 0xFF, 0xFC, 0x01,
    0xFF, 0xF8, 0x07, 0xE0, 0x00, 0x0F, 0xC0, 0x00, 0x3B, 0x80, 0x00, 0xF7, 0x00, 0x01, 0xCF, 0xFE,
    0x07, 0x9F, 0xFC, 0x0E, 0x3F, 0xF8, 0x3C, 0x70, 0x00, 0x7F, 0xE0, 0x01, 0xFF, 0xC0, 0x07, 0xFF,
    0x80, 0x0E, 0x07, 0x00, 0x3C, 0x0F, 0xFF, 0x70, 0x1F, 0xFF, 0xE0, 0x3F, 0xFC, 0x0F, 0xE0, 0x3F,
    0xF0, 0xFF, 0xF3, 0xC1, 0xE7, 0x01, 0xFC, 0x01, 0xF8, 0x00, 0x70, 0x00, 0xE0, 0x01, 0xC0, 0x03,
    0x80, 0x07, 0x00, 0x0E, 0x00, 0xEE, 0x03, 0xDE, 0x0F, 0x1F, 0xFE, 0x1F, 0xF8, 0x1F, 0xC0, 0x0C,
    0x00, 0x1E, 0x00, 0x1C, 0x00, 0xF8, 0x01, 0xE0, 0x00, 0x70, 0x03, 0x80, 0x1C, 0x01, 0xC0, 0x06,
    0x00, 0x00, 0xFF, 0xFF, 0xFF, 0xFF, 0xFE, 0x00, 0xE0, 0x0E, 0x00, 0xE0, 0x0F, 0xFE, 0xFF, 0xEF,
    0xFE, 0xE0, 0x0E, 0x00, 0xE0, 0x0E, 0x00, 0xE0, 0x0F, 0xFF, 0xFF, 0xFF, 0xFF, 0x01, 0xC0, 0x3C,
    0x03, 0x80, 0x70, 0x06, 0x00, 0x00, 0xFF, 0xFF, 0xFF, 0xFF, 0xFE, 0x00, 0xE0, 0x0E, 0x00, 0xE0,
    0x0F, 0xFE, 0xFF, 0xEF, 0xFE, 0xE0, 0x0E, 0x00, 0xE0, 0x0E, 0x00, 0xE0, 0x0F, 0xFF, 0xFF, 0xFF,
    0xFF, 0x0E, 0x01, 0xF0, 0x1F, 0x83, 0xBC, 0x30, 0xC0, 0x00, 0xFF, 0xFF, 0xFF, 0xFF, 0xFE, 0x00,
    0xE0, 0x0E, 0x00, 0xE0, 0x0F, 0xFE, 0xFF, 0xEF, 0xFE, 0xE0, 0x0E, 0x00, 0xE0, 0x0E, 0x00, 0xE0,
    0x0F, 0xFF, 0xFF, 0xFF, 0xFF, 0x30, 0xC7, 0x9E, 0x79, 0xE3, 0x0C, 0x00, 0x0F, 0xFF, 0xFF, 0xFF,
    0xFF, 0xE0, 0x0E, 0x00, 0xE0, 0x0E, 0x00, 0xFF, 0xEF, 0xFE, 0xFF, 0xEE, 0x00, 0xE0, 0x0E, 0x00,
    0xE0, 0x0E, 0x00, 0xFF, 0xFF, 0xFF, 0xFF, 0xF0, 0x70, 0xF0, 0xE0, 0xE0, 0xC0, 0x03, 0x87, 0x0E,
    0x1C, 0x38, 0x70, 0xE1, 0xC3, 0x87, 0x0E, 0x1C, 0x38, 0x70, 0xE1, 0xC3, 0x87, 0x1C, 0x71, 0xE3,
    0x84, 0x00, 0x38, 0x70, 0xE1, 0xC3, 0x87, 0x0E, 0x1C, 0x38, 0x70, 0xE1, 0xC3, 0x87, 0x0E, 0x1C,
    0x38, 0x70, 0x1C, 0x1F, 0x0F, 0x8E, 0xE6, 0x30, 0x00, 0x70, 0x38, 0x1C, 0x0E, 0x07, 0x03, 0x81,
    0xC0, 0xE0, 0x70, 0x38, 0x1C, 0x0E, 0x07, 0x03, 0x81, 0xC0, 0xE0, 0x70, 0x38, 0x63, 0x7B, 0xFD,
    0xEC, 0x60, 0x00, 0xE0, 0x70, 0x38, 0x1C, 0x0E, 0x07, 0x03, 0x81, 0xC0, 0xE0, 0x70, 0x38, 0x1C,
    0x0E, 0x07, 0x03, 0x81, 0xC0, 0xE0, 0x70, 0x3F, 0xE0, 0x3F, 0xF8, 0x3F, 0xFC, 0x38, 0x1E, 0x38,
    0x0E, 0x38, 0x0F, 0x38, 0x07, 0xFF, 0x87, 0xFF, 0x87, 0xFF, 0x87, 0x38, 0x07, 0x38, 0x07, 0x38,
    0x0E, 0x38, 0x0E, 0x38, 0x1E, 0x3F, 0xFC, 0x3F, 0xF8, 0x3F, 0xE0, 0x0F, 0x30, 0x3F, 0xE0, 0x7F,
    0x80, 0x06, 0x00, 0x00, 0x1C, 0x01, 0xFC, 0x03, 0xFC, 0x07, 0xF8, 0x0F, 0xF8, 0x1F, 0xF8, 0x3F,
    0x78, 0x7E, 0xF0, 0xFC, 0xF1, 0xF8, 0xF3, 0xF0, 0xE7, 0xE1, 0xEF, 0xC1, 0xFF, 0x81, 0xFF, 0x03,
    0xFE, 0x03, 0xFC, 0x03, 0xF8, 0x03, 0x80, 0x1C, 0x00, 0x0E, 0x00, 0x07, 0x00, 0x07, 0x80, 0x01,
    0x80, 0x00, 0x00, 0x07, 0xE0, 0x1F, 0xF8, 0x3F, 0xFC, 0x78, 0x1E, 0x70, 0x0E, 0xE0, 0x0F, 0xE0,
    0x07, 0xE0, 0x07, 0xE0, 0x07, 0xE0, 0x07, 0xE0, 0x07, 0xE0, 0x07, 0xF0, 0x0E, 0x70, 0x0E, 0x78,
    0x3E, 0x3F, 0xFC, 0x1F, 0xF8, 0x07, 0xE0, 0x00, 0x38, 0x00, 0x70, 0x00, 0xE0, 0x01, 0xC0, 0x01,
    0x80, 0x00, 0x00, 0x07, 0xE0, 0x1F, 0xF8, 0x3F, 0xFC, 0x78, 0x1E, 0x70, 0x0E, 0xE0, 0x0F, 0xE0,
    0x07, 0xE0, 0x07, 0xE0, 0x07, 0xE0, 0x07, 0xE0, 0x07, 0xE0, 0x07, 0xF0, 0x0E, 0x70, 0x0E, 0x78,
    0x3E, 0x3F, 0xFC, 0x1F, 0xF8, 0x07, 0xE0, 0x03, 0x80, 0x07, 0xC0, 0x07, 0xE0, 0x0E, 0x70, 0x0C,
    0x30, 0x00, 0x00, 0x07, 0xE0, 0x1F, 0xF8, 0x3F, 0xFC, 0x78, 0x1E, 0x70, 0x0E, 0xE0, 0x0F, 0xE0,
    0x07, 0xE0, 0x07, 0xE0, 0x07, 0xE0, 0x07, 0xE0, 0x07, 0xE0, 0x07, 0xE0, 0x0E, 0x70, 0x0E, 0x78,
    0x1E, 0x3F, 0xFC, 0x1F, 0xF8, 0x07, 0xE0, 0x06, 0x00, 0x0F, 0xF8, 0x1F, 0xF0, 0x09, 0xE0, 0x00,
    0x00, 0x00, 0x00, 0x07, 0xE0, 0x1F, 0xF8, 0x3F, 0xFC, 0x78, 0x1E, 0x70, 0x0E, 0xE0, 0x0F, 0xE0,
    0x07, 0xE0, 0x07, 0xE0, 0x07, 0xE0, 0x07, 0xE0, 0x07, 0xE0, 0x07, 0xE0, 0x0E, 0x70, 0x0E, 0x78,
    0x1E, 0x3F, 0xFC, 0x1F, 0xF8, 0x07, 0xE0, 0x0C, 0x30, 0x1E, 0x78, 0x1E, 0x78, 0x0C, 0x30, 0x00,
    0x00, 0x00, 0x00, 0x07, 0xE0, 0x1F, 0xF8, 0x3F, 0xFC, 0x78, 0x1E, 0x70, 0x0E, 0xE0, 0x0F, 0xE0,
    0x07, 0xE0, 0x07, 0xE0, 0x07, 0xE0, 0x07, 0xE0, 0x07, 0xE0, 0x07, 0xE0, 0x0E, 0x70, 0x0E, 0x78,
    0x1E, 0x3F, 0xFC, 0x1F, 0xF8, 0x07, 0xE0, 0x20, 0x47, 0x0E, 0x79, 0xE3, 0xFC, 0x1F, 0x80, 0xF0,
    0x1F, 0x83, 0xFC, 0x79, 0xE7, 0x0E, 0x20, 0x40, 0x00, 0x07, 0xF2, 0x1F, 0xFE, 0x3F, 0xFE, 0x78,
    0x1E, 0x70, 0x3E, 0xE0, 0x7F, 0xE0, 0x67, 0xE0, 0xE7, 0xE1, 0xC7, 0xE3, 0x87, 0xE7, 0x07, 0xEE,
    0x07, 0xFC, 0x0E, 0x7C, 0x0E, 0x78, 0x1E, 0x7F, 0xFC, 0x7F, 0xF8, 0x4F, 0xE0, 0x18, 0x00, 0x70,
    0x00, 0xE0, 0x01, 0xC0, 0x03, 0x00, 0x00, 0x0E, 0x01, 0xF8, 0x07, 0xE0, 0x1F, 0x80, 0x7E, 0x01,
    0xF8, 0x07, 0xE0, 0x1F, 0x80, 0x7E, 0x01, 0xF8, 0x07, 0xE0, 0x1F, 0x80, 0x7E, 0x01, 0xFC, 0x0F,
    0x70, 0x39, 0xFF, 0xE3, 0xFF, 0x03, 0xF0, 0x00, 0x60, 0x03, 0x80, 0x1C, 0x00, 0xE0, 0x03, 0x00,
    0x00, 0x0E, 0x01, 0xF8, 0x07, 0xE0, 0x1F, 0x80, 0x7E, 0x01, 0xF8, 0x07, 0xE0, 0x1F, 0x80, 0x7E,
    0x01, 0xF8, 0x07, 0xE0, 0x1F, 0x80, 0x7E, 0x01, 0xFC, 0x0F, 0x70, 0x39, 0xFF, 0xE3, 0xFF, 0x03,
    0xF0, 0x03, 0x00, 0x1E, 0x00, 0xFC, 0x07, 0x38, 0x18, 0x60, 0x00, 0x0E, 0x01, 0xF8, 0x07, 0xE0,
    0x1F, 0x80, 0x7E, 0x01, 0xF8, 0x07, 0xE0, 0x1F, 0x80, 0x7E, 0x01, 0xF8, 0x07, 0xE0, 0x1F, 0x80,
    0x7E, 0x01, 0xFC, 0x0F, 0x70, 0x39, 0xFF, 0xE3, 0xFF, 0x03, 0xF0, 0x18, 0x60, 0xF3, 0xC3, 0xCF,
    0x06, 0x18, 0x00, 0x00, 0x00, 0x0E, 0x01, 0xF8, 0x07, 0xE0, 0x1F, 0x80, 0x7E, 0x01, 0xF8, 0x07,
    0xE0, 0x1F, 0x80, 0x7E, 0x01, 0xF8, 0x07, 0xE0, 0x1F, 0x80, 0x7E, 0x01, 0xF8, 0x07, 0x70, 0x39,
    0xFF, 0xE3, 0xFF, 0x03, 0xF0, 0x00, 0x78, 0x00, 0x78, 0x00, 0x38, 0x00, 0x38, 0x00, 0x00, 0x07,
    0x80, 0x79, 0xE0, 0x38, 0x70, 0x3C, 0x3C, 0x1C, 0x0F, 0x1E, 0x03, 0x8E, 0x01, 0xEE, 0x00, 0x7F,
    0x00, 0x3F, 0x00, 0x0F, 0x80, 0x03, 0x80, 0x01, 0xC0, 0x00, 0xE0, 0x00, 0x70, 0x00, 0x38, 0x00,
    0x1C, 0x00, 0x0E, 0x00, 0x07, 0x00, 0xE0, 0x07, 0x00, 0x38, 0x01, 0xFF, 0x8F, 0xFE, 0x7F, 0xFB,
    0x81, 0xFC, 0x07, 0xE0, 0x3F, 0x01, 0xF8, 0x0F, 0xC0, 0xFF, 0xFF, 0x7F, 0xF3, 0xFC, 0x1C, 0x00,
    0xE0, 0x07, 0x00, 0x00, 0x1F, 0x07, 0xFC, 0x7F, 0xCF, 0x0E, 0xE0, 0xEE, 0x0E, 0xE1, 0xCE, 0x78,
    0xE7, 0xCE, 0x7E, 0xE0, 0xFE, 0x07, 0xE0, 0x7E, 0x07, 0xE0, 0xFE, 0x7E, 0xEF, 0xEE, 0xF8, 0x38,
    0x01, 0xC0, 0x0C, 0x00, 0xE0, 0x00, 0x01, 0xF8, 0x3F, 0xE7, 0xFE, 0x70, 0x70, 0x07, 0x0F, 0xF7,
    0xFF, 0xFF, 0xFF, 0x07, 0xE0, 0x7E, 0x0F, 0xFF, 0xF7, 0xFF, 0x3E, 0x70, 0x00, 0xE0, 0x1C, 0x03,
    0x80, 0x38, 0x02, 0x00, 0x00, 0x1F, 0x83, 0xFE, 0x7F, 0xE7, 0x07, 0x00, 0x70, 0x07, 0x3F, 0xF7,
    0xFF, 0xF0, 0x7E, 0x07, 0xE0, 0xFF, 0xFF, 0x7F, 0xF3, 0xE7, 0x07, 0x00, 0xF8, 0x1F, 0x81, 0x9C,
    0x30, 0xC0, 0x00, 0x1F, 0x83, 0xFE, 0x7F, 0xE7, 0x07, 0x00, 0x70, 0xFF, 0x7F, 0xFF, 0xFF, 0xF0,
    0x7E, 0x07, 0xE0, 0xFF, 0xFF, 0x7F, 0xF3, 0xE7, 0x00, 0x01, 0xFC, 0x3F, 0xC3, 0xF0, 0x00, 0x01,
    0xF8, 0x3F, 0xE7, 0xFE, 0x70, 0x70, 0x07, 0x0F, 0xF7, 0xFF, 0xFF, 0xFF, 0x07, 0xE0, 0x7E, 0x0F,
    0xFF, 0xF7, 0xFF, 0x3E, 0x70, 0x39, 0xC3, 0x9C, 0x39, 0xC0, 0x00, 0x1F, 0x83, 0xFE, 0x7F, 0xE7,
    0x07, 0x00, 0x70, 0xFF, 0x7F, 0xFF, 0xFF, 0xF0, 0x7E, 0x07, 0xE0, 0xFF, 0xFF, 0x7F, 0xF3, 0xE7,
    0x0F, 0x01, 0xF8, 0x19, 0x81, 0x98, 0x1F, 0x80, 0xF0, 0x00, 0x01, 0xF8, 0x3F, 0xE7, 0xFE, 0x70,
    0x70, 0x07, 0x0F, 0xF7, 0xFF, 0xFF, 0xFF, 0x07, 0xE0, 0x7E, 0x0F, 0xFF, 0xF7, 0xFF, 0x3E, 0x70,
    0x1F, 0x8F, 0xC1, 0xFE, 0xFF, 0x1F, 0xFF, 0xFC, 0xE0, 0xF0, 0x70, 0x07, 0x03, 0x87, 0xFF, 0xFD,
    0xFF, 0xFF, 0xFF, 0xFF, 0xFF, 0xF0, 0x70, 0x07, 0x03, 0x80, 0x38, 0x3E, 0x0F, 0xFF, 0xFF, 0xE7,
    0xF9, 0xFF, 0x1F, 0x83, 0xE0, 0x0F, 0x81, 0xFF, 0x1F, 0xF8, 0xE0, 0xEE, 0x07, 0x70, 0x03, 0x80,
    0x1C, 0x00, 0xE0, 0x07, 0x03, 0x9C, 0x1C, 0xFF, 0xC3, 0xFE, 0x0F, 0xC0, 0x18, 0x00, 0xF0, 0x03,
    0x80, 0x7C, 0x03, 0xC0, 0x38, 0x01, 0xC0, 0x07, 0x00, 0x1C, 0x00, 0x60, 0x00, 0x00, 0x3F, 0x07,
    0xFC, 0x7F, 0xF7, 0x83, 0xB8, 0x0F, 0xC0, 0x7F, 0xFF, 0xFF, 0xFF, 0x80, 0x1C, 0x00, 0x70, 0x7B,
    0xFF, 0x8F, 0xF8, 0x1F, 0x80, 0x00, 0xE0, 0x0F, 0x00, 0x70, 0x07, 0x00, 0x20, 0x00, 0x00, 0x3F,
    0x07, 0xFC, 0x7F, 0xF7, 0x83, 0xB8, 0x0F, 0xC0, 0x7F, 0xFF, 0xFF, 0xFF, 0x80, 0x1C, 0x00, 0x70,
    0x7B, 0xFF, 0x8F, 0xF8, 0x1F, 0x80, 0x07, 0x00, 0x7C, 0x07, 0xE0, 0x3B, 0x81, 0x0C, 0x00, 0x00,
    0x3F, 0x07, 0xFC, 0x7F, 0xF7, 0x83, 0xB8, 0x0F, 0xFF, 0xFF, 0xFF, 0xFF, 0xFF, 0x80, 0x1C, 0x00,
    0x70, 0x7B, 0xFF, 0x8F, 0xF8, 0x1F, 0x80, 0x39, 0xC1, 0xCE, 0x0E, 0x70, 0x00, 0x00, 0xFC, 0x1F,
    0xF1, 0xFF, 0xDE, 0x0E, 0xE0, 0x3F, 0xFF, 0xFF, 0xFF, 0xFF, 0xFE, 0x00, 0x70, 0x01, 0xC1, 0xCF,
    0xFE, 0x3F, 0xE0, 0x7E, 0x00, 0x70, 0x70, 0x70, 0x60, 0x01, 0xC3, 0x87, 0x0E, 0x1C, 0x38, 0x70,
    0xE1, 0xC3, 0x87, 0x0E, 0x1C, 0x38, 0x1C, 0x71, 0xC7, 0x00, 0x1C, 0x38, 0x70, 0xE1, 0xC3, 0x87,
    0x0E, 0x1C, 0x38, 0x70, 0xE1, 0xC3, 0x80, 0x1C, 0x1F, 0x1D, 0xDC, 0x60, 0x00, 0xE0, 0x70, 0x38,
    0x1C, 0x0E, 0x07, 0x03, 0x81, 0xC0, 0xE0, 0x70, 0x38, 0x1C, 0x0E, 0x07, 0x00, 0xE7, 0xE7, 0xE7,
    0x00, 0x1C, 0x1C, 0x1C, 0x1C, 0x1C, 0x1C, 0x1C, 0x1C, 0x1C, 0x1C, 0x1C, 0x1C, 0x1C, 0x1C, 0x00,
    0x00, 0xD0, 0x07, 0x80, 0x3F, 0x00, 0xFC, 0x04, 0xF0, 0x03, 0xC1, 0xFE, 0x3F, 0xF3, 0xFF, 0xDC,
    0x1F, 0xC0, 0x7E, 0x03, 0xF0, 0x1F, 0x80, 0xFC, 0x07, 0xE0, 0x3B, 0x83, 0x9F, 0xFC, 0x7F, 0xC0,
    0xF8, 0x00, 0x00, 0x01, 0xFC, 0x3F, 0xC3, 0xF8, 0x00, 0x0E, 0x7C, 0xFF, 0xEF, 0xFE, 0xF0, 0xFE,
    0x07, 0xE0, 0x7E, 0x07, 0xE0, 0x7E, 0x07, 0xE0, 0x7E, 0x07, 0xE0, 0x7E, 0x07, 0xE0, 0x70, 0x38,
    0x01, 0xE0, 0x07, 0x00, 0x1C, 0x00, 0x60, 0x00, 0x00, 0x3E, 0x07, 0xFC, 0x7F, 0xF3, 0x83, 0xB8,
    0x0F, 0xC0, 0x7E, 0x03, 0xF0, 0x1F, 0x80, 0xFC, 0x07, 0x70, 0x73, 0xFF, 0x8F, 0xF8, 0x1F, 0x00,
    0x00, 0xE0, 0x0F, 0x00, 0x70, 0x07, 0x00, 0x30, 0x00, 0x00, 0x3E, 0x07, 0xFC, 0x7F, 0xF3, 0x83,
    0xB8, 0x0F, 0xC0, 0x7E, 0x03, 0xF0, 0x1F, 0x80, 0xFC, 0x07, 0x70, 0x73, 0xFF, 0x8F, 0xF8, 0x1F,
    0x00, 0x07, 0x00, 0x7C, 0x03, 0xE0, 0x3B, 0x81, 0x8C, 0x00, 0x00, 0x3E, 0x07, 0xFC, 0x7F, 0xF3,
    0x83, 0xB8, 0x0F, 0xC0, 0x7E, 0x03, 0xF0, 0x1F, 0x80, 0xFC, 0x07, 0x70, 0x73, 0xFF, 0x8F, 0xF8,
    0x1F, 0x00, 0x00, 0x40, 0x7E, 0x07, 0xF0, 0x3F, 0x00, 0x00, 0x07, 0xC0, 0xFF, 0x8F, 0xFE, 0x70,
    0x77, 0x01, 0xF8, 0x0F, 0xC0, 0x7E, 0x03, 0xF0, 0x1F, 0x80, 0xEE, 0x0E, 0x7F, 0xF1, 0xFF, 0x03,
    0xE0, 0x38, 0xE1, 0xC7, 0x0E, 0x38, 0x00, 0x00, 0xF8, 0x1F, 0xF1, 0xFF, 0xCE, 0x0E, 0xE0, 0x3F,
    0x01, 0xF8, 0x0F, 0xC0, 0x7E, 0x03, 0xF0, 0x1D, 0xC1, 0xCF, 0xFE, 0x3F, 0xE0, 0x7C, 0x00, 0x06,
    0x00, 0xF0, 0x0F, 0x00, 0x60, 0x00, 0x0F, 0xFF, 0xFF, 0xFF, 0xFF, 0x00, 0x00, 0x00, 0x06, 0x00,
    0xF0, 0x0F, 0x00, 0x60, 0x0F, 0x91, 0xFF, 0x9F, 0xFC, 0xE1, 0xEE, 0x0F, 0xF0, 0xDF, 0x8C, 0xFC,
    0xC7, 0xEC, 0x3F, 0xC1, 0xDE, 0x1C, 0xFF, 0xE7, 0xFE, 0x27, 0xC0, 0x30, 0x03, 0x80, 0x1C, 0x00,
    0xE0, 0x06, 0x00, 0x00, 0xE0, 0x7E, 0x07, 0xE0, 0x7E, 0x07, 0xE0, 0x7E, 0x07, 0xE0, 0x7E, 0x07,
    0xE0, 0x7E, 0x07, 0xF0, 0xFF, 0xFF, 0x7F, 0x73, 0xE7, 0x00, 0xC0, 0x1C, 0x03, 0x80, 0x70, 0x06,
    0x00, 0x00, 0xE0, 0x7E, 0x07, 0xE0, 0x7E, 0x07, 0xE0, 0x7E, 0x07, 0xE0, 0x7E, 0x07, 0xE0, 0x7E,
    0x07, 0xF0, 0xFF, 0xFF, 0x7F, 0x73, 0xE7, 0x06, 0x00, 0xF0, 0x1F, 0x83, 0x9C, 0x30, 0xC0, 0x00,
    0xE0, 0x7E, 0x07, 0xE0, 0x7E, 0x07, 0xE0, 0x7E, 0x07, 0xE0, 0x7E, 0x07, 0xE0, 0x7E, 0x07, 0xF0,
    0xFF, 0xFF, 0x7F, 0x73, 0xE7, 0x39, 0xC3, 0x9C, 0x39, 0xC0, 0x00, 0xE0, 0x7E, 0x07, 0xE0, 0x7E,
    0x07, 0xE0, 0x7E, 0x07, 0xE0, 0x7E, 0x07, 0xE0, 0x7E, 0x07, 0xF0, 0xFF, 0xFF, 0x7F, 0x73, 0xE7,
    0x00, 0x60, 0x03, 0x80, 0x1C, 0x00, 0x60, 0x03, 0x00, 0x00, 0x0F, 0x01, 0xDC, 0x0E, 0x70, 0x38,
    0xE0, 0xE3, 0x87, 0x07, 0x1C, 0x1C, 0x70, 0x73, 0x80, 0xEE, 0x03, 0xB0, 0x07, 0xC0, 0x1F, 0x00,
    0x78, 0x00, 0xE0, 0x03, 0x00, 0x1C, 0x01, 0xF0, 0x07, 0x80, 0x1C, 0x00, 0xE0, 0x07, 0x00, 0x38,
    0x01, 0xC0, 0x0E, 0x7C, 0x7F, 0xF3, 0xFF, 0xDE, 0x0E, 0xE0, 0x3F, 0x01, 0xF8, 0x0F, 0xC0, 0x7E,
    0x03, 0xF0, 0x3F, 0xC1, 0xDF, 0xFE, 0xFF, 0xE7, 0x3E, 0x38, 0x01, 0xC0, 0x0E, 0x00, 0x70, 0x03,
    0x80, 0x00, 0x1C, 0xE0, 0x73, 0x81, 0xCE, 0x00, 0x00, 0xF0, 0x39, 0xC0, 0xE7, 0x03, 0x8E, 0x0C,
    0x38, 0x70, 0xF1, 0xC1, 0xC6, 0x07, 0x38, 0x0E, 0xE0, 0x3B, 0x00, 0xFC, 0x01, 0xE0, 0x07, 0x80,
    0x1E, 0x00, 0x70, 0x01, 0xC0, 0x1E, 0x00, 0x78, 0x01, 0xC0, 0x00, 0x07, 0xF8, 0x01, 0xFE, 0x00,
    0x7F, 0x80, 0x00, 0x00, 0x00, 0x00, 0x00, 0x78, 0x00, 0x1E, 0x00, 0x0F, 0xC0, 0x03, 0xF0, 0x00,
    0xFC, 0x00, 0x77, 0x80, 0x1C, 0xE0, 0x0F, 0x3C, 0x03, 0x87, 0x00, 0xE1, 0xC0, 0x78, 0x78, 0x1F,
    0xFE, 0x07, 0xFF, 0x83, 0xFF, 0xF0, 0xE0, 0x1C, 0x78, 0x07, 0x9C, 0x00, 0xE7, 0x00, 0x38, 0x1F,
    0xC1, 0xFC, 0x1F, 0xC0, 0x00, 0x1F, 0x83, 0xFE, 0x7F, 0xE7, 0x07, 0x00, 0x70, 0xFF, 0x7F, 0xFF,
    0xFF, 0xF0, 0x7E, 0x07, 0xE0, 0xFF, 0xFF, 0x7F, 0xF3, 0xE7, 0x0E, 0x38, 0x07, 0x1C, 0x03, 0xFE,
    0x00, 0xFE, 0x00, 0x3E, 0x00, 0x00, 0x00, 0x07, 0x00, 0x07, 0xC0, 0x03, 0xE0, 0x01, 0xF0, 0x01,
    0xFC, 0x00, 0xEE, 0x00, 0x77, 0x00, 0x71, 0xC0, 0x38, 0xE0, 0x3C, 0x78, 0x1C, 0x1C, 0x0F, 0xFE,
    0x0F, 0xFF, 0x87, 0xFF, 0xC3, 0x80, 0xE3, 0x80, 0x79, 0xC0, 0x1D, 0xE0, 0x0F, 0x39, 0xC3, 0x9C,
    0x1F, 0x80, 0xF0, 0x00, 0x01, 0xF8, 0x3F, 0xE7, 0xFE, 0x70, 0x70, 0x07, 0x0F, 0xF7, 0xFF, 0xFF,
    0xFF, 0x07, 0xE0, 0x7E, 0x0F, 0xFF, 0xF7, 0xFF, 0x3E, 0x70, 0x01, 0xE0, 0x00, 0xF0, 0x00, 0xFC,
    0x00, 0x7E, 0x00, 0x3F, 0x00, 0x3B, 0xC0, 0x1C, 0xE0, 0x0E, 0x70, 0x0E, 0x3C, 0x07, 0x0E, 0x03,
    0x87, 0x03, 0xFF, 0xC1, 0xFF, 0xE1, 0xFF, 0xF0, 0xE0, 0x1C, 0x70, 0x0E, 0x70, 0x07, 0xB8, 0x01,
    0xC0, 0x00, 0x60, 0x00, 0xE0, 0x00, 0x70, 0x00, 0x3C, 0x00, 0x0E, 0x1F, 0x83, 0xFE, 0x7F, 0xE7,
    0x07, 0x00, 0x70, 0xFF, 0x7F, 0xFF, 0xFF, 0xF0, 0x7E, 0x07, 0xE0, 0xFF, 0xFF, 0x7F, 0xF3, 0xE7,
    0x00, 0x60, 0x0C, 0x01, 0xC0, 0x1F, 0x00, 0xF0, 0x00, 0x60, 0x01, 0xC0, 0x07, 0x00, 0x1C, 0x00,
    0x30, 0x00, 0x00, 0x03, 0xF8, 0x0F, 0xF8, 0x3F, 0xF8, 0xF0, 0x79, 0xC0, 0x77, 0x00, 0xEE, 0x00,
    0x1C, 0x00, 0x38, 0x00, 0x70, 0x00, 0xE0, 0x01, 0xC0, 0x03, 0x80, 0x73, 0x80, 0xE7, 0x83, 0xC7,
    0xFF, 0x07, 0xFC, 0x07, 0xF0, 0x00, 0xC0, 0x1C, 0x03, 0x80, 0x70, 0x06, 0x00, 0x00, 0x1F, 0x83,
    0xFE, 0x7F, 0xE7, 0x07, 0xE0, 0x7E, 0x00, 0xE0, 0x0E, 0x00, 0xE0, 0x0E, 0x07, 0x70, 0x77, 0xFE,
    0x3F, 0xC1, 0xF8, 0x03, 0xC0, 0x03, 0xC0, 0x06, 0x60, 0x04, 0x20, 0x00, 0x00, 0x00, 0x00, 0x07,
    0xE0, 0x1F, 0xF8, 0x3C, 0x3C, 0x70, 0x0E, 0x60, 0x0E, 0xE0, 0x06, 0xE0, 0x00, 0xC0, 0x00, 0xC0,
    0x00, 0xC0, 0x00, 0xC0, 0x00, 0xE0, 0x00, 0xE0, 0x06, 0x60, 0x0E, 0x70, 0x0E, 0x3C, 0x3C, 0x1F,
    0xF8, 0x07, 0xE0, 0x06, 0x00, 0xF0, 0x1D, 0x81, 0x9C, 0x00, 0x00, 0x00, 0x1F, 0x83, 0xFC, 0x70,
    0xE6, 0x07, 0xE0, 0x0C, 0x00, 0xC0, 0x0C, 0x00, 0xC0, 0x0E, 0x00, 0x60, 0x77, 0x0E, 0x3F, 0xC1,
    0xF8, 0x03, 0x00, 0x0F, 0x00, 0x1E, 0x00, 0x18, 0x00, 0x00, 0x00, 0x00, 0x03, 0xF8, 0x0F, 0xFC,
    0x3F, 0xFC, 0xF0, 0x79, 0xC0, 0x7F, 0x00, 0xFE, 0x00, 0x1C, 0x00, 0x38, 0x00, 0x70, 0x00, 0xE0,
    0x01, 0xC0, 0x03, 0x80, 0x3B, 0x80, 0xF7, 0x83, 0xC7, 0xFF, 0x87, 0xFE, 0x07, 0xF0, 0x0F, 0x00,
    0x78, 0x03, 0xC0, 0x00, 0x00, 0xF8, 0x1F, 0xF1, 0xFF, 0xCE, 0x0E, 0xE0, 0x37, 0x00, 0x38, 0x01,
    0xC0, 0x0E, 0x00, 0x70, 0x19, 0xC1, 0xCF, 0xFE, 0x3F, 0xE0, 0xFC, 0x00, 0x18, 0x60, 0x39, 0xC0,
    0x3F, 0x00, 0x3C, 0x00, 0x30, 0x00, 0x00, 0x03, 0xF8, 0x0F, 0xF8, 0x3F, 0xF8, 0xF0, 0x79, 0xC0,
    0x77, 0x00, 0xEE, 0x00, 0x1C, 0x00, 0x38, 0x00, 0x70, 0x00, 0xE0, 0x01, 0xC0, 0x03, 0x80, 0x73,
    0x80, 0xE7, 0x83, 0xC7, 0xFF, 0x07, 0xFC, 0x07, 0xF0, 0x39, 0xC1, 0xF8, 0x1F, 0x00, 0xF0, 0x00,
    0x01, 0xF8, 0x3F, 0xC7, 0xFE, 0x70, 0xFE, 0x07, 0xE0, 0x0E, 0x00, 0xE0, 0x0E, 0x00, 0xE0, 0x77,
    0x07, 0x7F, 0xE3, 0xFC, 0x1F, 0x80, 0x18, 0xC0, 0x77, 0x01, 0xFC, 0x03, 0xE0, 0x07, 0x00, 0x00,
    0x0F, 0xF8, 0x3F, 0xF8, 0xFF, 0xF3, 0x81, 0xEE, 0x03, 0xB8, 0x0F, 0xE0, 0x1F, 0x80, 0x7E, 0x01,
    0xF8, 0x07, 0xE0, 0x1F, 0x80, 0x7E, 0x03, 0xB8, 0x0E, 0xE0, 0x7B, 0xFF, 0xCF, 0xFE, 0x3F, 0xE0,
    0x00, 0x39, 0xC0, 0x0E, 0x70, 0x03, 0x9C, 0x00, 0xE6, 0x1F, 0x39, 0x0F, 0xEE, 0x07, 0xFF, 0x83,
    0xC1, 0xE0, 0xE0, 0x38, 0x38, 0x0E, 0x0E, 0x03, 0x83, 0x80, 0xE0, 0xE0, 0x38, 0x38, 0x0E, 0x0F,
    0x07, 0x81, 0xFF, 0xE0, 0x3F, 0xB8, 0x07, 0xCE, 0x00, 0x3F, 0xE0, 0x3F, 0xF8, 0x3F, 0xFC, 0x38,
    0x1E, 0x38, 0x0E, 0x38, 0x0F, 0x38, 0x07, 0xFF, 0x87, 0xFF, 0x87, 0xFF, 0x87, 0x38, 0x07, 0x38,
    0x07, 0x38, 0x0E, 0x38, 0x0E, 0x38, 0x1E, 0x3F, 0xFC, 0x3F, 0xF8, 0x3F, 0xE0, 0x00, 0x38, 0x07,
    0xFC, 0x0F, 0xF8, 0x01, 0xC1, 0xF3, 0x87, 0xF7, 0x1F, 0xFE, 0x78, 0x3C, 0xE0, 0x79, 0xC0, 0x73,
    0x80, 0xE7, 0x01, 0xCE, 0x03, 0x9C, 0x0F, 0x3C, 0x1E, 0x3F, 0xFC, 0x3F, 0xB8, 0x3E, 0x70, 0x3F,
    0xC3, 0xFC, 0x3F, 0xC0, 0x00, 0x00, 0x0F, 0xFF, 0xFF, 0xFF, 0xFF, 0xE0, 0x0E, 0x00, 0xE0, 0x0E,
    0x00, 0xFF, 0xEF, 0xFE, 0xFF, 0xEE, 0x00, 0xE0, 0x0E, 0x00, 0xE0, 0x0E, 0x00, 0xFF, 0xFF, 0xFF,
    0xFF, 0xF0, 0x1F, 0xC0, 0xFE, 0x07, 0xF0, 0x00, 0x00, 0xFC, 0x1F, 0xF1, 0xFF, 0xDE, 0x0E, 0xE0,
    0x3F, 0xFF, 0xFF, 0xFF, 0xFF, 0xFE, 0x00, 0x70, 0x01, 0xC1, 0xEF, 0xFE, 0x3F, 0xE0, 0x7E, 0x00,
    0x31, 0x87, 0x70, 0xFC, 0x07, 0x00, 0x00, 0x00, 0x3F, 0xFF, 0xFF, 0xC0, 0x18, 0x03, 0x00, 0x60,
    0x0C, 0x01, 0x80, 0x3F, 0xFF, 0xFF, 0xC0, 0x18, 0x03, 0x00, 0x60, 0x0C, 0x01, 0x80, 0x3F, 0xFF,
    0xFF, 0x10, 0xC3, 0x9C, 0x1F, 0x80, 0xF0, 0x00, 0x00, 0x00, 0x1F, 0x83, 0xFC, 0x70, 0xE6, 0x07,
    0xE0, 0x3C, 0x03, 0xFF, 0xFF, 0xFF, 0xC0, 0x0E, 0x00, 0x60, 0x27, 0x8E, 0x3F, 0xE0, 0xF8, 0x06,
    0x00, 0xF0, 0x0F, 0x00, 0x60, 0x00, 0x0F, 0xFF, 0xFF, 0xFF, 0xFF, 0xE0, 0x0E, 0x00, 0xE0, 0x0E,
    0x00, 0xFF, 0xEF, 0xFE, 0xFF, 0xEE, 0x00, 0xE0, 0x0E, 0x00, 0xE0, 0x0E, 0x00, 0xFF, 0xFF, 0xFF,
    0xFF, 0xF0, 0x0F, 0x00, 0x78, 0x03, 0xC0, 0x00, 0x00, 0xFC, 0x1F, 0xF1, 0xFF, 0xDE, 0x0E, 0xE0,
    0x3F, 0xFF, 0xFF, 0xFF, 0xFF, 0xFE, 0x00, 0x70, 0x01, 0xC1, 0xEF, 0xFE, 0x3F, 0xE0, 0x7E, 0x00,
    0xFF, 0xFF, 0xFF, 0xFF, 0xFE, 0x00, 0xE0, 0x0E, 0x00, 0xE0, 0x0F, 0xFE, 0xFF, 0xEF, 0xFE, 0xE0,
    0x0E, 0x00, 0xE0, 0x0E, 0x00, 0xE0, 0x0F, 0xFF, 0xFF, 0xFF, 0xFF, 0x00, 0x60, 0x0C, 0x01, 0xC0,
    0x1F, 0x00, 0xF0, 0x0F, 0xC1, 0xFF, 0x1F, 0xFD, 0xE0, 0xEE, 0x03, 0xFF, 0xFF, 0xFF, 0xFF, 0xFE,
    0xE0, 0x07, 0x00, 0x1C, 0x1C, 0xFF, 0xE3, 0xFE, 0x07, 0xE0, 0x0C, 0x00, 0xC0, 0x0E, 0x00, 0x7C,
    0x01, 0xE0, 0x30, 0xC3, 0xBC, 0x1F, 0x81, 0xF0, 0x0E, 0x00, 0x00, 0xFF, 0xFF, 0xFF, 0xFF, 0xFE,
    0x00, 0xE0, 0x0E, 0x00, 0xE0, 0x0F, 0xFE, 0xFF, 0xEF, 0xFE, 0xE0, 0x0E, 0x00, 0xE0, 0x0E, 0x00,
    0xE0, 0x0F, 0xFF, 0xFF, 0xFF, 0xFF, 0x10, 0xC0, 0xEE, 0x07, 0xE0, 0x1F, 0x00, 0x70, 0x00, 0x00,
    0x3F, 0x07, 0xFC, 0x7F, 0xF7, 0x83, 0xB8, 0x0F, 0xC0, 0x7F, 0xFF, 0xFF, 0xFF, 0x80, 0x1C, 0x00,
    0x70, 0x7B, 0xFF, 0x8F, 0xF8, 0x1F, 0x80, 0x03, 0x80, 0x07, 0xC0, 0x06, 0x60, 0x0C, 0x20, 0x00,
    0x00, 0x00, 0x00, 0x07, 0xE0, 0x1F, 0xF8, 0x3C, 0x3C, 0x70, 0x1C, 0x60, 0x0E, 0xE0, 0x06, 0xE0,
    0x00, 0xC0, 0x00, 0xC0, 0x00, 0xC0, 0xFE, 0xC0, 0xFE, 0xE0, 0x06, 0xE0, 0x06, 0x60, 0x0E, 0x70,
    0x0C, 0x3C, 0x3C, 0x1F, 0xF8, 0x07, 0xE0, 0x07, 0x00, 0x7C, 0x06, 0x60, 0x21, 0x80, 0x00, 0x00,
    0x00, 0x7C, 0xC7, 0xF6, 0x70, 0xF3, 0x03, 0xB8, 0x1D, 0x80, 0x6C, 0x03, 0x60, 0x1B, 0x00, 0xDC,
    0x06, 0x60, 0x73, 0x87, 0x8F, 0xEC, 0x3E, 0x60, 0x03, 0x00, 0x19, 0xC3, 0xCF, 0xFC, 0x1F, 0x80,
    0x07, 0xE0, 0x3F, 0xE0, 0xFF, 0xE3, 0xC1, 0xE7, 0x01, 0xDC, 0x00, 0x38, 0x00, 0x70, 0x00, 0xE0,
    0xFF, 0xC1, 0xFF, 0x83, 0xFF, 0x00, 0x7E, 0x00, 0xEE, 0x03, 0x9E, 0x0F, 0x1F, 0xFC, 0x1F, 0xF8,
    0x1F, 0xC0, 0x1F, 0x39, 0xFD, 0xDF, 0xFF, 0xE0, 0xFE, 0x03, 0xF0, 0x1F, 0x80, 0xFC, 0x07, 0xE0,
    0x3F, 0x01, 0xFC, 0x1E, 0xFF, 0xF3, 0xFB, 0x8F, 0x9C, 0x00, 0xEE, 0x0E, 0x7F, 0xF3, 0xFF, 0x07,
    0xF0, 0x01, 0x80, 0x07, 0x80, 0x0F, 0x00, 0x0C, 0x00, 0x00, 0x00, 0x00, 0x01, 0xF8, 0x0F, 0xFC,
    0x3F, 0xF8, 0xF0, 0x39, 0xC0, 0x7F, 0x00, 0x0E, 0x00, 0x1C, 0x00, 0x38, 0x3F, 0xF0, 0x7F, 0xE0,
    0xFF, 0xC0, 0x1F, 0x80, 0x3B, 0x80, 0x67, 0x81, 0xC7, 0xFF, 0x07, 0xFE, 0x07, 0xF0, 0x07, 0x80,
    0x3C, 0x01, 0xE0, 0x00, 0x01, 0xF3, 0x9F, 0xDD, 0xFF, 0xFE, 0x0F, 0xE0, 0x3F, 0x01, 0xF8, 0x0F,
    0xC0, 0x7E, 0x03, 0xF0, 0x1F, 0xC1, 0xEF, 0xFF, 0x3F, 0xB8, 0xF9, 0xC0, 0x0E, 0xE0, 0xE7, 0xFF,
    0x3F, 0xF0, 0x7F, 0x00, 0x07, 0xE0, 0x3F, 0xF0, 0xFF, 0xE3, 0xC1, 0xE7, 0x01, 0xFC, 0x00, 0x38,
    0x00, 0x70, 0x00, 0xE0, 0xFF, 0xC1, 0xFF, 0x83, 0xFF, 0x00, 0x7E, 0x00, 0xEE, 0x03, 0x9E, 0x07,
    0x1F, 0xFC, 0x1F, 0xF8, 0x1F, 0xC0, 0x00, 0x00, 0x1C, 0x00, 0x38, 0x00, 0x70, 0x00, 0xC0, 0x01,
    0x80, 0x03, 0x00, 0x18, 0x01, 0xC0, 0x0E, 0x00, 0x70, 0x00, 0x00, 0x00, 0x03, 0xE7, 0x3F, 0xBB,
    0xFF, 0xFC, 0x1F, 0xC0, 0x7E, 0x03, 0xF0, 0x1F, 0x80, 0xFC, 0x07, 0xE0, 0x3F, 0x83, 0xDF, 0xFE,
    0x7F, 0x71, 0xF3, 0x80, 0x1D, 0xC1, 0xCF, 0xFE, 0x7F, 0xE0, 0xFE, 0x00, 0x07, 0x80, 0x0F, 0x80,
    0x33, 0x00, 0x43, 0x00, 0x00, 0x00, 0x00, 0x30, 0x03, 0x60, 0x06, 0xC0, 0x0D, 0x80, 0x1B, 0x00,
    0x36, 0x00, 0x6C, 0x00, 0xD8, 0x01, 0xBF, 0xFF, 0x7F, 0xFE, 0xC0, 0x0D, 0x80, 0x1B, 0x00, 0x36,
    0x00, 0x6C, 0x00, 0xD8, 0x01, 0xB0, 0x03, 0x60, 0x06, 0x1C, 0x00, 0xF8, 0x06, 0x60, 0x10, 0xC0,
    0x00, 0x00, 0x00, 0x01, 0x80, 0x06, 0x00, 0x18, 0x00, 0x60, 0x01, 0x9F, 0x06, 0xFE, 0x1E, 0x3C,
    0x70, 0x71, 0x80, 0xC6, 0x03, 0x18, 0x0C, 0x60, 0x31, 0x80, 0xC6, 0x03, 0x18, 0x0C, 0x60, 0x31,
    0x80, 0xC6, 0x03, 0x38, 0x03, 0x8E, 0x00, 0xE7, 0xFF, 0xFF, 0xFF, 0xFF, 0xFF, 0xFF, 0xCE, 0x00,
    0xE3, 0x80, 0x38, 0xFF, 0xFE, 0x3F, 0xFF, 0x8F, 0xFF, 0xE3, 0x80, 0x38, 0xE0, 0x0E, 0x38, 0x03,
    0x8E, 0x00, 0xE3, 0x80, 0x38, 0xE0, 0x0E, 0x38, 0x03, 0x8E, 0x00, 0xE0, 0x38, 0x03, 0xFE, 0x0F,
    0xF8, 0x0E, 0x00, 0x39, 0xF0, 0xFF, 0xE3, 0xFF, 0x8F, 0x0F, 0x38, 0x1C, 0xE0, 0x73, 0x81, 0xCE,
    0x07, 0x38, 0x1C, 0xE0, 0x73, 0x81, 0xCE, 0x07, 0x38, 0x1C, 0xE0, 0x70, 0x73, 0x7E, 0xCE, 0x00,
    0x00, 0x00, 0x18, 0x18, 0x18, 0x18, 0x18, 0x18, 0x18, 0x18, 0x18, 0x18, 0x18, 0x18, 0x18, 0x18,
    0x18, 0x18, 0x18, 0x18, 0x22, 0x7E, 0x7C, 0x00, 0x00, 0x18, 0x18, 0x18, 0x18, 0x18, 0x18, 0x18,
    0x18, 0x18, 0x18, 0x18, 0x18, 0x18, 0x18, 0xFF, 0xFF, 0xFF, 0x00, 0x00, 0x38, 0x38, 0x38, 0x38,
    0x38, 0x38, 0x38, 0x38, 0x38, 0x38, 0x38, 0x38, 0x38, 0x38, 0x38, 0x38, 0x38, 0x38, 0xFF, 0xFF,
    0xF8, 0x03, 0x87, 0x0E, 0x1C, 0x38, 0x70, 0xE1, 0xC3, 0x87, 0x0E, 0x1C, 0x38, 0x70, 0xC6, 0xEE,
    0x7E, 0x3C, 0x00, 0x00, 0x18, 0x18, 0x18, 0x18, 0x18, 0x18, 0x18, 0x18, 0x18, 0x18, 0x18, 0x18,
    0x18, 0x18, 0x18, 0x18, 0x18, 0x18, 0xC6, 0xE6, 0x7E, 0x3C, 0x00, 0x00, 0x18, 0x18, 0x18, 0x18,
    0x18, 0x18, 0x18, 0x18, 0x18, 0x18, 0x18, 0x18, 0x18, 0x18, 0x77, 0x77, 0x77, 0x77, 0x77, 0x77,
    0x77, 0x77, 0x77, 0x3E, 0xEF, 0x70, 0x7B, 0xDE, 0x07, 0x39, 0xCE, 0x73, 0x9C, 0xE7, 0x39, 0xCE,
    0x73, 0x8D, 0xCE, 0x79, 0xC0, 0x6F, 0xF6, 0x0E, 0xEE, 0xEE, 0xEE, 0xEE, 0xEE, 0xEE, 0xEE, 0xEE,
    0xE0, 0xFF, 0xFF, 0xFF, 0xFF, 0xFF, 0xC0, 0xE0, 0x03, 0xF0, 0x01, 0xF8, 0x00, 0xFC, 0x00, 0x7E,
    0x00, 0x3F, 0x00, 0x1F, 0x80, 0x0F, 0xC0, 0x07, 0xE0, 0x03, 0xF0, 0x01, 0xF8, 0x00, 0xFC, 0x00,
    0x7E, 0x00, 0x3F, 0x1C, 0x1F, 0x8E, 0x1F, 0xC7, 0xFE, 0xE1, 0xFF, 0x70, 0x7E, 0x00, 0xF3, 0xFC,
    0xFF, 0x3C, 0x00, 0xE1, 0xF8, 0x7E, 0x1F, 0x87, 0xE1, 0xF8, 0x7E, 0x1F, 0x87, 0xE1, 0xF8, 0x7E,
    0x1F, 0x87, 0xE1, 0xF8, 0x70, 0x1C, 0x07, 0x07, 0xC3, 0xE0, 0xF0, 0x00, 0xE0, 0x07, 0xC0, 0x19,
    0x80, 0xC2, 0x00, 0x00, 0x00, 0x00, 0x06, 0x00, 0x18, 0x00, 0x60, 0x01, 0x80, 0x06, 0x00, 0x18,
    0x00, 0x60, 0x01, 0x80, 0x06, 0x00, 0x18, 0x00, 0x60, 0x01, 0x8C, 0x06, 0x30, 0x18, 0xE0, 0xE1,
    0xC7, 0x07, 0xFC, 0x07, 0xC0, 0x18, 0x1E, 0x1D, 0x8C, 0xE0, 0x00, 0x00, 0x60, 0x30, 0x18, 0x0C,
    0x06, 0x03, 0x01, 0x80, 0xC0, 0x60, 0x30, 0x18, 0x0C, 0x06, 0x03, 0x01, 0x80, 0xC0, 0xE0, 0xF0,
    0x70, 0x00, 0xE0, 0x3D, 0xC0, 0xF3, 0x83, 0xC7, 0x0F, 0x0E, 0x3C, 0x1C, 0xF0, 0x39, 0xC0, 0x77,
    0x80, 0xFF, 0x01, 0xFF, 0x03, 0xCF, 0x07, 0x8E, 0x0E, 0x1E, 0x1C, 0x1E, 0x38, 0x1C, 0x70, 0x3C,
    0xE0, 0x3D, 0xC0, 0x38, 0x00, 0x00, 0x38, 0x00, 0x70, 0x00, 0xE0, 0x01, 0x80, 0x03, 0x00, 0xE0,
    0x07, 0x00, 0x38, 0x01, 0xC0, 0x0E, 0x0E, 0x70, 0xE3, 0x8E, 0x1C, 0xF0, 0xEF, 0x07, 0xF0, 0x3F,
    0x81, 0xFE, 0x0F, 0x70, 0x73, 0xC3, 0x8F, 0x1C, 0x38, 0xE0, 0xE7, 0x07, 0x80, 0x00, 0x1C, 0x00,
    0xE0, 0x07, 0x00, 0x30, 0x01, 0x80, 0xC0, 0xF8, 0x3B, 0x0E, 0x63, 0x8C, 0x61, 0x9C, 0x3F, 0x07,
    0xC0, 0xDC, 0x19, 0xC3, 0x1C, 0x61, 0xCC, 0x1D, 0x81, 0x80, 0x1C, 0x03, 0xC0, 0x78, 0x07, 0x00,
    0x60, 0x00, 0x00, 0xE0, 0x0E, 0x00, 0xE0, 0x0E, 0x00, 0xE0, 0x0E, 0x00, 0xE0, 0x0E, 0x00, 0xE0,
    0x0E, 0x00, 0xE0, 0x0E, 0x00, 0xE0, 0x0E, 0x00, 0xE0, 0x0F, 0xFE, 0xFF, 0xFF, 0xFF, 0x1C, 0x79,
    0xE3, 0x86, 0x00, 0x38, 0x70, 0xE1, 0xC3, 0x87, 0x0E, 0x1C, 0x38, 0x70, 0xE1, 0xC3, 0x87, 0x0E,
    0x1F, 0x1F, 0x3E, 0xE0, 0x0E, 0x00, 0xE0, 0x0E, 0x00, 0xE0, 0x0E, 0x00, 0xE0, 0x0E, 0x00, 0xE0,
    0x0E, 0x00, 0xE0, 0x0E, 0x00, 0xE0, 0x0E, 0x00, 0xE0, 0x0F, 0xFE, 0xFF, 0xFF, 0xFF, 0x00, 0x01,
    0xC0, 0x1C, 0x01, 0xC0, 0x1C, 0x01, 0x80, 0xE3, 0x8E, 0x38, 0xE3, 0x8E, 0x38, 0xE3, 0x8E, 0x38,
    0xE3, 0x8E, 0x3E, 0x7D, 0xF0, 0x1C, 0x71, 0xC6, 0x18, 0xE0, 0x7E, 0x07, 0xE0, 0x7E, 0x06, 0xE0,
    0x6E, 0x00, 0xE0, 0x0E, 0x00, 0xE0, 0x0E, 0x00, 0xE0, 0x0E, 0x00, 0xE0, 0x0E, 0x00, 0xE0, 0x0F,
    0xFF, 0xFF, 0xFF, 0xFF, 0xE7, 0xE7, 0xE7, 0xE6, 0xE4, 0xE0, 0xE0, 0xE0, 0xE0, 0xE0, 0xE0, 0xE0,
    0xE0, 0xE0, 0xE0, 0xF8, 0x78, 0x78, 0xC0, 0x18, 0x03, 0x00, 0x60, 0x0C, 0x01, 0x80, 0x31, 0xC6,
    0x38, 0xC7, 0x18, 0x03, 0x00, 0x60, 0x0C, 0x01, 0x80, 0x30, 0x06, 0x00, 0xFF, 0xFF, 0xFC, 0xC1,
    0x83, 0x06, 0x0C, 0x18, 0x30, 0x67, 0xCF, 0x9F, 0x06, 0x0C, 0x18, 0x30, 0x60, 0xC1, 0x80, 0x1C,
    0x00, 0x38, 0x00, 0x70, 0x00, 0xE0, 0x01, 0xC0, 0x03, 0x8C, 0x07, 0x78, 0x0F, 0xE0, 0x1F, 0x00,
    0x7C, 0x01, 0xF0, 0x07, 0xE0, 0x0D, 0xC0, 0x03, 0x80, 0x07, 0x00, 0x0F, 0xFE, 0x1F, 0xFE, 0x3F,
    0xFC, 0x38, 0x38, 0x38, 0x38, 0x39, 0x3F, 0x3E, 0x7C, 0xF8, 0xF8, 0xB8, 0x38, 0x38, 0x38, 0x38,
    0x3E, 0x1F, 0x1F, 0x00, 0x70, 0x01, 0xE0, 0x07, 0x80, 0x0E, 0x00, 0x18, 0x00, 0x00, 0x38, 0x03,
    0xF8, 0x07, 0xF8, 0x0F, 0xF0, 0x1F, 0xF0, 0x3F, 0xF0, 0x7E, 0xF0, 0xFD, 0xE1, 0xF9, 0xE3, 0xF1,
    0xE7, 0xE1, 0xCF, 0xC3, 0xDF, 0x83, 0xFF, 0x03, 0xFE, 0x07, 0xFC, 0x07, 0xF8, 0x07, 0xF0, 0x07,
    0x01, 0xC0, 0x38, 0x03, 0x80, 0x70, 0x00, 0x0E, 0x7C, 0xFF, 0xEF, 0xFE, 0xF0, 0xFE, 0x07, 0xE0,
    0x7E, 0x07, 0xE0, 0x7E, 0x07, 0xE0, 0x7E, 0x07, 0xE0, 0x7E, 0x07, 0xE0, 0x70, 0xE0, 0x0F, 0xE0,
    0x1F, 0xE0, 0x3F, 0xC0, 0x7F, 0xC0, 0xFF, 0xC1, 0xFB, 0xC3, 0xF7, 0x87, 0xE7, 0x8F, 0xC7, 0x9F,
    0x87, 0x3F, 0x0F, 0x7E, 0x0F, 0xFC, 0x0F, 0xF8, 0x1F, 0xF0, 0x1F, 0xE0, 0x1F, 0xC0, 0x1C, 0x00,
    0x00, 0x1C, 0x00, 0x38, 0x00, 0x70, 0x00, 0xC0, 0x01, 0x80, 0xE7, 0xCF, 0xFE, 0xFF, 0xEF, 0x0F,
    0xE0, 0x7E, 0x07, 0xE0, 0x7E, 0x07, 0xE0, 0x7E, 0x07, 0xE0, 0x7E, 0x07, 0xE0, 0x7E, 0x07, 0x00,
    0x00, 0xE0, 0x0E, 0x00, 0xE0, 0x0E, 0x00, 0xC0, 0x18, 0x70, 0x3D, 0xC0, 0x3F, 0x80, 0x3E, 0x00,
    0x38, 0x00, 0x00, 0x38, 0x03, 0xF8, 0x07, 0xF8, 0x0F, 0xF0, 0x1F, 0xF0, 0x3F, 0xF0, 0x7E, 0xF0,
    0xFD, 0xE1, 0xF9, 0xE3, 0xF1, 0xE7, 0xE1, 0xCF, 0xC3, 0xDF, 0x83, 0xFF, 0x03, 0xFE, 0x07, 0xFC,
    0x07, 0xF8, 0x07, 0xF0, 0x07, 0x39, 0xC1, 0xF8, 0x1F, 0x00, 0xF0, 0x00, 0x0E, 0x7C, 0xFF, 0xEF,
    0xFE, 0xF0, 0xFE, 0x07, 0xE0, 0x7E, 0x07, 0xE0, 0x7E, 0x07, 0xE0, 0x7E, 0x07, 0xE0, 0x7E, 0x07,
    0xE0, 0x70, 0xE0, 0x0F, 0xE0, 0x1F, 0xE0, 0x3F, 0xC0, 0x7F, 0xC0, 0xFF, 0xC1, 0xFB, 0xC3, 0xF3,
    0x87, 0xE7, 0x8F, 0xC7, 0x9F, 0x87, 0x3F, 0x0F, 0x7E, 0x0F, 0xFC, 0x0F, 0xF8, 0x1F, 0xF0, 0x1F,
    0xE0, 0x1F, 0xC0, 0x1C, 0x00, 0x38, 0x00, 0x70, 0x03, 0xE0, 0x0F, 0x80, 0x1E, 0x00, 0xE7, 0xCF,
    0xFE, 0xFF, 0xEF, 0x0F, 0xE0, 0x7E, 0x07, 0xE0, 0x7E, 0x07, 0xE0, 0x7E, 0x07, 0xE0, 0x7E, 0x07,
    0xE0, 0x7E, 0x07, 0x00, 0x70, 0x07, 0x01, 0xF0, 0x3E, 0x03, 0xC0, 0x0F, 0xF0, 0x0F, 0xF0, 0x0F,
    0xF0, 0x00, 0x00, 0x00, 0x00, 0x07, 0xE0, 0x1F, 0xF8, 0x3F, 0xFC, 0x78, 0x1E, 0x70, 0x0E, 0xE0,
    0x0F, 0xE0, 0x07, 0xE0, 0x07, 0xE0, 0x07, 0xE0, 0x07, 0xE0, 0x07, 0xE0, 0x07, 0xE0, 0x0E, 0x70,
    0x0E, 0x78, 0x1E, 0x3F, 0xFC, 0x1F, 0xF8, 0x07, 0xE0, 0x1F, 0xC0, 0xFE, 0x07, 0xF0, 0x00, 0x00,
    0xF8, 0x1F, 0xF1, 0xFF, 0xCE, 0x0E, 0xE0, 0x3F, 0x01, 0xF8, 0x0F, 0xC0, 0x7E, 0x03, 0xF0, 0x1D,
    0xC1, 0xCF, 0xFE, 0x3F, 0xE0, 0x7C, 0x00, 0x0C, 0x30, 0x07, 0x38, 0x01, 0xF8, 0x00, 0x78, 0x00,
    0x00, 0x00, 0x00, 0x00, 0x1F, 0x80, 0x3F, 0xF0, 0x3C, 0x3C, 0x38, 0x07, 0x1C, 0x01, 0x9C, 0x00,
    0xEE, 0x00, 0x36, 0x00, 0x1B, 0x00, 0x0D, 0x80, 0x06, 0xC0, 0x03, 0x70, 0x01, 0xB8, 0x01, 0xCE,
    0x00, 0xC7, 0x00, 0xE1, 0xE1, 0xE0, 0x7F, 0xE0, 0x0F, 0xC0, 0x10, 0xC1, 0xCE, 0x07, 0xE0, 0x1E,
    0x00, 0x00, 0x00, 0x00, 0x7E, 0x07, 0xF8, 0x70, 0xE3, 0x03, 0xB8, 0x1D, 0x80, 0x6C, 0x03, 0x60,
    0x1B, 0x00, 0xDC, 0x0E, 0x60, 0x73, 0x87, 0x0F, 0xF0, 0x3F, 0x00, 0x01, 0xCE, 0x03, 0x9C, 0x03,
    0x38, 0x07, 0x70, 0x00, 0x00, 0x00, 0x00, 0x07, 0xE0, 0x1F, 0xF8, 0x3F, 0xFC, 0x78, 0x1E, 0x70,
    0x0E, 0xE0, 0x0F, 0xE0, 0x07, 0xE0, 0x07, 0xE0, 0x07, 0xE0, 0x07, 0xE0, 0x07, 0xE0, 0x07, 0xE0,
    0x0E, 0x70, 0x0E, 0x78, 0x1E, 0x3F, 0xFC, 0x1F, 0xF8, 0x07, 0xE0, 0x07, 0x38, 0x39, 0xC1, 0xC6,
    0x06, 0x30, 0x00, 0x00, 0x3E, 0x03, 0xFE, 0x1F, 0xFC, 0x70, 0x73, 0x80, 0xEE, 0x03, 0xB8, 0x0E,
    0xE0, 0x3B, 0x80, 0xEE, 0x03, 0x9C, 0x1C, 0x7F, 0xF0, 0xFF, 0x80, 0xF8, 0x00, 0x07, 0xF7, 0xFF,
    0x87, 0xFF, 0xFF, 0xE3, 0xFF, 0xFF, 0xF9, 0xE0, 0x7C, 0x00, 0x70, 0x0F, 0x00, 0x38, 0x01, 0xC0,
    0x0E, 0x00, 0x70, 0x03, 0x80, 0x1F, 0xFE, 0xE0, 0x07, 0xFF, 0xB8, 0x01, 0xFF, 0xCE, 0x00, 0x70,
    0x03, 0x80, 0x1C, 0x00, 0xE0, 0x07, 0x00, 0x1C, 0x03, 0xC0, 0x07, 0x81, 0xF0, 0x00, 0xFF, 0xFF,
    0xFE, 0x1F, 0xFF, 0xFF, 0x81, 0xFD, 0xFF, 0xE0, 0x0F, 0x83, 0xF0, 0x7F, 0xDF, 0xF1, 0xFF, 0xFF,
    0xF3, 0x83, 0xE0, 0xEE, 0x03, 0x80, 0xFC, 0x07, 0xFF, 0xF8, 0x0F, 0xFF, 0xF0, 0x1F, 0xFF, 0xE0,
    0x38, 0x01, 0xC0, 0x70, 0x01, 0xC1, 0xF0, 0x7B, 0xFF, 0xFF, 0xE3, 0xFE, 0xFF, 0x81, 0xF0, 0x7E,
    0x00, 0x00, 0xE0, 0x07, 0x00, 0x38, 0x00, 0xE0, 0x06, 0x00, 0x00, 0x0F, 0xFC, 0x3F, 0xF8, 0xFF,
    0xF3, 0x81, 0xEE, 0x03, 0xB8, 0x0E, 0xE0, 0x3B, 0x81, 0xEF, 0xFF, 0x3F, 0xF8, 0xFF, 0xC3, 0x87,
    0x0E, 0x1C, 0x38, 0x38, 0xE0, 0xF3, 0x81, 0xCE, 0x07, 0xB8, 0x0E, 0x0F, 0x07, 0x07, 0x07, 0x00,
    0x07, 0x7B, 0xFD, 0xFC, 0xF0, 0x70, 0x38, 0x1C, 0x0E, 0x07, 0x03, 0x81, 0xC0, 0xE0, 0x70, 0x38,
    0x00, 0xFF, 0xC3, 0xFF, 0x8F, 0xFF, 0x38, 0x1E, 0xE0, 0x3B, 0x80, 0xEE, 0x03, 0xB8, 0x1E, 0xFF,
    0xF3, 0xFF, 0x8F, 0xFC, 0x38, 0x70, 0xE1, 0xC3, 0x83, 0x8E, 0x0E, 0x38, 0x1C, 0xE0, 0x7B, 0x80,
    0xE0, 0x00, 0x01, 0xC0, 0x07, 0x00, 0x1C, 0x00, 0x60, 0x01, 0x80, 0xEF, 0xFF, 0xFE, 0xF0, 0xE0,
    0xE0, 0xE0, 0xE0, 0xE0, 0xE0, 0xE0, 0xE0, 0xE0, 0xE0, 0x00, 0xE0, 0xE0, 0xE0, 0xC0, 0xC0, 0x30,
    0xC0, 0x67, 0x01, 0xF8, 0x03, 0xE0, 0x07, 0x00, 0x00, 0x0F, 0xFC, 0x3F, 0xF8, 0xFF, 0xF3, 0x81,
    0xEE, 0x03, 0xB8, 0x0E, 0xE0, 0x3B, 0x81, 0xEF, 0xFF, 0x3F, 0xF8, 0xFF, 0xC3, 0x87, 0x0E, 0x1C,
    0x38, 0x38, 0xE0, 0xF3, 0x81, 0xCE, 0x07, 0xB8, 0x0E, 0xE3, 0x3B, 0x0F, 0x87, 0x80, 0x03, 0xBD,
    0xFE, 0xFE, 0x78, 0x38, 0x1C, 0x0E, 0x07, 0x03, 0x81, 0xC0, 0xE0, 0x70, 0x38, 0x1C, 0x00, 0x00,
    0xF0, 0x03, 0x80, 0x1C, 0x00, 0x70, 0x03, 0x80, 0x00, 0x00, 0xFE, 0x0F, 0xFC, 0x3F, 0xF9, 0xC0,
    0xF7, 0x00, 0x1C, 0x00, 0x78, 0x00, 0xFC, 0x03, 0xFE, 0x03, 0xFE, 0x00, 0xFC, 0x00, 0xF0, 0x01,
    0xFC, 0x07, 0x70, 0x3D, 0xFF, 0xE3, 0xFF, 0x03, 0xF8, 0x01, 0xE0, 0x1C, 0x03, 0x80, 0x70, 0x00,
    0x01, 0xF8, 0x3F, 0xC7, 0xFE, 0x70, 0xE7, 0x00, 0x7C, 0x03, 0xFC, 0x0F, 0xE0, 0x0F, 0x00, 0x77,
    0x07, 0x7F, 0xF3, 0xFE, 0x1F, 0xC0, 0x07, 0x80, 0x3F, 0x01, 0xCE, 0x00, 0x00, 0x00, 0x00, 0x00,
    0x00, 0xFE, 0x07, 0xFC, 0x38, 0x39, 0xC0, 0x76, 0x00, 0xD8, 0x00, 0x70, 0x00, 0xF8, 0x01, 0xFC,
    0x00, 0xFC, 0x00, 0x78, 0x00, 0x70, 0x00, 0xD8, 0x03, 0x60, 0x1D, 0xE0, 0xE3, 0xFF, 0x03, 0xF8,
    0x06, 0x00, 0xF0, 0x1D, 0x83, 0x9C, 0x00, 0x00, 0x00, 0x1F, 0x83, 0xFC, 0x70, 0xE6, 0x06, 0x60,
    0x07, 0x80, 0x3F, 0x80, 0xFC, 0x00, 0xE0, 0x06, 0x60, 0x67, 0x0E, 0x3F, 0xC1, 0xF8, 0x0F, 0xE0,
    0xFF, 0xC3, 0xFF, 0x9C, 0x0E, 0x70, 0x19, 0xC0, 0x07, 0x80, 0x0F, 0xC0, 0x3F, 0xE0, 0x3F, 0xE0,
    0x0F, 0xC0, 0x0F, 0x00, 0x1D, 0xC0, 0x77, 0x03, 0xDF, 0xFE, 0x3F, 0xF0, 0x3F, 0x80, 0x30, 0x00,
    0xF0, 0x01, 0xC0, 0x1F, 0x00, 0x78, 0x00, 0x1F, 0x83, 0xFC, 0x7F, 0xE7, 0x0E, 0x70, 0x07, 0xC0,
    0x3F, 0xC0, 0xFE, 0x00, 0xF0, 0x07, 0x70, 0x77, 0xFF, 0x3F, 0xE1, 0xFC, 0x06, 0x00, 0x78, 0x03,
    0x80, 0xF8, 0x0F, 0x00, 0x1C, 0x60, 0x3B, 0x80, 0xFC, 0x01, 0xF0, 0x03, 0x80, 0x00, 0x00, 0xFE,
    0x0F, 0xFC, 0x3F, 0xF9, 0xC0, 0xF7, 0x00, 0x1C, 0x00, 0x78, 0x00, 0xFC, 0x01, 0xFE, 0x01, 0xFE,
    0x00, 0xFC, 0x00, 0xF0, 0x01, 0xDC, 0x07, 0x70, 0x3D, 0xFF, 0xE3, 0xFF, 0x03, 0xF8, 0x38, 0xC1,
    0xD8, 0x0F, 0x80, 0x70, 0x00, 0x01, 0xF8, 0x3F, 0xC7, 0xFE, 0x70, 0xE7, 0x00, 0x7C, 0x03, 0xFC,
    0x0F, 0xE0, 0x0F, 0x00, 0x77, 0x07, 0x7F, 0xF3, 0xFE, 0x1F, 0xC0, 0xFF, 0xFF, 0xFF, 0xF0, 0x30,
    0x00, 0xC0, 0x03, 0x00, 0x0C, 0x00, 0x30, 0x00, 0xC0, 0x03, 0x00, 0x0C, 0x00, 0x30, 0x00, 0xC0,
    0x03, 0x00, 0x0C, 0x00, 0x30, 0x00, 0xC0, 0x03, 0x00, 0x0C, 0x00, 0x30, 0x00, 0xE0, 0x00, 0xC0,
    0x07, 0x00, 0x78, 0x00, 0x30, 0x18, 0x0C, 0x06, 0x0F, 0xE7, 0xF0, 0xC0, 0x60, 0x30, 0x18, 0x0C,
    0x06, 0x03, 0x01, 0x80, 0xC0, 0x70, 0x3E, 0x07, 0x03, 0x01, 0xE0, 0x30, 0x38, 0x3C, 0x0C, 0x60,
    0x1D, 0xC0, 0x3F, 0x00, 0x3E, 0x00, 0x38, 0x00, 0x00, 0x3F, 0xFF, 0xFF, 0xFF, 0xFF, 0xFE, 0x07,
    0x00, 0x0E, 0x00, 0x1C, 0x00, 0x38, 0x00, 0x70, 0x00, 0xE0, 0x01, 0xC0, 0x03, 0x80, 0x07, 0x00,
    0x0E, 0x00, 0x1C, 0x00, 0x38, 0x00, 0x70, 0x00, 0xE0, 0x01, 0xC0, 0x03, 0x81, 0xC0, 0xE0, 0x63,
    0xB1, 0xC0, 0xE1, 0xFE, 0xFF, 0x7F, 0x8E, 0x07, 0x03, 0x81, 0xC0, 0xE0, 0x70, 0x38, 0x1C, 0x0F,
    0xC3, 0xE0, 0xF0, 0xFF, 0xFF, 0xFF, 0xF0, 0x30, 0x00, 0xC0, 0x03, 0x00, 0x0C, 0x00, 0x30, 0x00,
    0xC0, 0x3F, 0xF0, 0xFF, 0xC0, 0x30, 0x00, 0xC0, 0x03, 0x00, 0x0C, 0x00, 0x30, 0x00, 0xC0, 0x03,
    0x00, 0x0C, 0x00, 0x30, 0x30, 0x30, 0x30, 0xFE, 0xFE, 0x30, 0x30, 0xFE, 0xFE, 0x30, 0x30, 0x30,
    0x30, 0x30, 0x38, 0x3E, 0x1E, 0x0E, 0x60, 0x1F, 0xC0, 0x67, 0x00, 0x00, 0x00, 0x00, 0x00, 0x00,
    0x30, 0x03, 0x60, 0x06, 0xC0, 0x0D, 0x80, 0x1B, 0x00, 0x36, 0x00, 0x6C, 0x00, 0xD8, 0x01, 0xB0,
    0x03, 0x60, 0x06, 0xC0, 0x0D, 0x80, 0x1B, 0x00, 0x37, 0x00, 0xE6, 0x01, 0xCF, 0x0F, 0x0F, 0xFC,
    0x07, 0xE0, 0x18, 0x87, 0xF0, 0xFC, 0x00, 0x00, 0x01, 0x80, 0xF0, 0x1E, 0x03, 0xC0, 0x78, 0x0F,
    0x01, 0xE0, 0x3C, 0x07, 0x80, 0xF0, 0x1F, 0x07, 0xF1, 0xEF, 0xEC, 0xF9, 0x80, 0x1F, 0xE0, 0x7F,
    0x81, 0xFE, 0x00, 0x00, 0x00, 0x03, 0x80, 0x7E, 0x01, 0xF8, 0x07, 0xE0, 0x1F, 0x80, 0x7E, 0x01,
    0xF8, 0x07, 0xE0, 0x1F, 0x80, 0x7E, 0x01, 0xF8, 0x07, 0xE0, 0x1F, 0x80, 0x7E, 0x01, 0xDC, 0x0E,
    0x7F, 0xF8, 0xFF, 0xC0, 0xFC, 0x00, 0x3F, 0x83, 0xF8, 0x3F, 0x80, 0x00, 0xE0, 0x7E, 0x07, 0xE0,
    0x7E, 0x07, 0xE0, 0x7E, 0x07, 0xE0, 0x7E, 0x07, 0xE0, 0x7E, 0x07, 0xF0, 0xFF, 0xFF, 0x7F, 0x73,
    0xE7, 0xE0, 0x1F, 0x80, 0x7E, 0x01, 0xF8, 0x07, 0xE0, 0x1F, 0x80, 0x7E, 0x01, 0xF8, 0x07, 0xE0,
    0x1F, 0x80, 0x7E, 0x01, 0xF8, 0x07, 0xE0, 0x1F, 0x80, 0x77, 0x03, 0x9F, 0xFE, 0x3F, 0xF0, 0x3F,
    0x00, 0x39, 0xC3, 0x9C, 0x1F, 0x80, 0xF0, 0x00, 0x0E, 0x07, 0xE0, 0x7E, 0x07, 0xE0, 0x7E, 0x07,
    0xE0, 0x7E, 0x07, 0xE0, 0x7E, 0x07, 0xE0, 0x7F, 0x0F, 0xFF, 0xF7, 0xF7, 0x3E, 0x70, 0x07, 0x80,
    0x3F, 0x00, 0xCC, 0x03, 0x30, 0x0F, 0xC0, 0x1E, 0x00, 0x00, 0x38, 0x07, 0xE0, 0x1F, 0x80, 0x7E,
    0x01, 0xF8, 0x07, 0xE0, 0x1F, 0x80, 0x7E, 0x01, 0xF8, 0x07, 0xE0, 0x1F, 0x80, 0x7E, 0x01, 0xF8,
    0x07, 0xE0, 0x1D, 0xC0, 0xE7, 0xFF, 0x8F, 0xFC, 0x0F, 0xC0, 0x0F, 0x01, 0xF8, 0x19, 0x81, 0x98,
    0x1F, 0x80, 0xF0, 0x00, 0x0E, 0x07, 0xE0, 0x7E, 0x07, 0xE0, 0x7E, 0x07, 0xE0, 0x7E, 0x07, 0xE0,
    0x7E, 0x07, 0xE0, 0x7F, 0x0F, 0xFF, 0xF7, 0xF7, 0x3E, 0x70, 0x03, 0x9C, 0x06, 0x70, 0x1D, 0xC0,
    0x77, 0x00, 0x00, 0x00, 0x00, 0x38, 0x07, 0x70, 0x0E, 0xE0, 0x1D, 0xC0, 0x3B, 0x80, 0x77, 0x00,
    0xEE, 0x01, 0xDC, 0x03, 0xB8, 0x07, 0x70, 0x0E, 0xE0, 0x1D, 0xC0, 0x3B, 0x80, 0x77, 0x00, 0xE7,
    0x03, 0x8F, 0xFF, 0x0F, 0xFC, 0x07, 0xE0, 0x0E, 0x38, 0x79, 0xC1, 0xCE, 0x0E, 0x70, 0x00, 0x03,
    0x81, 0xCE, 0x07, 0x38, 0x1C, 0xE0, 0x73, 0x81, 0xCE, 0x07, 0x38, 0x1C, 0xE0, 0x73, 0x81, 0xCE,
    0x07, 0x3C, 0x3C, 0xFF, 0xF1, 0xFD, 0xC3, 0xE7, 0x00, 0xE0, 0x1F, 0x80, 0x7E, 0x01, 0xF8, 0x07,
    0xE0, 0x1F, 0x80, 0x7E, 0x01, 0xF8, 0x07, 0xE0, 0x1F, 0x80, 0x7E, 0x01, 0xF8, 0x07, 0xE0, 0x1F,
    0x80, 0x77, 0x03, 0x9F, 0xFE, 0x3F, 0xF0, 0x3F, 0x00, 0x18, 0x00, 0xC0, 0x07, 0x00, 0x1F, 0x00,
    0x3C, 0x00, 0xE0, 0x7E, 0x07, 0xE0, 0x7E, 0x07, 0xE0, 0x7E, 0x07, 0xE0, 0x7E, 0x07, 0xE0, 0x7E,
    0x07, 0xF0, 0xFF, 0xFF, 0x7F, 0x73, 0xE7, 0x00, 0x60, 0x1C, 0x01, 0xC0, 0x1F, 0x00, 0xF0, 0x00,
    0x18, 0x00, 0x00, 0x3C, 0x00, 0x00, 0x7E, 0x00, 0x00, 0xE7, 0x00, 0x00, 0xC3, 0x00, 0x00, 0x00,
    0x00, 0x70, 0x1C, 0x0F, 0x70, 0x3C, 0x0E, 0x70, 0x3C, 0x0E, 0x78, 0x3E, 0x0E, 0x38, 0x7E, 0x0E,
    0x38, 0x7E, 0x1C, 0x38, 0x7E, 0x1C, 0x3C, 0x67, 0x1C, 0x1C, 0xE7, 0x1C, 0x1C, 0xE7, 0x38, 0x1C,
    0xC3, 0xB8, 0x1F, 0xC3, 0xB8, 0x0F, 0xC3, 0xF8, 0x0F, 0xC1, 0xF0, 0x0F, 0x81, 0xF0, 0x07, 0x81,
    0xF0, 0x07, 0x81, 0xE0, 0x07, 0x00, 0xE0, 0x00, 0x70, 0x00, 0x0F, 0x80, 0x01, 0xDC, 0x00, 0x38,
    0xC0, 0x00, 0x00, 0x07, 0x07, 0x07, 0x70, 0x70, 0x77, 0x0F, 0x86, 0x38, 0xF8, 0xE3, 0x8F, 0x8E,
    0x39, 0xD8, 0xE3, 0x9D, 0xCC, 0x1D, 0x9D, 0xC1, 0xD8, 0xDC, 0x1F, 0x8F, 0xC1, 0xF0, 0xF8, 0x0F,
    0x07, 0x80, 0xF0, 0x78, 0x0E, 0x07, 0x80, 0x03, 0xC0, 0x01, 0xF0, 0x01, 0xD8, 0x01, 0xCE, 0x00,
    0x00, 0x07, 0x80, 0x79, 0xE0, 0x38, 0x70, 0x3C, 0x3C, 0x1C, 0x0F, 0x1E, 0x03, 0x8E, 0x01, 0xEE,
    0x00, 0x7F, 0x00, 0x3F, 0x00, 0x0F, 0x80, 0x03, 0x80, 0x01, 0xC0, 0x00, 0xE0, 0x00, 0x70, 0x00,
    0x38, 0x00, 0x1C, 0x00, 0x0E, 0x00, 0x07, 0x00, 0x03, 0x00, 0x1E, 0x00, 0xFC, 0x03, 0x38, 0x18,
    0x60, 0x00, 0x0F, 0x01, 0xDC, 0x0E, 0x70, 0x38, 0xE0, 0xE3, 0x87, 0x07, 0x1C, 0x1C, 0x70, 0x73,
    0x80, 0xEE, 0x03, 0xB0, 0x07, 0xC0, 0x1F, 0x00, 0x78, 0x00, 0xE0, 0x03, 0x00, 0x1C, 0x01, 0xF0,
    0x07, 0x80, 0x1C, 0x00, 0x06, 0x30, 0x07, 0xBC, 0x03, 0xDE, 0x00, 0xC6, 0x00, 0x00, 0x03, 0xC0,
    0x39, 0xE0, 0x3C, 0x78, 0x1C, 0x1C, 0x1C, 0x0F, 0x1E, 0x03, 0x8E, 0x01, 0xEF, 0x00, 0x7F, 0x00,
    0x1F, 0x80, 0x0F, 0x80, 0x03, 0x80, 0x01, 0xC0, 0x00, 0xE0, 0x00, 0x70, 0x00, 0x38, 0x00, 0x1C,
    0x00, 0x0E, 0x00, 0x07, 0x00, 0x00, 0xE0, 0x0F, 0x00, 0x70, 0x07, 0x00, 0x30, 0x00, 0x03, 0xFF,
    0xFF, 0xFF, 0xFF, 0xF8, 0x03, 0x80, 0x38, 0x03, 0xC0, 0x3C, 0x01, 0xC0, 0x1E, 0x01, 0xE0, 0x0E,
    0x00, 0xE0, 0x0F, 0x00, 0xF0, 0x07, 0x00, 0x7F, 0xFF, 0xFF, 0xFF, 0xFF, 0x01, 0xC0, 0x70, 0x1C,
    0x03, 0x00, 0x01, 0xFF, 0xFF, 0xFF, 0xFF, 0x01, 0xC0, 0x70, 0x1C, 0x07, 0x81, 0xE0, 0x38, 0x0E,
    0x03, 0x80, 0xFF, 0xFF, 0xFF, 0xFF, 0x80, 0x03, 0x00, 0x3C, 0x01, 0xE0, 0x06, 0x00, 0x00, 0x7F,
    0xFF, 0xFF, 0xFF, 0xFF, 0x00, 0x70, 0x07, 0x80, 0x78, 0x03, 0x80, 0x38, 0x03, 0xC0, 0x1C, 0x01,
    0xC0, 0x1E, 0x01, 0xE0, 0x0E, 0x00, 0xF0, 0x0F, 0xFF, 0xFF, 0xFF, 0xFF, 0xE0, 0x1E, 0x03, 0xC0,
    0x78, 0x00, 0x0F, 0xFF, 0xFF, 0xFF, 0xF8, 0x1E, 0x03, 0x80, 0xE0, 0x38, 0x0E, 0x03, 0x80, 0x70,
    0x1C, 0x07, 0xFF, 0xFF, 0xFF, 0xFC, 0x18, 0xC0, 0xEE, 0x07, 0xF0, 0x1F, 0x00, 0x70, 0x00, 0x03,
    0xFF, 0xFF, 0xFF, 0xFF, 0xF8, 0x03, 0x80, 0x38, 0x03, 0xC0, 0x3C, 0x01, 0xC0, 0x1E, 0x01, 0xE0,
    0x0E, 0x00, 0xE0, 0x0F, 0x00, 0xF0, 0x07, 0x00, 0x7F, 0xFF, 0xFF, 0xFF, 0xFF, 0x71, 0xC7, 0x70,
    0x7C, 0x07, 0x00, 0x01, 0xFF, 0xFF, 0xFF, 0xFF, 0x01, 0xC0, 0x70, 0x1C, 0x07, 0x81, 0xE0, 0x38,
    0x0E, 0x03, 0x80, 0xFF, 0xFF, 0xFF, 0xFF, 0x80, 0x19, 0xFF, 0xB8, 0xC3, 0x0C, 0x30, 0xC3, 0x0C,
    0x30, 0xC3, 0x0C, 0x30, 0xC3, 0x0C, 0x00, 0x00, 0x03, 0x00, 0x01, 0x80, 0x00, 0xC0, 0x00, 0x60,
    0x7F, 0xF0, 0xFF, 0xF8, 0xF0, 0xF0, 0xE0, 0x1C, 0x70, 0x06, 0x70, 0x03, 0xB8, 0x00, 0xD8, 0x00,
    0x6C, 0x00, 0x36, 0x00, 0x1B, 0x00, 0x0D, 0xC0, 0x06, 0xE0, 0x07, 0x38, 0x03, 0x1C, 0x03, 0x87,
    0x87, 0x81, 0xFF, 0x80, 0x3F, 0x00, 0x00, 0x18, 0x00, 0xC0, 0x06, 0x3F, 0xF3, 0xFF, 0x38, 0x71,
    0x81, 0xDC, 0x0E, 0xC0, 0x36, 0x01, 0xB0, 0x0D, 0x80, 0x6E, 0x07, 0x30, 0x39, 0xC3, 0x87, 0xF8,
    0x1F, 0x80, 0x00, 0x01, 0x00, 0x01, 0x80, 0x00, 0xC0, 0x00, 0x6C, 0x00, 0xF6, 0x00, 0x7B, 0x00,
    0x31, 0x80, 0x18, 0xC0, 0x0C, 0x60, 0x06, 0x30, 0x03, 0x18, 0x01, 0x8C, 0x00, 0xC6, 0x00, 0x63,
    0x00, 0x31, 0x80, 0x18, 0xC0, 0x0C, 0x70, 0x0E, 0x18, 0x07, 0x0F, 0x0F, 0x03, 0xFF, 0x00, 0x7E,
    0x00, 0x00, 0x18, 0x00, 0x60, 0x01, 0xB0, 0x1E, 0xC0, 0x7B, 0x01, 0x8C, 0x06, 0x30, 0x18, 0xC0,
    0x63, 0x01, 0x8C, 0x06, 0x30, 0x18, 0xC0, 0x63, 0x83, 0x8F, 0x1E, 0x1F, 0xD8, 0x3E, 0x60, 0x00,
    0x00, 0x08, 0x40, 0x00, 0x00, 0xCC, 0xFF, 0x80, 0x0F, 0x8F, 0xFE, 0x00, 0x78, 0xC0, 0xF0, 0x00,
    0x0C, 0x03, 0x80, 0x00, 0xC0, 0x18, 0x3F, 0xFC, 0x01, 0xC3, 0xFF, 0xC0, 0x0C, 0x00, 0x7C, 0x00,
    0xC0, 0x0E, 0xC0, 0x0C, 0x01, 0xCC, 0x00, 0xC0, 0x38, 0xC0, 0x0C, 0x03, 0x8C, 0x00, 0xC0, 0x70,
    0xC0, 0x1C, 0x0E, 0x0C, 0x01, 0x81, 0xE0, 0xC0, 0x38, 0x3C, 0x0C, 0x0F, 0x03, 0x80, 0xFF, 0xE0,
    0x7F, 0xFF, 0xF8, 0x07, 0xFF, 0x00, 0x00, 0x21, 0x00, 0x00, 0x0C, 0xC0, 0x03, 0x03, 0xE0, 0x00,
    0xC0, 0x78, 0x00, 0x30, 0x00, 0x00, 0x0C, 0x00, 0x01, 0xF3, 0x0F, 0xFC, 0xFF, 0xC3, 0xFF, 0x70,
    0xF0, 0x01, 0xD8, 0x1C, 0x00, 0xEE, 0x07, 0x00, 0x73, 0x00, 0xC0, 0x3C, 0xC0, 0x30, 0x1E, 0x30,
    0x0C, 0x07, 0x0C, 0x03, 0x03, 0x83, 0x81, 0xC1, 0xE0, 0x60, 0x70, 0xF0, 0x1C, 0x3C, 0x78, 0x03,
    0xFF, 0x1F, 0xFC, 0x7C, 0xC7, 0xFF, 0xC0, 0x00, 0x03, 0xC0, 0x00, 0x03, 0xC0, 0x00, 0x03, 0xC0,
    0x00, 0x03, 0xC0, 0x00, 0x03, 0xC0, 0x00, 0x03, 0xC0, 0x00, 0x03, 0xC0, 0x00, 0x03, 0xC0, 0x00,
    0x03, 0xC0, 0x00, 0x03, 0xC0, 0x00, 0x03, 0xC0, 0x00, 0x03, 0xC0, 0x06, 0x03, 0xC0, 0x06, 0x03,
    0xC0, 0x07, 0x07, 0xC0, 0x03, 0x8E, 0xFF, 0xE3, 0xFE, 0xFF, 0xE0, 0xF8, 0x00, 0x02, 0xC0, 0x07,
    0xC0, 0x07, 0xC0, 0x02, 0xC0, 0x00, 0xC0, 0x03, 0xC0, 0x03, 0xC0, 0x03, 0xC0, 0x03, 0xC0, 0x03,
    0xC0, 0x03, 0xC0, 0x03, 0xC0, 0x03, 0xC0, 0x03, 0xC0, 0x03, 0xC0, 0x03, 0xC0, 0x03, 0xFF, 0xC3,
    0xFF, 0xC3, 0x00, 0x03, 0x00, 0x03, 0x00, 0x07, 0x00, 0x1E, 0x00, 0x1C, 0x01, 0x61, 0xF0, 0xF8,
    0x2C, 0x06, 0x1B, 0x0D, 0x86, 0xC3, 0x61, 0xB0, 0xD8, 0x6C, 0x36, 0x1B, 0x0D, 0x86, 0xC3, 0x61,
    0xB0, 0xC0, 0x60, 0x30, 0x38, 0x3C, 0x1C, 0xE0, 0x0C, 0x00, 0x1F, 0x80, 0x60, 0x00, 0xFC, 0x03,
    0x00, 0x07, 0xF0, 0x18, 0x00, 0x3D, 0xC0, 0xC0, 0x01, 0xE6, 0x06, 0x00, 0x0F, 0x38, 0x30, 0x00,
    0x78, 0xE1, 0x80, 0x03, 0xC7, 0x0C, 0x00, 0x1E, 0x1C, 0x60, 0x00, 0xF0, 0x73, 0x00, 0x07, 0x83,
    0x98, 0x00, 0x3C, 0x0E, 0xC3, 0x01, 0xE0, 0x36, 0x18, 0x0F, 0x01, 0xF0, 0xE0, 0xF8, 0x07, 0x83,
    0x8E, 0xC0, 0x3C, 0x1F, 0xF6, 0x00, 0xE0, 0x3E, 0x00, 0x00, 0x00, 0x17, 0x00, 0x61, 0xFC, 0x03,
    0x0F, 0xE0, 0x18, 0x2F, 0x80, 0xC0, 0x6E, 0x06, 0x0F, 0x30, 0x30, 0x79, 0xC1, 0x83, 0xC7, 0x0C,
    0x1E, 0x38, 0x60, 0xF0, 0xE3, 0x07, 0x83, 0x98, 0x3C, 0x1C, 0xC1, 0xE0, 0x76, 0x0F, 0x01, 0xB0,
    0x78, 0x0F, 0x83, 0xC0, 0x3C, 0x1E, 0x01, 0xE0, 0xF0, 0x07, 0x06, 0x00, 0x00, 0x30, 0x00, 0x01,
    0x80, 0x00, 0x1C, 0x00, 0x03, 0xC0, 0x00, 0x1C, 0x00, 0x01, 0x00, 0x01, 0xC0, 0x00, 0xE0, 0x00,
    0x20, 0x00, 0x06, 0x7C, 0x0F, 0xFF, 0x07, 0xE3, 0xC3, 0xE0, 0xE1, 0xE0, 0x30, 0xF0, 0x18, 0x78,
    0x0C, 0x3C, 0x06, 0x1E, 0x03, 0x0F, 0x01, 0x87, 0x80, 0xC3, 0xC0, 0x61, 0xE0, 0x30, 0xF0, 0x18,
    0x60, 0x00, 0x30, 0x00, 0x18, 0x00, 0x1C, 0x00, 0x3C, 0x00, 0x1C, 0x06, 0x30, 0x01, 0xB0, 0x00,
    0x70, 0x00, 0x10, 0x00, 0x00, 0x00, 0x00, 0x00, 0x07, 0x00, 0x03, 0x80, 0x03, 0xE0, 0x01, 0xB0,
    0x01, 0xD8, 0x00, 0xCE, 0x00, 0x63, 0x00, 0x71, 0xC0, 0x30, 0xE0, 0x18, 0x30, 0x1C, 0x1C, 0x0F,
    0xFE, 0x07, 0xFF, 0x07, 0x01, 0xC3, 0x00, 0x63, 0x80, 0x39, 0xC0, 0x1C, 0xC0, 0x06, 0x31, 0x83,
    0x60, 0x3C, 0x00, 0x00, 0x00, 0x3F, 0x0F, 0xF3, 0x87, 0x60, 0xE0, 0x0C, 0x03, 0x9F, 0xF7, 0xE7,
    0xC0, 0xF0, 0x1E, 0x07, 0xE1, 0xEF, 0xFC, 0xF9, 0x80, 0x67, 0x76, 0x3C, 0x18, 0x00, 0x00, 0x18,
    0x18, 0x18, 0x18, 0x18, 0x18, 0x18, 0x18, 0x18, 0x18, 0x18, 0x18, 0x18, 0x18, 0x18, 0x18, 0x18,
    0x18, 0x43, 0x33, 0x0F, 0x83, 0x80, 0x00, 0x00, 0x60, 0x30, 0x18, 0x0C, 0x06, 0x03, 0x01, 0x80,
    0xC0, 0x60, 0x30, 0x18, 0x0C, 0x06, 0x03, 0x00, 0x0E, 0x70, 0x03, 0xB0, 0x00, 0xF0, 0x00, 0x30,
    0x00, 0x00, 0x00, 0x00, 0x00, 0x1F, 0x80, 0x3F, 0xF0, 0x3C, 0x3C, 0x38, 0x07, 0x1C, 0x01, 0x9C,
    0x00, 0xEE, 0x00, 0x36, 0x00, 0x1B, 0x00, 0x0D, 0x80, 0x06, 0xC0, 0x03, 0x70, 0x01, 0xB8, 0x01,
    0xCE, 0x00, 0xC7, 0x00, 0xE1, 0xE1, 0xE0, 0x7F, 0xE0, 0x0F, 0xC0, 0x10, 0x80, 0xCC, 0x03, 0xC0,
    0x0E, 0x00, 0x00, 0x00, 0x00, 0x7E, 0x07, 0xF8, 0x70, 0xE3, 0x03, 0xB8, 0x1D, 0x80, 0x6C, 0x03,
    0x60, 0x1B, 0x00, 0xDC, 0x0E, 0x60, 0x73, 0x87, 0x0F, 0xF0, 0x3F, 0x00, 0x1C, 0xE0, 0x1F, 0x80,
    0x1E, 0x00, 0x00, 0x00, 0x00, 0x00, 0x00, 0x30, 0x03, 0x60, 0x06, 0xC0, 0x0D, 0x80, 0x1B, 0x00,
    0x36, 0x00, 0x6C, 0x00, 0xD8, 0x01, 0xB0, 0x03, 0x60, 0x06, 0xC0, 0x0D, 0x80, 0x1B, 0x00, 0x37,
    0x00, 0xE6, 0x01, 0xCF, 0x0F, 0x0F, 0xFC, 0x07, 0xE0, 0x31, 0x87, 0x70, 0x7C, 0x07, 0x00, 0x00,
    0x00, 0x30, 0x1E, 0x03, 0xC0, 0x78, 0x0F, 0x01, 0xE0, 0x3C, 0x07, 0x80, 0xF0, 0x1E, 0x03, 0xE0,
    0xFE, 0x3D, 0xFD, 0x9F, 0x30, 0x0F, 0xE0, 0x1F, 0xC0, 0x00, 0x00, 0xE7, 0x01, 0xCE, 0x03, 0x9C,
    0x00, 0x00, 0x00, 0x00, 0x00, 0x01, 0x80, 0x1B, 0x00, 0x36, 0x00, 0x6C, 0x00, 0xD8, 0x01, 0xB0,
    0x03, 0x60, 0x06, 0xC0, 0x0D, 0x80, 0x1B, 0x00, 0x36, 0x00, 0x6C, 0x00, 0xD8, 0x01, 0xB8, 0x07,
    0x30, 0x0E, 0x78, 0x78, 0x7F, 0xE0, 0x3F, 0x00, 0x3F, 0x87, 0xF0, 0x00, 0x00, 0x07, 0x1C, 0xE3,
    0x9C, 0x70, 0x00, 0xC0, 0x78, 0x0F, 0x01, 0xE0, 0x3C, 0x07, 0x80, 0xF0, 0x1E, 0x03, 0xC0, 0x78,
    0x0F, 0x83, 0xF8, 0xF7, 0xF6, 0x7C, 0xC0, 0x00, 0xC0, 0x03, 0x80, 0x06, 0x00, 0x18, 0x00, 0x00,
    0x03, 0x9C, 0x07, 0x38, 0x0E, 0x70, 0x00, 0x00, 0x00, 0x00, 0x00, 0x06, 0x00, 0x6C, 0x00, 0xD8,
    0x01, 0xB0, 0x03, 0x60, 0x06, 0xC0, 0x0D, 0x80, 0x1B, 0x00, 0x36, 0x00, 0x6C, 0x00, 0xD8, 0x01,
    0xB0, 0x03, 0x60, 0x06, 0xE0, 0x1C, 0xC0, 0x39, 0xE1, 0xE1, 0xFF, 0x80, 0xFC, 0x00, 0x01, 0x00,
    0x60, 0x1C, 0x07, 0x00, 0x00, 0x00, 0x1C, 0x73, 0x8E, 0x71, 0xC0, 0x03, 0x01, 0xE0, 0x3C, 0x07,
    0x80, 0xF0, 0x1E, 0x03, 0xC0, 0x78, 0x0F, 0x01, 0xE0, 0x3E, 0x0F, 0xE3, 0xDF, 0xD9, 0xF3, 0x08,
    0x40, 0x19, 0x80, 0x1E, 0x00, 0x1C, 0x00, 0x00, 0x03, 0x9C, 0x07, 0x38, 0x0E, 0x70, 0x00, 0x00,
    0x00, 0x00, 0x00, 0x06, 0x00, 0x6C, 0x00, 0xD8, 0x01, 0xB0, 0x03, 0x60, 0x06, 0xC0, 0x0D, 0x80,
    0x1B, 0x00, 0x36, 0x00, 0x6C, 0x00, 0xD8, 0x01, 0xB0, 0x03, 0x60, 0x06, 0xE0, 0x1C, 0xC0, 0x39,
    0xE1, 0xE1, 0xFF, 0x80, 0xFC, 0x00, 0x20, 0x87, 0x30, 0x7C, 0x07, 0x00, 0x00, 0x00, 0x1C, 0x73,
    0x8E, 0x71, 0xC0, 0x03, 0x01, 0xE0, 0x3C, 0x07, 0x80, 0xF0, 0x1E, 0x03, 0xC0, 0x78, 0x0F, 0x01,
    0xE0, 0x3E, 0x0F, 0xE3, 0xDF, 0xD9, 0xF3, 0x0E, 0x00, 0x0C, 0x00, 0x0C, 0x00, 0x00, 0x01, 0xCE,
    0x03, 0x9C, 0x07, 0x38, 0x00, 0x00, 0x00, 0x00, 0x00, 0x03, 0x00, 0x36, 0x00, 0x6C, 0x00, 0xD8,
    0x01, 0xB0, 0x03, 0x60, 0x06, 0xC0, 0x0D, 0x80, 0x1B, 0x00, 0x36, 0x00, 0x6C, 0x00, 0xD8, 0x01,
    0xB0, 0x03, 0x70, 0x0E, 0x60, 0x1C, 0xF0, 0xF0, 0xFF, 0xC0, 0x7E, 0x00, 0x38, 0x03, 0x80, 0x30,
    0x00, 0x00, 0x00, 0xE3, 0x9C, 0x73, 0x8E, 0x00, 0x18, 0x0F, 0x01, 0xE0, 0x3C, 0x07, 0x80, 0xF0,
    0x1E, 0x03, 0xC0, 0x78, 0x0F, 0x01, 0xF0, 0x7F, 0x1E, 0xFE, 0xCF, 0x98, 0x1F, 0x07, 0xFC, 0x70,
    0xE6, 0x06, 0x00, 0x70, 0x03, 0xFF, 0xFF, 0xFF, 0xC0, 0x3E, 0x07, 0x60, 0x67, 0x0E, 0x3F, 0xC1,
    0xF8, 0x07, 0xF0, 0x03, 0xF8, 0x00, 0x00, 0x00, 0x00, 0x00, 0x73, 0x80, 0x39, 0xC0, 0x1C, 0xE0,
    0x00, 0x00, 0x00, 0x00, 0x00, 0xE0, 0x00, 0x78, 0x00, 0x7C, 0x00, 0x36, 0x00, 0x1B, 0x80, 0x1C,
    0xC0, 0x0C, 0x60, 0x06, 0x38, 0x07, 0x0C, 0x03, 0x06, 0x03, 0x83, 0x81, 0xFF, 0xC0, 0xFF, 0xF0,
    0xE0, 0x38, 0x70, 0x0C, 0x30, 0x07, 0x38, 0x03, 0x98, 0x00, 0xC0, 0x3F, 0x87, 0xF0, 0x00, 0x00,
    0x00, 0x00, 0x73, 0x8E, 0x71, 0xCE, 0x00, 0x03, 0xF0, 0xFF, 0x38, 0x76, 0x0E, 0x00, 0xC0, 0x39,
    0xFF, 0x7E, 0x7C, 0x0F, 0x01, 0xE0, 0x7E, 0x1E, 0xFF, 0xCF, 0x98, 0x07, 0xF0, 0x03, 0xF8, 0x00,
    0x00, 0x00, 0x00, 0x00, 0x1C, 0x00, 0x0E, 0x00, 0x07, 0x00, 0x00, 0x00, 0x00, 0x00, 0x00, 0xE0,
    0x00, 0xF0, 0x00, 0x7C, 0x00, 0x36, 0x00, 0x3B, 0x00, 0x19, 0xC0, 0x0C, 0x60, 0x0E, 0x38, 0x06,
    0x1C, 0x03, 0x06, 0x03, 0x83, 0x81, 0xFF, 0xC0, 0xFF, 0xE0, 0xE0, 0x38, 0x60, 0x0C, 0x70, 0x07,
    0x38, 0x03, 0x98, 0x00, 0xC0, 0x3F, 0x87, 0xF0, 0x00, 0x00, 0x00, 0x00, 0x1C, 0x03, 0x80, 0x70,
    0x00, 0x03, 0xF0, 0xFF, 0x38, 0x76, 0x0E, 0x00, 0xC0, 0x39, 0xFF, 0x7E, 0x7C, 0x0F, 0x01, 0xE0,
    0x7E, 0x1E, 0xFF, 0xCF, 0x98, 0x00, 0x07, 0xF0, 0x00, 0x0F, 0xE0, 0x00, 0x00, 0x00, 0x00, 0x00,
    0x00, 0x00, 0x00, 0x00, 0x0F, 0xFF, 0xC0, 0x3F, 0xFF, 0x80, 0x66, 0x00, 0x01, 0xCC, 0x00, 0x03,
    0x18, 0x00, 0x0E, 0x30, 0x00, 0x1C, 0x60, 0x00, 0x70, 0xC0, 0x00, 0xE1, 0xFF, 0xC3, 0x83, 0xFF,
    0x87, 0x06, 0x00, 0x1F, 0xFC, 0x00, 0x3F, 0xF8, 0x00, 0xE0, 0x30, 0x01, 0xC0, 0x60, 0x07, 0x00,
    0xC0, 0x0E, 0x01, 0xFF, 0xF8, 0x03, 0xFF, 0x80, 0x01, 0xFC, 0x00, 0x0F, 0xE0, 0x00, 0x00, 0x00,
    0x00, 0x00, 0x01, 0xF0, 0xF8, 0x3F, 0xDF, 0xF1, 0xC7, 0xE3, 0x8C, 0x1C, 0x06, 0x00, 0xE0, 0x30,
    0x07, 0x01, 0x8F, 0xFF, 0xFE, 0xFF, 0xFF, 0xFF, 0x0E, 0x00, 0x60, 0x70, 0x03, 0x03, 0x80, 0xDC,
    0x3F, 0x0E, 0x7F, 0xBF, 0xE1, 0xF0, 0x7E, 0x00, 0x07, 0xE0, 0x0F, 0xFC, 0x0F, 0x0F, 0x0E, 0x03,
    0x86, 0x00, 0xE7, 0x00, 0x33, 0x80, 0x01, 0x80, 0x00, 0xC0, 0x00, 0x60, 0x7F, 0x30, 0x3F, 0x9C,
    0x00, 0xCE, 0x0F, 0xFB, 0x07, 0xFD, 0xC0, 0x30, 0x78, 0x78, 0x1F, 0xF8, 0x03, 0xF0, 0x00, 0x1F,
    0x30, 0x7F, 0x61, 0xC3, 0xC3, 0x03, 0x8E, 0x07, 0x18, 0x06, 0x30, 0x7F, 0xE0, 0xFF, 0xC0, 0x31,
    0xC0, 0x61, 0x81, 0xC3, 0x87, 0x83, 0xFB, 0x03, 0xE6, 0x00, 0x0C, 0x00, 0x18, 0x70, 0xF0, 0xFF,
    0xC0, 0x7E, 0x00, 0x0E, 0x60, 0x06, 0xE0, 0x03, 0xC0, 0x01, 0x80, 0x00, 0x00, 0x00, 0x00, 0x07,
    0xE0, 0x1F, 0xF8, 0x3C, 0x3C, 0x70, 0x1C, 0x60, 0x0E, 0xE0, 0x06, 0xE0, 0x00, 0xC0, 0x00, 0xC0,
    0x00, 0xC0, 0xFE, 0xC0, 0xFE, 0xE0, 0x06, 0xE0, 0x06, 0x60, 0x0E, 0x70, 0x0C, 0x3C, 0x3C, 0x1F,
    0xF8, 0x07, 0xE0, 0x39, 0xC0, 0xEC, 0x03, 0xC0, 0x0C, 0x00, 0x00, 0x00, 0x00, 0x7C, 0xC7, 0xF6,
    0x70, 0xF3, 0x03, 0xB8, 0x1D, 0x80, 0x6C, 0x03, 0x60, 0x1B, 0x00, 0xDC, 0x06, 0x60, 0x73, 0x87,
    0x8F, 0xEC, 0x3E, 0x60, 0x03, 0x00, 0x19, 0xC3, 0xCF, 0xFC, 0x1F, 0x80, 0x18, 0xC0, 0x36, 0x00,
    0xF0, 0x01, 0x80, 0x00, 0x00, 0x00, 0x0C, 0x03, 0xB0, 0x1E, 0xC0, 0xF3, 0x07, 0x8C, 0x3C, 0x30,
    0xE0, 0xC7, 0x03, 0x38, 0x0D, 0xE0, 0x3F, 0xC0, 0xF3, 0x83, 0x8E, 0x0C, 0x1C, 0x30, 0x38, 0xC0,
    0xE3, 0x01, 0xCC, 0x03, 0xB0, 0x07, 0xE7, 0x00, 0xEC, 0x00, 0xF0, 0x00, 0xC0, 0x00, 0x00, 0x00,
    0x00, 0x06, 0x00, 0x0C, 0x00, 0x18, 0x00, 0x30, 0x00, 0x60, 0x70, 0xC1, 0xC1, 0x87, 0x03, 0x1C,
    0x06, 0x70, 0x0D, 0xC0, 0x1F, 0x80, 0x3F, 0x80, 0x77, 0x00, 0xC7, 0x01, 0x87, 0x03, 0x07, 0x06,
    0x0E, 0x0C, 0x0E, 0x07, 0xE0, 0x0F, 0xFC, 0x0F, 0x0F, 0x0E, 0x01, 0xC7, 0x00, 0x67, 0x00, 0x3B,
    0x80, 0x0D, 0x80, 0x06, 0xC0, 0x03, 0x60, 0x01, 0xB0, 0x00, 0xDC, 0x00, 0x6E, 0x00, 0x73, 0x80,
    0x31, 0xC0, 0x38, 0x78, 0x78, 0x1F, 0xF8, 0x03, 0xF8, 0x00, 0x70, 0x00, 0x70, 0x00, 0x30, 0x00,
    0x1F, 0x00, 0x07, 0x80, 0x1F, 0x81, 0xFE, 0x1C, 0x38, 0xC0, 0xEE, 0x07, 0x60, 0x1B, 0x00, 0xD8,
    0x06, 0xC0, 0x37, 0x03, 0x98, 0x1C, 0xE1, 0xC3, 0xFC, 0x0F, 0xC0, 0x18, 0x01, 0x80, 0x0C, 0x00,
    0x7C, 0x01, 0xE0, 0x07, 0xF0, 0x03, 0xF8, 0x00, 0x00, 0x00, 0x00, 0x00, 0x00, 0x00, 0x00, 0x00,
    0x1F, 0x80, 0x3F, 0xF0, 0x3C, 0x3C, 0x38, 0x07, 0x1C, 0x01, 0x9C, 0x00, 0xEE, 0x00, 0x36, 0x00,
    0x1B, 0x00, 0x0D, 0x80, 0x06, 0xC0, 0x03, 0x70, 0x01, 0xB8, 0x01, 0xCE, 0x00, 0xC7, 0x00, 0xE1,
    0xE1, 0xE0, 0x7F, 0xE0, 0x0F, 0xE0, 0x01, 0xC0, 0x01, 0xC0, 0x00, 0xC0, 0x00, 0x7C, 0x00, 0x1E,
    0x00, 0x1F, 0xC0, 0xFE, 0x00, 0x00, 0x00, 0x01, 0xF8, 0x1F, 0xE1, 0xC3, 0x8C, 0x0E, 0xE0, 0x76,
    0x01, 0xB0, 0x0D, 0x80, 0x6C, 0x03, 0x70, 0x39, 0x81, 0xCE, 0x1C, 0x3F, 0xC0, 0xFC, 0x01, 0x80,
    0x18, 0x00, 0xE0, 0x07, 0xC0, 0x1E, 0x00, 0x08, 0x60, 0x19, 0x80, 0x1F, 0x00, 0x1C, 0x00, 0x00,
    0x00, 0x00, 0x00, 0x00, 0x3F, 0xFE, 0x7F, 0xFC, 0x00, 0x70, 0x01, 0xC0, 0x07, 0x00, 0x1C, 0x00,
    0x70, 0x01, 0xC0, 0x03, 0xE0, 0x07, 0xE0, 0x01, 0xF0, 0x00, 0xE0, 0x00, 0xE0, 0x00, 0xC0, 0x01,
    0x80, 0x03, 0x00, 0x06, 0xC0, 0x0D, 0xC0, 0x39, 0x80, 0xE3, 0xC3, 0xC3, 0xFF, 0x01, 0xF8, 0x00,
    0x19, 0xC0, 0xEC, 0x03, 0xC0, 0x0C, 0x00, 0x00, 0x3F, 0xF9, 0xFF, 0xC0, 0x1C, 0x01, 0xC0, 0x0E,
    0x00, 0xE0, 0x0E, 0x00, 0xE0, 0x07, 0xC0, 0x3F, 0x80, 0x1E, 0x00, 0x70, 0x01, 0x80, 0x0D, 0xC0,
    0x6E, 0x07, 0x38, 0x70, 0xFF, 0x83, 0xF0, 0x43, 0x33, 0x0F, 0x83, 0x80, 0x00, 0x00, 0x60, 0x30,
    0x18, 0x0C, 0x06, 0x03, 0x01, 0x80, 0xC0, 0x60, 0x30, 0x18, 0x0C, 0x06, 0x03, 0x01, 0x80, 0xC0,
    0xE0, 0xF0, 0x70, 0x00, 0xFF, 0x80, 0x7F, 0xFF, 0xFF, 0x81, 0xFF, 0xFC, 0x0F, 0x00, 0x01, 0xB0,
    0x0E, 0x00, 0x0E, 0xC0, 0x18, 0x00, 0x73, 0x00, 0x70, 0x01, 0x8C, 0x00, 0xC0, 0x0E, 0x30, 0x03,
    0x00, 0x70, 0xC0, 0x0C, 0x03, 0x83, 0x00, 0x30, 0x0E, 0x0C, 0x00, 0xC0, 0x70, 0x30, 0x03, 0x03,
    0x80, 0xC0, 0x1C, 0x0C, 0x03, 0x00, 0x60, 0x70, 0x0C, 0x03, 0x83, 0x80, 0x30, 0x3C, 0x0C, 0x00,
    0xFF, 0xE0, 0x7F, 0xFF, 0xFE, 0x01, 0xFF, 0xF0, 0xFF, 0x80, 0x00, 0x0F, 0xFE, 0x00, 0x00, 0xC0,
    0xF0, 0x00, 0x0C, 0x03, 0x80, 0x00, 0xC0, 0x18, 0x3F, 0xFC, 0x01, 0xC3, 0xFF, 0xC0, 0x0C, 0x00,
    0x7C, 0x00, 0xC0, 0x0E, 0xC0, 0x0C, 0x01, 0xCC, 0x00, 0xC0, 0x38, 0xC0, 0x0C, 0x03, 0x8C, 0x00,
    0xC0, 0x70, 0xC0, 0x1C, 0x0E, 0x0C, 0x01, 0x81, 0xE0, 0xC0, 0x38, 0x3C, 0x0C, 0x0F, 0x03, 0x80,
    0xFF, 0xE0, 0x7F, 0xFF, 0xF8, 0x07, 0xFF, 0x00, 0x30, 0x00, 0x00, 0x0C, 0x00, 0x00, 0x03, 0x00,
    0x00, 0x00, 0xC0, 0x00, 0x1F, 0x30, 0xFF, 0xCF, 0xFC, 0x3F, 0xF7, 0x0F, 0x00, 0x1D, 0x81, 0xC0,
    0x0E, 0xE0, 0x70, 0x07, 0x30, 0x0C, 0x03, 0xCC, 0x03, 0x01, 0xE3, 0x00, 0xC0, 0x70, 0xC0, 0x30,
    0x38, 0x38, 0x1C, 0x1E, 0x06, 0x07, 0x0F, 0x01, 0xC3, 0xC7, 0x80, 0x3F, 0xF1, 0xFF, 0xC7, 0xCC,
    0x7F, 0xF0, 0x00, 0xE0, 0x00, 0xC0, 0x01, 0x80, 0x01, 0x00, 0x00, 0x00, 0x00, 0x00, 0x07, 0xE0,
    0x1F, 0xF8, 0x3C, 0x3C, 0x70, 0x1C, 0x60, 0x0E, 0xE0, 0x06, 0xE0, 0x00, 0xC0, 0x00, 0xC0, 0x00,
    0xC0, 0xFE, 0xC0, 0xFE, 0xE0, 0x06, 0xE0, 0x06, 0x60, 0x0E, 0x70, 0x0C, 0x3C, 0x3C, 0x1F, 0xF8,
    0x07, 0xE0, 0x01, 0x80, 0x1C, 0x00, 0xC0, 0x0C, 0x00, 0x00, 0x00, 0x00, 0x7C, 0xC7, 0xF6, 0x70,
    0xF3, 0x03, 0xB8, 0x1D, 0x80, 0x6C, 0x03, 0x60, 0x1B, 0x00, 0xDC, 0x06, 0x60, 0x73, 0x87, 0x8F,
    0xEC, 0x3E, 0x60, 0x03, 0x00, 0x19, 0xC3, 0xCF, 0xFC, 0x1F, 0x80, 0xC0, 0x0C, 0x00, 0xC0, 0x0C,
    0x00, 0xC0, 0x0C, 0x00, 0xC0, 0x0C, 0x00, 0xC0, 0x0C, 0x03, 0xC0, 0x0C, 0x03, 0xC0, 0x0C, 0x03,
    0xC0, 0x0C, 0x03, 0xFF, 0xFC, 0x03, 0xFF, 0xFC, 0x03, 0xC0, 0x0C, 0x03, 0xC0, 0x0C, 0x03, 0xC0,
    0x0C, 0x03, 0xC0, 0x0C, 0x03, 0xC0, 0x0E, 0x07, 0xC0, 0x07, 0x0E, 0xC0, 0x03, 0xFC, 0xC0, 0x01,
    0xF8, 0xFF, 0x87, 0xFF, 0x3C, 0x3D, 0xC0, 0x6C, 0x03, 0xE0, 0x1F, 0x00, 0x78, 0x03, 0xC0, 0x1E,
    0x00, 0xF0, 0x0F, 0x80, 0x7C, 0x03, 0x60, 0x3B, 0x03, 0x98, 0x38, 0xC3, 0x86, 0xF8, 0x3F, 0x81,
    0xE0, 0x0C, 0x00, 0x60, 0x03, 0x00, 0x00, 0x0E, 0x00, 0x0C, 0x00, 0x1C, 0x00, 0x18, 0x00, 0x00,
    0x00, 0x00, 0x38, 0x03, 0x78, 0x06, 0xF0, 0x0D, 0xF0, 0x1B, 0x70, 0x36, 0x60, 0x6C, 0xE0, 0xD8,
    0xE1, 0xB1, 0xC3, 0x61, 0xC6, 0xC1, 0xCD, 0x83, 0x9B, 0x03, 0xB6, 0x03, 0x6C, 0x07, 0xD8, 0x07,
    0xB0, 0x0F, 0x60, 0x0E, 0x38, 0x03, 0x00, 0x30, 0x06, 0x00, 0x01, 0x9F, 0x3F, 0xF7, 0x8F, 0xE0,
    0xF8, 0x0F, 0x01, 0xE0, 0x3C, 0x07, 0x80, 0xF0, 0x1E, 0x03, 0xC0, 0x78, 0x0F, 0x01, 0x80, 0x00,
    0x70, 0x00, 0x60, 0x00, 0x00, 0x00, 0x7C, 0x00, 0x7F, 0x00, 0x39, 0x80, 0x1C, 0xC0, 0x0F, 0xE0,
    0x03, 0xE0, 0x00, 0x00, 0x00, 0x70, 0x00, 0x38, 0x00, 0x3E, 0x00, 0x1B, 0x00, 0x0D, 0xC0, 0x0E,
    0x60, 0x06, 0x30, 0x07, 0x1C, 0x03, 0x86, 0x01, 0x83, 0x01, 0xC1, 0xC0, 0xFF, 0xE0, 0x7F, 0xF0,
    0x70, 0x1C, 0x30, 0x06, 0x18, 0x03, 0x9C, 0x01, 0xCC, 0x00, 0x60, 0x03, 0x80, 0xC0, 0x00, 0x07,
    0x81, 0xF8, 0x63, 0x0C, 0x60, 0xFC, 0x0F, 0x00, 0x00, 0x7E, 0x1F, 0xE7, 0x0E, 0xC1, 0xC0, 0x18,
    0x07, 0x3F, 0xEF, 0xCF, 0x81, 0xE0, 0x3C, 0x0F, 0xC3, 0xDF, 0xF9, 0xF3, 0x00, 0x00, 0x60, 0x00,
    0x01, 0xC0, 0x00, 0x03, 0x00, 0x00, 0x0C, 0x00, 0x00, 0x00, 0x00, 0x00, 0x00, 0x00, 0x1F, 0xFF,
    0x80, 0x7F, 0xFF, 0x00, 0xCC, 0x00, 0x03, 0x98, 0x00, 0x06, 0x30, 0x00, 0x1C, 0x60, 0x00, 0x38,
    0xC0, 0x00, 0xE1, 0x80, 0x01, 0xC3, 0xFF, 0x87, 0x07, 0xFF, 0x0E, 0x0C, 0x00, 0x3F, 0xF8, 0x00,
    0x7F, 0xF0, 0x01, 0xC0, 0x60, 0x03, 0x80, 0xC0, 0x0E, 0x01, 0x80, 0x1C, 0x03, 0xFF, 0xF0, 0x07,
    0xFF, 0x00, 0x18, 0x00, 0x01, 0xC0, 0x00, 0x0C, 0x00, 0x00, 0xC0, 0x00, 0x00, 0x00, 0x00, 0x00,
    0x00, 0x7C, 0x3E, 0x0F, 0xF7, 0xFC, 0x71, 0xF8, 0xE3, 0x07, 0x03, 0x80, 0x38, 0x0C, 0x01, 0xC0,
    0x73, 0xFF, 0xFF, 0xBF, 0xFF, 0xFF, 0x83, 0x80, 0x18, 0x1C, 0x00, 0xC0, 0xE0, 0x37, 0x0F, 0xC3,
    0x9F, 0xEF, 0xF8, 0x7C, 0x1F, 0x80, 0x00, 0x60, 0x00, 0x60, 0x00, 0x30, 0x00, 0x10, 0x00, 0x00,
    0x00, 0x00, 0x00, 0x1F, 0x98, 0x3F, 0xFC, 0x3C, 0x3C, 0x38, 0x0F, 0x1C, 0x0F, 0x9C, 0x0E, 0xEE,
    0x06, 0x36, 0x07, 0x1B, 0x07, 0x0D, 0x87, 0x06, 0xC3, 0x03, 0x73, 0x81, 0xBB, 0x81, 0xCF, 0x80,
    0xC7, 0x80, 0xE1, 0xE1, 0xE1, 0xFF, 0xE0, 0xCF, 0xC0, 0x00, 0x00, 0x00, 0x00, 0xC0, 0x07, 0x00,
    0x18, 0x00, 0xC0, 0x00, 0x00, 0x00, 0x00, 0xFD, 0x87, 0xFE, 0x38, 0x70, 0xC1, 0xE7, 0x0F, 0x98,
    0x66, 0x63, 0x99, 0x9C, 0x66, 0x61, 0x9F, 0x0E, 0x38, 0x38, 0xE1, 0xC7, 0xFE, 0x1B, 0xF0, 0x00,
    0x00, 0x1C, 0xC0, 0x06, 0x70, 0x01, 0x98, 0x00, 0xCC, 0x00, 0x00, 0x00, 0x00, 0x00, 0x07, 0x00,
    0x03, 0x80, 0x03, 0xE0, 0x01, 0xB0, 0x01, 0xD8, 0x00, 0xCE, 0x00, 0x63, 0x00, 0x71, 0xC0, 0x30,
    0xE0, 0x18, 0x30, 0x1C, 0x1C, 0x0F, 0xFE, 0x07, 0xFF, 0x07, 0x01, 0xC3, 0x00, 0x63, 0x80, 0x39,
    0xC0, 0x1C, 0xC0, 0x06, 0xE6, 0x0C, 0xE0, 0xCC, 0x19, 0xC0, 0x00, 0x00, 0x07, 0xE1, 0xFE, 0x70,
    0xEC, 0x1C, 0x01, 0x80, 0x73, 0xFE, 0xFC, 0xF8, 0x1E, 0x03, 0xC0, 0xFC, 0x3D, 0xFF, 0x9F, 0x30,
    0x01, 0xE0, 0x01, 0xF8, 0x01, 0xCE, 0x00, 0xC3, 0x00, 0x00, 0x00, 0x00, 0x00, 0x07, 0x80, 0x03,
    0xC0, 0x01, 0xE0, 0x01, 0xF8, 0x00, 0xCC, 0x00, 0xE6, 0x00, 0x63, 0x80, 0x30, 0xC0, 0x38, 0x60,
    0x18, 0x38, 0x0C, 0x1C, 0x0F, 0xFE, 0x07, 0xFF, 0x87, 0x00, 0xC3, 0x80, 0x61, 0x80, 0x39, 0xC0,
    0x1C, 0xC0, 0x06, 0x0F, 0x03, 0xF0, 0xE7, 0x18, 0x60, 0x00, 0x00, 0x07, 0xE3, 0xFE, 0x70, 0xEC,
    0x1C, 0x01, 0x80, 0x73, 0xFE, 0xFC, 0xF8, 0x1E, 0x03, 0xC0, 0xFC, 0x3D, 0xFF, 0x9F, 0x30, 0xE6,
    0x0C, 0xE0, 0xCC, 0x19, 0x80, 0x00, 0x00, 0x3F, 0xFF, 0xFF, 0xC0, 0x18, 0x03, 0x00, 0x60, 0x0C,
    0x01, 0x80, 0x3F, 0xFF, 0xFF, 0xC0, 0x18, 0x03, 0x00, 0x60, 0x0C, 0x01, 0x80, 0x3F, 0xFF, 0xFF,
    0x67, 0x07, 0x30, 0x33, 0x01, 0x98, 0x00, 0x00, 0x00, 0x1F, 0x83, 0xFC, 0x70, 0xE6, 0x07, 0xE0,
    0x7C, 0x03, 0xFF, 0xFF, 0xFF, 0xC0, 0x0E, 0x00, 0x60, 0x67, 0x0E, 0x3F, 0xE0, 0xF8, 0x0F, 0x03,
    0xF0, 0xE7, 0x18, 0x60, 0x00, 0x00, 0x3F, 0xFF, 0xFF, 0xC0, 0x18, 0x03, 0x00, 0x60, 0x0C, 0x01,
    0x80, 0x3F, 0xFF, 0xFF, 0xC0, 0x18, 0x03, 0x00, 0x60, 0x0C, 0x01, 0x80, 0x3F, 0xFF, 0xFF, 0x0F,
    0x01, 0xF8, 0x39, 0xC3, 0x0C, 0x00, 0x00, 0x00, 0x1F, 0x83, 0xFC, 0x70, 0xE6, 0x06, 0xE0, 0x3C,
    0x03, 0xFF, 0xFF, 0xFF, 0xC0, 0x0E, 0x00, 0x60, 0x27, 0x8E, 0x3F, 0xE0, 0xF8, 0x67, 0x39, 0x8C,
    0xE3, 0x30, 0x00, 0x00, 0x18, 0x0C, 0x06, 0x03, 0x01, 0x80, 0xC0, 0x60, 0x30, 0x18, 0x0C, 0x06,
    0x03, 0x01, 0x80, 0xC0, 0x60, 0x30, 0x18, 0x0C, 0x67, 0x1C, 0xC3, 0x38, 0x66, 0x00, 0x01, 0x80,
    0x60, 0x18, 0x06, 0x01, 0x80, 0x60, 0x18, 0x06, 0x01, 0x80, 0x60, 0x18, 0x06, 0x01, 0x80, 0x60,
    0x3C, 0x3F, 0x39, 0xD8, 0x60, 0x00, 0x00, 0x60, 0x30, 0x18, 0x0C, 0x06, 0x03, 0x01, 0x80, 0xC0,
    0x60, 0x30, 0x18, 0x0C, 0x06, 0x03, 0x01, 0x80, 0xC0, 0x60, 0x30, 0x3C, 0x3F, 0x39, 0xD8, 0x60,
    0x00, 0x00, 0x60, 0x30, 0x18, 0x0C, 0x06, 0x03, 0x01, 0x80, 0xC0, 0x60, 0x30, 0x18, 0x0C, 0x06,
    0x03, 0x00, 0x19, 0xC0, 0x0E, 0x60, 0x03, 0x38, 0x00, 0xCC, 0x00, 0x00, 0x00, 0x00, 0x00, 0x1F,
    0x80, 0x3F, 0xF0, 0x3C, 0x3C, 0x38, 0x07, 0x1C, 0x01, 0x9C, 0x00, 0xEE, 0x00, 0x36, 0x00, 0x1B,
    0x00, 0x0D, 0x80, 0x06, 0xC0, 0x03, 0x70, 0x01, 0xB8, 0x01, 0xCE, 0x00, 0xC7, 0x00, 0xE1, 0xE1,
    0xE0, 0x7F, 0xE0, 0x0F, 0xC0, 0x67, 0x01, 0x98, 0x0C, 0xE0, 0x33, 0x00, 0x00, 0x00, 0x00, 0x7E,
    0x07, 0xF8, 0x70, 0xE3, 0x03, 0xB8, 0x1D, 0x80, 0x6C, 0x03, 0x60, 0x1B, 0x00, 0xDC, 0x0E, 0x60,
    0x73, 0x87, 0x0F, 0xF0, 0x3F, 0x00, 0x03, 0xC0, 0x03, 0xF0, 0x03, 0x9C, 0x01, 0xCE, 0x00, 0xC3,
    0x00, 0x00, 0x00, 0x00, 0x00, 0x0F, 0xC0, 0x1F, 0xF8, 0x1E, 0x1E, 0x1C, 0x03, 0x8E, 0x00, 0xCE,
    0x00, 0x77, 0x00, 0x1B, 0x00, 0x0D, 0x80, 0x06, 0xC0, 0x03, 0x60, 0x01, 0xB8, 0x00, 0xDC, 0x00,
    0xE7, 0x00, 0x63, 0x80, 0x70, 0xF0, 0xF0, 0x3F, 0xF0, 0x07, 0xE0, 0x00, 0x0F, 0x00, 0xFC, 0x0E,
    0x70, 0x61, 0x80, 0x00, 0x00, 0x00, 0x7E, 0x07, 0xF8, 0x70, 0xE3, 0x03, 0xB8, 0x0D, 0x80, 0x6C,
    0x03, 0x60, 0x1B, 0x00, 0xDC, 0x06, 0x60, 0x73, 0x87, 0x0F, 0xF0, 0x3F, 0x00, 0xE6, 0x03, 0x38,
    0x0C, 0xC0, 0x66, 0x00, 0x00, 0x00, 0x03, 0xFE, 0x1F, 0xFC, 0xC0, 0xF6, 0x03, 0xB0, 0x0D, 0x80,
    0x6C, 0x03, 0x60, 0x3B, 0x03, 0xDF, 0xFC, 0xFF, 0x86, 0x0C, 0x30, 0x71, 0x81, 0xCC, 0x0E, 0x60,
    0x3B, 0x01, 0xD8, 0x07, 0x73, 0x06, 0x70, 0xE6, 0x0C, 0xC0, 0x00, 0x33, 0x87, 0xF0, 0xF0, 0x1C,
    0x03, 0x00, 0x60, 0x0C, 0x01, 0x80, 0x30, 0x06, 0x00, 0xC0, 0x18, 0x03, 0x00, 0x60, 0x00, 0x0F,
    0x00, 0xFC, 0x0E, 0x70, 0x61, 0x80, 0x00, 0x00, 0x03, 0xFE, 0x1F, 0xFC, 0xC0, 0xF6, 0x01, 0xB0,
    0x0D, 0x80, 0x6C, 0x03, 0x60, 0x1B, 0x03, 0xDF, 0xFC, 0xFF, 0xC6, 0x0E, 0x30, 0x31, 0x81, 0xCC,
    0x06, 0x60, 0x3B, 0x00, 0xD8, 0x07, 0x3C, 0x3F, 0x39, 0xD8, 0x60, 0x00, 0x01, 0x9C, 0xFE, 0x78,
    0x38, 0x18, 0x0C, 0x06, 0x03, 0x01, 0x80, 0xC0, 0x60, 0x30, 0x18, 0x0C, 0x00, 0x33, 0x80, 0x73,
    0x00, 0x67, 0x00, 0x66, 0x00, 0x00, 0x00, 0x00, 0x30, 0x03, 0x60, 0x06, 0xC0, 0x0D, 0x80, 0x1B,
    0x00, 0x36, 0x00, 0x6C, 0x00, 0xD8, 0x01, 0xB0, 0x03, 0x60, 0x06, 0xC0, 0x0D, 0x80, 0x1B, 0x00,
    0x37, 0x00, 0xE6, 0x01, 0xCF, 0x0F, 0x0F, 0xFC, 0x07, 0xE0, 0x73, 0x03, 0x38, 0x39, 0x81, 0x98,
    0x00, 0x00, 0x00, 0x60, 0x36, 0x03, 0x60, 0x36, 0x03, 0x60, 0x36, 0x03, 0x60, 0x36, 0x03, 0x60,
    0x36, 0x03, 0x70, 0x77, 0x8F, 0x3F, 0xB1, 0xF3, 0x07, 0x80, 0x1F, 0x80, 0x73, 0x80, 0xC3, 0x01,
    0x86, 0x00, 0x00, 0x00, 0x00, 0x60, 0x06, 0xC0, 0x0D, 0x80, 0x1B, 0x00, 0x36, 0x00, 0x6C, 0x00,
    0xD8, 0x01, 0xB0, 0x03, 0x60, 0x06, 0xC0, 0x0D, 0x80, 0x1B, 0x00, 0x36, 0x00, 0x6E, 0x01, 0xCC,
    0x03, 0x9E, 0x1E, 0x1F, 0xF8, 0x0F, 0xC0, 0x0E, 0x03, 0xE0, 0xEE, 0x18, 0xC0, 0x00, 0x00, 0x30,
    0x1E, 0x03, 0xC0, 0x78, 0x0F, 0x01, 0xE0, 0x3C, 0x07, 0x80, 0xF0, 0x1E, 0x03, 0xE0, 0xFE, 0x3D,
    0xFD, 0x9F, 0x30, 0x0F, 0xC0, 0xFF, 0xC3, 0xFF, 0x9C, 0x0E, 0x70, 0x19, 0xC0, 0x07, 0x80, 0x0F,
    0xC0, 0x3F, 0xE0, 0x3F, 0xE0, 0x0F, 0x80, 0x0F, 0x00, 0x1D, 0xC0, 0x77, 0x03, 0xDF, 0xFE, 0x3F,
    0xF0, 0x3F, 0x80, 0x00, 0x00, 0xE0, 0x03, 0x80, 0x0E, 0x00, 0x30, 0x00, 0xC0, 0x1F, 0x83, 0xFC,
    0x7F, 0xE7, 0x0E, 0x70, 0x07, 0xC0, 0x3F, 0xC0, 0xFE, 0x00, 0xF0, 0x07, 0x70, 0x77, 0xFF, 0x3F,
    0xE1, 0xFC, 0x00, 0x00, 0x70, 0x07, 0x00, 0x70, 0x06, 0x00, 0x60, 0xFF, 0xFF, 0xFF, 0xFF, 0xFF,
    0xF8, 0x1C, 0x00, 0x38, 0x00, 0x70, 0x00, 0xE0, 0x01, 0xC0, 0x03, 0x80, 0x07, 0x00, 0x0E, 0x00,
    0x1C, 0x00, 0x38, 0x00, 0x70, 0x00, 0xE0, 0x01, 0xC0, 0x03, 0x80, 0x07, 0x00, 0x00, 0x00, 0x1C,
    0x00, 0x38, 0x00, 0x70, 0x00, 0xC0, 0x01, 0x80, 0x38, 0x1C, 0x0E, 0x1F, 0xEF, 0xF7, 0xF8, 0xE0,
    0x70, 0x38, 0x1C, 0x0E, 0x07, 0x03, 0x81, 0xC0, 0xFC, 0x3F, 0x0F, 0x80, 0x07, 0x03, 0x81, 0xC0,
    0xC0, 0x60, 0x1F, 0x83, 0xFF, 0x1C, 0x3D, 0xC0, 0xEC, 0x03, 0x00, 0x18, 0x00, 0xC0, 0x0E, 0x00,
    0x60, 0x07, 0x00, 0xF8, 0x1F, 0xE7, 0xE3, 0x3C, 0x18, 0x00, 0xC0, 0x06, 0x00, 0x30, 0x03, 0x80,
    0x18, 0x03, 0xC0, 0x3C, 0x1F, 0x81, 0xF8, 0x0E, 0x00, 0x00, 0x00, 0x3F, 0x0F, 0xF3, 0x87, 0x70,
    0x6C, 0x0C, 0x03, 0x80, 0x70, 0x1C, 0x0F, 0x8F, 0xF9, 0xE3, 0x20, 0x60, 0x0C, 0x01, 0x80, 0x70,
    0x1C, 0x0F, 0x8F, 0xC1, 0xE0, 0x20, 0x00, 0x1C, 0xE0, 0x1D, 0x80, 0x1E, 0x00, 0x18, 0x00, 0x00,
    0x00, 0x00, 0x30, 0x03, 0x60, 0x06, 0xC0, 0x0D, 0x80, 0x1B, 0x00, 0x36, 0x00, 0x6C, 0x00, 0xD8,
    0x01, 0xBF, 0xFF, 0x7F, 0xFE, 0xC0, 0x0D, 0x80, 0x1B, 0x00, 0x36, 0x00, 0x6C, 0x00, 0xD8, 0x01,
    0xB0, 0x03, 0x60, 0x06, 0xE7, 0x01, 0xD8, 0x03, 0xC0, 0x06, 0x00, 0x00, 0x00, 0x00, 0x01, 0x80,
    0x06, 0x00, 0x18, 0x00, 0x60, 0x01, 0x9F, 0x06, 0xFE, 0x1E, 0x3C, 0x70, 0x71, 0x80, 0xC6, 0x03,
    0x18, 0x0C, 0x60, 0x31, 0x80, 0xC6, 0x03, 0x18, 0x0C, 0x60, 0x31, 0x80, 0xC6, 0x03, 0x70, 0x70,
    0x70, 0x60, 0x1C, 0x71, 0xC3, 0x00, 0x1C, 0x1F, 0x1D, 0xCC, 0x70, 0x30, 0x3F, 0x9F, 0xC9, 0xC0,
    0xFF, 0xFF, 0xF8, 0xE7, 0xE7, 0xFF, 0x7E, 0x6F, 0xF6, 0xE7, 0xE7, 0xE7, 0xEF, 0x36, 0x7B, 0xFC,
    0xF3, 0xFD, 0xE0, 0x3C, 0xE3, 0x9C, 0x73, 0x86, 0x30, 0x63, 0xBB, 0x8F, 0x83, 0x80, 0x73, 0x0C,
    0xE3, 0x98, 0x66, 0x7F, 0xFE, 0x31, 0x8C, 0x63, 0x31, 0x80, 0x31, 0x8C, 0x63, 0x31, 0x80, 0x31,
    0x8C, 0xC6, 0x00, 0xFF, 0x80, 0xFF, 0xEC, 0x30, 0xE3, 0xC7, 0xFF, 0xE0, 0x06, 0xEE, 0xF7, 0x43,
    0x33, 0x0F, 0x83, 0x80, 0x00, 0x40, 0x18, 0x03, 0x00, 0xC0, 0x18, 0x06, 0x00, 0xC0, 0x30, 0x06,
    0x01, 0x80, 0x30, 0x0C, 0x01, 0x80, 0x60, 0x0C, 0x03, 0x00, 0x60, 0x00, 0x00, 0x04, 0x00, 0x18,
    0x00, 0x60, 0x00, 0xC0, 0x03, 0x00, 0x04, 0x00, 0x18, 0x00, 0x60, 0x00, 0x80, 0x03, 0x00, 0x04,
    0x00, 0x18, 0x00, 0x60, 0x00, 0x80, 0x03, 0x00, 0x04, 0x00, 0x18, 0x00, 0x60, 0x00, 0x80, 0x03,
    0x00, 0x00, 0x77, 0xFF, 0x70, 0x76, 0x66, 0xC0, 0xFF, 0x7F, 0xB0, 0xD8, 0x6C, 0x30, 0xFF, 0xFC,
    0x07, 0xFF, 0xE0, 0xDB, 0x6D, 0xB6, 0xD8, 0xFB, 0xE1, 0x86, 0x18, 0x04, 0x3F, 0xFF, 0xFB, 0xE1,
    0x80, 0x00, 0x1C, 0x0E, 0x07, 0x0F, 0x3F, 0xFE, 0x78, 0x70, 0x38, 0x1C, 0x00, 0x00, 0x3C, 0xFF,
    0xCF, 0x3F, 0xFE, 0x78, 0x00, 0x02, 0x30, 0xC3, 0x3F, 0xF3, 0x0C, 0x23, 0x00, 0x00, 0x00, 0x20,
    0xE7, 0xE9, 0x42, 0x04, 0x00, 0x80, 0x78, 0x3F, 0x03, 0xF0, 0x78, 0x7D, 0xF9, 0xE0, 0xC0, 0x00,
    0x00, 0x26, 0x44, 0x20, 0x3C, 0x7E, 0xEE, 0xC6, 0x18, 0x38, 0x38, 0x00, 0xC9, 0xF1, 0xC3, 0xCD,
    0x80, 0x00, 0x00, 0x1C, 0xF7, 0x0F, 0x03, 0x80, 0x00, 0x03, 0x0F, 0x07, 0x3F, 0x88, 0x00, 0x00,
    0x06, 0x06, 0x3C, 0x38, 0x7B, 0xC1, 0xDA, 0x78, 0x9B, 0x0C, 0x40, 0xE7, 0x8C, 0x6F, 0x70, 0xFF,
    0x80, 0x10, 0x21, 0xF1, 0xC2, 0x80, 0x00, 0x3B, 0x9B, 0xB4, 0x45, 0xBB, 0x3B, 0x80, 0x00, 0x87,
    0x9E, 0x18, 0x60, 0x00, 0x60, 0x01, 0x8F, 0x03, 0xC1, 0xFF, 0xE0, 0x1F, 0xE0, 0x60, 0x01, 0x8F,
    0x03, 0xC1, 0xFF, 0xE0, 0x1F, 0xE0, 0xFF, 0xFF, 0xFF, 0xF0, 0xFF, 0xFF, 0xFF, 0xF0, 0x00, 0x00,
    0x00, 0x3F, 0xF8, 0x03, 0x7F, 0xFF, 0xFE, 0xE0, 0x1F, 0xFC, 0x00, 0x00, 0x00, 0x07, 0xF8, 0x07,
    0xFF, 0x83, 0xC0, 0xF1, 0x80, 0x06, 0x00, 0x00, 0x00, 0x00, 0x60, 0x00, 0x06, 0x7F, 0xFF, 0xE0,
    0x00, 0x18, 0x00, 0x0E, 0x00, 0x00, 0x00, 0x78, 0xD8, 0x33, 0xEE, 0xD9, 0x9F, 0x00, 0x7B, 0xBC,
    0xFF, 0xC3, 0xA7, 0x80, 0xDB, 0x6D, 0xB6, 0xC0, 0x3C, 0xEE, 0xC6, 0xC6, 0xC6, 0xEE, 0x7C, 0x00,
    0xCF, 0x3C, 0xF3, 0xCF, 0xB7, 0xC0, 0x7B, 0xBC, 0x70, 0xC3, 0xB7, 0x80, 0x0C, 0x30, 0xDF, 0xFF,
    0x3C, 0xF3, 0xFD, 0xF0, 0xC3, 0x0C, 0x3E, 0xFF, 0x3C, 0xF3, 0xCF, 0x30, 0xFF, 0x9F, 0x9B, 0x33,
    0x66, 0x6C, 0xCD, 0x99, 0xB3, 0x30, 0xFE, 0xCC, 0xCC, 0xC0, 0x00, 0xC7, 0xCE, 0x30, 0xC3, 0x0C,
    0x38, 0x00, 0x66, 0x66, 0x36, 0x3C, 0x3C, 0x18, 0x18, 0x66, 0xF8, 0xE1, 0xC3, 0xCD, 0x99, 0x80,
    0x38, 0x03, 0x80, 0x30, 0x06, 0x00, 0x00, 0x00, 0x3F, 0xFF, 0xFF, 0xC0, 0x18, 0x03, 0x00, 0x60,
    0x0C, 0x01, 0x80, 0x3F, 0xFF, 0xFF, 0xC0, 0x18, 0x03, 0x00, 0x60, 0x0C, 0x01, 0x80, 0x3F, 0xFF,
    0xFF, 0x30, 0xC7, 0x9E, 0x79, 0xE3, 0x0C, 0x00, 0x0F, 0xFF, 0xFF, 0xFF, 0xFF, 0xE0, 0x0E, 0x00,
    0xE0, 0x0E, 0x00, 0xFF, 0xEF, 0xFE, 0xFF, 0xEE, 0x00, 0xE0, 0x0E, 0x00, 0xE0, 0x0E, 0x00, 0xFF,
    0xFF, 0xFF, 0xFF, 0xF0, 0xFF, 0xFE, 0x1F, 0xFF, 0xC3, 0xFF, 0xF8, 0x01, 0xC0, 0x00, 0x38, 0x00,
    0x07, 0x00, 0x00, 0xE3, 0x80, 0x1F, 0xFC, 0x03, 0xFF, 0xC0, 0x78, 0x3C, 0x0E, 0x03, 0x81, 0xC0,
    0x70, 0x38, 0x0E, 0x07, 0x01, 0xC0, 0xE0, 0x78, 0x1C, 0x7E, 0x03, 0x8F, 0xC0, 0x71, 0xE0, 0x01,
    0xC0, 0x3C, 0x03, 0x80, 0x70, 0x06, 0x00, 0x00, 0xFF, 0xFF, 0xFF, 0xFF, 0xEE, 0x00, 0xE0, 0x0E,
    0x00, 0xE0, 0x0E, 0x00, 0xE0, 0x0E, 0x00, 0xE0, 0x0E, 0x00, 0xE0, 0x0E, 0x00, 0xE0, 0x0E, 0x00,
    0xE0, 0x0E, 0x00, 0x0F, 0xE0, 0x3F, 0xF0, 0xFF, 0xF3, 0xC0, 0xF7, 0x01, 0xFC, 0x01, 0xF8, 0x00,
    0x7F, 0xE0, 0xFF, 0xC1, 0xFF, 0x83, 0x80, 0x07, 0x00, 0x0E, 0x00, 0xEE, 0x03, 0xDE, 0x07, 0x9F,
    0xFE, 0x1F, 0xF8, 0x1F, 0xC0, 0x0F, 0xE0, 0xFF, 0xC3, 0xFF, 0x9C, 0x0E, 0x70, 0x19, 0xC0, 0x07,
    0x80, 0x0F, 0xC0, 0x3F, 0xE0, 0x3F, 0xE0, 0x0F, 0xC0, 0x0F, 0x00, 0x1D, 0xC0, 0x77, 0x03, 0xDF,
    0xFE, 0x3F, 0xF0, 0x3F, 0x80, 0xFF, 0xFF, 0xFF, 0xFF, 0xFF, 0xFF, 0xFC, 0x63, 0x7B, 0xFD, 0xEC,
    0x60, 0x00, 0xE0, 0x70, 0x38, 0x1C, 0x0E, 0x07, 0x03, 0x81, 0xC0, 0xE0, 0x70, 0x38, 0x1C, 0x0E,
    0x07, 0x03, 0x81, 0xC0, 0xE0, 0x70, 0x00, 0xE0, 0x1C, 0x03, 0x80, 0x70, 0x0E, 0x01, 0xC0, 0x38,
    0x07, 0x00, 0xE0, 0x1C, 0x03, 0x80, 0x70, 0x0F, 0xC1, 0xF8, 0x7F, 0xFE, 0x7F, 0x87, 0xE0, 0x1F,
    0xFE, 0x00, 0x0F, 0xFF, 0x00, 0x07, 0xFF, 0x80, 0x03, 0x81, 0xC0, 0x01, 0xC0, 0xE0, 0x00, 0xE0,
    0x70, 0x00, 0x70, 0x3F, 0xC0, 0x38, 0x1F, 0xFC, 0x1C, 0x0F, 0xFF, 0x0E, 0x07, 0x03, 0x87, 0x03,
    0x80, 0xE3, 0x81, 0xC0, 0x71, 0x80, 0xE0, 0x38, 0xC0, 0x70, 0x1C, 0xE0, 0x38, 0x1F, 0xF0, 0x1F,
    0xFE, 0xF0, 0x0F, 0xFE, 0x70, 0x07, 0xFE, 0x00, 0xE0, 0x1C, 0x00, 0xE0, 0x1C, 0x00, 0xE0, 0x1C,
    0x00, 0xE0, 0x1C, 0x00, 0xE0, 0x1C, 0x00, 0xE0, 0x1C, 0x00, 0xE0, 0x1C, 0x00, 0xFF, 0xFF, 0xF8,
    0xFF, 0xFF, 0xFE, 0xFF, 0xFF, 0xFE, 0xE0, 0x1C, 0x0F, 0xE0, 0x1C, 0x07, 0xE0, 0x1C, 0x07, 0xE0,
    0x1C, 0x07, 0xE0, 0x1C, 0x0F, 0xE0, 0x1F, 0xFE, 0xE0, 0x1F, 0xFE, 0xE0, 0x1F, 0xF8, 0xFF, 0xFE,
    0x1F, 0xFF, 0xC3, 0xFF, 0xF8, 0x01, 0xC0, 0x00, 0x38, 0x00, 0x07, 0x00, 0x00, 0xE3, 0x80, 0x1F,
    0xFC, 0x03, 0xFF, 0xC0, 0x78, 0x3C, 0x0E, 0x03, 0x81, 0xC0, 0x70, 0x38, 0x0E, 0x07, 0x01, 0xC0,
    0xE0, 0x38, 0x1C, 0x07, 0x03, 0x80, 0xE0, 0x70, 0x1C, 0x00, 0xE0, 0x01, 0xC0, 0x07, 0x00, 0x1C,
    0x00, 0x30, 0x00, 0x00, 0x38, 0x0F, 0x70, 0x1C, 0xE0, 0x71, 0xC1, 0xC3, 0x87, 0x87, 0x1E, 0x0E,
    0x78, 0x1F, 0xE0, 0x3F, 0x80, 0x7F, 0x80, 0xE7, 0x81, 0xC7, 0x03, 0x8F, 0x07, 0x0F, 0x0E, 0x0F,
    0x1C, 0x0F, 0x38, 0x0E, 0x70, 0x1E, 0x0E, 0x00, 0x0C, 0x00, 0x18, 0x00, 0x18, 0x00, 0x00, 0x00,
    0x00, 0x30, 0x07, 0x60, 0x1E, 0xC0, 0x3D, 0x80, 0xFB, 0x01, 0xB6, 0x07, 0x6C, 0x1C, 0xD8, 0x31,
    0xB0, 0xE3, 0x63, 0x86, 0xC7, 0x0D, 0x9C, 0x1B, 0x70, 0x36, 0xE0, 0x6F, 0x80, 0xDE, 0x01, 0xBC,
    0x03, 0x70, 0x06, 0x0E, 0x38, 0x07, 0x1C, 0x03, 0xFE, 0x00, 0xFE, 0x00, 0x1C, 0x00, 0x00, 0x03,
    0xC0, 0x1C, 0xF0, 0x0E, 0x78, 0x0E, 0x1E, 0x07, 0x07, 0x07, 0x83, 0xC3, 0x80, 0xE3, 0xC0, 0x79,
    0xC0, 0x1C, 0xE0, 0x0F, 0xE0, 0x03, 0xF0, 0x01, 0xF0, 0x00, 0x78, 0x00, 0x3C, 0x00, 0x1C, 0x00,
    0x7E, 0x00, 0x3E, 0x00, 0x1E, 0x00, 0xE0, 0x1F, 0x80, 0x7E, 0x01, 0xF8, 0x07, 0xE0, 0x1F, 0x80,
    0x7E, 0x01, 0xF8, 0x07, 0xE0, 0x1F, 0x80, 0x7E, 0x01, 0xF8, 0x07, 0xE0, 0x1F, 0x80, 0x7E, 0x01,
    0xFF, 0xFF, 0xFF, 0xFF, 0xFF, 0xF0, 0x38, 0x00, 0xE0, 0x03, 0x80, 0x0E, 0x00, 0x01, 0xC0, 0x01,
    0xF0, 0x00, 0xF8, 0x00, 0x7C, 0x00, 0x7F, 0x00, 0x3B, 0x80, 0x1D, 0xC0, 0x1C, 0x70, 0x0E, 0x38,
    0x0F, 0x1E, 0x07, 0x07, 0x03, 0xFF, 0x83, 0xFF, 0xE1, 0xFF, 0xF0, 0xE0, 0x38, 0xE0, 0x1E, 0x70,
    0x07, 0x78, 0x03, 0xC0, 0xFF, 0xF3, 0xFF, 0xCF, 0xFF, 0x38, 0x00, 0xE0, 0x03, 0x80, 0x0E, 0x00,
    0x3F, 0xF0, 0xFF, 0xF3, 0xFF, 0xEE, 0x03, 0xF8, 0x07, 0xE0, 0x1F, 0x80, 0x7E, 0x03, 0xFF, 0xFE,
    0xFF, 0xF3, 0xFF, 0x80, 0xFF, 0xC3, 0xFF, 0xCF, 0xFF, 0x38, 0x1E, 0xE0, 0x3B, 0x80, 0xEE, 0x07,
    0xBF, 0xFC, 0xFF, 0xE3, 0xFF, 0xCE, 0x03, 0xB8, 0x07, 0xE0, 0x1F, 0x80, 0x7E, 0x03, 0xFF, 0xFE,
    0xFF, 0xF3, 0xFF, 0x80, 0xFF, 0xFF, 0xFF, 0xFF, 0xEE, 0x00, 0xE0, 0x0E, 0x00, 0xE0, 0x0E, 0x00,
    0xE0, 0x0E, 0x00, 0xE0, 0x0E, 0x00, 0xE0, 0x0E, 0x00, 0xE0, 0x0E, 0x00, 0xE0, 0x0E, 0x00, 0x1F,
    0xFE, 0x0F, 0xFF, 0x07, 0xFF, 0x83, 0x81, 0xC1, 0xC0, 0xE0, 0xE0, 0x70, 0x70, 0x38, 0x38, 0x1C,
    0x1C, 0x0E, 0x0E, 0x07, 0x07, 0x03, 0x83, 0x81, 0xC1, 0xC0, 0xE1, 0xC0, 0x70, 0xE0, 0x39, 0xFF,
    0xFF, 0xFF, 0xFF, 0xFF, 0xFF, 0xF8, 0x00, 0xFC, 0x00, 0x7E, 0x00, 0x3F, 0x00, 0x1C, 0xFF, 0xFF,
    0xFF, 0xFF, 0xFE, 0x00, 0xE0, 0x0E, 0x00, 0xE0, 0x0F, 0xFE, 0xFF, 0xEF, 0xFE, 0xE0, 0x0E, 0x00,
    0xE0, 0x0E, 0x00, 0xE0, 0x0F, 0xFF, 0xFF, 0xFF, 0xFF, 0x78, 0x1C, 0x0E, 0x3C, 0x1C, 0x1E, 0x1C,
    0x1C, 0x1C, 0x1E, 0x1C, 0x38, 0x0F, 0x1C, 0x78, 0x07, 0x1C, 0x70, 0x03, 0x9C, 0xE0, 0x03, 0xFF,
    0xE0, 0x01, 0xFF, 0xC0, 0x03, 0xFF, 0xC0, 0x03, 0x9C, 0xE0, 0x07, 0x9C, 0xF0, 0x0F, 0x1C, 0x70,
    0x0E, 0x1C, 0x78, 0x1E, 0x1C, 0x3C, 0x3C, 0x1C, 0x1C, 0x38, 0x1C, 0x1E, 0x78, 0x1C, 0x0F, 0x1F,
    0xC0, 0xFF, 0xC7, 0xFF, 0x3C, 0x1E, 0xF0, 0x38, 0x00, 0xE0, 0x07, 0x01, 0xFC, 0x07, 0xF0, 0x1F,
    0xE0, 0x03, 0xC0, 0x07, 0xE0, 0x1F, 0x80, 0x7F, 0x03, 0xDF, 0xFE, 0x3F, 0xF0, 0x7F, 0x00, 0xE0,
    0x0F, 0xC0, 0x3F, 0x80, 0xFF, 0x01, 0xFE, 0x07, 0xFC, 0x1F, 0xF8, 0x7B, 0xF0, 0xE7, 0xE3, 0xCF,
    0xCF, 0x1F, 0x9C, 0x3F, 0x70, 0x7F, 0xE0, 0xFF, 0x81, 0xFE, 0x03, 0xFC, 0x07, 0xF0, 0x0F, 0xC0,
    0x1C, 0x1C, 0x60, 0x38, 0xE0, 0x7F, 0xC0, 0x7F, 0x00, 0x7C, 0x00, 0x00, 0x38, 0x07, 0xF0, 0x0F,
    0xE0, 0x3F, 0xC0, 0xFF, 0x81, 0xFF, 0x07, 0xFE, 0x1E, 0xFC, 0x39, 0xF8, 0xF3, 0xF3, 0xC7, 0xE7,
    0x0F, 0xDE, 0x1F, 0xF8, 0x3F, 0xE0, 0x7F, 0xC0, 0xFF, 0x01, 0xFC, 0x03, 0xF0, 0x07, 0xE0, 0x3D,
    0xC0, 0x73, 0x81, 0xC7, 0x07, 0x0E, 0x1E, 0x1C, 0x78, 0x39, 0xE0, 0x7F, 0x80, 0xFE, 0x01, 0xFE,
    0x03, 0x9E, 0x07, 0x1C, 0x0E, 0x3C, 0x1C, 0x3C, 0x38, 0x3C, 0x70, 0x3C, 0xE0, 0x39, 0xC0, 0x78,
    0x1F, 0xFE, 0x3F, 0xFC, 0x7F, 0xF8, 0xE0, 0x71, 0xC0, 0xE3, 0x81, 0xC7, 0x03, 0x8E, 0x07, 0x1C,
    0x0E, 0x38, 0x1C, 0x70, 0x38, 0xE0, 0x71, 0x80, 0xE3, 0x01, 0xCE, 0x03, 0xFC, 0x07, 0xF0, 0x0F,
    0xC0, 0x1C, 0xE0, 0x03, 0xF8, 0x03, 0xFC, 0x01, 0xFF, 0x01, 0xFF, 0x80, 0xFF, 0xE0, 0xFF, 0xF0,
    0x7F, 0xDC, 0x77, 0xEE, 0x3B, 0xF3, 0xB9, 0xF9, 0xFC, 0xFC, 0x7C, 0x7E, 0x3E, 0x3F, 0x0E, 0x1F,
    0x80, 0x0F, 0xC0, 0x07, 0xE0, 0x03, 0xF0, 0x01, 0xC0, 0xE0, 0x0F, 0xC0, 0x1F, 0x80, 0x3F, 0x00,
    0x7E, 0x00, 0xFC, 0x01, 0xF8, 0x03, 0xFF, 0xFF, 0xFF, 0xFF, 0xFF, 0xFF, 0x80, 0x3F, 0x00, 0x7E,
    0x00, 0xFC, 0x01, 0xF8, 0x03, 0xF0, 0x07, 0xE0, 0x0F, 0xC0, 0x1C, 0x07, 0xE0, 0x1F, 0xF8, 0x3F,
    0xFC, 0x78, 0x1E, 0x70, 0x0E, 0xE0, 0x0F, 0xE0, 0x07, 0xE0, 0x07, 0xE0, 0x07, 0xE0, 0x07, 0xE0,
    0x07, 0xE0, 0x07, 0xE0, 0x0E, 0x70, 0x0E, 0x78, 0x1E, 0x3F, 0xFC, 0x1F, 0xF8, 0x07, 0xE0, 0xFF,
    0xFF, 0xFF, 0xFF, 0xFF, 0xF8, 0x07, 0xE0, 0x1F, 0x80, 0x7E, 0x01, 0xF8, 0x07, 0xE0, 0x1F, 0x80,
    0x7E, 0x01, 0xF8, 0x07, 0xE0, 0x1F, 0x80, 0x7E, 0x01, 0xF8, 0x07, 0xE0, 0x1F, 0x80, 0x70, 0xFF,
    0xC7, 0xFF, 0x3F, 0xFD, 0xC0, 0xFE, 0x03, 0xF0, 0x1F, 0x80, 0xFC, 0x07, 0xE0, 0x77, 0xFF, 0xBF,
    0xF9, 0xFE, 0x0E, 0x00, 0x70, 0x03, 0x80, 0x1C, 0x00, 0xE0, 0x07, 0x00, 0x00, 0x0F, 0xE0, 0x3F,
    0xE0, 0xFF, 0xE3, 0xC1, 0xE7, 0x01, 0xDC, 0x03, 0xB8, 0x00, 0x70, 0x00, 0xE0, 0x01, 0xC0, 0x03,
    0x80, 0x07, 0x00, 0x0E, 0x01, 0xCE, 0x03, 0x9E, 0x0F, 0x1F, 0xFC, 0x1F, 0xF0, 0x1F, 0xC0, 0xFF,
    0xFF, 0xFF, 0xFF, 0xFF, 0xF8, 0x1C, 0x00, 0x38, 0x00, 0x70, 0x00, 0xE0, 0x01, 0xC0, 0x03, 0x80,
    0x07, 0x00, 0x0E, 0x00, 0x1C, 0x00, 0x38, 0x00, 0x70, 0x00, 0xE0, 0x01, 0xC0, 0x03, 0x80, 0x07,
    0x00, 0xF0, 0x07, 0x3C, 0x03, 0x9E, 0x03, 0xC7, 0x81, 0xC1, 0xC1, 0xE0, 0xF0, 0xE0, 0x38, 0x70,
    0x1E, 0x70, 0x07, 0x38, 0x03, 0xF8, 0x00, 0xFC, 0x00, 0x7E, 0x00, 0x1E, 0x00, 0x0F, 0x00, 0x07,
    0x00, 0x1F, 0x80, 0x0F, 0x80, 0x07, 0x80, 0x00, 0x00, 0xE0, 0x00, 0x1C, 0x00, 0x1F, 0xF0, 0x0F,
    0xFF, 0x83, 0xFF, 0xF8, 0xF1, 0xC7, 0xBC, 0x38, 0x77, 0x07, 0x07, 0xE0, 0xE0, 0xFC, 0x1C, 0x1F,
    0x83, 0x83, 0xF0, 0x70, 0x7E, 0x0E, 0x0E, 0xE1, 0xC3, 0x9E, 0x38, 0xF1, 0xFF, 0xFC, 0x1F, 0xFF,
    0x00, 0xFF, 0x80, 0x03, 0x80, 0x00, 0x70, 0x00, 0x78, 0x0F, 0x1C, 0x07, 0x0F, 0x07, 0x83, 0xC7,
    0x80, 0xE3, 0x80, 0x7B, 0xC0, 0x1F, 0xC0, 0x07, 0xC0, 0x03, 0xE0, 0x01, 0xF0, 0x01, 0xFC, 0x00,
    0xEE, 0x00, 0xF7, 0x80, 0xF1, 0xE0, 0x70, 0x70, 0x78, 0x3C, 0x78, 0x0F, 0x38, 0x03, 0x80, 0xE0,
    0x1C, 0xE0, 0x1C, 0xE0, 0x1C, 0xE0, 0x1C, 0xE0, 0x1C, 0xE0, 0x1C, 0xE0, 0x1C, 0xE0, 0x1C, 0xE0,
    0x1C, 0xE0, 0x1C, 0xE0, 0x1C, 0xE0, 0x1C, 0xE0, 0x1C, 0xE0, 0x1C, 0xE0, 0x1C, 0xFF, 0xFF, 0xFF,
    0xFF, 0xFF, 0xFF, 0x00, 0x07, 0x00, 0x07, 0x00, 0x07, 0x00, 0x00, 0xE0, 0x3F, 0x01, 0xF8, 0x0F,
    0xC0, 0x7E, 0x03, 0xF0, 0x1F, 0x80, 0xFC, 0x07, 0xF0, 0x7B, 0xFF, 0xCF, 0xFE, 0x3E, 0x70, 0x03,
    0x80, 0x1C, 0x00, 0xE0, 0x07, 0x00, 0x38, 0x01, 0xC0, 0xE0, 0x70, 0x3F, 0x03, 0x81, 0xF8, 0x1C,
    0x0F, 0xC0, 0xE0, 0x7E, 0x07, 0x03, 0xF0, 0x38, 0x1F, 0x81, 0xC0, 0xFC, 0x0E, 0x07, 0xE0, 0x70,
    0x3F, 0x03, 0x81, 0xF8, 0x1C, 0x0F, 0xC0, 0xE0, 0x7E, 0x07, 0x03, 0xF0, 0x38, 0x1F, 0x81, 0xC0,
    0xFF, 0xFF, 0xFF, 0xFF, 0xFF, 0xFF, 0xFF, 0xFF, 0xC0, 0xE0, 0x70, 0x73, 0x81, 0xC1, 0xCE, 0x07,
    0x07, 0x38, 0x1C, 0x1C, 0xE0, 0x70, 0x73, 0x81, 0xC1, 0xCE, 0x07, 0x07, 0x38, 0x1C, 0x1C, 0xE0,
    0x70, 0x73, 0x81, 0xC1, 0xCE, 0x07, 0x07, 0x38, 0x1C, 0x1C, 0xE0, 0x70, 0x73, 0x81, 0xC1, 0xCE,
    0x07, 0x07, 0x3F, 0xFF, 0xFF, 0xFF, 0xFF, 0xFF, 0xFF, 0xFF, 0xF0, 0x00, 0x01, 0xC0, 0x00, 0x07,
    0x00, 0x00, 0x1C, 0x00, 0x00, 0x00, 0xFE, 0x00, 0x7F, 0x00, 0x1F, 0x80, 0x01, 0xC0, 0x00, 0xE0,
    0x00, 0x70, 0x00, 0x38, 0x00, 0x1F, 0xF8, 0x0F, 0xFE, 0x07, 0xFF, 0x83, 0x81, 0xE1, 0xC0, 0x70,
    0xE0, 0x38, 0x70, 0x1C, 0x38, 0x1E, 0x1F, 0xFE, 0x0F, 0xFE, 0x07, 0xFE, 0x00, 0xE0, 0x01, 0xF8,
    0x00, 0x7E, 0x00, 0x1F, 0x80, 0x07, 0xE0, 0x01, 0xF8, 0x00, 0x7E, 0x00, 0x1F, 0xFF, 0x07, 0xFF,
    0xE1, 0xFF, 0xFC, 0x7E, 0x07, 0x9F, 0x80, 0xE7, 0xE0, 0x39, 0xF8, 0x0E, 0x7E, 0x07, 0x9F, 0xFF,
    0xC7, 0xFF, 0xE1, 0xFF, 0xF0, 0x70, 0xE0, 0x07, 0x00, 0x38, 0x01, 0xC0, 0x0E, 0x00, 0x70, 0x03,
    0x80, 0x1F, 0xF8, 0xFF, 0xE7, 0xFF, 0xB8, 0x1F, 0xC0, 0x7E, 0x03, 0xF0, 0x1F, 0x81, 0xFF, 0xFE,
    0xFF, 0xE7, 0xFE, 0x00, 0x0F, 0xE0, 0x7F, 0xE0, 0xFF, 0xE3, 0xC1, 0xE7, 0x01, 0xCE, 0x01, 0xC0,
    0x03, 0x81, 0xFF, 0x07, 0xFE, 0x0F, 0xFC, 0x00, 0x38, 0x00, 0x77, 0x00, 0xEE, 0x03, 0x9E, 0x0F,
    0x1F, 0xFC, 0x3F, 0xF0, 0x1F, 0xC0, 0xE0, 0x3F, 0x0E, 0x0F, 0xFC, 0xE1, 0xFF, 0xCE, 0x1E, 0x0E,
    0xE3, 0xC0, 0xFE, 0x38, 0x07, 0xE3, 0x80, 0x7F, 0xF8, 0x07, 0xFF, 0x80, 0x7F, 0xF8, 0x07, 0xE3,
    0x80, 0x7E, 0x38, 0x07, 0xE3, 0x80, 0x7E, 0x3C, 0x0E, 0xE1, 0xE1, 0xEE, 0x0F, 0xFC, 0xE0, 0xFF,
    0xCE, 0x03, 0xF0, 0x0F, 0xFC, 0x7F, 0xF3, 0xFF, 0xDE, 0x07, 0x70, 0x1D, 0xC0, 0x77, 0x01, 0xDE,
    0x07, 0x3F, 0xFC, 0x7F, 0xF0, 0xFF, 0xC3, 0x87, 0x0E, 0x1C, 0x70, 0x73, 0xC1, 0xCE, 0x07, 0x70,
    0x1D, 0xC0, 0x70, 0x1F, 0x83, 0xFE, 0x7F, 0xE7, 0x07, 0x00, 0x70, 0xFF, 0x7F, 0xFF, 0xFF, 0xF0,
    0x7E, 0x07, 0xE0, 0xFF, 0xFF, 0x7F, 0xF3, 0xE7, 0x00, 0x00, 0x7F, 0x8F, 0xFC, 0xFF, 0xC7, 0x00,
    0x37, 0xE3, 0xFF, 0x9F, 0xFE, 0xF0, 0x77, 0x01, 0xF8, 0x0F, 0xC0, 0x7E, 0x03, 0xF0, 0x1F, 0x81,
    0xEE, 0x0E, 0x7F, 0xF1, 0xFF, 0x03, 0xE0, 0xFF, 0x8F, 0xFC, 0xFF, 0xEE, 0x0E, 0xE0, 0xEE, 0x0E,
    0xFF, 0xCF, 0xFC, 0xFF, 0xEE, 0x07, 0xE0, 0x7F, 0xFF, 0xFF, 0xEF, 0xFC, 0xFF, 0xFF, 0xFF, 0xFB,
    0x80, 0xE0, 0x38, 0x0E, 0x03, 0x80, 0xE0, 0x38, 0x0E, 0x03, 0x80, 0xE0, 0x38, 0x00, 0x1F, 0xF8,
    0x7F, 0xE1, 0xFF, 0x86, 0x0E, 0x18, 0x38, 0x60, 0xE1, 0x83, 0x8E, 0x0E, 0x38, 0x38, 0xE0, 0xE3,
    0x83, 0xBF, 0xFF, 0xFF, 0xFF, 0xFF, 0xFE, 0x01, 0xF8, 0x07, 0xE0, 0x1F, 0x80, 0x70, 0x0F, 0xC1,
    0xFF, 0x1F, 0xFD, 0xE0, 0xEE, 0x03, 0xFF, 0xFF, 0xFF, 0xFF, 0xFF, 0xE0, 0x07, 0x00, 0x1C, 0x1E,
    0xFF, 0xE3, 0xFE, 0x07, 0xE0, 0x78, 0x70, 0x71, 0xC3, 0x87, 0x0F, 0x1C, 0x70, 0x38, 0xE3, 0x80,
    0xE7, 0x38, 0x07, 0xBB, 0x80, 0x1F, 0xFC, 0x00, 0xFF, 0xC0, 0x0F, 0xFF, 0x00, 0x73, 0x9C, 0x07,
    0x1C, 0xF0, 0x78, 0xE3, 0x83, 0x87, 0x0E, 0x38, 0x38, 0x78, 0x1F, 0x8F, 0xF9, 0xFF, 0xF0, 0x70,
    0x0E, 0x1F, 0x83, 0xE0, 0x7E, 0x00, 0xE0, 0x1F, 0x83, 0xFF, 0xF7, 0xFC, 0x7F, 0x00, 0xE0, 0x7E,
    0x0F, 0xE1, 0xFE, 0x1F, 0xE3, 0xFE, 0x37, 0xE7, 0x7E, 0xE7, 0xEC, 0x7F, 0xC7, 0xF8, 0x7F, 0x07,
    0xF0, 0x7E, 0x07, 0x39, 0xC3, 0x9C, 0x1F, 0x80, 0xF0, 0x00, 0x0E, 0x07, 0xE0, 0xFE, 0x1F, 0xE1,
    0xFE, 0x3F, 0xE3, 0x7E, 0x77, 0xEE, 0x7E, 0xC7, 0xFC, 0x7F, 0x87, 0xF0, 0x7F, 0x07, 0xE0, 0x70,
    0xE0, 0xF7, 0x07, 0x38, 0x71, 0xC7, 0x0E, 0x78, 0x73, 0x83, 0xF8, 0x1F, 0xC0, 0xFF, 0x07, 0x3C,
    0x38, 0xE1, 0xC3, 0x8E, 0x0E, 0x70, 0x78, 0x1F, 0xF8, 0xFF, 0xC7, 0xFE, 0x38, 0x71, 0xC3, 0x8E,
    0x1C, 0x70, 0xE3, 0x87, 0x1C, 0x38, 0xE1, 0xCE, 0x0E, 0xF0, 0x7F, 0x83, 0xF8, 0x1C, 0xF0, 0x1F,
    0xE0, 0x3F, 0xE0, 0xFF, 0xC1, 0xFF, 0xC7, 0xFF, 0x8D, 0xFB, 0xBB, 0xF7, 0x67, 0xE7, 0xCF, 0xCF,
    0x1F, 0x8E, 0x3F, 0x00, 0x7E, 0x00, 0xFC, 0x01, 0xC0, 0xE0, 0x7E, 0x07, 0xE0, 0x7E, 0x07, 0xE0,
    0x7E, 0x07, 0xFF, 0xFF, 0xFF, 0xFF, 0xFE, 0x07, 0xE0, 0x7E, 0x07, 0xE0, 0x7E, 0x07, 0x0F, 0x81,
    0xFF, 0x1F, 0xFC, 0xE0, 0xEE, 0x03, 0xF0, 0x1F, 0x80, 0xFC, 0x07, 0xE0, 0x3F, 0x01, 0xDC, 0x1C,
    0xFF, 0xE3, 0xFE, 0x07, 0xC0, 0xFF, 0xFF, 0xFF, 0xFF, 0xFE, 0x07, 0xE0, 0x7E, 0x07, 0xE0, 0x7E,
    0x07, 0xE0, 0x7E, 0x07, 0xE0, 0x7E, 0x07, 0xE0, 0x7E, 0x07, 0xE7, 0xC7, 0xFF, 0x3F, 0xFD, 0xE0,
    0xEE, 0x03, 0xF0, 0x1F, 0x80, 0xFC, 0x07, 0xE0, 0x3F, 0x03, 0xFC, 0x1D, 0xFF, 0xEF, 0xFE, 0x73,
    0xE3, 0x80, 0x1C, 0x00, 0xE0, 0x07, 0x00, 0x38, 0x00, 0x1F, 0x83, 0xFE, 0x7F, 0xE7, 0x07, 0xE0,
    0x7E, 0x00, 0xE0, 0x0E, 0x00, 0xE0, 0x0E, 0x07, 0x70, 0x77, 0xFE, 0x3F, 0xC1, 0xF8, 0xFF, 0xFF,
    0xFF, 0xFF, 0xF0, 0xE0, 0x0E, 0x00, 0xE0, 0x0E, 0x00, 0xE0, 0x0E, 0x00, 0xE0, 0x0E, 0x00, 0xE0,
    0x0E, 0x00, 0xE0, 0xF0, 0x1D, 0xC0, 0xE7, 0x03, 0x8E, 0x0E, 0x38, 0x70, 0x71, 0xC1, 0xC7, 0x07,
    0x38, 0x0E, 0xE0, 0x3B, 0x00, 0x7C, 0x01, 0xF0, 0x07, 0x80, 0x0E, 0x00, 0x30, 0x01, 0xC0, 0x1F,
    0x00, 0x78, 0x01, 0xC0, 0x00, 0x01, 0xC0, 0x00, 0xE0, 0x00, 0x70, 0x00, 0x38, 0x00, 0xFF, 0x81,
    0xFF, 0xF1, 0xFF, 0xFD, 0xE3, 0x8E, 0xE1, 0xC3, 0xF0, 0xE1, 0xF8, 0x70, 0xFC, 0x38, 0x7E, 0x1C,
    0x3F, 0x0E, 0x3D, 0xC7, 0x1C, 0xFF, 0xFE, 0x3F, 0xFE, 0x07, 0xFC, 0x00, 0x70, 0x00, 0x38, 0x00,
    0x1C, 0x00, 0x0E, 0x00, 0x07, 0x00, 0x70, 0x38, 0xE1, 0xC3, 0xCF, 0x07, 0x38, 0x0F, 0xC0, 0x3F,
    0x00, 0x78, 0x01, 0xE0, 0x0F, 0xC0, 0x77, 0x81, 0xCE, 0x0E, 0x1C, 0x78, 0x79, 0xC0, 0xE0, 0xE0,
    0xE7, 0x07, 0x38, 0x39, 0xC1, 0xCE, 0x0E, 0x70, 0x73, 0x83, 0x9C, 0x1C, 0xE0, 0xE7, 0x07, 0x38,
    0x39, 0xFF, 0xFF, 0xFF, 0xFF, 0xFC, 0x00, 0xE0, 0x07, 0x00, 0x38, 0x01, 0xC0, 0xE0, 0xFC, 0x1F,
    0x83, 0xF0, 0x7E, 0x0F, 0xC1, 0xFC, 0x3B, 0xFF, 0x7F, 0xE1, 0x9C, 0x03, 0x80, 0x70, 0x0E, 0x01,
    0xC0, 0xE1, 0xC3, 0xB8, 0x70, 0xEE, 0x1C, 0x3B, 0x87, 0x0E, 0xE1, 0xC3, 0xB8, 0x70, 0xEE, 0x1C,
    0x3B, 0x87, 0x0E, 0xE1, 0xC3, 0xB8, 0x70, 0xEE, 0x1C, 0x3B, 0xFF, 0xFE, 0xFF, 0xFF, 0xBF, 0xFF,
    0xE0, 0xE1, 0xC3, 0x9C, 0x38, 0x73, 0x87, 0x0E, 0x70, 0xE1, 0xCE, 0x1C, 0x39, 0xC3, 0x87, 0x38,
    0x70, 0xE7, 0x0E, 0x1C, 0xE1, 0xC3, 0x9C, 0x38, 0x73, 0x87, 0x0E, 0x7F, 0xFF, 0xFF, 0xFF, 0xFF,
    0xFF, 0xFF, 0xC0, 0x00, 0x38, 0x00, 0x07, 0x00, 0x00, 0xE0, 0x00, 0x1C, 0xFC, 0x03, 0xF0, 0x0F,
    0xC0, 0x07, 0x00, 0x1C, 0x00, 0x7F, 0xC1, 0xFF, 0x87, 0xFF, 0x1C, 0x1C, 0x70, 0x71, 0xC1, 0xC7,
    0xFF, 0x1F, 0xF8, 0x7F, 0xC0, 0xE0, 0x0F, 0xC0, 0x1F, 0x80, 0x3F, 0x00, 0x7E, 0x00, 0xFF, 0xE1,
    0xFF, 0xE3, 0xFF, 0xE7, 0xE1, 0xCF, 0xC3, 0x9F, 0x87, 0x3F, 0xFE, 0x7F, 0xF8, 0xFF, 0xE1, 0xC0,
    0xE0, 0x1C, 0x03, 0x80, 0x70, 0x0E, 0x01, 0xFF, 0x3F, 0xF7, 0xFF, 0xE0, 0xFC, 0x1F, 0x83, 0xFF,
    0xFF, 0xFD, 0xFF, 0x00, 0x0F, 0xC1, 0xFF, 0x1F, 0xFC, 0xE0, 0xE6, 0x03, 0x83, 0xFC, 0x1F, 0xE0,
    0xFF, 0x00, 0x3B, 0x81, 0xDC, 0x1C, 0xFF, 0xE3, 0xFE, 0x07, 0xE0, 0xE0, 0xF8, 0x71, 0xFF, 0x39,
    0xFF, 0xDC, 0xE0, 0xEE, 0xF0, 0x7F, 0xF0, 0x1F, 0xF8, 0x0F, 0xFC, 0x07, 0xEE, 0x03, 0xF7, 0x83,
    0xF9, 0xC1, 0xDC, 0xFF, 0xEE, 0x3F, 0xE7, 0x07, 0xC0, 0x1F, 0xF3, 0xFF, 0x7F, 0xF7, 0x07, 0x70,
    0x77, 0x07, 0x7F, 0xF3, 0xFF, 0x1F, 0xF1, 0xC7, 0x1C, 0x73, 0x87, 0x78, 0x77, 0x07, 0x1C, 0x00,
    0xC0, 0x0C, 0x00, 0x60, 0x00, 0x00, 0x00, 0x1F, 0x83, 0xFC, 0x70, 0xE6, 0x06, 0xE0, 0x7C, 0x03,
    0xFF, 0xFF, 0xFF, 0xC0, 0x0E, 0x00, 0x60, 0x67, 0x0E, 0x3F, 0xE0, 0xF8, 0x39, 0xC1, 0xCE, 0x0E,
    0x70, 0x00, 0x00, 0xFC, 0x1F, 0xF1, 0xFF, 0xDE, 0x0E, 0xE0, 0x3F, 0xFF, 0xFF, 0xFF, 0xFF, 0xFE,
    0x00, 0x70, 0x01, 0xC1, 0xCF, 0xFE, 0x3F, 0xE0, 0x7E, 0x00, 0x38, 0x00, 0xE0, 0x03, 0x80, 0x0E,
    0x00, 0xFF, 0xE3, 0xFF, 0x8F, 0xFE, 0x0E, 0x30, 0x3B, 0xF0, 0xFF, 0xE3, 0xE3, 0xCF, 0x07, 0x38,
    0x1C, 0xE0, 0x73, 0x81, 0xCE, 0x07, 0x38, 0x1C, 0xE0, 0x70, 0x01, 0xC0, 0x07, 0x00, 0x7C, 0x03,
    0xE0, 0x0F, 0x00, 0x03, 0x81, 0xC0, 0x60, 0x30, 0x00, 0x3F, 0xFF, 0xFF, 0xFE, 0xE0, 0x38, 0x0E,
    0x03, 0x80, 0xE0, 0x38, 0x0E, 0x03, 0x80, 0xE0, 0x38, 0x0E, 0x00, 0x0F, 0x81, 0xFF, 0x1F, 0xFC,
    0xE0, 0xEE, 0x03, 0x7F, 0x83, 0xFC, 0x1F, 0xE0, 0xE0, 0x07, 0x03, 0x9C, 0x1C, 0xFF, 0xE3, 0xFE,
    0x0F, 0xC0, 0x1F, 0x83, 0xFC, 0x7F, 0xE7, 0x0E, 0x70, 0x07, 0xC0, 0x3F, 0xC0, 0xFE, 0x00, 0xF0,
    0x07, 0x70, 0x77, 0xFF, 0x3F, 0xE1, 0xFC, 0xFF, 0xF0, 0xEE, 0xEE, 0xEE, 0xEE, 0xEE, 0xEE, 0xEE,
    0xE7, 0xE7, 0xE7, 0x00, 0x1C, 0x1C, 0x1C, 0x1C, 0x1C, 0x1C, 0x1C, 0x1C, 0x1C, 0x1C, 0x1C, 0x1C,
    0x1C, 0x1C, 0x1E, 0x3C, 0x78, 0x01, 0xC3, 0x87, 0x0E, 0x1C, 0x38, 0x70, 0xE1, 0xC3, 0x87, 0x0E,
    0x1C, 0x38, 0x70, 0xE7, 0xDF, 0x3C, 0x00, 0x1F, 0xF8, 0x00, 0xFF, 0xC0, 0x07, 0xFE, 0x00, 0x38,
    0x70, 0x01, 0xC3, 0x80, 0x0E, 0x1F, 0xF0, 0x70, 0xFF, 0xC3, 0x87, 0xFF, 0x1C, 0x38, 0x38, 0xE1,
    0xC1, 0xCE, 0x0E, 0x0E, 0xF0, 0x7F, 0xFF, 0x83, 0xFF, 0x78, 0x1F, 0xF0, 0xE0, 0x70, 0x0E, 0x07,
    0x00, 0xE0, 0x70, 0x0E, 0x07, 0x00, 0xE0, 0x70, 0x0F, 0xFF, 0xF0, 0xFF, 0xFF, 0xEF, 0xFF, 0xFE,
    0xE0, 0x70, 0xFE, 0x07, 0x07, 0xE0, 0x70, 0x7E, 0x07, 0xFF, 0xE0, 0x7F, 0xEE, 0x07, 0xFC, 0x38,
    0x00, 0xE0, 0x03, 0x80, 0x0E, 0x00, 0xFF, 0xE3, 0xFF, 0x8F, 0xFE, 0x0E, 0x00, 0x39, 0xF0, 0xEF,
    0xE3, 0xFF, 0x8F, 0x0F, 0x38, 0x1C, 0xE0, 0x73, 0x81, 0xCE, 0x07, 0x38, 0x1C, 0xE0, 0x70, 0x01,
    0xC0, 0x1C, 0x00, 0xC0, 0x0E, 0x00, 0x00, 0x70, 0x7B, 0x83, 0x9C, 0x38, 0xE3, 0x87, 0x3C, 0x39,
    0xC1, 0xFC, 0x0F, 0xE0, 0x7F, 0x83, 0x9E, 0x1C, 0x70, 0xE1, 0xC7, 0x07, 0x38, 0x3C, 0x38, 0x03,
    0x00, 0x30, 0x06, 0x00, 0x01, 0x81, 0xF0, 0x3E, 0x0F, 0xC1, 0xF8, 0x7F, 0x1D, 0xE3, 0x3C, 0xC7,
    0xB8, 0xFE, 0x1F, 0x83, 0xF0, 0x7C, 0x0F, 0x81, 0x80, 0x1C, 0xE0, 0x73, 0x81, 0xFE, 0x03, 0xF0,
    0x00, 0x00, 0x00, 0x0F, 0x01, 0xDC, 0x0E, 0x70, 0x38, 0xE0, 0xC3, 0x87, 0x06, 0x1C, 0x1C, 0xE0,
    0x73, 0x80, 0xEE, 0x03, 0xF0, 0x07, 0xC0, 0x1F, 0x00, 0x78, 0x00, 0xE0, 0x03, 0x00, 0x1C, 0x01,
    0xE0, 0x07, 0x80, 0x1C, 0x00, 0xE0, 0xFC, 0x1F, 0x83, 0xF0, 0x7E, 0x0F, 0xC1, 0xF8, 0x3F, 0x07,
    0xE0, 0xFC, 0x1F, 0x83, 0xFF, 0xFF, 0xFF, 0xFF, 0xC3, 0x80, 0x70, 0x0E, 0x00, 0xC0, 0xC0, 0xD8,
    0x18, 0x1B, 0x03, 0x03, 0x60, 0x60, 0x6C, 0x0C, 0x0D, 0x81, 0x81, 0xB0, 0x30, 0x36, 0x06, 0x06,
    0xC0, 0xC0, 0xD8, 0x18, 0x1B, 0x03, 0x03, 0x60, 0x60, 0x6C, 0x0C, 0x0D, 0x81, 0x81, 0xB8, 0x38,
    0x37, 0x8F, 0x0E, 0x7F, 0xFF, 0x87, 0xE7, 0xE0, 0xC1, 0x83, 0x60, 0xC1, 0xB0, 0x60, 0xD8, 0x30,
    0x6C, 0x18, 0x36, 0x0C, 0x1B, 0x06, 0x0D, 0x83, 0x06, 0xC1, 0x83, 0x60, 0xC1, 0xB8, 0x70, 0xDC,
    0x78, 0xE7, 0xF7, 0xE1, 0xF1, 0xE0, 0x18, 0x00, 0x18, 0x00, 0xFF, 0xC0, 0xFF, 0xC0, 0x18, 0x00,
    0x18, 0x00, 0x18, 0x00, 0x1F, 0xF8, 0x1F, 0xFC, 0x18, 0x0E, 0x18, 0x07, 0x18, 0x03, 0x18, 0x03,
    0x18, 0x03, 0x18, 0x07, 0x18, 0x0E, 0x1F, 0xFC, 0x1F, 0xF8, 0x18, 0x00, 0x60, 0x01, 0x80, 0x06,
    0x00, 0xFF, 0xC3, 0xFF, 0x01, 0x80, 0x06, 0x00, 0x18, 0x00, 0x7F, 0xC1, 0xFF, 0x86, 0x0F, 0x18,
    0x1C, 0x60, 0x31, 0x81, 0xC6, 0x07, 0x1F, 0xF8, 0x7F, 0xC0, 0xC0, 0x3F, 0x06, 0x07, 0xFE, 0x30,
    0x78, 0x79, 0x87, 0x00, 0xEC, 0x30, 0x03, 0x63, 0x80, 0x03, 0x1C, 0x00, 0x1F, 0xFF, 0x80, 0xFF,
    0xFC, 0x06, 0x30, 0x00, 0x31, 0x80, 0x01, 0x8E, 0x00, 0x0C, 0x70, 0x03, 0x61, 0x80, 0x3B, 0x0E,
    0x03, 0x98, 0x3C, 0x3C, 0xC0, 0xFF, 0xC6, 0x01, 0xF8, 0x00, 0xC0, 0xFC, 0x60, 0xFF, 0x30, 0xE1,
    0xD8, 0xE0, 0x6C, 0x70, 0x06, 0x30, 0x03, 0xFF, 0xE1, 0xFF, 0xF0, 0xC6, 0x00, 0x63, 0x80, 0x31,
    0xC0, 0xD8, 0x70, 0xEC, 0x1F, 0xE6, 0x07, 0xE0, 0x03, 0xC0, 0x01, 0xE0, 0x00, 0xF0, 0x00, 0xFC,
    0x00, 0x66, 0x00, 0x33, 0x80, 0x39, 0xC0, 0x18, 0x60, 0x0C, 0x38, 0x0E, 0x0C, 0x07, 0xFF, 0x07,
    0xFF, 0x83, 0x98, 0xC1, 0x8C, 0x71, 0xC6, 0x38, 0xE3, 0x0C, 0x61, 0x87, 0x70, 0xC1, 0x80, 0x07,
    0x00, 0x3C, 0x01, 0xE0, 0x1F, 0x00, 0xDC, 0x0E, 0x60, 0x73, 0x03, 0x9C, 0x3F, 0xE1, 0xBB, 0x1C,
    0xDC, 0xE6, 0x66, 0x33, 0x71, 0x9C, 0xC0, 0x1C, 0x06, 0x00, 0xF0, 0x30, 0x0F, 0x81, 0x80, 0x6E,
    0x0C, 0x03, 0x30, 0x60, 0x39, 0x83, 0x01, 0x8E, 0x18, 0x0C, 0x30, 0xC0, 0xE1, 0x86, 0x06, 0x0E,
    0x3F, 0xFF, 0xF1, 0xFF, 0xFF, 0xCC, 0x18, 0xCE, 0x61, 0xC6, 0x33, 0x0E, 0x31, 0xD8, 0xE1, 0x8E,
    0xC7, 0x0C, 0x36, 0x30, 0x61, 0xC0, 0xC0, 0x70, 0x60, 0x78, 0x30, 0x3C, 0x18, 0x1F, 0x0C, 0x1D,
    0x86, 0x0C, 0xE3, 0x06, 0x71, 0xFF, 0x38, 0xFF, 0xFE, 0x63, 0xBB, 0x31, 0xD9, 0xD8, 0xCC, 0xEC,
    0xE6, 0x36, 0x73, 0x1C, 0x7F, 0xFF, 0x0F, 0xFF, 0x81, 0xC0, 0xE0, 0x70, 0x70, 0x0E, 0x18, 0x01,
    0x8E, 0x00, 0x73, 0x00, 0x0F, 0xC0, 0x1F, 0xFE, 0x1F, 0xFF, 0xC7, 0x0C, 0x7B, 0x83, 0x0E, 0xC0,
    0xC1, 0xB0, 0x30, 0x6C, 0x0C, 0x1B, 0x03, 0x06, 0xC0, 0xC1, 0xB0, 0x30, 0x60, 0x7F, 0xFC, 0x7F,
    0xF0, 0x60, 0xE0, 0xE3, 0x80, 0xC7, 0x01, 0xCC, 0x01, 0xF8, 0x1F, 0xFC, 0x7F, 0xFD, 0xE3, 0x3F,
    0x86, 0x3E, 0x0C, 0x3C, 0x18, 0x78, 0x30, 0xC0, 0xC0, 0xFF, 0xFE, 0x60, 0x3F, 0xFE, 0x30, 0x0E,
    0x07, 0x18, 0x07, 0x07, 0x0C, 0x01, 0xC3, 0x06, 0x00, 0x63, 0x83, 0x00, 0x39, 0x81, 0x80, 0x0F,
    0xC0, 0xFF, 0xFF, 0xFC, 0x7F, 0xFF, 0xFF, 0x30, 0x38, 0x63, 0xD8, 0x38, 0x30, 0xEC, 0x18, 0x18,
    0x36, 0x0C, 0x0C, 0x1B, 0x06, 0x06, 0x0D, 0x83, 0x03, 0x06, 0xC1, 0x81, 0x83, 0x60, 0xC0, 0xC1,
    0x80, 0xC1, 0xFF, 0xF6, 0x07, 0xFF, 0x30, 0x38, 0x39, 0x80, 0xC3, 0x8C, 0x07, 0x18, 0x60, 0x19,
    0xC3, 0x00, 0xFC, 0x1F, 0xFF, 0xFC, 0xFF, 0xFF, 0xF6, 0x1C, 0x63, 0xF0, 0xC3, 0x0F, 0x86, 0x18,
    0x3C, 0x30, 0xC1, 0xE1, 0x86, 0x0C, 0x00, 0x06, 0x30, 0x6C, 0x07, 0x80, 0x40, 0x00, 0x00, 0x03,
    0xF0, 0x7F, 0x80, 0x78, 0x07, 0x00, 0x60, 0x1C, 0x07, 0x8F, 0xE1, 0xF8, 0x1F, 0x80, 0x38, 0x03,
    0x00, 0x60, 0x0C, 0x03, 0x80, 0xF3, 0xFC, 0xFE, 0x1C, 0x03, 0x00, 0x70, 0x07, 0x00, 0x60, 0x00,
    0x00, 0x21, 0x8C, 0xC1, 0xF0, 0x38, 0x00, 0x00, 0x07, 0xF1, 0xFE, 0x01, 0xC0, 0x30, 0x0C, 0x07,
    0x3F, 0x8F, 0xC0, 0x3C, 0x03, 0x00, 0xC0, 0x73, 0xF9, 0xFC, 0xE0, 0x30, 0x0E, 0x01, 0xE0, 0x38,
    0x00, 0xC0, 0xC1, 0xF0, 0x30, 0x7C, 0x0C, 0x1F, 0x03, 0x07, 0xC0, 0xC1, 0xF0, 0x30, 0x7C, 0x0C,
    0x1F, 0x83, 0x07, 0xE0, 0xC1, 0x9C, 0x30, 0xE3, 0x8C, 0x70, 0x7F, 0xF8, 0x0F, 0xF8, 0x00, 0x30,
    0x00, 0x0C, 0x00, 0x03, 0x00, 0x00, 0xC0, 0x00, 0x30, 0x00, 0x01, 0x80, 0x01, 0x80, 0x01, 0x80,
    0x01, 0x80, 0xC1, 0x87, 0xC1, 0x87, 0xC1, 0x87, 0xC1, 0x87, 0xC1, 0x87, 0xC1, 0x87, 0xC1, 0x87,
    0xC1, 0x87, 0xE1, 0x87, 0xE1, 0x86, 0x61, 0x8E, 0x79, 0x9E, 0x3F, 0xFC, 0x0F, 0xF0, 0x01, 0x80,
    0x01, 0x80, 0x01, 0x80, 0x01, 0x80, 0x01, 0x80, 0x07, 0xE0, 0x0F, 0xFC, 0x0F, 0x0F, 0x0E, 0x01,
    0xC7, 0x00, 0x67, 0x00, 0x3B, 0x80, 0x0D, 0x80, 0x06, 0xFF, 0xFF, 0x7F, 0xFF, 0xB0, 0x00, 0xDC,
    0x00, 0x6E, 0x00, 0x73, 0x80, 0x31, 0xC0, 0x38, 0x78, 0x78, 0x1F, 0xF8, 0x03, 0xF0, 0x00, 0x1F,
    0x81, 0xFE, 0x1C, 0x38, 0xC0, 0xEE, 0x07, 0x7F, 0x3B, 0xFF, 0xDC, 0x7E, 0xC0, 0x37, 0x03, 0x98,
    0x1C, 0xE1, 0xC3, 0xFC, 0x0F, 0xC0, 0x60, 0x01, 0xB8, 0x01, 0xDC, 0x01, 0xC6, 0x00, 0xC3, 0x80,
    0xE0, 0xC0, 0x70, 0x70, 0x30, 0x38, 0x38, 0x0C, 0x18, 0x07, 0x0C, 0x03, 0x8E, 0x00, 0xC6, 0x00,
    0x77, 0x00, 0x1B, 0x80, 0x0D, 0x80, 0x07, 0xC0, 0x01, 0xC0, 0x00, 0xE0, 0x00, 0x60, 0x1D, 0xC0,
    0xF7, 0x03, 0x0C, 0x1C, 0x38, 0x60, 0xE3, 0x81, 0x8E, 0x07, 0x30, 0x1D, 0xC0, 0x37, 0x00, 0xF8,
    0x01, 0xE0, 0x07, 0x00, 0x1C, 0x00, 0x1C, 0xE0, 0x07, 0x30, 0x01, 0x98, 0x00, 0xE6, 0x00, 0x00,
    0x00, 0x00, 0x01, 0x80, 0x06, 0xE0, 0x07, 0x70, 0x07, 0x18, 0x03, 0x0E, 0x03, 0x83, 0x01, 0xC1,
    0xC0, 0xC0, 0xE0, 0xE0, 0x30, 0x60, 0x1C, 0x30, 0x0E, 0x38, 0x03, 0x18, 0x01, 0xDC, 0x00, 0x6E,
    0x00, 0x36, 0x00, 0x1F, 0x00, 0x07, 0x00, 0x03, 0x80, 0x73, 0x00, 0xCE, 0x01, 0x98, 0x06, 0x70,
    0x00, 0x01, 0x80, 0x77, 0x03, 0xDC, 0x0C, 0x30, 0x70, 0xE1, 0x83, 0x8E, 0x06, 0x38, 0x1C, 0xC0,
    0x77, 0x00, 0xDC, 0x03, 0xE0, 0x07, 0x80, 0x1C, 0x00, 0x70, 0x00, 0x07, 0xE0, 0x00, 0x00, 0x1F,
    0xF8, 0x00, 0x00, 0x3C, 0x3C, 0x00, 0x00, 0x70, 0x0E, 0x00, 0x00, 0x70, 0x06, 0x38, 0x0E, 0xE0,
    0x07, 0x18, 0x0E, 0xE0, 0x03, 0x1C, 0x0C, 0xC0, 0x03, 0x0C, 0x1C, 0xC0, 0x03, 0x0C, 0x18, 0xC0,
    0x03, 0x0E, 0x18, 0xC0, 0x03, 0x06, 0x38, 0xE0, 0x03, 0x07, 0x30, 0xE0, 0x07, 0x07, 0x30, 0x70,
    0x06, 0x03, 0x70, 0x70, 0x0E, 0x03, 0x60, 0x3C, 0x3C, 0x01, 0xE0, 0x1F, 0xF8, 0x01, 0xC0, 0x07,
    0xE0, 0x01, 0xC0, 0x00, 0x00, 0x01, 0xC0, 0x00, 0x00, 0x01, 0x80, 0x00, 0x00, 0x03, 0x80, 0x00,
    0x00, 0x0F, 0x00, 0x00, 0x00, 0x1E, 0x00, 0x1F, 0x83, 0x00, 0xC7, 0xF8, 0x70, 0x39, 0xC3, 0x86,
    0x07, 0x30, 0x38, 0xC0, 0xCE, 0x07, 0x1C, 0x39, 0x80, 0x61, 0x86, 0x30, 0x0C, 0x30, 0xC6, 0x01,
    0x87, 0x38, 0xC0, 0x30, 0x66, 0x1C, 0x0E, 0x0E, 0xC1, 0x81, 0xC0, 0xF8, 0x38, 0x70, 0x1E, 0x03,
    0xFC, 0x03, 0xC0, 0x3F, 0x00, 0x30, 0x00, 0x00, 0x06, 0x00, 0x00, 0x01, 0xC0, 0x00, 0x00, 0x70,
    0x00, 0x00, 0x3E, 0x00, 0x00, 0x07, 0x80, 0x00, 0x07, 0xE0, 0x3F, 0xF0, 0xF0, 0xF3, 0x80, 0x66,
    0x00, 0xFC, 0x00, 0x30, 0x00, 0x60, 0x00, 0xC0, 0x01, 0x80, 0x03, 0x80, 0x03, 0x00, 0x77, 0x00,
    0xE7, 0x87, 0xC7, 0xFD, 0x87, 0xE3, 0x00, 0x06, 0x00, 0x0C, 0x1F, 0x83, 0xFC, 0x70, 0xE6, 0x06,
    0xE0, 0x0C, 0x00, 0xC0, 0x0C, 0x00, 0xC0, 0x0E, 0x00, 0x60, 0x07, 0x00, 0x3E, 0x01, 0xE0, 0x06,
    0x00, 0x60, 0x06, 0x00, 0x60, 0x00, 0x10, 0x00, 0xC0, 0x07, 0x03, 0x98, 0x0F, 0xC0, 0x0F, 0x00,
    0x1F, 0x00, 0xEE, 0x03, 0x19, 0x9C, 0x07, 0xE0, 0x07, 0x80, 0x0F, 0x00, 0x7F, 0x03, 0x8C, 0x0C,
    0x00, 0x70, 0x00, 0x01, 0xFF, 0xFF, 0xFC, 0x0C, 0x00, 0x0F, 0x9F, 0xFB, 0xE3, 0x00, 0xD9, 0xB0,
    0x66, 0x64, 0x00, 0x7C, 0x3F, 0xFE, 0x3C, 0x00, 0x3C, 0x00, 0x00, 0x64, 0x00, 0x00, 0x44, 0x00,
    0x00, 0x00, 0x00, 0x1E, 0x00, 0x78, 0x32, 0x00, 0x48, 0x00, 0x00, 0x00, 0x00, 0x00, 0x00, 0x00,
    0x00, 0x00, 0x00, 0x00, 0x00, 0x70, 0x00, 0x1E, 0xD8, 0x00, 0x13, 0x00, 0x00, 0x00, 0x00, 0x00,
    0x00, 0x00, 0x00, 0x00, 0x00, 0x00, 0x00, 0x1E, 0x00, 0x78, 0x36, 0x00, 0x48, 0x22, 0x00, 0x08,
    0x00, 0x00, 0x00, 0x00, 0x3C, 0x00, 0x00, 0x64, 0x00, 0x00, 0x44, 0x00, 0x00, 0x18, 0x00, 0x00,
    0x30, 0x00, 0x00, 0x40, 0x00, 0xC1, 0x80, 0x00, 0xC0, 0x03, 0x01, 0x80, 0x1C, 0x01, 0x00, 0x10,
    0x00, 0x00, 0x00, 0x00, 0x00, 0x00, 0x00, 0x00, 0x03, 0x00, 0x00, 0x47, 0x80, 0x00, 0xF1, 0x00,
    0x00, 0x60, 0x00, 0x00, 0x00, 0x00, 0x00, 0x00, 0x00, 0x00, 0x00, 0x00, 0x40, 0x0C, 0x00, 0xC0,
    0x78, 0x01, 0x81, 0x80, 0xC1, 0x80, 0x01, 0x03, 0x00, 0x06, 0x00, 0x00, 0x0C, 0x00, 0x00, 0x18,
    0x60, 0x0E, 0x70, 0x03, 0xF0, 0x00, 0xF0, 0x00, 0x00, 0x00, 0x00, 0x03, 0x00, 0x71, 0x80, 0x38,
    0xC0, 0x3C, 0x60, 0x3E, 0x30, 0x1B, 0x18, 0x1D, 0x8C, 0x1C, 0xC6, 0x0C, 0x63, 0x0E, 0x31, 0x8E,
    0x18, 0xC6, 0x0C, 0x67, 0x06, 0x33, 0x03, 0x1B, 0x01, 0x8F, 0x80, 0xC7, 0x80, 0x63, 0xC0, 0x3F,
    0xC0, 0x1E, 0x00, 0x03, 0x00, 0x03, 0x80, 0x01, 0x80, 0x00, 0xC0, 0x31, 0x80, 0xEE, 0x03, 0xF8,
    0x07, 0xC0, 0x00, 0x00, 0x00, 0x0C, 0x06, 0x30, 0x38, 0xC1, 0xE3, 0x07, 0x8C, 0x3E, 0x31, 0xD8,
    0xC6, 0x63, 0x31, 0x8D, 0xC6, 0x3E, 0x18, 0xF0, 0x63, 0xC1, 0x8E, 0x07, 0xB0, 0x1E, 0x00, 0x38,
    0x00, 0xC0, 0x03, 0x00, 0x0C, 0x18, 0x00, 0x18, 0x00, 0xFF, 0xC0, 0xFF, 0xC0, 0x18, 0x00, 0x18,
    0x00, 0x18, 0x00, 0x1F, 0xF8, 0x1F, 0xFC, 0x18, 0x0E, 0x18, 0x07, 0x18, 0x03, 0x18, 0x03, 0x18,
    0x03, 0x18, 0x07, 0x18, 0x0E, 0x1F, 0xFC, 0x1F, 0xF8, 0x18, 0x00, 0x60, 0x01, 0x80, 0x3F, 0xF0,
    0xFF, 0xC0, 0x60, 0x01, 0x80, 0x06, 0x00, 0x1F, 0xF0, 0x7F, 0xE1, 0x83, 0xC6, 0x07, 0x18, 0x0C,
    0x60, 0x71, 0x81, 0xC7, 0xFE, 0x1F, 0xF0, 0xFF, 0x87, 0xFF, 0x30, 0x3D, 0x80, 0xEC, 0x03, 0x60,
    0x1B, 0x04, 0xD8, 0x7E, 0xC1, 0xF7, 0xFF, 0x3F, 0xF9, 0x80, 0xCC, 0x00, 0x60, 0x03, 0x00, 0x18,
    0x00, 0xC0, 0x06, 0x00, 0x00, 0xCF, 0x8D, 0xFC, 0xF0, 0xEE, 0x06, 0xE0, 0x7C, 0x03, 0xC0, 0x3C,
    0x03, 0xC0, 0x3E, 0x17, 0xE3, 0xEF, 0x1E, 0xDF, 0xEC, 0xFF, 0xC0, 0x2C, 0x00, 0xC0, 0x0C, 0x00,
    0xC0, 0x00, 0x00, 0xE0, 0x1C, 0x03, 0x80, 0x7F, 0xFF, 0xFF, 0xFF, 0xFF, 0x00, 0xE0, 0x1C, 0x03,
    0x80, 0x70, 0x0E, 0x01, 0xC0, 0x38, 0x07, 0x00, 0xE0, 0x1C, 0x03, 0x80, 0x70, 0x0E, 0x01, 0xC0,
    0x00, 0x03, 0x81, 0xC0, 0xFF, 0xFF, 0xFF, 0xFF, 0x81, 0xC0, 0xE0, 0x70, 0x38, 0x1C, 0x0E, 0x07,
    0x03, 0x81, 0xC0, 0xE0, 0x00, 0x3F, 0xFC, 0xFF, 0xF3, 0xFF, 0x8E, 0x00, 0x38, 0x00, 0xE0, 0x03,
    0x80, 0x3F, 0xF0, 0xFF, 0xC3, 0xFF, 0x03, 0x80, 0x0E, 0x00, 0x38, 0x00, 0xE0, 0x03, 0x80, 0x0E,
    0x00, 0x38, 0x00, 0xE0, 0x00, 0x3F, 0xE7, 0xFC, 0xFF, 0x9C, 0x03, 0x80, 0x70, 0x3F, 0xE7, 0xFC,
    0xFF, 0x87, 0x00, 0xE0, 0x1C, 0x03, 0x80, 0x70, 0x00, 0xFF, 0xEF, 0xFE, 0xFF, 0xCE, 0x00, 0xE0,
    0x0E, 0x00, 0xEF, 0x8F, 0xFE, 0xFF, 0xEE, 0x0F, 0xE0, 0x7E, 0x07, 0xE0, 0x7E, 0x07, 0xE0, 0x7E,
    0x07, 0xE0, 0x7E, 0x07, 0x00, 0x70, 0x07, 0x03, 0xF0, 0x3E, 0x03, 0xC0, 0xFF, 0x9F, 0xF3, 0xFE,
    0x70, 0x0E, 0x61, 0xFF, 0xBF, 0xFF, 0x0F, 0xE0, 0xFC, 0x1F, 0x83, 0xF0, 0x7E, 0x0F, 0xC1, 0xC0,
    0x38, 0x07, 0x03, 0xE0, 0xF8, 0x1E, 0x00, 0x78, 0x1C, 0x0F, 0x1E, 0x0E, 0x07, 0x07, 0x07, 0x07,
    0x03, 0xC3, 0x87, 0x80, 0xF1, 0xC7, 0x80, 0x38, 0xE3, 0x80, 0x1E, 0x73, 0xC0, 0x07, 0xFF, 0xC0,
    0x01, 0xFF, 0xC0, 0x01, 0xFF, 0xF0, 0x00, 0xE7, 0x3C, 0x00, 0xF3, 0x9E, 0x00, 0xF1, 0xC7, 0x80,
    0x70, 0xE1, 0xE0, 0x78, 0x70, 0xF0, 0x78, 0x38, 0x3F, 0x38, 0x1C, 0x0F, 0xBC, 0x0E, 0x07, 0xC0,
    0x00, 0x00, 0xE0, 0x00, 0x00, 0x70, 0x00, 0x00, 0x38, 0x70, 0x70, 0xF1, 0xC3, 0x87, 0x07, 0x1C,
    0x70, 0x38, 0xE3, 0x80, 0xE7, 0x38, 0x07, 0xBB, 0x80, 0x1F, 0xFC, 0x00, 0xFF, 0xE0, 0x07, 0xFF,
    0x80, 0x73, 0x9C, 0x07, 0x1C, 0xF0, 0x78, 0xE3, 0xF3, 0x87, 0x0F, 0xB8, 0x38, 0x7C, 0x00, 0x00,
    0xE0, 0x00, 0x07, 0x00, 0x00, 0x38, 0x0F, 0xE0, 0xFF, 0xE7, 0xFF, 0x9E, 0x0F, 0x70, 0x1C, 0x00,
    0x70, 0x03, 0x81, 0xFC, 0x07, 0xF0, 0x0F, 0xE0, 0x03, 0xC0, 0x07, 0x70, 0x1D, 0xC0, 0x77, 0x83,
    0xDF, 0xFE, 0x3F, 0xF0, 0x3F, 0x80, 0x38, 0x00, 0xE0, 0x03, 0x80, 0x1F, 0xC3, 0xFE, 0x7F, 0xF7,
    0x07, 0x00, 0x70, 0x7E, 0x0F, 0xC0, 0xFE, 0x00, 0xF0, 0x07, 0x70, 0x77, 0xFF, 0x3F, 0xE1, 0xFC,
    0x07, 0x00, 0x70, 0x07, 0x00, 0xE0, 0x3D, 0xC0, 0xF3, 0x81, 0xC7, 0x07, 0x0E, 0x1C, 0x1C, 0x78,
    0x39, 0xE0, 0x7F, 0x80, 0xFE, 0x01, 0xFE, 0x03, 0x9E, 0x07, 0x1C, 0x0E, 0x3C, 0x1C, 0x3C, 0x38,
    0x3C, 0x70, 0x3F, 0xE0, 0x3F, 0xC0, 0x7C, 0x00, 0x38, 0x00, 0x70, 0x00, 0xE0, 0xE0, 0x77, 0x07,
    0x38, 0x71, 0xC7, 0x8E, 0x78, 0x73, 0x83, 0xF8, 0x1F, 0xC0, 0xFF, 0x07, 0x3C, 0x38, 0xF1, 0xC3,
    0xFE, 0x0F, 0xF0, 0x3C, 0x00, 0xE0, 0x07, 0x00, 0x38, 0xE0, 0x1E, 0xE0, 0x1C, 0xE0, 0x3C, 0xE0,
    0x38, 0xEE, 0x70, 0xEE, 0x70, 0xEE, 0xE0, 0xFF, 0xE0, 0xFF, 0xC0, 0xFF, 0xE0, 0xEE, 0xE0, 0xEE,
    0xF0, 0xE0, 0x78, 0xE0, 0x78, 0xE0, 0x3C, 0xE0, 0x1C, 0xE0, 0x1E, 0xE0, 0x0F, 0xE0, 0x7B, 0x81,
    0xCE, 0x0E, 0x38, 0x38, 0xFD, 0xC3, 0xF7, 0x0F, 0xF8, 0x3F, 0xE0, 0xFF, 0xC3, 0xF7, 0x0F, 0xCE,
    0x38, 0x3C, 0xE0, 0x73, 0x80, 0xE0, 0xFE, 0x03, 0xDF, 0xC0, 0x73, 0xF8, 0x1C, 0x07, 0x07, 0x00,
    0xE1, 0xE0, 0x1C, 0x78, 0x03, 0x9E, 0x00, 0x7F, 0x80, 0x0F, 0xE0, 0x01, 0xFE, 0x00, 0x39, 0xE0,
    0x07, 0x1C, 0x00, 0xE3, 0xC0, 0x1C, 0x3C, 0x03, 0x83, 0xC0, 0x70, 0x3C, 0x0E, 0x03, 0x81, 0xC0,
    0x78, 0xFC, 0x1E, 0xFC, 0x1C, 0xFC, 0x38, 0x1C, 0x70, 0x1C, 0xF0, 0x1C, 0xE0, 0x1F, 0xC0, 0x1F,
    0xC0, 0x1F, 0xE0, 0x1C, 0xF0, 0x1C, 0x70, 0x1C, 0x38, 0x1C, 0x3C, 0x1C, 0x1E, 0xE0, 0x1C, 0x70,
    0x0E, 0x38, 0x07, 0x1C, 0x03, 0x8E, 0x01, 0xC7, 0x00, 0xE3, 0x80, 0x71, 0xFF, 0xF8, 0xFF, 0xFC,
    0x7F, 0xFE, 0x38, 0x07, 0x1C, 0x03, 0x8E, 0x01, 0xC7, 0x00, 0xE3, 0x80, 0x71, 0xC0, 0x3F, 0xE0,
    0x1F, 0xF0, 0x0F, 0xC0, 0x00, 0xE0, 0x00, 0x70, 0x00, 0x38, 0xE0, 0x73, 0x81, 0xCE, 0x07, 0x38,
    0x1C, 0xE0, 0x73, 0x81, 0xCF, 0xFF, 0x3F, 0xFC, 0xFF, 0xF3, 0x81, 0xCE, 0x07, 0x38, 0x1F, 0xE0,
    0x7F, 0x81, 0xF0, 0x01, 0xC0, 0x07, 0x00, 0x1C, 0xE0, 0x1F, 0xFF, 0xC0, 0x3F, 0xFF, 0x80, 0x7F,
    0xF7, 0x00, 0xE0, 0x0E, 0x01, 0xC0, 0x1C, 0x03, 0x80, 0x38, 0x07, 0x00, 0x7F, 0xFE, 0x00, 0xFF,
    0xFC, 0x01, 0xFF, 0xF8, 0x03, 0x80, 0x70, 0x07, 0x00, 0xE0, 0x0E, 0x01, 0xC0, 0x1C, 0x03, 0x80,
    0x38, 0x07, 0x00, 0x70, 0x0E, 0x00, 0xE0, 0x1C, 0x01, 0xC0, 0x38, 0x00, 0xE0, 0x7F, 0xFC, 0x0F,
    0xFF, 0x81, 0xFF, 0x70, 0x38, 0x0E, 0x07, 0x01, 0xC0, 0xE0, 0x3F, 0xFC, 0x07, 0xFF, 0x80, 0xFF,
    0xF0, 0x1C, 0x0E, 0x03, 0x81, 0xC0, 0x70, 0x38, 0x0E, 0x07, 0x01, 0xC0, 0xE0, 0x00, 0xFF, 0xFC,
    0x00, 0x7F, 0xFE, 0x00, 0x30, 0x03, 0x00, 0x18, 0x01, 0x80, 0x0C, 0x00, 0xC0, 0x06, 0x00, 0x60,
    0x03, 0x00, 0x30, 0x01, 0x80, 0x1B, 0xF0, 0xC0, 0x0F, 0xFC, 0x60, 0x07, 0x87, 0x30, 0x03, 0x81,
    0xD8, 0x01, 0x80, 0x6C, 0x00, 0xC0, 0x36, 0x00, 0x60, 0x1B, 0x00, 0x30, 0x0D, 0x80, 0x18, 0x0E,
    0xC0, 0x0C, 0x0E, 0x60, 0x06, 0x7E, 0x00, 0x00, 0x3E, 0x00, 0xFF, 0xE0, 0x0F, 0xFE, 0x00, 0xC0,
    0x60, 0x0C, 0x06, 0x00, 0xC0, 0x60, 0x0C, 0x06, 0x00, 0xC0, 0x7F, 0x8C, 0x07, 0xFC, 0xC0, 0x61,
    0xEC, 0x06, 0x07, 0xC0, 0x60, 0x7C, 0x06, 0x03, 0xC0, 0x60, 0x3C, 0x06, 0x07, 0x00, 0x00, 0x60,
    0x00, 0x1E, 0x00, 0x01, 0xC0, 0x00, 0x00, 0x07, 0x00, 0x00, 0x7C, 0x3E, 0x03, 0xC1, 0xFC, 0x1C,
    0x0E, 0x38, 0x70, 0x70, 0x73, 0x81, 0x80, 0xCE, 0x06, 0x03, 0x30, 0x18, 0x0C, 0xC0, 0x60, 0x33,
    0x01, 0x80, 0xCC, 0x07, 0x07, 0x38, 0x1C, 0x1C, 0xE0, 0x30, 0xE1, 0xC0, 0xE7, 0x07, 0x01, 0xF8,
    0x0F, 0x07, 0xE0, 0x1F, 0xFF, 0xF8, 0x1F, 0xC7, 0xE0, 0x0C, 0x00, 0x0F, 0x00, 0x07, 0x87, 0xC1,
    0x83, 0xF8, 0xE1, 0xC7, 0x30, 0x60, 0xCC, 0x30, 0x33, 0x0C, 0x0C, 0xC1, 0x83, 0x38, 0x61, 0xC6,
    0x1C, 0xE1, 0xE3, 0xF0, 0x3F, 0xFF, 0x83, 0xFF, 0xE0, 0x0F, 0xE0, 0x3F, 0xF0, 0xFF, 0xF3, 0xC1,
    0xE7, 0x01, 0xDC, 0x03, 0xF8, 0x00, 0x70, 0x00, 0xE0, 0x01, 0xC0, 0x03, 0x80, 0x07, 0x00, 0x0E,
    0x00, 0x1E, 0x03, 0xDC, 0x07, 0x3E, 0x3E, 0x3F, 0xF8, 0x3F, 0xE0, 0x1F, 0x00, 0x1C, 0x00, 0x38,
    0x00, 0x70, 0x00, 0x0F, 0x81, 0xFF, 0x1F, 0xFC, 0xE0, 0xEE, 0x07, 0x70, 0x03, 0x80, 0x1C, 0x00,
    0xE0, 0x07, 0x00, 0x3C, 0x1C, 0xF1, 0xE3, 0xFE, 0x0F, 0xE0, 0x1C, 0x00, 0xE0, 0x07, 0x00, 0xFF,
    0xFF, 0xFF, 0xF0, 0x30, 0x00, 0xC0, 0x03, 0x00, 0x0C, 0x00, 0x30, 0x00, 0xC0, 0x03, 0x00, 0x0C,
    0x00, 0x30, 0x00, 0xC0, 0x03, 0x00, 0x0C, 0x00, 0x30, 0x00, 0xC0, 0x03, 0xC0, 0x0F, 0x00, 0x0C,
    0x00, 0x30, 0x00, 0xC0, 0x03, 0x00, 0xFF, 0xFF, 0xFC, 0x18, 0x03, 0x00, 0x60, 0x0C, 0x01, 0x80,
    0x30, 0x06, 0x00, 0xC0, 0x18, 0x03, 0x00, 0x70, 0x0E, 0x00, 0xC0, 0x18, 0x03, 0x00, 0x60, 0xF0,
    0x0F, 0x3C, 0x07, 0x0E, 0x07, 0x87, 0x83, 0x81, 0xE3, 0xC0, 0x71, 0xC0, 0x3D, 0xC0, 0x0F, 0xE0,
    0x07, 0xE0, 0x01, 0xF0, 0x00, 0x70, 0x00, 0x38, 0x00, 0x1C, 0x00, 0x0E, 0x00, 0x07, 0x00, 0x03,
    0x80, 0x01, 0xC0, 0x00, 0xE0, 0x00, 0xF0, 0x1D, 0xC0, 0xE7, 0x03, 0x8E, 0x0E, 0x38, 0x70, 0xF1,
    0xC1, 0xC7, 0x07, 0x38, 0x0E, 0xE0, 0x3B, 0x80, 0x7C, 0x01, 0xF0, 0x07, 0x80, 0x0E, 0x00, 0x38,
    0x00, 0xE0, 0x03, 0x80, 0x0E, 0x00, 0x38, 0x00, 0xE0, 0xF0, 0x0E, 0x70, 0x1E, 0x78, 0x3C, 0x3C,
    0x38, 0x1C, 0x78, 0x1E, 0xF0, 0x0E, 0xE0, 0x0F, 0xE0, 0x07, 0xC0, 0x07, 0xC0, 0x1F, 0xF8, 0x1F,
    0xF8, 0x1F, 0xF8, 0x03, 0x80, 0x03, 0x80, 0x03, 0x80, 0x03, 0x80, 0x03, 0x80, 0x70, 0x1D, 0xE0,
    0xE3, 0x83, 0x8E, 0x0C, 0x1C, 0x70, 0x71, 0xC1, 0xC6, 0x03, 0xB8, 0x0E, 0xE0, 0x1F, 0x00, 0x7C,
    0x07, 0xFC, 0x1F, 0xF0, 0x7F, 0xC0, 0x38, 0x00, 0xE0, 0x03, 0x80, 0x0E, 0x00, 0x38, 0x00, 0xE0,
    0x78, 0x0F, 0x1C, 0x07, 0x0F, 0x07, 0x03, 0xC7, 0x80, 0xE7, 0x80, 0x7B, 0x80, 0x1F, 0xC0, 0x07,
    0xC0, 0x03, 0xE0, 0x01, 0xF0, 0x01, 0xFC, 0x01, 0xEE, 0x00, 0xE7, 0x80, 0xF1, 0xE0, 0x70, 0x70,
    0x70, 0x3F, 0x78, 0x0F, 0xB8, 0x07, 0xC0, 0x00, 0xE0, 0x00, 0x70, 0x00, 0x38, 0x70, 0x79, 0xE1,
    0xC3, 0x8E, 0x07, 0x78, 0x1F, 0xC0, 0x3E, 0x00, 0x78, 0x03, 0xE0, 0x1F, 0xC0, 0x77, 0x83, 0x8E,
    0x0E, 0x3F, 0x70, 0x7F, 0xC0, 0xF0, 0x01, 0xC0, 0x07, 0x00, 0x1C, 0xFF, 0xFC, 0x33, 0xFF, 0xF0,
    0xC0, 0x30, 0x03, 0x00, 0xC0, 0x0C, 0x03, 0x00, 0x30, 0x0C, 0x00, 0xC0, 0x30, 0x03, 0x00, 0xC0,
    0x0C, 0x03, 0x00, 0x30, 0x0C, 0x00, 0xC0, 0x30, 0x03, 0x00, 0xC0, 0x0C, 0x03, 0x00, 0x30, 0x0C,
    0x00, 0xC0, 0x30, 0x03, 0x00, 0xC0, 0x0C, 0x03, 0xFF, 0xF8, 0x0F, 0xFF, 0xE0, 0x00, 0x01, 0x80,
    0x00, 0x06, 0x00, 0x00, 0x18, 0x00, 0x00, 0x60, 0xFF, 0x8C, 0xFF, 0x8C, 0x18, 0x0C, 0x18, 0x0C,
    0x18, 0x0C, 0x18, 0x0C, 0x18, 0x0C, 0x18, 0x0C, 0x18, 0x0C, 0x18, 0x0C, 0x18, 0x0C, 0x18, 0x0C,
    0x1F, 0xFF, 0x1F, 0xFF, 0x00, 0x03, 0x00, 0x03, 0x00, 0x03, 0x00, 0x03, 0xE0, 0x38, 0xE0, 0x38,
    0xE0, 0x38, 0xE0, 0x38, 0xE0, 0x38, 0xE0, 0x38, 0xE0, 0x38, 0xE0, 0x38, 0xF0, 0x78, 0x7F, 0xF8,
    0x3F, 0xF8, 0x1F, 0x38, 0x00, 0x38, 0x00, 0x38, 0x00, 0x38, 0x00, 0x3F, 0x00, 0x3F, 0x00, 0x3F,
    0x00, 0x07, 0x00, 0x07, 0x00, 0x07, 0xE0, 0xE7, 0x07, 0x38, 0x39, 0xC1, 0xCE, 0x0E, 0x70, 0x73,
    0xC3, 0x8F, 0xFC, 0x7F, 0xE0, 0x67, 0x00, 0x38, 0x01, 0xF0, 0x0F, 0x80, 0x7C, 0x00, 0xE0, 0x07,
    0x00, 0x38, 0xE0, 0x3F, 0x01, 0xF8, 0x0F, 0xC0, 0x7E, 0x03, 0xF3, 0x9F, 0x9C, 0xFE, 0xEF, 0x7F,
    0xF9, 0xFF, 0xC7, 0xCE, 0x0E, 0x70, 0x73, 0x80, 0x1C, 0x00, 0xE0, 0x07, 0x00, 0x38, 0x01, 0xC0,
    0xE0, 0x7E, 0x07, 0xE0, 0x7E, 0x07, 0xEE, 0x7E, 0xE7, 0xFF, 0xF7, 0xFF, 0x3F, 0x70, 0xE7, 0x0E,
    0x70, 0x07, 0x00, 0x70, 0x07, 0xE0, 0x07, 0x00, 0x38, 0x01, 0xC0, 0x0E, 0x00, 0x70, 0x03, 0xBF,
    0x1F, 0xFE, 0xFF, 0xF7, 0x03, 0xF8, 0x0F, 0xC0, 0x7E, 0x03, 0xF0, 0x1F, 0x80, 0xFC, 0x07, 0xE0,
    0x3F, 0x01, 0xC0, 0xE0, 0x0E, 0x00, 0xE0, 0x0E, 0x00, 0xE7, 0xCF, 0xFE, 0xFF, 0xEF, 0x0F, 0xE0,
    0x7E, 0x07, 0xE0, 0x7E, 0x07, 0xE0, 0x7E, 0x07, 0xE0, 0x7E, 0x07, 0xE0, 0x7E, 0x07, 0x00, 0x7E,
    0x00, 0x1F, 0xF8, 0x03, 0xC3, 0xC0, 0x70, 0x1C, 0x06, 0x00, 0xEC, 0xE0, 0x06, 0xCC, 0x00, 0x6E,
    0xC0, 0x06, 0x7F, 0xFF, 0xE3, 0xFF, 0xFE, 0x0C, 0x00, 0x00, 0xC0, 0x00, 0x0E, 0x00, 0x60, 0x60,
    0x0E, 0x07, 0x01, 0xC0, 0x3C, 0x3C, 0x01, 0xFF, 0x80, 0x07, 0xE0, 0x01, 0xF8, 0x01, 0xFE, 0x01,
    0xC3, 0x98, 0xC0, 0xEC, 0xE0, 0x37, 0x60, 0x19, 0xFF, 0xFC, 0x7F, 0xFE, 0x0C, 0x00, 0x07, 0x00,
    0x01, 0x80, 0xC0, 0xF1, 0xE0, 0x3F, 0xE0, 0x07, 0xC0, 0x00, 0x7E, 0x00, 0x1F, 0xF8, 0x03, 0xC3,
    0xC0, 0x70, 0x1C, 0x06, 0x00, 0xEC, 0xE0, 0x06, 0xCC, 0x00, 0x6E, 0xC0, 0x06, 0x7F, 0xFF, 0xE3,
    0xFF, 0xFE, 0x0C, 0x00, 0x00, 0xC0, 0x00, 0x0E, 0x00, 0x60, 0x60, 0x0E, 0x07, 0x01, 0xC0, 0x3C,
    0x3C, 0x01, 0xFF, 0x80, 0x07, 0xE0, 0x00, 0x30, 0x00, 0x03, 0x00, 0x00, 0x30, 0x00, 0x03, 0x00,
    0x01, 0xF8, 0x01, 0xFE, 0x01, 0xC3, 0x98, 0xC0, 0xEC, 0xE0, 0x37, 0x60, 0x19, 0xFF, 0xFC, 0x7F,
    0xFE, 0x0C, 0x00, 0x07, 0x00, 0x01, 0x80, 0xC0, 0xF1, 0xE0, 0x3F, 0xE0, 0x07, 0xC0, 0x01, 0x80,
    0x00, 0xF0, 0x00, 0x18, 0x00, 0x0C, 0x00, 0x1C, 0x00, 0xFF, 0xFF, 0xFF, 0xFF, 0xFF, 0xFF, 0xFC,
    0x00, 0xC6, 0x00, 0x01, 0xDC, 0x00, 0x01, 0xF8, 0x00, 0x01, 0xC0, 0x00, 0x00, 0x00, 0x00, 0x00,
    0x00, 0x1C, 0x06, 0x07, 0x1C, 0x0C, 0x0E, 0x38, 0x18, 0x38, 0x38, 0x30, 0x60, 0x70, 0x61, 0xC0,
    0x70, 0xC7, 0x00, 0x71, 0x8E, 0x00, 0xE3, 0x38, 0x00, 0xFF, 0xE0, 0x03, 0xFF, 0xE0, 0x07, 0x18,
    0xC0, 0x1C, 0x31, 0xC0, 0x30, 0x61, 0xC0, 0xE0, 0xC3, 0x83, 0x81, 0x83, 0x87, 0x03, 0x03, 0x9C,
    0x06, 0x07, 0x70, 0x0C, 0x07, 0x03, 0x18, 0x00, 0x73, 0x00, 0x07, 0xE0, 0x00, 0x78, 0x00, 0x00,
    0x00, 0x00, 0x00, 0x18, 0x18, 0x3B, 0x83, 0x0E, 0x38, 0x63, 0x83, 0x8C, 0xE0, 0x39, 0xBC, 0x07,
    0xB7, 0x00, 0x7F, 0xC0, 0x0F, 0xF8, 0x03, 0xDB, 0x80, 0x73, 0x78, 0x1C, 0x67, 0x07, 0x0C, 0x71,
    0xC1, 0x87, 0x70, 0x30, 0x70, 0xE0, 0x3B, 0x81, 0xEE, 0x07, 0x38, 0x38, 0xE1, 0xE3, 0x8F, 0x0E,
    0x38, 0x3F, 0xF0, 0xFF, 0xE3, 0xFF, 0xCE, 0x07, 0xB8, 0x0E, 0xE0, 0x3B, 0x80, 0xEE, 0x03, 0xB8,
    0x0E, 0xE0, 0x3B, 0x80, 0xE0, 0x03, 0x80, 0x1E, 0x01, 0xF0, 0x0F, 0xC0, 0x3C, 0x00, 0xE0, 0xEE,
    0x1E, 0xE1, 0xCE, 0x38, 0xE7, 0x0F, 0xF0, 0xFF, 0x8F, 0xFC, 0xE1, 0xEE, 0x0E, 0xE0, 0xEE, 0x0E,
    0xE0, 0xEE, 0x0E, 0x00, 0xE0, 0x0E, 0x03, 0xE0, 0x3C, 0x03, 0x80, 0x0F, 0xFE, 0x03, 0xFF, 0x80,
    0xC0, 0x60, 0x30, 0x18, 0x0C, 0x06, 0x03, 0x01, 0x81, 0xC0, 0x60, 0x70, 0x18, 0x1C, 0x06, 0x07,
    0x01, 0x81, 0xC0, 0x60, 0x60, 0x18, 0x18, 0x06, 0x06, 0x01, 0x81, 0x80, 0x60, 0xE0, 0x18, 0xF0,
    0x07, 0xF8, 0x01, 0xE0, 0x00, 0x18, 0x00, 0x0E, 0x00, 0x03, 0x00, 0x00, 0xC0, 0x1F, 0xF0, 0x3F,
    0xE0, 0x60, 0xC0, 0xC1, 0x81, 0x83, 0x03, 0x06, 0x06, 0x0C, 0x0C, 0x18, 0x18, 0x30, 0x30, 0x60,
    0xE0, 0xC1, 0xC1, 0x8F, 0x03, 0xFC, 0x07, 0x80, 0x03, 0x00, 0x0E, 0x00, 0x18, 0x00, 0x30, 0xE0,
    0x1F, 0x80, 0x7E, 0x01, 0xF8, 0x07, 0xE0, 0x1F, 0x80, 0x7E, 0x01, 0xFF, 0xFF, 0xFF, 0xFF, 0xFF,
    0xFE, 0x01, 0xF8, 0x07, 0xE0, 0x1F, 0x80, 0x7E, 0x01, 0xF8, 0x07, 0xE0, 0x1F, 0x80, 0x70, 0x01,
    0xC0, 0x07, 0x00, 0x7C, 0x03, 0xE0, 0x0F, 0x00, 0xE0, 0x7E, 0x07, 0xE0, 0x7E, 0x07, 0xE0, 0x7F,
    0xFF, 0xFF, 0xFF, 0xFF, 0xE0, 0x7E, 0x07, 0xE0, 0x7E, 0x07, 0xE0, 0x7E, 0x07, 0x00, 0x70, 0x07,
    0x01, 0xF0, 0x1E, 0x01, 0xC0, 0xC0, 0x0C, 0x60, 0x06, 0x30, 0x03, 0x18, 0x01, 0x8C, 0x00, 0xC6,
    0x00, 0x63, 0x00, 0x31, 0x80, 0x18, 0xFF, 0xFC, 0x7F, 0xFE, 0x30, 0x03, 0x18, 0x01, 0x8C, 0x00,
    0xC6, 0x00, 0x63, 0x00, 0x31, 0x80, 0x18, 0xC0, 0x0F, 0xE0, 0x07, 0x80, 0x00, 0xC0, 0x00, 0xE0,
    0x00, 0x60, 0x00, 0x30, 0xC0, 0x63, 0x01, 0x8C, 0x06, 0x30, 0x18, 0xC0, 0x63, 0x01, 0x8F, 0xFE,
    0x3F, 0xF8, 0xC0, 0x63, 0x01, 0x8C, 0x06, 0x30, 0x18, 0xC0, 0x7B, 0x01, 0xE0, 0x03, 0x80, 0x0C,
    0x00, 0x30, 0x01, 0xC0, 0xE0, 0x3F, 0x01, 0xF8, 0x0F, 0xC0, 0x7E, 0x03, 0xF0, 0x1F, 0x80, 0xFC,
    0x07, 0xF0, 0x7B, 0xFF, 0xCF, 0xFE, 0x3E, 0x70, 0x03, 0x80, 0x1C, 0x00, 0xE0, 0x1F, 0x00, 0xF8,
    0x07, 0xC0, 0x38, 0x01, 0xC0, 0x0E, 0x00, 0xE0, 0xFC, 0x1F, 0x83, 0xF0, 0x7E, 0x0F, 0xC1, 0xFC,
    0x3B, 0xFF, 0x7F, 0xE1, 0x9C, 0x03, 0x81, 0xF0, 0x3E, 0x07, 0xC0, 0xE0, 0x1C, 0x03, 0x80, 0xF0,
    0x01, 0xC7, 0x80, 0x1E, 0x3C, 0x00, 0xF1, 0xF0, 0x0F, 0x8D, 0x80, 0x6C, 0x6E, 0x03, 0x63, 0x70,
    0x3B, 0x19, 0x81, 0x98, 0xCE, 0x0C, 0xC6, 0x30, 0xE6, 0x31, 0xC6, 0x31, 0x8E, 0x71, 0x8C, 0x33,
    0x0C, 0x61, 0xD8, 0x63, 0x07, 0xC3, 0x18, 0x3C, 0x18, 0xC1, 0xE0, 0xF6, 0x06, 0x07, 0x80, 0x00,
    0x1C, 0x00, 0x00, 0xE0, 0x00, 0x06, 0x00, 0x00, 0x30, 0xF0, 0x0E, 0x3C, 0x07, 0x8F, 0x01, 0xE3,
    0xE0, 0xF8, 0xD8, 0x36, 0x37, 0x0D, 0x8C, 0xC7, 0x63, 0x31, 0x98, 0xCE, 0xE6, 0x31, 0xB1, 0x8C,
    0x6C, 0x63, 0x0F, 0x18, 0xC3, 0x87, 0xF0, 0xE1, 0xE0, 0x00, 0x18, 0x00, 0x0E, 0x00, 0x03, 0x00,
    0x00, 0xC0, 0xFF, 0xFF, 0xFF, 0xFF, 0xFF, 0xFF, 0xFC, 0x0E, 0x38, 0x07, 0x1C, 0x03, 0xFE, 0x00,
    0xFE, 0x00, 0x3E, 0x00, 0x00, 0x00, 0x07, 0x00, 0x07, 0xC0, 0x03, 0xE0, 0x01, 0xF0, 0x01, 0xFC,
    0x00, 0xEE, 0x00, 0x77, 0x00, 0x71, 0xC0, 0x38, 0xE0, 0x3C, 0x78, 0x1C, 0x1C, 0x0F, 0xFE, 0x0F,
    0xFF, 0x87, 0xFF, 0xC3, 0x80, 0xE3, 0x80, 0x79, 0xC0, 0x1D, 0xE0, 0x0F, 0x39, 0xC3, 0x9C, 0x1F,
    0x80, 0xF0, 0x00, 0x01, 0xF8, 0x3F, 0xE7, 0xFE, 0x70, 0x70, 0x07, 0x0F, 0xF7, 0xFF, 0xFF, 0xFF,
    0x07, 0xE0, 0x7E, 0x0F, 0xFF, 0xF7, 0xFF, 0x3E, 0x70, 0x06, 0x30, 0x07, 0xBC, 0x03, 0xDE, 0x00,
    0xC6, 0x00, 0x00, 0x00, 0x0E, 0x00, 0x07, 0x00, 0x07, 0xC0, 0x03, 0xE0, 0x01, 0xF0, 0x01, 0xDC,
    0x00, 0xEE, 0x00, 0x67, 0x00, 0x71, 0xC0, 0x38, 0xE0, 0x3C, 0x78, 0x1F, 0xFC, 0x0F, 0xFE, 0x0F,
    0xFF, 0x87, 0x01, 0xC7, 0x80, 0xF3, 0x80, 0x39, 0xC0, 0x1C, 0x39, 0xC3, 0x9C, 0x39, 0xC0, 0x00,
    0x1F, 0x83, 0xFE, 0x7F, 0xE7, 0x07, 0x00, 0x70, 0xFF, 0x7F, 0xFF, 0xFF, 0xF0, 0x7E, 0x07, 0xE0,
    0xFF, 0xFF, 0x7F, 0xF3, 0xE7, 0x00, 0x3F, 0xFE, 0x00, 0xFF, 0xFC, 0x01, 0xFF, 0xF8, 0x07, 0xE0,
    0x00, 0x0F, 0xC0, 0x00, 0x3B, 0x80, 0x00, 0xF7, 0x00, 0x01, 0xCF, 0xFE, 0x07, 0x9F, 0xFC, 0x0E,
    0x3F, 0xF8, 0x3C, 0x70, 0x00, 0x7F, 0xE0, 0x01, 0xFF, 0xC0, 0x07, 0xFF, 0x80, 0x0E, 0x07, 0x00,
    0x3C, 0x0F, 0xFF, 0x70, 0x1F, 0xFF, 0xE0, 0x3F, 0xFC, 0x1F, 0x8F, 0xC1, 0xFE, 0xFF, 0x1F, 0xFF,
    0xFC, 0xE0, 0xF0, 0x70, 0x07, 0x03, 0x87, 0xFF, 0xFD, 0xFF, 0xFF, 0xFF, 0xFF, 0xFF, 0xF0, 0x70,
    0x07, 0x03, 0x80, 0x38, 0x3E, 0x0F, 0xFF, 0xFF, 0xE7, 0xF9, 0xFF, 0x1F, 0x83, 0xE0, 0x30, 0xC7,
    0x0E, 0x7F, 0xE3, 0xFC, 0x1F, 0x80, 0x00, 0xFF, 0xFF, 0xFF, 0xFF, 0xFE, 0x00, 0xE0, 0x0E, 0x00,
    0xE0, 0x0F, 0xFE, 0xFF, 0xEF, 0xFE, 0xE0, 0x0E, 0x00, 0xE0, 0x0E, 0x00, 0xE0, 0x0F, 0xFF, 0xFF,
    0xFF, 0xFF, 0x38, 0xE1, 0xEF, 0x07, 0xF0, 0x1F, 0x00, 0x00, 0x07, 0xE0, 0xFF, 0x8F, 0xFE, 0xF0,
    0x77, 0x01, 0xFF, 0xFF, 0xFF, 0xFF, 0xFF, 0xF0, 0x03, 0x80, 0x0E, 0x0F, 0x7F, 0xF1, 0xFF, 0x03,
    0xF0, 0x0F, 0xC0, 0x7F, 0xE1, 0xFF, 0xE3, 0xC1, 0xEF, 0x01, 0xC0, 0x01, 0xC0, 0x03, 0xFF, 0xFF,
    0xFF, 0xFF, 0xFF, 0xFF, 0x80, 0x3F, 0x00, 0x7F, 0x01, 0xEE, 0x03, 0x9E, 0x0F, 0x1F, 0xFC, 0x1F,
    0xF0, 0x1F, 0x80, 0x1F, 0x81, 0xFF, 0x1F, 0xFD, 0xC0, 0xE0, 0x03, 0x80, 0x1F, 0xFF, 0xFF, 0xFF,
    0xFF, 0xFF, 0x01, 0xFC, 0x1C, 0xFF, 0xE3, 0xFE, 0x0F, 0xC0, 0x0C, 0x60, 0x3D, 0xE0, 0x7B, 0xC0,
    0x63, 0x00, 0x00, 0x00, 0x00, 0x03, 0xF0, 0x1F, 0xF8, 0x7F, 0xF8, 0xF0, 0x3B, 0xC0, 0x70, 0x00,
    0x70, 0x00, 0xFF, 0xFF, 0xFF, 0xFF, 0xFF, 0xFF, 0xE0, 0x0F, 0xC0, 0x1F, 0xC0, 0x3B, 0x80, 0xE7,
    0x83, 0xC7, 0xFF, 0x07, 0xFC, 0x07, 0xE0, 0x39, 0xC1, 0xCE, 0x0E, 0x70, 0x00, 0x01, 0xF8, 0x1F,
    0xF1, 0xFF, 0xDC, 0x0E, 0x00, 0x38, 0x01, 0xFF, 0xFF, 0xFF, 0xFF, 0xFF, 0xF0, 0x1F, 0xC1, 0xCF,
    0xFE, 0x3F, 0xE0, 0xFC, 0x00, 0x00, 0xC6, 0x00, 0x03, 0xDE, 0x00, 0x07, 0xBC, 0x00, 0x06, 0x30,
    0x00, 0x00, 0x00, 0x1E, 0x07, 0x03, 0xDE, 0x0E, 0x0F, 0x1C, 0x1C, 0x1C, 0x1C, 0x38, 0x70, 0x3C,
    0x71, 0xE0, 0x38, 0xE3, 0x80, 0x39, 0xCE, 0x00, 0x7F, 0xFC, 0x00, 0x7F, 0xF0, 0x00, 0xFF, 0xE0,
    0x03, 0x9C, 0xE0, 0x0F, 0x39, 0xE0, 0x1C, 0x71, 0xC0, 0x70, 0xE1, 0xC1, 0xE1, 0xC3, 0xC3, 0x83,
    0x83, 0x8E, 0x07, 0x03, 0xBC, 0x0E, 0x07, 0x80, 0x03, 0x9C, 0x00, 0x39, 0xC0, 0x03, 0x9C, 0x00,
    0x00, 0x00, 0x70, 0x70, 0xE3, 0x87, 0x1C, 0x3C, 0x71, 0x81, 0xC7, 0x38, 0x0E, 0x77, 0x00, 0xF7,
    0x60, 0x07, 0xFE, 0x00, 0x7F, 0xE0, 0x0F, 0xFE, 0x00, 0xE7, 0x70, 0x1C, 0x73, 0x83, 0xC7, 0x38,
    0x38, 0x71, 0xC7, 0x07, 0x0E, 0x0C, 0x60, 0x3D, 0xE0, 0x7B, 0xC0, 0x63, 0x00, 0x00, 0x00, 0x00,
    0x03, 0xF8, 0x1F, 0xFC, 0x7F, 0xF8, 0xF0, 0x79, 0xC0, 0x70, 0x00, 0xE0, 0x03, 0x80, 0x7F, 0x00,
    0xFE, 0x01, 0xFE, 0x00, 0x1E, 0x00, 0x1D, 0xC0, 0x3B, 0x80, 0x77, 0x81, 0xEF, 0xFF, 0x8F, 0xFE,
    0x07, 0xF0, 0x39, 0xC3, 0x9C, 0x39, 0xC0, 0x00, 0x1F, 0xC3, 0xFE, 0x7F, 0xF7, 0x07, 0x00, 0x70,
    0xFE, 0x0F, 0xC0, 0xFE, 0x00, 0xF0, 0x07, 0xF0, 0x77, 0xFF, 0x3F, 0xE1, 0xFC, 0x7F, 0xF3, 0xFF,
    0x80, 0x38, 0x03, 0x80, 0x38, 0x01, 0x80, 0x1C, 0x01, 0xC0, 0x0F, 0xC0, 0x07, 0x00, 0x1C, 0x00,
    0x60, 0x03, 0x60, 0x1B, 0x81, 0xCE, 0x1C, 0x3F, 0xE0, 0xFC, 0x00, 0x7F, 0xF3, 0xFF, 0x80, 0x38,
    0x03, 0x80, 0x1C, 0x01, 0xC0, 0x1C, 0x01, 0xC0, 0x0F, 0x80, 0x7F, 0x00, 0x3C, 0x00, 0xE0, 0x03,
    0x00, 0x1B, 0x80, 0xDC, 0x0E, 0x70, 0xE1, 0xFF, 0x07, 0xE0, 0x1F, 0xE0, 0x3F, 0xC0, 0x7F, 0x80,
    0x00, 0x00, 0x00, 0x1C, 0x01, 0xF8, 0x07, 0xF0, 0x1F, 0xE0, 0x3F, 0xC0, 0xFF, 0x83, 0xFF, 0x0F,
    0x7E, 0x1C, 0xFC, 0x79, 0xF9, 0xE3, 0xF3, 0x87, 0xEE, 0x0F, 0xFC, 0x1F, 0xF0, 0x3F, 0xC0, 0x7F,
    0x80, 0xFE, 0x01, 0xF8, 0x03, 0x80, 0x3F, 0x83, 0xF8, 0x3F, 0x80, 0x00, 0xE0, 0x7E, 0x0F, 0xE1,
    0xFE, 0x1F, 0xE3, 0xFE, 0x77, 0xE7, 0x7E, 0xE7, 0xEC, 0x7F, 0xC7, 0xF8, 0x7F, 0x07, 0xF0, 0x7E,
    0x07, 0x18, 0x60, 0x79, 0xE0, 0xF3, 0xC0, 0xC3, 0x00, 0x00, 0x1C, 0x01, 0xF8, 0x07, 0xF0, 0x1F,
    0xE0, 0x7F, 0xC0, 0xFF, 0x83, 0xFF, 0x0F, 0x7E, 0x1C, 0xFC, 0x79, 0xF9, 0xE3, 0xF3, 0x87, 0xEE,
    0x0F, 0xFC, 0x1F, 0xF0, 0x3F, 0xC0, 0x7F, 0x00, 0xFE, 0x01, 0xF8, 0x03, 0x80, 0x39, 0xC3, 0x9C,
    0x39, 0xC0, 0x00, 0xE0, 0x7E, 0x0F, 0xE1, 0xFE, 0x1F, 0xE3, 0xFE, 0x77, 0xE7, 0x7E, 0xE7, 0xEC,
    0x7F, 0xC7, 0xF8, 0x7F, 0x07, 0xF0, 0x7E, 0x07, 0x0C, 0x30, 0x1E, 0x78, 0x1E, 0x78, 0x0C, 0x30,
    0x00, 0x00, 0x00, 0x00, 0x07, 0xE0, 0x1F, 0xF8, 0x3F, 0xFC, 0x78, 0x1E, 0x70, 0x0E, 0xE0, 0x0F,
    0xE0, 0x07, 0xE0, 0x07, 0xE0, 0x07, 0xE0, 0x07, 0xE0, 0x07, 0xE0, 0x07, 0xE0, 0x0E, 0x70, 0x0E,
    0x78, 0x1E, 0x3F, 0xFC, 0x1F, 0xF8, 0x07, 0xE0, 0x38, 0xE1, 0xC7, 0x0E, 0x38, 0x00, 0x00, 0xF8,
    0x1F, 0xF1, 0xFF, 0xCE, 0x0E, 0xE0, 0x3F, 0x01, 0xF8, 0x0F, 0xC0, 0x7E, 0x03, 0xF0, 0x1D, 0xC1,
    0xCF, 0xFE, 0x3F, 0xE0, 0x7C, 0x00, 0x07, 0xE0, 0x1F, 0xF8, 0x3F, 0xFC, 0x78, 0x1E, 0x70, 0x0E,
    0xF0, 0x0F, 0xE0, 0x07, 0xFF, 0xFF, 0xFF, 0xFF, 0xFF, 0xFF, 0xE0, 0x07, 0xF0, 0x0F, 0xF0, 0x0F,
    0x70, 0x0E, 0x78, 0x1E, 0x3F, 0xFC, 0x1F, 0xF8, 0x07, 0xE0, 0x0F, 0x81, 0xFF, 0x1F, 0xFC, 0xE0,
    0xEE, 0x03, 0xFF, 0xFF, 0xFF, 0xFF, 0xFF, 0xE0, 0x3F, 0x01, 0xDC, 0x1C, 0xFF, 0xE3, 0xFE, 0x07,
    0xC0, 0x0C, 0x30, 0x1E, 0x78, 0x1E, 0x78, 0x0C, 0x30, 0x00, 0x00, 0x00, 0x00, 0x07, 0xE0, 0x1F,
    0xF8, 0x3F, 0xFC, 0x78, 0x1E, 0x70, 0x0E, 0xE0, 0x07, 0xE0, 0x07, 0xFF, 0xFF, 0xFF, 0xFF, 0xFF,
    0xFF, 0xE0, 0x07, 0xE0, 0x07, 0xE0, 0x0F, 0x70, 0x0E, 0x78, 0x1E, 0x3F, 0xFC, 0x1F, 0xF8, 0x07,
    0xE0, 0x1C, 0xE0, 0xE7, 0x07, 0x38, 0x00, 0x00, 0xF8, 0x1F, 0xF1, 0xFF, 0xCF, 0x0E, 0xF0, 0x3F,
    0xFF, 0xFF, 0xFF, 0xFF, 0xFF, 0x03, 0xF8, 0x1D, 0xE1, 0xCF, 0xFE, 0x3F, 0xE0, 0x7C, 0x00, 0x0E,
    0x70, 0x0E, 0x70, 0x0E, 0x70, 0x00, 0x00, 0x00, 0x00, 0x00, 0x00, 0x07, 0xE0, 0x1F, 0xF8, 0x3C,
    0x3C, 0x70, 0x0E, 0x60, 0x06, 0x00, 0x07, 0x00, 0x07, 0x03, 0xFF, 0x03, 0xFF, 0x00, 0x03, 0x00,
    0x03, 0x00, 0x07, 0x60, 0x07, 0x70, 0x06, 0x30, 0x0E, 0x3C, 0x3C, 0x1F, 0xF8, 0x07, 0xE0, 0x39,
    0xC1, 0xCE, 0x0E, 0x70, 0x00, 0x01, 0xF8, 0x1F, 0xE1, 0xC3, 0x8C, 0x0E, 0x00, 0x70, 0x01, 0x83,
    0xFC, 0x1F, 0xE0, 0x03, 0x00, 0x3B, 0x81, 0xCE, 0x1C, 0x3F, 0xC0, 0xFC, 0x00, 0x07, 0xF8, 0x01,
    0xFE, 0x00, 0x7F, 0x80, 0x00, 0x00, 0x00, 0x00, 0x1E, 0x00, 0xE7, 0x80, 0x38, 0xF0, 0x1C, 0x1C,
    0x07, 0x07, 0x83, 0x80, 0xE0, 0xE0, 0x3C, 0x78, 0x07, 0x1C, 0x01, 0xEF, 0x00, 0x3B, 0x80, 0x0F,
    0xE0, 0x01, 0xF0, 0x00, 0x7C, 0x00, 0x0E, 0x00, 0x03, 0x80, 0x07, 0xC0, 0x03, 0xF0, 0x00, 0xF0,
    0x00, 0x0F, 0xE0, 0x1F, 0xC0, 0x3F, 0x80, 0x00, 0x07, 0x01, 0xCE, 0x03, 0x8E, 0x0E, 0x1C, 0x1C,
    0x1C, 0x38, 0x38, 0xE0, 0x71, 0xC0, 0x73, 0x80, 0xEE, 0x00, 0xFC, 0x01, 0xF0, 0x03, 0xE0, 0x03,
    0xC0, 0x07, 0x00, 0x0E, 0x00, 0x1C, 0x00, 0xF0, 0x03, 0xC0, 0x07, 0x00, 0x00, 0x06, 0x30, 0x07,
    0xBC, 0x03, 0xDE, 0x00, 0xC6, 0x00, 0x00, 0x00, 0x00, 0x01, 0xC0, 0x1C, 0xF0, 0x0E, 0x38, 0x0F,
    0x1E, 0x07, 0x07, 0x07, 0x83, 0xC3, 0x80, 0xE3, 0xC0, 0x39, 0xC0, 0x1C, 0xE0, 0x06, 0xF0, 0x03,
    0xF0, 0x00, 0xF8, 0x00, 0x78, 0x00, 0x1C, 0x00, 0x0C, 0x00, 0x3E, 0x00, 0x3E, 0x00, 0x1E, 0x00,
    0x1C, 0xE0, 0x73, 0x81, 0xCE, 0x00, 0x00, 0xF0, 0x39, 0xC0, 0xE7, 0x03, 0x8E, 0x0C, 0x38, 0x70,
    0xF1, 0xC1, 0xC6, 0x07, 0x38, 0x0E, 0xE0, 0x3B, 0x00, 0xFC, 0x01, 0xE0, 0x07, 0x80, 0x1E, 0x00,
    0x70, 0x01, 0xC0, 0x1E, 0x00, 0x78, 0x01, 0xC0, 0x00, 0x00, 0xEE, 0x00, 0xEE, 0x00, 0xEE, 0x00,
    0x66, 0x00, 0x00, 0x00, 0x00, 0x03, 0xC0, 0x1C, 0xF0, 0x0E, 0x78, 0x0F, 0x1E, 0x07, 0x07, 0x07,
    0x83, 0xC3, 0x80, 0xE1, 0xC0, 0x79, 0xC0, 0x1C, 0xE0, 0x0F, 0xE0, 0x03, 0xF0, 0x01, 0xF8, 0x00,
    0x78, 0x00, 0x3C, 0x00, 0x1C, 0x00, 0x7E, 0x00, 0x3E, 0x00, 0x1E, 0x00, 0x07, 0x9C, 0x0E, 0x70,
    0x39, 0xC0, 0x67, 0x00, 0x00, 0x00, 0x00, 0x3C, 0x07, 0x38, 0x1C, 0x70, 0x38, 0x70, 0x70, 0xE1,
    0xC0, 0xE3, 0x81, 0xC7, 0x03, 0x9C, 0x03, 0xB8, 0x07, 0x60, 0x07, 0xC0, 0x0F, 0x80, 0x1E, 0x00,
    0x1C, 0x00, 0x30, 0x00, 0xE0, 0x07, 0xC0, 0x0F, 0x00, 0x1C, 0x00, 0x18, 0x61, 0xE7, 0x8F, 0x3C,
    0x30, 0xC0, 0x00, 0x70, 0x1F, 0x80, 0xFC, 0x07, 0xE0, 0x3F, 0x01, 0xF8, 0x0F, 0xC0, 0x7E, 0x03,
    0xF8, 0x3D, 0xFF, 0xE7, 0xFF, 0x1F, 0x38, 0x01, 0xC0, 0x0E, 0x00, 0x70, 0x03, 0x80, 0x1C, 0x00,
    0xE0, 0x39, 0xC7, 0x38, 0xE7, 0x00, 0x0E, 0x0F, 0xC1, 0xF8, 0x3F, 0x07, 0xE0, 0xFC, 0x1F, 0xC3,
    0xBF, 0xF7, 0xFE, 0x19, 0xC0, 0x38, 0x07, 0x00, 0xE0, 0x1C, 0xFF, 0xFF, 0xFF, 0x00, 0x60, 0x0C,
    0x01, 0x80, 0x30, 0x06, 0x00, 0xC0, 0x18, 0x03, 0x00, 0x60, 0x0C, 0x01, 0x80, 0x30, 0x06, 0x00,
    0xF0, 0x1E, 0x00, 0xC0, 0x18, 0x03, 0x00, 0x60, 0x00, 0xFF, 0xFF, 0xF0, 0x18, 0x0C, 0x06, 0x03,
    0x01, 0x80, 0xC0, 0x60, 0x30, 0x18, 0x0F, 0x07, 0x80, 0xC0, 0x60, 0x30, 0x18, 0x00, 0x06, 0x18,
    0x03, 0xCF, 0x00, 0xF3, 0xC0, 0x18, 0x60, 0x00, 0x00, 0x38, 0x00, 0x7E, 0x00, 0x1F, 0x80, 0x07,
    0xE0, 0x01, 0xF8, 0x00, 0x7E, 0x00, 0x1F, 0x80, 0x07, 0xFF, 0xC1, 0xFF, 0xF8, 0x7F, 0xFF, 0x1F,
    0x81, 0xE7, 0xE0, 0x39, 0xF8, 0x0E, 0x7E, 0x03, 0x9F, 0x81, 0xE7, 0xFF, 0xF1, 0xFF, 0xF8, 0x7F,
    0xFC, 0x1C, 0x1C, 0x70, 0x38, 0xE0, 0x71, 0xC0, 0x00, 0x0E, 0x00, 0xFC, 0x01, 0xF8, 0x03, 0xF0,
    0x07, 0xE0, 0x0F, 0xFE, 0x1F, 0xFE, 0x3F, 0xFE, 0x7E, 0x1C, 0xFC, 0x39, 0xF8, 0x73, 0xFF, 0xE7,
    0xFF, 0x8F, 0xFE, 0x1C, 0x1F, 0xFC, 0x7F, 0xF1, 0x80, 0x06, 0x00, 0x18, 0x00, 0x60, 0x01, 0x80,
    0x3F, 0xF8, 0xFF, 0xE0, 0x60, 0x01, 0x80, 0x06, 0x00, 0x18, 0x00, 0x60, 0x01, 0x80, 0x06, 0x00,
    0x1E, 0x00, 0x78, 0x00, 0x60, 0x01, 0x80, 0x0E, 0x00, 0xF8, 0x03, 0xC0, 0x00, 0x3F, 0xE7, 0xFC,
    0xC0, 0x18, 0x03, 0x00, 0x60, 0x3F, 0xC7, 0xF8, 0x30, 0x06, 0x00, 0xC0, 0x18, 0x03, 0xC0, 0x78,
    0x03, 0x00, 0x60, 0x1C, 0x0F, 0x81, 0xE0, 0x00, 0x70, 0x06, 0x0E, 0x03, 0x83, 0x81, 0xC0, 0x70,
    0xE0, 0x0E, 0x38, 0x01, 0x9C, 0x00, 0x76, 0x00, 0x0F, 0x80, 0x01, 0xC0, 0x00, 0xF0, 0x00, 0x3E,
    0x00, 0x1D, 0xC0, 0x0E, 0x70, 0x07, 0x0E, 0x01, 0xC1, 0xC0, 0xE0, 0x70, 0x70, 0x0F, 0x98, 0x01,
    0xE0, 0x00, 0x18, 0x00, 0x06, 0x00, 0x03, 0x80, 0x03, 0xE0, 0x00, 0xF0, 0x70, 0x71, 0x83, 0x8E,
    0x38, 0x31, 0x80, 0xDC, 0x07, 0xC0, 0x1C, 0x00, 0xE0, 0x0F, 0x80, 0x6E, 0x07, 0x30, 0x71, 0xC3,
    0x07, 0x38, 0x18, 0x00, 0xC0, 0x06, 0x00, 0x70, 0x0F, 0x80, 0x78, 0x70, 0x0E, 0x38, 0x0C, 0x1C,
    0x1C, 0x1C, 0x18, 0x0E, 0x30, 0x06, 0x70, 0x03, 0x60, 0x03, 0xC0, 0x3F, 0xFC, 0x3F, 0xFC, 0x03,
    0xE0, 0x07, 0x60, 0x06, 0x30, 0x0E, 0x38, 0x1C, 0x18, 0x38, 0x1C, 0x30, 0x0E, 0x70, 0x06, 0x70,
    0x71, 0x83, 0x8E, 0x38, 0x39, 0x80, 0xD8, 0x07, 0xC1, 0xFF, 0xCF, 0xFE, 0x0F, 0x80, 0xEE, 0x06,
    0x30, 0x71, 0xC7, 0x07, 0x30, 0x18, 0x01, 0xC0, 0x01, 0xE0, 0x00, 0xF8, 0x00, 0x6C, 0x00, 0x76,
    0x00, 0x33, 0x80, 0x18, 0xC0, 0x1C, 0x70, 0x0C, 0x38, 0x06, 0x0C, 0x07, 0x07, 0x03, 0xFF, 0x81,
    0xFF, 0xC1, 0xC0, 0x70, 0xC0, 0x18, 0xE0, 0x0E, 0x70, 0x07, 0x30, 0x01, 0x80, 0x00, 0x00, 0x00,
    0x00, 0x1C, 0x00, 0x0E, 0x00, 0x07, 0x00, 0x1F, 0x87, 0xF9, 0xC3, 0xB0, 0x70, 0x06, 0x01, 0xCF,
    0xFB, 0xF3, 0xE0, 0x78, 0x0F, 0x03, 0xF0, 0xF7, 0xFE, 0x7C, 0xC0, 0x00, 0x00, 0x0E, 0x01, 0xC0,
    0x38, 0x00, 0x03, 0xC0, 0x01, 0xE0, 0x00, 0x30, 0x00, 0x18, 0x00, 0x00, 0x00, 0x00, 0x00, 0x07,
    0x00, 0x03, 0x80, 0x03, 0xE0, 0x01, 0xB0, 0x01, 0xD8, 0x00, 0xCE, 0x00, 0x63, 0x00, 0x71, 0xC0,
    0x30, 0xE0, 0x18, 0x30, 0x1C, 0x1C, 0x0F, 0xFE, 0x07, 0xFF, 0x07, 0x01, 0xC3, 0x00, 0x63, 0x80,
    0x39, 0xC0, 0x1C, 0xC0, 0x06, 0x0C, 0x01, 0xC0, 0x38, 0x03, 0x00, 0x00, 0x3F, 0x0F, 0xF3, 0x87,
    0x60, 0xE0, 0x0C, 0x03, 0x9F, 0xF7, 0xE7, 0xC0, 0xF0, 0x1E, 0x07, 0xE1, 0xEF, 0xFC, 0xF9, 0x80,
    0x00, 0x1C, 0x00, 0x0C, 0x00, 0x06, 0x00, 0x02, 0x00, 0x08, 0x00, 0x0E, 0x00, 0x0D, 0x80, 0x0C,
    0x60, 0x00, 0x00, 0x00, 0x00, 0x00, 0x70, 0x00, 0x38, 0x00, 0x3E, 0x00, 0x1B, 0x00, 0x1D, 0x80,
    0x0C, 0xE0, 0x06, 0x30, 0x07, 0x1C, 0x03, 0x0E, 0x01, 0x83, 0x01, 0xC1, 0xC0, 0xFF, 0xE0, 0x7F,
    0xF0, 0x70, 0x1C, 0x30, 0x06, 0x38, 0x03, 0x9C, 0x01, 0xCC, 0x00, 0x60, 0x00, 0x60, 0x0E, 0x00,
    0xC0, 0x08, 0x06, 0x00, 0xF0, 0x1B, 0x83, 0x98, 0x00, 0x00, 0x00, 0x1F, 0x83, 0xFC, 0x70, 0xE6,
    0x0E, 0x00, 0x60, 0x0E, 0x3F, 0xE7, 0xE6, 0xE0, 0x6C, 0x06, 0xC0, 0xEE, 0x1E, 0x7F, 0xE3, 0xE6,
    0x00, 0x60, 0x00, 0x38, 0x00, 0x0C, 0x00, 0x00, 0x00, 0x1C, 0x00, 0x1F, 0x00, 0x0D, 0x80, 0x0C,
    0x60, 0x00, 0x00, 0x00, 0x00, 0x00, 0x70, 0x00, 0x38, 0x00, 0x3E, 0x00, 0x1B, 0x00, 0x1D, 0x80,
    0x0C, 0xE0, 0x06, 0x30, 0x07, 0x1C, 0x03, 0x0E, 0x01, 0x83, 0x01, 0xC1, 0xC0, 0xFF, 0xE0, 0x7F,
    0xF0, 0x70, 0x1C, 0x30, 0x06, 0x38, 0x03, 0x9C, 0x01, 0xCC, 0x00, 0x60, 0x03, 0x80, 0x30, 0x03,
    0x00, 0x00, 0xE0, 0x1E, 0x06, 0xE1, 0xCC, 0x00, 0x00, 0x00, 0x7E, 0x1F, 0xE7, 0x0E, 0xC1, 0xC0,
    0x18, 0x07, 0x3F, 0xEF, 0xCF, 0x81, 0xE0, 0x3C, 0x0F, 0xC3, 0xDF, 0xF9, 0xF3, 0x00, 0x70, 0x00,
    0x3C, 0x00, 0x06, 0x00, 0x06, 0x00, 0x00, 0x00, 0x0E, 0x00, 0x0F, 0x80, 0x0E, 0xE0, 0x00, 0x00,
    0x00, 0x00, 0x00, 0x70, 0x00, 0x38, 0x00, 0x3E, 0x00, 0x1B, 0x00, 0x1D, 0x80, 0x0C, 0xE0, 0x06,
    0x30, 0x07, 0x1C, 0x03, 0x0E, 0x01, 0x83, 0x01, 0xC1, 0xC0, 0xFF, 0xE0, 0x7F, 0xF0, 0x70, 0x1C,
    0x30, 0x06, 0x38, 0x03, 0x9C, 0x01, 0xCC, 0x00, 0x60, 0x03, 0xC0, 0x78, 0x03, 0x00, 0x40, 0x00,
    0x1C, 0x07, 0xC0, 0xCC, 0x30, 0x80, 0x00, 0x7E, 0x1F, 0xE7, 0x0E, 0xC1, 0xC0, 0x18, 0x07, 0x3F,
    0xEF, 0xCF, 0x81, 0xE0, 0x3C, 0x0F, 0xC3, 0xDF, 0xF9, 0xF3, 0x03, 0x30, 0x03, 0xF8, 0x01, 0xB8,
    0x00, 0x00, 0x00, 0x08, 0x00, 0x0E, 0x00, 0x0D, 0x80, 0x0C, 0x60, 0x00, 0x00, 0x00, 0x00, 0x00,
    0x70, 0x00, 0x38, 0x00, 0x3E, 0x00, 0x1B, 0x00, 0x1D, 0x80, 0x0C, 0xE0, 0x06, 0x30, 0x07, 0x1C,
    0x03, 0x0E, 0x01, 0x83, 0x01, 0xC1, 0xC0, 0xFF, 0xE0, 0x7F, 0xF0, 0x70, 0x1C, 0x30, 0x06, 0x38,
    0x03, 0x9C, 0x01, 0xCC, 0x00, 0x60, 0x1C, 0x87, 0xF0, 0xCC, 0x00, 0x00, 0xE0, 0x3E, 0x06, 0x61,
    0x84, 0x00, 0x03, 0xF0, 0xFF, 0x38, 0x76, 0x0E, 0x00, 0xC0, 0x39, 0xFF, 0x7E, 0x7C, 0x0F, 0x01,
    0xE0, 0x7E, 0x1E, 0xFF, 0xCF, 0x98, 0x01, 0xC0, 0x01, 0xF0, 0x01, 0xDC, 0x00, 0xC6, 0x00, 0x00,
    0x00, 0x00, 0x00, 0x07, 0x00, 0x07, 0x80, 0x03, 0xE0, 0x01, 0xB0, 0x01, 0xD8, 0x00, 0xCE, 0x00,
    0x63, 0x00, 0x71, 0xC0, 0x30, 0xE0, 0x18, 0x30, 0x1C, 0x1C, 0x0F, 0xFE, 0x07, 0xFF, 0x07, 0x01,
    0xC3, 0x00, 0x63, 0x80, 0x39, 0xC0, 0x1C, 0xC0, 0x06, 0x00, 0x00, 0x00, 0x00, 0x00, 0x70, 0x00,
    0x38, 0x00, 0x1C, 0x00, 0x04, 0x01, 0xC0, 0x6C, 0x18, 0xC0, 0x00, 0x00, 0x07, 0xE1, 0xFE, 0x70,
    0xEC, 0x1C, 0x01, 0x80, 0x73, 0xFE, 0xFC, 0xF8, 0x1E, 0x03, 0xC0, 0xFC, 0x3D, 0xFF, 0x9F, 0x30,
    0x00, 0x00, 0x03, 0x80, 0x70, 0x0E, 0x00, 0x00, 0x60, 0x00, 0x70, 0x00, 0x30, 0x00, 0x10, 0x00,
    0x63, 0x00, 0x33, 0x80, 0x1F, 0x80, 0x07, 0x80, 0x00, 0x00, 0x00, 0x00, 0x00, 0x70, 0x00, 0x38,
    0x00, 0x3C, 0x00, 0x1B, 0x00, 0x0D, 0x80, 0x0C, 0xE0, 0x06, 0x30, 0x07, 0x18, 0x03, 0x0E, 0x01,
    0x83, 0x01, 0xC1, 0x80, 0xFF, 0xE0, 0x7F, 0xF0, 0x70, 0x1C, 0x30, 0x06, 0x18, 0x03, 0x1C, 0x01,
    0xCC, 0x00, 0x60, 0x03, 0x00, 0x60, 0x18, 0x02, 0x00, 0x00, 0x63, 0x07, 0xE0, 0x78, 0x00, 0x00,
    0x00, 0x7E, 0x1F, 0xE7, 0x0E, 0xC1, 0xC0, 0x18, 0x07, 0x3F, 0xEF, 0xCF, 0x81, 0xE0, 0x3C, 0x0F,
    0xC3, 0xDF, 0xF9, 0xF3, 0x07, 0x00, 0x01, 0x80, 0x00, 0x60, 0x00, 0x10, 0x00, 0x63, 0x00, 0x33,
    0x80, 0x1F, 0x80, 0x07, 0x80, 0x00, 0x00, 0x00, 0x00, 0x00, 0x70, 0x00, 0x38, 0x00, 0x3C, 0x00,
    0x1B, 0x00, 0x0D, 0x80, 0x0C, 0xE0, 0x06, 0x30, 0x03, 0x18, 0x03, 0x0E, 0x01, 0x83, 0x01, 0xC1,
    0xC0, 0xFF, 0xE0, 0x7F, 0xF0, 0x70, 0x1C, 0x30, 0x06, 0x18, 0x03, 0x1C, 0x01, 0xCC, 0x00, 0x60,
    0x18, 0x03, 0x00, 0x30, 0x02, 0x00, 0x00, 0x63, 0x0F, 0xE0, 0xF8, 0x00, 0x00, 0x00, 0x7E, 0x3F,
    0xE7, 0x0E, 0xC1, 0xC0, 0x18, 0x07, 0x3F, 0xEF, 0xCF, 0x81, 0xE0, 0x3C, 0x0F, 0xC3, 0xDF, 0xF9,
    0xF3, 0x01, 0xC0, 0x00, 0xE0, 0x00, 0x30, 0x00, 0x10, 0x00, 0x63, 0x00, 0x3B, 0x80, 0x1F, 0x80,
    0x07, 0x80, 0x00, 0x00, 0x00, 0x00, 0x00, 0x70, 0x00, 0x38, 0x00, 0x3C, 0x00, 0x1B, 0x00, 0x0D,
    0x80, 0x0C, 0xE0, 0x06, 0x30, 0x07, 0x18, 0x03, 0x0E, 0x01, 0x83, 0x01, 0xC1, 0x80, 0xFF, 0xE0,
    0x7F, 0xF0, 0x70, 0x1C, 0x30, 0x06, 0x18, 0x03, 0x1C, 0x01, 0xCC, 0x00, 0x60, 0x0E, 0x01, 0xC0,
    0x08, 0x02, 0x00, 0x00, 0x77, 0x07, 0xE0, 0x78, 0x00, 0x00, 0x00, 0x7E, 0x1F, 0xE7, 0x0E, 0xC1,
    0xC0, 0x18, 0x07, 0x3F, 0xEF, 0xCF, 0x81, 0xE0, 0x3C, 0x0F, 0xC3, 0xDF, 0xF9, 0xF3, 0x03, 0x30,
    0x03, 0xF8, 0x01, 0xB8, 0x00, 0x00, 0x00, 0x63, 0x00, 0x31, 0x80, 0x0F, 0x80, 0x03, 0x80, 0x00,
    0x00, 0x00, 0x00, 0x00, 0x70, 0x00, 0x38, 0x00, 0x3E, 0x00, 0x1B, 0x00, 0x0D, 0x80, 0x0C, 0xE0,
    0x06, 0x30, 0x07, 0x1C, 0x03, 0x0E, 0x01, 0x83, 0x01, 0xC1, 0xC0, 0xFF, 0xE0, 0x7F, 0xF0, 0x70,
    0x1C, 0x30, 0x06, 0x18, 0x03, 0x1C, 0x01, 0xCC, 0x00, 0x60, 0x1D, 0x87, 0xF0, 0xCC, 0x00, 0x00,
    0x00, 0x7F, 0x07, 0xC0, 0x00, 0x00, 0x03, 0xF0, 0xFF, 0x38, 0x76, 0x0E, 0x00, 0xC0, 0x39, 0xFF,
    0x7E, 0x7C, 0x0F, 0x01, 0xE0, 0x7E, 0x1E, 0xFF, 0xCF, 0x98, 0x06, 0x30, 0x03, 0xB8, 0x01, 0xF8,
    0x00, 0x38, 0x00, 0x00, 0x00, 0x00, 0x00, 0x07, 0x00, 0x07, 0x80, 0x03, 0xE0, 0x01, 0xB0, 0x01,
    0xD8, 0x00, 0xCE, 0x00, 0x63, 0x00, 0x71, 0xC0, 0x30, 0xE0, 0x18, 0x30, 0x1C, 0x1C, 0x0F, 0xFE,
    0x07, 0xFF, 0x07, 0x01, 0xC3, 0x00, 0x63, 0x80, 0x39, 0xC0, 0x1C, 0xC0, 0x06, 0x00, 0x00, 0x00,
    0x00, 0x00, 0x70, 0x00, 0x38, 0x00, 0x1C, 0x00, 0x31, 0x87, 0xF0, 0x7C, 0x00, 0x00, 0x00, 0x3F,
    0x1F, 0xF3, 0x87, 0x60, 0xE0, 0x0C, 0x03, 0x9F, 0xF7, 0xE7, 0xC0, 0xF0, 0x1E, 0x07, 0xE1, 0xEF,
    0xFC, 0xF9, 0x80, 0x00, 0x00, 0x1C, 0x03, 0x80, 0x70, 0xFF, 0xFF, 0xFF, 0x00, 0x60, 0x0C, 0x01,
    0x80, 0x30, 0x07, 0xFF, 0xFF, 0xF8, 0x03, 0x00, 0x60, 0x0C, 0x01, 0x80, 0x30, 0x06, 0x00, 0xFF,
    0xFF, 0xFC, 0x00, 0x00, 0x00, 0xE0, 0x1C, 0x03, 0x80, 0x1F, 0x83, 0xFC, 0x70, 0xE6, 0x06, 0xE0,
    0x7C, 0x03, 0xFF, 0xFF, 0xFF, 0xC0, 0x0E, 0x00, 0x60, 0x67, 0x0E, 0x3F, 0xE0, 0xF8, 0x00, 0x00,
    0x00, 0x07, 0x00, 0x70, 0x07, 0x00, 0x1E, 0x03, 0xC0, 0x18, 0x03, 0x00, 0x00, 0x00, 0x3F, 0xFF,
    0xFF, 0xC0, 0x18, 0x03, 0x00, 0x60, 0x0C, 0x01, 0x80, 0x3F, 0xFF, 0xFF, 0xC0, 0x18, 0x03, 0x00,
    0x60, 0x0C, 0x01, 0x80, 0x3F, 0xFF, 0xFF, 0x0E, 0x00, 0xF0, 0x0F, 0x00, 0x60, 0x00, 0x01, 0xF8,
    0x3F, 0xC7, 0x0E, 0x60, 0x6E, 0x07, 0xC0, 0x3F, 0xFF, 0xFF, 0xFC, 0x00, 0xE0, 0x06, 0x06, 0x70,
    0xE3, 0xFE, 0x0F, 0x80, 0x19, 0x87, 0xF0, 0xDC, 0x00, 0x00, 0x00, 0x00, 0x3F, 0xFF, 0xFF, 0xC0,
    0x18, 0x03, 0x00, 0x60, 0x0C, 0x01, 0x80, 0x3F, 0xFF, 0xFF, 0xC0, 0x18, 0x03, 0x00, 0x60, 0x0C,
    0x01, 0x80, 0x3F, 0xFF, 0xFF, 0x08, 0x81, 0xFC, 0x1F, 0x80, 0x00, 0x00, 0x01, 0xF8, 0x3F, 0xC7,
    0x0E, 0x60, 0x6E, 0x07, 0xC0, 0x3F, 0xFF, 0xFF, 0xFC, 0x00, 0xE0, 0x06, 0x06, 0x70, 0xE3, 0xFE,
    0x0F, 0x80, 0x00, 0x60, 0x0E, 0x00, 0xC0, 0x08, 0x04, 0x00, 0xF0, 0x1B, 0x03, 0x18, 0x00, 0x00,
    0x00, 0xFF, 0xEF, 0xFE, 0xC0, 0x0C, 0x00, 0xC0, 0x0C, 0x00, 0xC0, 0x0C, 0x00, 0xFF, 0xEF, 0xFE,
    0xC0, 0x0C, 0x00, 0xC0, 0x0C, 0x00, 0xC0, 0x0C, 0x00, 0xFF, 0xEF, 0xFE, 0x00, 0x70, 0x06, 0x00,
    0xC0, 0x08, 0x06, 0x00, 0xF0, 0x1D, 0x83, 0x9C, 0x00, 0x00, 0x00, 0x1F, 0x83, 0xFC, 0x70, 0xE6,
    0x06, 0xE0, 0x7C, 0x03, 0xFF, 0xFF, 0xFF, 0xC0, 0x0E, 0x00, 0x60, 0x67, 0x0E, 0x3F, 0xE0, 0xF8,
    0x03, 0x00, 0x30, 0x07, 0x00, 0x00, 0xE0, 0x3E, 0x06, 0xE1, 0x8C, 0x00, 0x00, 0x03, 0xFF, 0xFF,
    0xFC, 0x01, 0x80, 0x30, 0x06, 0x00, 0xC0, 0x18, 0x03, 0xFF, 0xFF, 0xFC, 0x01, 0x80, 0x30, 0x06,
    0x00, 0xC0, 0x18, 0x03, 0xFF, 0xFF, 0xF0, 0x03, 0x80, 0x18, 0x00, 0xC0, 0x00, 0x07, 0x00, 0xF0,
    0x19, 0x81, 0x08, 0x00, 0x01, 0xF8, 0x3F, 0xC7, 0x0E, 0x60, 0x6E, 0x07, 0xC0, 0x3F, 0xFF, 0xFF,
    0xFC, 0x00, 0xE0, 0x06, 0x06, 0x70, 0xE3, 0xFE, 0x0F, 0x80, 0x03, 0x80, 0x78, 0x03, 0x00, 0xC0,
    0x00, 0x1C, 0x07, 0xC1, 0xCC, 0x00, 0x00, 0x03, 0xFF, 0xFF, 0xFC, 0x01, 0x80, 0x30, 0x06, 0x00,
    0xC0, 0x18, 0x03, 0xFF, 0xFF, 0xFC, 0x01, 0x80, 0x30, 0x06, 0x00, 0xC0, 0x18, 0x03, 0xFF, 0xFF,
    0xF0, 0x03, 0xC0, 0x3C, 0x00, 0xC0, 0x0C, 0x00, 0x00, 0x70, 0x0F, 0x01, 0x98, 0x10, 0x80, 0x00,
    0x1F, 0x83, 0xFC, 0x70, 0xE6, 0x06, 0xE0, 0x7C, 0x03, 0xFF, 0xFF, 0xFF, 0xC0, 0x0E, 0x00, 0x60,
    0x67, 0x0E, 0x3F, 0xE0, 0xF8, 0x19, 0x87, 0xF0, 0xDC, 0x00, 0x00, 0x40, 0x1C, 0x06, 0xC1, 0xCC,
    0x00, 0x00, 0x03, 0xFF, 0xFF, 0xFC, 0x01, 0x80, 0x30, 0x06, 0x00, 0xC0, 0x18, 0x03, 0xFF, 0xFF,
    0xFC, 0x01, 0x80, 0x30, 0x06, 0x00, 0xC0, 0x18, 0x03, 0xFF, 0xFF, 0xF0, 0x1C, 0xC1, 0xFC, 0x11,
    0x80, 0x00, 0x07, 0x00, 0xF8, 0x19, 0x81, 0x0C, 0x00, 0x01, 0xF8, 0x3F, 0xC7, 0x0E, 0x60, 0x6E,
    0x07, 0xC0, 0x3F, 0xFF, 0xFF, 0xFC, 0x00, 0xE0, 0x06, 0x02, 0x78, 0xE3, 0xFE, 0x0F, 0x80, 0x0E,
    0x03, 0xE0, 0xEE, 0x18, 0xC0, 0x00, 0x00, 0x3F, 0xFF, 0xFF, 0xC0, 0x18, 0x03, 0x00, 0x60, 0x0C,
    0x01, 0xFF, 0xFF, 0xFE, 0x00, 0xC0, 0x18, 0x03, 0x00, 0x60, 0x0C, 0x01, 0x80, 0x3F, 0xFF, 0xFF,
    0x00, 0x00, 0x00, 0x38, 0x07, 0x00, 0xE0, 0x06, 0x00, 0xF0, 0x1D, 0x83, 0x8C, 0x00, 0x00, 0x00,
    0x1F, 0x83, 0xFC, 0x70, 0xE6, 0x06, 0xE0, 0x7C, 0x03, 0xFF, 0xFF, 0xFF, 0xC0, 0x0E, 0x00, 0x60,
    0x67, 0x0E, 0x3F, 0xE0, 0xF8, 0x00, 0x00, 0x00, 0x07, 0x00, 0x70, 0x07, 0x00, 0xEF, 0x36, 0x00,
    0x66, 0x66, 0x66, 0x66, 0x66, 0x66, 0x66, 0x66, 0x66, 0xEF, 0xF6, 0x06, 0x66, 0x66, 0x66, 0x66,
    0x66, 0x66, 0x60, 0xDB, 0x6D, 0xB6, 0xDB, 0x6D, 0xB6, 0xD8, 0x0F, 0xF8, 0x5F, 0xA0, 0xDB, 0x6D,
    0xB6, 0xDB, 0x6D, 0x81, 0xFF, 0x07, 0xE0, 0x0F, 0xFC, 0x0F, 0x0F, 0x0E, 0x01, 0xC7, 0x00, 0x67,
    0x00, 0x3B, 0x80, 0x0D, 0x80, 0x06, 0xC0, 0x03, 0x60, 0x01, 0xB0, 0x00, 0xDC, 0x00, 0x6E, 0x00,
    0x73, 0x80, 0x31, 0xC0, 0x38, 0x78, 0x78, 0x1F, 0xF8, 0x03, 0xF0, 0x00, 0x00, 0x00, 0x00, 0x00,
    0x1C, 0x00, 0x0E, 0x00, 0x07, 0x00, 0x1F, 0x81, 0xFE, 0x1C, 0x38, 0xC0, 0xEE, 0x07, 0x60, 0x1B,
    0x00, 0xD8, 0x06, 0xC0, 0x37, 0x03, 0x98, 0x1C, 0xE1, 0xC3, 0xFC, 0x0F, 0xC0, 0x00, 0x00, 0x00,
    0x07, 0x00, 0x38, 0x01, 0xC0, 0x03, 0x80, 0x01, 0xE0, 0x00, 0x30, 0x00, 0x30, 0x00, 0x00, 0x00,
    0x00, 0x00, 0x1F, 0x80, 0x3F, 0xF0, 0x3C, 0x3C, 0x38, 0x07, 0x1C, 0x01, 0x9C, 0x00, 0xEE, 0x00,
    0x36, 0x00, 0x1B, 0x00, 0x0D, 0x80, 0x06, 0xC0, 0x03, 0x70, 0x01, 0xB8, 0x01, 0xCE, 0x00, 0xC7,
    0x00, 0xE1, 0xE1, 0xE0, 0x7F, 0xE0, 0x0F, 0xC0, 0x0E, 0x00, 0x78, 0x03, 0xC0, 0x0C, 0x00, 0x00,
    0x0F, 0xC0, 0xFF, 0x0E, 0x1C, 0x60, 0x77, 0x03, 0xB0, 0x0D, 0x80, 0x6C, 0x03, 0x60, 0x1B, 0x81,
    0xCC, 0x0E, 0x70, 0xE1, 0xFE, 0x07, 0xE0, 0x00, 0x1C, 0x00, 0x0C, 0x00, 0x0C, 0x00, 0x06, 0x00,
    0x18, 0x00, 0x1E, 0x00, 0x1D, 0x80, 0x1C, 0xE0, 0x00, 0x00, 0x00, 0x00, 0x01, 0xF8, 0x03, 0xFF,
    0x03, 0xC3, 0xC3, 0x80, 0x71, 0xC0, 0x19, 0xC0, 0x0E, 0xE0, 0x03, 0x60, 0x01, 0xB0, 0x00, 0xD8,
    0x00, 0x6C, 0x00, 0x37, 0x00, 0x1B, 0x80, 0x1C, 0xE0, 0x0C, 0x70, 0x0E, 0x1E, 0x1E, 0x07, 0xFE,
    0x00, 0xFC, 0x00, 0x00, 0x70, 0x03, 0x00, 0x30, 0x01, 0x00, 0x60, 0x07, 0x80, 0x76, 0x03, 0x38,
    0x00, 0x00, 0x00, 0x07, 0xE0, 0x7F, 0x87, 0x0E, 0x30, 0x3B, 0x81, 0xD8, 0x06, 0xC0, 0x36, 0x01,
    0xB0, 0x0D, 0xC0, 0xE6, 0x07, 0x38, 0x70, 0xFF, 0x03, 0xF0, 0x00, 0xE0, 0x00, 0x38, 0x00, 0x0C,
    0x00, 0x00, 0x00, 0x1C, 0x00, 0x1E, 0x00, 0x1D, 0x80, 0x0C, 0xE0, 0x00, 0x00, 0x00, 0x00, 0x01,
    0xF8, 0x03, 0xFF, 0x03, 0xC3, 0xC3, 0x80, 0x71, 0xC0, 0x19, 0xC0, 0x0E, 0xE0, 0x03, 0x60, 0x01,
    0xB0, 0x00, 0xD8, 0x00, 0x6C, 0x00, 0x37, 0x00, 0x1B, 0x80, 0x1C, 0xE0, 0x0C, 0x70, 0x0E, 0x1E,
    0x1E, 0x07, 0xFE, 0x00, 0xFC, 0x00, 0x03, 0x80, 0x0C, 0x00, 0x30, 0x00, 0x00, 0x70, 0x07, 0x80,
    0x66, 0x02, 0x10, 0x00, 0x00, 0xFC, 0x0F, 0xF0, 0xE1, 0xC6, 0x07, 0x70, 0x3B, 0x00, 0xD8, 0x06,
    0xC0, 0x36, 0x01, 0xB8, 0x1C, 0xC0, 0xE7, 0x0E, 0x1F, 0xE0, 0x7E, 0x00, 0x00, 0xF0, 0x00, 0x7C,
    0x00, 0x0C, 0x00, 0x06, 0x00, 0x00, 0x00, 0x0C, 0x00, 0x0F, 0x00, 0x0E, 0xC0, 0x06, 0x70, 0x00,
    0x00, 0x00, 0x00, 0x00, 0xFC, 0x01, 0xFF, 0x81, 0xE1, 0xE1, 0xC0, 0x38, 0xE0, 0x0C, 0xE0, 0x07,
    0x70, 0x01, 0xB0, 0x00, 0xD8, 0x00, 0x6C, 0x00, 0x36, 0x00, 0x1B, 0x80, 0x0D, 0xC0, 0x0E, 0x70,
    0x06, 0x38, 0x07, 0x0F, 0x0F, 0x03, 0xFF, 0x00, 0x7E, 0x00, 0x03, 0xC0, 0x1E, 0x00, 0x30, 0x01,
    0x80, 0x00, 0x03, 0x80, 0x3C, 0x03, 0x30, 0x10, 0x80, 0x00, 0x07, 0xE0, 0x7F, 0x87, 0x0E, 0x30,
    0x3B, 0x81, 0xD8, 0x06, 0xC0, 0x36, 0x01, 0xB0, 0x0D, 0xC0, 0xE6, 0x07, 0x38, 0x70, 0xFF, 0x03,
    0xF0, 0x07, 0x30, 0x03, 0xF8, 0x01, 0x38, 0x00, 0x00, 0x00, 0x18, 0x00, 0x1E, 0x00, 0x0F, 0x80,
    0x0C, 0xE0, 0x00, 0x00, 0x00, 0x00, 0x01, 0xF8, 0x03, 0xFF, 0x03, 0xC3, 0xC3, 0x80, 0x71, 0xC0,
    0x19, 0xC0, 0x0E, 0xE0, 0x03, 0x60, 0x01, 0xB0, 0x00, 0xD8, 0x00, 0x6C, 0x00, 0x37, 0x00, 0x1B,
    0x80, 0x1C, 0xE0, 0x0C, 0x70, 0x0E, 0x1E, 0x1E, 0x07, 0xFE, 0x00, 0xFC, 0x00, 0x1C, 0xC0, 0xFC,
    0x04, 0x40, 0x00, 0x00, 0x70, 0x07, 0xC0, 0x66, 0x02, 0x18, 0x00, 0x00, 0xFC, 0x0F, 0xF0, 0xE1,
    0xC6, 0x07, 0x70, 0x1B, 0x00, 0xD8, 0x06, 0xC0, 0x36, 0x01, 0xB8, 0x0C, 0xC0, 0xE7, 0x0E, 0x1F,
    0xE0, 0x7E, 0x00, 0x01, 0xC0, 0x01, 0xF0, 0x01, 0xDC, 0x00, 0xC6, 0x00, 0x00, 0x00, 0x00, 0x00,
    0x1F, 0x80, 0x3F, 0xF0, 0x3C, 0x3C, 0x38, 0x07, 0x1C, 0x01, 0x9C, 0x00, 0xEE, 0x00, 0x36, 0x00,
    0x1B, 0x00, 0x0D, 0x80, 0x06, 0xC0, 0x03, 0x70, 0x01, 0xB8, 0x01, 0xCE, 0x00, 0xC7, 0x00, 0xE1,
    0xE1, 0xE0, 0x7F, 0xE0, 0x0F, 0xC0, 0x00, 0x00, 0x00, 0x00, 0x00, 0x70, 0x00, 0x38, 0x00, 0x1C,
    0x00, 0x02, 0x00, 0x78, 0x07, 0x60, 0x31, 0x80, 0x00, 0x00, 0x00, 0x7E, 0x07, 0xF8, 0x70, 0xE3,
    0x03, 0xB8, 0x1D, 0x80, 0x6C, 0x03, 0x60, 0x1B, 0x00, 0xDC, 0x0E, 0x60, 0x73, 0x87, 0x0F, 0xF0,
    0x3F, 0x00, 0x00, 0x00, 0x00, 0x1C, 0x00, 0xE0, 0x07, 0x00, 0x00, 0xE0, 0x00, 0x60, 0x00, 0x70,
    0xC0, 0x30, 0x60, 0x00, 0x30, 0x00, 0x18, 0x1F, 0xFC, 0x3F, 0xFE, 0x3C, 0x3C, 0x38, 0x07, 0x1C,
    0x01, 0x9C, 0x00, 0xEE, 0x00, 0x36, 0x00, 0x1B, 0x00, 0x0D, 0x80, 0x06, 0xC0, 0x03, 0x70, 0x01,
    0xB8, 0x01, 0xCE, 0x00, 0xC7, 0x00, 0xE1, 0xE1, 0xE0, 0x7F, 0xE0, 0x0F, 0xC0, 0x01, 0x80, 0x1C,
    0x00, 0xC0, 0x0C, 0x30, 0x01, 0x80, 0x0C, 0x7F, 0xE7, 0xFE, 0x70, 0xE3, 0x03, 0xB8, 0x1D, 0x80,
    0x6C, 0x03, 0x60, 0x1B, 0x00, 0xDC, 0x0E, 0x60, 0x73, 0x87, 0x0F, 0xF0, 0x3F, 0x00, 0x07, 0x00,
    0x01, 0x80, 0x00, 0xC0, 0x00, 0x30, 0x60, 0x00, 0x30, 0x00, 0x18, 0x1F, 0xFC, 0x3F, 0xFE, 0x3C,
    0x3C, 0x38, 0x07, 0x1C, 0x01, 0x9C, 0x00, 0xEE, 0x00, 0x36, 0x00, 0x1B, 0x00, 0x0D, 0x80, 0x06,
    0xC0, 0x03, 0x70, 0x01, 0xB8, 0x01, 0xCE, 0x00, 0xC7, 0x00, 0xE1, 0xE1, 0xE0, 0x7F, 0xE0, 0x0F,
    0xC0, 0x1C, 0x00, 0x60, 0x03, 0x00, 0x0C, 0x30, 0x01, 0x80, 0x0C, 0x7F, 0xE7, 0xFE, 0x70, 0xE3,
    0x03, 0xB8, 0x1D, 0x80, 0x6C, 0x03, 0x60, 0x1B, 0x00, 0xDC, 0x0E, 0x60, 0x73, 0x87, 0x0F, 0xF0,
    0x3F, 0x00, 0x03, 0x80, 0x01, 0xE0, 0x00, 0x30, 0x00, 0x30, 0x60, 0x00, 0x30, 0x00, 0x18, 0x1F,
    0xFC, 0x3F, 0xFE, 0x3C, 0x3C, 0x38, 0x07, 0x1C, 0x01, 0x9C, 0x00, 0xEE, 0x00, 0x36, 0x00, 0x1B,
    0x00, 0x0D, 0x80, 0x06, 0xC0, 0x03, 0x70, 0x01, 0xB8, 0x01, 0xCE, 0x00, 0xC7, 0x00, 0xE1, 0xE1,
    0xE0, 0x7F, 0xE0, 0x0F, 0xC0, 0x0E, 0x00, 0x78, 0x03, 0xC0, 0x0C, 0x30, 0x01, 0x8F, 0xFC, 0xFF,
    0xEE, 0x1C, 0x60, 0x77, 0x03, 0xB0, 0x0D, 0x80, 0x6C, 0x03, 0x60, 0x1B, 0x81, 0xCC, 0x0E, 0x70,
    0xE1, 0xFE, 0x07, 0xE0, 0x07, 0x30, 0x03, 0xF0, 0x03, 0x38, 0x00, 0x00, 0x60, 0x00, 0x30, 0x00,
    0x18, 0x1F, 0xFC, 0x3F, 0xFE, 0x3C, 0x3C, 0x38, 0x07, 0x1C, 0x01, 0x9C, 0x00, 0xEE, 0x00, 0x36,
    0x00, 0x1B, 0x00, 0x0D, 0x80, 0x06, 0xC0, 0x03, 0x70, 0x01, 0xB8, 0x01, 0xCE, 0x00, 0xC7, 0x00,
    0xE1, 0xE1, 0xE0, 0x7F, 0xE0, 0x0F, 0xC0, 0x08, 0x80, 0xFC, 0x07, 0xC6, 0x00, 0x30, 0x01, 0x8F,
    0xFC, 0xFF, 0xEE, 0x1C, 0x60, 0x77, 0x03, 0xB0, 0x0D, 0x80, 0x6C, 0x03, 0x60, 0x1B, 0x81, 0xCC,
    0x0E, 0x70, 0xE1, 0xFE, 0x07, 0xE0, 0x00, 0x03, 0x00, 0x01, 0x80, 0x00, 0xC0, 0xFF, 0xE1, 0xFF,
    0xF1, 0xE1, 0xE1, 0xC0, 0x38, 0xE0, 0x0C, 0xE0, 0x07, 0x70, 0x01, 0xB0, 0x00, 0xD8, 0x00, 0x6C,
    0x00, 0x36, 0x00, 0x1B, 0x80, 0x0D, 0xC0, 0x0E, 0x70, 0x06, 0x38, 0x07, 0x0F, 0x0F, 0x03, 0xFF,
    0x00, 0x7E, 0x00, 0x00, 0x00, 0x00, 0x00, 0x03, 0x80, 0x01, 0xC0, 0x00, 0xE0, 0x00, 0x00, 0x18,
    0x00, 0xC0, 0x06, 0x3F, 0xF3, 0xFF, 0x38, 0x71, 0x81, 0xDC, 0x0E, 0xC0, 0x36, 0x01, 0xB0, 0x0D,
    0x80, 0x6E, 0x07, 0x30, 0x39, 0xC3, 0x87, 0xF8, 0x1F, 0x80, 0x00, 0x00, 0x00, 0x0E, 0x00, 0x70,
    0x03, 0x80, 0xC0, 0x0D, 0x80, 0x1B, 0x00, 0x36, 0x00, 0x6C, 0x00, 0xD8, 0x01, 0xB0, 0x03, 0x60,
    0x06, 0xC0, 0x0D, 0x80, 0x1B, 0x00, 0x36, 0x00, 0x6C, 0x00, 0xDC, 0x03, 0x98, 0x07, 0x3C, 0x3C,
    0x3F, 0xF0, 0x1F, 0x80, 0x00, 0x00, 0x00, 0x00, 0x38, 0x00, 0x70, 0x00, 0xE0, 0x00, 0xC0, 0x78,
    0x0F, 0x01, 0xE0, 0x3C, 0x07, 0x80, 0xF0, 0x1E, 0x03, 0xC0, 0x78, 0x0F, 0x83, 0xF8, 0xF7, 0xF6,
    0x7C, 0xC0, 0x00, 0x00, 0x0E, 0x01, 0xC0, 0x38, 0x00, 0x07, 0x00, 0x0F, 0x00, 0x06, 0x00, 0x18,
    0x00, 0x00, 0x00, 0x00, 0x30, 0x03, 0x60, 0x06, 0xC0, 0x0D, 0x80, 0x1B, 0x00, 0x36, 0x00, 0x6C,
    0x00, 0xD8, 0x01, 0xB0, 0x03, 0x60, 0x06, 0xC0, 0x0D, 0x80, 0x1B, 0x00, 0x37, 0x00, 0xE6, 0x01,
    0xCF, 0x0F, 0x0F, 0xFC, 0x07, 0xE0, 0x0C, 0x03, 0xC0, 0x38, 0x03, 0x00, 0x01, 0x80, 0xF0, 0x1E,
    0x03, 0xC0, 0x78, 0x0F, 0x01, 0xE0, 0x3C, 0x07, 0x80, 0xF0, 0x1F, 0x07, 0xF1, 0xEF, 0xEC, 0xF9,
    0x80, 0x00, 0xC0, 0x00, 0xC0, 0x00, 0x60, 0x40, 0x20, 0x60, 0x00, 0x30, 0x00, 0x1B, 0x00, 0x3D,
    0x80, 0x1E, 0xC0, 0x0C, 0x60, 0x06, 0x30, 0x03, 0x18, 0x01, 0x8C, 0x00, 0xC6, 0x00, 0x63, 0x00,
    0x31, 0x80, 0x18, 0xC0, 0x0C, 0x60, 0x06, 0x30, 0x03, 0x1C, 0x03, 0x86, 0x01, 0xC3, 0xC3, 0xC0,
    0xFF, 0xC0, 0x1F, 0x80, 0x03, 0x00, 0x0C, 0x00, 0x60, 0x01, 0x86, 0x00, 0x18, 0x00, 0x6C, 0x07,
    0xB0, 0x1E, 0xC0, 0x63, 0x01, 0x8C, 0x06, 0x30, 0x18, 0xC0, 0x63, 0x01, 0x8C, 0x06, 0x30, 0x18,
    0xE0, 0xE3, 0xC7, 0x87, 0xF6, 0x0F, 0x98, 0x0E, 0x00, 0x03, 0x00, 0x01, 0xC0, 0x00, 0x60, 0x60,
    0x00, 0x30, 0x00, 0x1B, 0x00, 0x3D, 0x80, 0x1E, 0xC0, 0x0C, 0x60, 0x06, 0x30, 0x03, 0x18, 0x01,
    0x8C, 0x00, 0xC6, 0x00, 0x63, 0x00, 0x31, 0x80, 0x18, 0xC0, 0x0C, 0x60, 0x06, 0x30, 0x03, 0x1C,
    0x03, 0x86, 0x01, 0xC3, 0xC3, 0xC0, 0xFF, 0xC0, 0x1F, 0x80, 0x38, 0x00, 0x60, 0x00, 0xC0, 0x03,
    0x06, 0x00, 0x18, 0x00, 0x6C, 0x07, 0xB0, 0x1E, 0xC0, 0x63, 0x01, 0x8C, 0x06, 0x30, 0x18, 0xC0,
    0x63, 0x01, 0x8C, 0x06, 0x30, 0x18, 0xE0, 0xE3, 0xC7, 0x87, 0xF6, 0x0F, 0x98, 0x07, 0x00, 0x03,
    0xC0, 0x00, 0x60, 0x00, 0x60, 0x60, 0x00, 0x30, 0x00, 0x1B, 0x00, 0x3D, 0x80, 0x1E, 0xC0, 0x0C,
    0x60, 0x06, 0x30, 0x03, 0x18, 0x01, 0x8C, 0x00, 0xC6, 0x00, 0x63, 0x00, 0x31, 0x80, 0x18, 0xC0,
    0x0C, 0x60, 0x06, 0x30, 0x03, 0x1C, 0x03, 0x86, 0x01, 0xC3, 0xC3, 0xC0, 0xFF, 0xC0, 0x1F, 0x80,
    0x0C, 0x00, 0x78, 0x00, 0xE0, 0x01, 0x86, 0x00, 0x1B, 0x01, 0xEC, 0x07, 0xB0, 0x18, 0xC0, 0x63,
    0x01, 0x8C, 0x06, 0x30, 0x18, 0xC0, 0x63, 0x01, 0x8C, 0x06, 0x38, 0x38, 0xF1, 0xE1, 0xFD, 0x83,
    0xE6, 0x00, 0x0E, 0x60, 0x07, 0xF0, 0x06, 0x70, 0x00, 0x00, 0x60, 0x00, 0x30, 0x00, 0x1B, 0x00,
    0x3D, 0x80, 0x1E, 0xC0, 0x0C, 0x60, 0x06, 0x30, 0x03, 0x18, 0x01, 0x8C, 0x00, 0xC6, 0x00, 0x63,
    0x00, 0x31, 0x80, 0x18, 0xC0, 0x0C, 0x60, 0x06, 0x30, 0x03, 0x1C, 0x03, 0x86, 0x01, 0xC3, 0xC3,
    0xC0, 0xFF, 0xC0, 0x1F, 0x80, 0x18, 0x80, 0xFE, 0x03, 0xF1, 0x80, 0x06, 0x00, 0x1B, 0x01, 0xEC,
    0x07, 0xB0, 0x18, 0xC0, 0x63, 0x01, 0x8C, 0x06, 0x30, 0x18, 0xC0, 0x63, 0x01, 0x8C, 0x06, 0x38,
    0x38, 0xF1, 0xE1, 0xFD, 0x83, 0xE6, 0x00, 0x00, 0x03, 0x00, 0x01, 0x80, 0x00, 0xD8, 0x01, 0xEC,
    0x00, 0xF6, 0x00, 0x63, 0x00, 0x31, 0x80, 0x18, 0xC0, 0x0C, 0x60, 0x06, 0x30, 0x03, 0x18, 0x01,
    0x8C, 0x00, 0xC6, 0x00, 0x63, 0x00, 0x31, 0x80, 0x18, 0xE0, 0x1C, 0x30, 0x0E, 0x1E, 0x1E, 0x07,
    0xFE, 0x00, 0xFC, 0x00, 0x00, 0x00, 0x00, 0x00, 0x07, 0x00, 0x03, 0x80, 0x01, 0xC0, 0x00, 0x00,
    0x18, 0x00, 0x60, 0x01, 0xB0, 0x1E, 0xC0, 0x7B, 0x01, 0x8C, 0x06, 0x30, 0x18, 0xC0, 0x63, 0x01,
    0x8C, 0x06, 0x30, 0x18, 0xC0, 0x63, 0x83, 0x8F, 0x1E, 0x1F, 0xD8, 0x3E, 0x60, 0x00, 0x00, 0x00,
    0x03, 0x80, 0x0E, 0x00, 0x38, 0x00, 0x0E, 0x00, 0x07, 0x80, 0x01, 0xC0, 0x00, 0x70, 0x00, 0x18,
    0x00, 0x00, 0x03, 0xC0, 0x3C, 0xF0, 0x1C, 0x38, 0x1E, 0x1E, 0x0E, 0x07, 0x8F, 0x01, 0xC7, 0x00,
    0xF7, 0x00, 0x3F, 0x80, 0x1F, 0x80, 0x07, 0xC0, 0x01, 0xC0, 0x00, 0xE0, 0x00, 0x70, 0x00, 0x38,
    0x00, 0x1C, 0x00, 0x0E, 0x00, 0x07, 0x00, 0x03, 0x80, 0x18, 0x00, 0x70, 0x00, 0xE0, 0x01, 0xC0,
    0x03, 0x00, 0x00, 0x0F, 0x01, 0xDC, 0x0E, 0x70, 0x38, 0xE0, 0xE3, 0x87, 0x07, 0x1C, 0x1C, 0x70,
    0x73, 0x80, 0xEE, 0x03, 0xB0, 0x07, 0xC0, 0x1F, 0x00, 0x78, 0x00, 0xE0, 0x03, 0x00, 0x1C, 0x01,
    0xF0, 0x07, 0x80, 0x1C, 0x00, 0x70, 0x07, 0x38, 0x03, 0x0E, 0x03, 0x83, 0x03, 0x81, 0xC1, 0x80,
    0x71, 0xC0, 0x39, 0xC0, 0x0E, 0xC0, 0x03, 0xE0, 0x01, 0xE0, 0x00, 0x60, 0x00, 0x30, 0x00, 0x18,
    0x00, 0x0C, 0x00, 0x06, 0x00, 0x03, 0x00, 0x01, 0x80, 0x00, 0xC0, 0x00, 0x00, 0x00, 0x00, 0x00,
    0x1C, 0x00, 0x0E, 0x00, 0x07, 0x00, 0x60, 0x19, 0xC0, 0xE3, 0x03, 0x8C, 0x0C, 0x38, 0x70, 0x61,
    0x81, 0xC6, 0x07, 0x38, 0x0C, 0xC0, 0x3B, 0x00, 0x7C, 0x01, 0xE0, 0x07, 0x80, 0x0C, 0x00, 0x30,
    0x01, 0xC0, 0x0E, 0x70, 0xF9, 0xC3, 0xC7, 0x00, 0x03, 0x80, 0x03, 0xC0, 0x00, 0xC0, 0x01, 0x80,
    0x00, 0x00, 0x00, 0x00, 0xE0, 0x07, 0x70, 0x0E, 0x38, 0x0C, 0x38, 0x1C, 0x1C, 0x38, 0x0C, 0x38,
    0x0E, 0x70, 0x07, 0x60, 0x03, 0xE0, 0x03, 0xC0, 0x01, 0x80, 0x01, 0x80, 0x01, 0x80, 0x01, 0x80,
    0x01, 0x80, 0x01, 0x80, 0x01, 0x80, 0x01, 0x80, 0x07, 0x00, 0x1E, 0x00, 0x78, 0x00, 0xC0, 0x00,
    0x01, 0x80, 0x67, 0x03, 0x9C, 0x0E, 0x30, 0x30, 0xE1, 0xC1, 0x86, 0x06, 0x18, 0x1C, 0xE0, 0x33,
    0x00, 0xEC, 0x01, 0xF0, 0x07, 0x80, 0x1E, 0x00, 0x30, 0x00, 0xC0, 0x07, 0x00, 0x38, 0x03, 0xE0,
    0x0F, 0x00, 0x07, 0x30, 0x07, 0xE0, 0x0C, 0xE0, 0x00, 0x00, 0x00, 0x00, 0x00, 0x00, 0xE0, 0x07,
    0x70, 0x0E, 0x38, 0x0C, 0x38, 0x1C, 0x1C, 0x38, 0x0C, 0x38, 0x0E, 0x70, 0x07, 0x60, 0x03, 0xE0,
    0x03, 0xC0, 0x01, 0x80, 0x01, 0x80, 0x01, 0x80, 0x01, 0x80, 0x01, 0x80, 0x01, 0x80, 0x01, 0x80,
    0x01, 0x80, 0x0C, 0x40, 0xFE, 0x07, 0xE0, 0x00, 0x00, 0x00, 0x70, 0x1D, 0x80, 0xCE, 0x0E, 0x70,
    0x71, 0x83, 0x0E, 0x38, 0x31, 0x81, 0x8C, 0x0E, 0xE0, 0x36, 0x01, 0xB0, 0x0F, 0x80, 0x38, 0x01,
    0xC0, 0x0C, 0x00, 0x60, 0x07, 0x01, 0xF0, 0x0F, 0x00, 0xFF, 0xFF, 0xFF, 0xFF, 0xFF, 0xFF, 0xFF,
    0xFF, 0xFF, 0xFF, 0xF0, 0xFF, 0xFF, 0xFF, 0xFF, 0xF0, 0xFF, 0xFF, 0xFF, 0xFF, 0xFF, 0xFF, 0xE0,
    0xFF, 0xFF, 0xFF, 0xFF, 0xFF, 0xFF, 0xC0, 0xCF, 0x3C, 0xF3, 0xCF, 0x3C, 0xF3, 0xCF, 0x3C, 0xF3,
    0xCF, 0x3C, 0xF3, 0xCF, 0x3C, 0xF3, 0xCF, 0x3C, 0xF3, 0xCF, 0x3C, 0xF3, 0xCF, 0x3C, 0xC0, 0xFF,
    0xFF, 0xFC, 0x00, 0x7F, 0xFF, 0xFE, 0x37, 0x6E, 0xEE, 0xE0, 0x77, 0x77, 0x6C, 0xC0, 0x77, 0x77,
    0x6C, 0xC0, 0x73, 0x8C, 0x63, 0x18, 0x60, 0x31, 0xB9, 0xD8, 0xDC, 0xEE, 0x77, 0x3B, 0x9C, 0x73,
    0xB9, 0xDC, 0xEE, 0x76, 0x36, 0x33, 0x18, 0x73, 0xB9, 0xDC, 0xEE, 0x76, 0x36, 0x33, 0x18, 0x73,
    0x1C, 0xC3, 0x30, 0xCE, 0x31, 0x8C, 0x61, 0x98, 0x0E, 0x00, 0xE0, 0x0E, 0x00, 0xE0, 0xFF, 0xFF,
    0xFF, 0xFF, 0xF0, 0xE0, 0x0E, 0x00, 0xE0, 0x0E, 0x00, 0xE0, 0x0E, 0x00, 0xE0, 0x0E, 0x00, 0xE0,
    0x0E, 0x00, 0xE0, 0x0E, 0x00, 0xE0, 0x0E, 0x00, 0xE0, 0x0E, 0x00, 0x0E, 0x00, 0xE0, 0x0E, 0x00,
    0xE0, 0xFF, 0xFF, 0xFF, 0xFF, 0xF0, 0xE0, 0x0E, 0x00, 0xE0, 0x0E, 0x00, 0xE0, 0x0E, 0x00, 0xE0,
    0x0E, 0x0F, 0xFF, 0xFF, 0xFF, 0xFF, 0x0E, 0x00, 0xE0, 0x0E, 0x00, 0xE0, 0x0E, 0x00, 0x38, 0xFB,
    0xFF, 0xFF, 0xEF, 0x8E, 0x00, 0x01, 0x83, 0x87, 0xCF, 0xDF, 0x3C, 0x60, 0x00, 0xFF, 0x80, 0xE1,
    0xF8, 0x7E, 0x1C, 0x60, 0x60, 0x6F, 0x0F, 0x0F, 0xF0, 0xF0, 0xF6, 0x06, 0x06, 0xFF, 0x80, 0x3C,
    0x03, 0x80, 0x01, 0xF8, 0x1C, 0x00, 0x0F, 0xF0, 0xF0, 0x00, 0x39, 0xC3, 0x80, 0x00, 0xE7, 0x1C,
    0x00, 0x03, 0x9C, 0x70, 0x00, 0x0F, 0xF3, 0x80, 0x00, 0x1F, 0x9C, 0x00, 0x00, 0x18, 0x70, 0x00,
    0x00, 0x03, 0x9F, 0x07, 0xC0, 0x1C, 0xFE, 0x3F, 0x80, 0x77, 0xBD, 0xEF, 0x03, 0x9C, 0x77, 0x1C,
    0x1C, 0x71, 0xDC, 0x70, 0x71, 0xC7, 0x71, 0xC3, 0x87, 0xFD, 0xFF, 0x1C, 0x0F, 0xE3, 0xF8, 0x60,
    0x1F, 0x07, 0xC0, 0x3C, 0x03, 0x00, 0x00, 0x03, 0xF0, 0x18, 0x00, 0x00, 0x39, 0x81, 0x80, 0x00,
    0x01, 0x8C, 0x18, 0x00, 0x00, 0x0C, 0x60, 0x80, 0x00, 0x00, 0x73, 0x0C, 0x00, 0x00, 0x01, 0xF8,
    0xC0, 0x00, 0x00, 0x07, 0x84, 0x00, 0x00, 0x00, 0x00, 0x60, 0x00, 0x00, 0x00, 0x06, 0x1C, 0x0E,
    0x06, 0x00, 0x61, 0xF0, 0xF8, 0xFC, 0x03, 0x1D, 0xCE, 0xEE, 0x70, 0x30, 0xC6, 0x63, 0x61, 0x83,
    0x06, 0x33, 0x1B, 0x0C, 0x18, 0x31, 0x98, 0xD8, 0x61, 0x81, 0xDC, 0xEE, 0xE7, 0x18, 0x0F, 0xC7,
    0xE3, 0xF0, 0xC0, 0x3C, 0x1E, 0x0F, 0x00, 0x66, 0x6E, 0xCC, 0xC0, 0x63, 0xB1, 0xD8, 0xDC, 0x6C,
    0x36, 0x1B, 0x0C, 0x63, 0x8C, 0xC7, 0x19, 0x8C, 0x37, 0x18, 0xEC, 0x31, 0x98, 0x63, 0x30, 0xC6,
    0x00, 0xEE, 0x66, 0x66, 0x20, 0xE3, 0x71, 0x98, 0xEC, 0x76, 0x1B, 0x0C, 0x86, 0xE3, 0x1D, 0xC6,
    0x39, 0x8E, 0x33, 0x1C, 0x66, 0x18, 0xCC, 0x31, 0x88, 0x61, 0x00, 0x08, 0x07, 0x03, 0xE0, 0xDC,
    0x63, 0x38, 0x60, 0x00, 0x11, 0xCF, 0x7B, 0xCE, 0x38, 0xF1, 0xE1, 0xC3, 0x00, 0x02, 0x0C, 0x38,
    0xF0, 0xE1, 0xC7, 0x7B, 0xCE, 0x30, 0x80, 0x03, 0x00, 0x1C, 0x83, 0x77, 0x0E, 0x3C, 0x1D, 0xE0,
    0x3F, 0x0E, 0xFB, 0xB9, 0xEE, 0xEF, 0xD8, 0x77, 0x83, 0x8E, 0x1C, 0xDC, 0x27, 0x20, 0x1C, 0x00,
    0x60, 0xD8, 0x36, 0x0D, 0x83, 0x60, 0xD8, 0x36, 0x0D, 0x83, 0x60, 0xD8, 0x36, 0x0D, 0x83, 0x00,
    0x00, 0x00, 0x03, 0x87, 0xE1, 0xF8, 0x70, 0x3F, 0x0F, 0xF3, 0x87, 0x60, 0x60, 0xCC, 0x19, 0x83,
    0x70, 0x7C, 0x0F, 0x01, 0xC0, 0x30, 0x06, 0x00, 0x00, 0x00, 0x00, 0x00, 0xE0, 0x1C, 0x03, 0x80,
    0xFF, 0xFF, 0xFC, 0x00, 0x00, 0x06, 0x00, 0x06, 0x7C, 0x03, 0xE1, 0xFF, 0xFC, 0x07, 0xFE, 0x00,
    0x00, 0xF0, 0x00, 0xFF, 0xF0, 0x1F, 0xFF, 0xC7, 0x80, 0x1E, 0x20, 0x00, 0x20, 0x00, 0x00, 0x60,
    0x18, 0x0C, 0x07, 0x01, 0x80, 0xC0, 0x30, 0x18, 0x0F, 0x03, 0xE1, 0x98, 0xE3, 0x30, 0xC0, 0x00,
    0x00, 0x80, 0x02, 0xA0, 0x03, 0xE0, 0x07, 0xF0, 0x01, 0xC0, 0x03, 0xE0, 0x00, 0x80, 0x00, 0x00,
    0x08, 0x08, 0x3E, 0x3E, 0x1C, 0x3C, 0x7F, 0x7F, 0x3E, 0x3E, 0x2A, 0x2E, 0x08, 0x08, 0xFF, 0xFC,
    0x00, 0x0F, 0x00, 0x0E, 0x00, 0x1C, 0x00, 0x3C, 0x00, 0x38, 0x00, 0x70, 0x00, 0xF0, 0x00, 0xE0,
    0x01, 0xC0, 0x03, 0xC0, 0x03, 0x80, 0x07, 0x00, 0x0F, 0x00, 0x0E, 0x00, 0x1C, 0x00, 0x3C, 0x00,
    0x38, 0x00, 0x70, 0x00, 0xFF, 0xF1, 0x8C, 0x63, 0x18, 0xC6, 0x3F, 0xFC, 0x63, 0x18, 0xC6, 0x31,
    0x8C, 0x7F, 0xE0, 0xFB, 0xE1, 0x86, 0x18, 0x61, 0x86, 0x18, 0x6F, 0xBE, 0x18, 0x61, 0x86, 0x18,
    0x61, 0x86, 0x1B, 0xEF, 0x80, 0x1F, 0x01, 0xF8, 0x7F, 0x83, 0xFC, 0xF1, 0xC7, 0x8E, 0xE0, 0xC7,
    0x06, 0xC0, 0xC6, 0x06, 0x00, 0xC0, 0x06, 0x01, 0xC0, 0x0E, 0x03, 0xC0, 0x1C, 0x07, 0x80, 0x78,
    0x0E, 0x00, 0x70, 0x0E, 0x00, 0xE0, 0x0C, 0x00, 0xC0, 0x0C, 0x00, 0xC0, 0x00, 0x00, 0x00, 0x00,
    0x00, 0x00, 0x1C, 0x00, 0xE0, 0x1C, 0x00, 0xE0, 0x1C, 0x00, 0xE0, 0x1F, 0x03, 0x3F, 0xC1, 0xBC,
    0x70, 0xDC, 0x18, 0x6C, 0x0C, 0x30, 0x06, 0x18, 0x07, 0x0C, 0x07, 0x06, 0x07, 0x03, 0x07, 0x01,
    0x83, 0x00, 0xC1, 0x80, 0x60, 0x00, 0x00, 0x00, 0x00, 0x00, 0x00, 0x38, 0x07, 0x1C, 0x03, 0x8E,
    0x01, 0xC0, 0x60, 0x7C, 0x30, 0x7F, 0x98, 0x71, 0xEC, 0x70, 0x76, 0x18, 0x1B, 0x00, 0x0D, 0x80,
    0x0E, 0xC0, 0x0E, 0x60, 0x1E, 0x30, 0x1C, 0x18, 0x0E, 0x0C, 0x06, 0x00, 0x00, 0x00, 0x00, 0x00,
    0x00, 0x01, 0xC0, 0x70, 0xE0, 0x38, 0x70, 0x1C, 0x00, 0xFF, 0xFF, 0xC0, 0xE0, 0x60, 0x30, 0x18,
    0x0C, 0x06, 0x03, 0x01, 0x80, 0xC0, 0x60, 0x70, 0x38, 0x18, 0x0C, 0x06, 0x03, 0x01, 0x80, 0xFF,
    0x1F, 0xF3, 0x3F, 0x67, 0xFC, 0xFF, 0x9F, 0xF3, 0xFE, 0x7F, 0xCF, 0xD9, 0xFB, 0x3E, 0x60, 0x0C,
    0x01, 0x80, 0x30, 0x06, 0x00, 0xC0, 0x18, 0x00, 0x1F, 0xEF, 0xFD, 0xF9, 0xFF, 0x3F, 0xE7, 0xFC,
    0xFF, 0x9F, 0xF3, 0x7E, 0x6F, 0xFC, 0x7F, 0x80, 0xFF, 0x1F, 0xFB, 0x3F, 0x67, 0xFC, 0xFF, 0x9F,
    0xF3, 0xFE, 0x7F, 0xCF, 0xDF, 0xFB, 0xFC, 0x00, 0x06, 0x00, 0x60, 0x66, 0x67, 0xFE, 0x1F, 0x81,
    0xF8, 0x7F, 0xE6, 0x66, 0x06, 0x00, 0x60, 0xEE, 0xE0, 0x00, 0x00, 0x00, 0xE6, 0x66, 0x63, 0x30,
    0x00, 0xF0, 0x00, 0xFF, 0xF0, 0x3F, 0xFF, 0xC7, 0x00, 0x0E, 0x00, 0x00, 0x00, 0x00, 0x00, 0x00,
    0x00, 0x00, 0x00, 0x00, 0x00, 0x00, 0x00, 0x00, 0x00, 0x00, 0x00, 0x00, 0x00, 0x00, 0x00, 0x00,
    0x00, 0x00, 0x00, 0x00, 0x00, 0x00, 0x00, 0x00, 0x00, 0x00, 0x00, 0x00, 0x00, 0x00, 0x00, 0x00,
    0x00, 0x00, 0x00, 0x00, 0x06, 0x00, 0x06, 0x7C, 0x03, 0xE1, 0xFF, 0xF8, 0x07, 0xFE, 0x00, 0x06,
    0x00, 0x60, 0x66, 0x67, 0xFE, 0x1F, 0x81, 0xF8, 0x7F, 0xE6, 0x66, 0x06, 0x00, 0x60, 0x00, 0x00,
    0x00, 0x00, 0x00, 0x60, 0x06, 0x06, 0x66, 0x7F, 0xE1, 0xF8, 0x1F, 0x87, 0xFE, 0x66, 0x60, 0x60,
    0x06, 0x00, 0x00, 0x06, 0x00, 0x0E, 0x60, 0x1C, 0xF0, 0x18, 0xF0, 0x30, 0x60, 0x70, 0x00, 0x60,
    0x00, 0xC0, 0x01, 0xC0, 0x03, 0x80, 0x03, 0x00, 0x06, 0x06, 0x0E, 0x0F, 0x0C, 0x0F, 0x18, 0x06,
    0x38, 0x00, 0x70, 0x00, 0x60, 0x00, 0x3E, 0x00, 0x7F, 0x00, 0x63, 0xC6, 0x00, 0xFE, 0x00, 0x7C,
    0x07, 0xFE, 0x01, 0xFF, 0xFC, 0x7C, 0x03, 0xE6, 0x00, 0x06, 0x00, 0x00, 0x00, 0x06, 0x06, 0xD8,
    0xFF, 0x0F, 0xCF, 0xFF, 0xFF, 0xC7, 0xC1, 0xFC, 0x37, 0xC0, 0xC0, 0x18, 0x00, 0x63, 0x8C, 0x76,
    0x38, 0xC7, 0x63, 0x0C, 0x6E, 0x31, 0xC6, 0xC3, 0x18, 0x6C, 0x31, 0x86, 0xC3, 0x18, 0x60, 0x3E,
    0x1F, 0xCE, 0x3B, 0x06, 0xC1, 0xB0, 0x6C, 0x1B, 0x8E, 0x7F, 0x0F, 0x80, 0x18, 0x6D, 0xB6, 0xDB,
    0x00, 0x0F, 0x07, 0x87, 0xC7, 0xE7, 0x73, 0x3B, 0xFF, 0xFF, 0x07, 0x03, 0x80, 0x7F, 0x9F, 0xC6,
    0x01, 0xFC, 0x7F, 0x80, 0x60, 0x1B, 0x86, 0x7F, 0x0F, 0x80, 0x3E, 0x3F, 0xB8, 0x79, 0xCF, 0xF7,
    0x1F, 0x87, 0xC7, 0x7F, 0x1F, 0x00, 0xFF, 0xFF, 0x07, 0x06, 0x0C, 0x1C, 0x18, 0x38, 0x30, 0x60,
    0x3E, 0x7F, 0xF0, 0x7C, 0x77, 0xF3, 0xFB, 0x07, 0x83, 0xFF, 0x9F, 0x00, 0x3E, 0x3F, 0xB8, 0xF8,
    0x7E, 0x3B, 0xFC, 0xE7, 0xC7, 0x7F, 0x1F, 0x00, 0x18, 0x18, 0xFE, 0xFF, 0x18, 0x18, 0x18, 0xFF,
    0xFC, 0xFF, 0xFC, 0x07, 0xFF, 0xE0, 0x36, 0x6E, 0xCC, 0xCC, 0xCE, 0x66, 0x30, 0xC3, 0x18, 0xE3,
    0x18, 0xC6, 0x33, 0x9C, 0xCC, 0x00, 0xDE, 0xFF, 0xC3, 0xC3, 0xC3, 0xC3, 0xC3, 0xC3, 0x3E, 0x1F,
    0xCE, 0x3B, 0x06, 0xC1, 0xB0, 0x6C, 0x1B, 0x8E, 0x7F, 0x0F, 0x80, 0x3D, 0xFF, 0xF7, 0x1C, 0x71,
    0xC7, 0x1C, 0x70, 0x3E, 0x7F, 0xF7, 0x47, 0x07, 0x1E, 0x3C, 0x78, 0xFF, 0xFF, 0x3E, 0x3F, 0x9D,
    0xE0, 0x71, 0xF0, 0x78, 0x0E, 0xE7, 0x7F, 0x9F, 0x80, 0x0F, 0x07, 0x87, 0xC7, 0xE7, 0x73, 0x3B,
    0xFF, 0xFF, 0x07, 0x03, 0x80, 0x7F, 0x9F, 0xC6, 0x01, 0xB8, 0x7F, 0x08, 0xE0, 0x19, 0x86, 0x7F,
    0x8F, 0x80, 0x3E, 0x3F, 0xB8, 0x79, 0xCF, 0xF7, 0x1F, 0x87, 0xC7, 0x7F, 0x1F, 0x00, 0xFF, 0xFF,
    0x07, 0x06, 0x0C, 0x1C, 0x18, 0x38, 0x30, 0x60, 0x3E, 0x7F, 0xF0, 0x7C, 0x77, 0xF3, 0xFB, 0x07,
    0x83, 0xFF, 0x9F, 0x00, 0x3E, 0x3F, 0xB8, 0xF8, 0x7E, 0x3B, 0xFC, 0xE7, 0xC7, 0x7F, 0x1F, 0x00,
    0x18, 0x18, 0xFE, 0xFF, 0x18, 0x18, 0x18, 0xFF, 0xFC, 0xFF, 0xFC, 0x07, 0xFF, 0xE0, 0x36, 0x6E,
    0xCC, 0xCC, 0xCE, 0x66, 0x30, 0xC3, 0x18, 0xE3, 0x18, 0xC6, 0x33, 0x98, 0xCC, 0x00, 0x3E, 0x7F,
    0x03, 0x3F, 0xFB, 0xC3, 0xFF, 0x7B, 0x3C, 0x3F, 0x38, 0xDF, 0xEF, 0xF7, 0x01, 0xFC, 0x7C, 0x3E,
    0x3F, 0xB8, 0xF8, 0x3C, 0x1F, 0x1D, 0xFC, 0x7C, 0x63, 0x9C, 0xC3, 0x70, 0x78, 0x1E, 0x0F, 0x87,
    0x31, 0x8E, 0x7E, 0x7F, 0x90, 0xE0, 0x3F, 0xFF, 0xFF, 0x07, 0xC7, 0x7F, 0x1F, 0x00, 0xC0, 0xC0,
    0xDE, 0xFF, 0xC3, 0xC3, 0xC3, 0xC3, 0xC3, 0xC3, 0xC0, 0x60, 0x31, 0xD9, 0xCF, 0xC7, 0xC3, 0xF1,
    0xD8, 0xCE, 0x63, 0x80, 0xDB, 0x6D, 0xB6, 0xD8, 0xDC, 0xE7, 0xFF, 0xB1, 0x8D, 0x8C, 0x6C, 0x63,
    0x63, 0x1B, 0x18, 0xD8, 0xC6, 0xDE, 0xFF, 0xC3, 0xC3, 0xC3, 0xC3, 0xC3, 0xC3, 0xDE, 0x7F, 0xB8,
    0xD8, 0x6C, 0x37, 0x1B, 0xFD, 0xBC, 0xC0, 0x60, 0x30, 0x00, 0x3E, 0x3F, 0x98, 0x0F, 0x81, 0xF3,
    0x19, 0xFC, 0x7C, 0x30, 0x61, 0xF3, 0xE3, 0x06, 0x0C, 0x18, 0x3C, 0x38, 0x0E, 0x00, 0x7F, 0x01,
    0xFF, 0x07, 0x0E, 0x0E, 0x0C, 0x18, 0x00, 0x31, 0xFF, 0xE3, 0xFF, 0xC6, 0x01, 0xCC, 0x01, 0xD8,
    0x03, 0xFF, 0xE1, 0xFF, 0xC0, 0xC0, 0x01, 0x80, 0x03, 0x00, 0x06, 0x00, 0x0F, 0xFC, 0x1F, 0xF8,
    0x00, 0x4C, 0x00, 0x48, 0x00, 0xD8, 0x07, 0xF8, 0x1F, 0xF8, 0x3D, 0xBC, 0x71, 0x3E, 0x61, 0x26,
    0xE3, 0x20, 0xE3, 0x60, 0xC2, 0x40, 0xC2, 0x40, 0xC6, 0xC0, 0xC4, 0xC0, 0xE4, 0x80, 0xEC, 0x86,
    0x79, 0x8E, 0x79, 0x1E, 0x3F, 0x3C, 0x1F, 0xF8, 0x17, 0xE0, 0x12, 0x00, 0x36, 0x00, 0x07, 0xE0,
    0x1F, 0xF8, 0x3C, 0x3C, 0x70, 0x0E, 0x70, 0x06, 0xE0, 0x00, 0xE0, 0x00, 0xC1, 0x9C, 0xC1, 0xFC,
    0xC1, 0xE0, 0xC1, 0xC0, 0xE1, 0x80, 0xE1, 0x86, 0x61, 0x8E, 0x71, 0x8E, 0x3F, 0xBC, 0x1F, 0xF8,
    0x07, 0xE0, 0x1F, 0xFC, 0x7F, 0xF1, 0x80, 0x06, 0x00, 0x18, 0x00, 0x60, 0x01, 0x80, 0x06, 0x00,
    0x1F, 0xF8, 0x7F, 0xE1, 0x80, 0x06, 0x00, 0x18, 0x03, 0xFC, 0x0F, 0xF0, 0x06, 0x00, 0x18, 0x00,
    0x60, 0x00, 0x07, 0xC0, 0xFF, 0x87, 0x1E, 0x70, 0x73, 0x00, 0x18, 0x03, 0xFF, 0x1F, 0xF8, 0x30,
    0x01, 0x80, 0x3F, 0xF1, 0xFF, 0x83, 0x00, 0x18, 0x00, 0xC0, 0x6E, 0x07, 0xFF, 0xFF, 0xFF, 0x80,
    0x00, 0x30, 0x00, 0x1C, 0x0C, 0xF7, 0xF3, 0x7F, 0xFE, 0xF1, 0xE3, 0xB8, 0x70, 0x7C, 0x1C, 0x1F,
    0x07, 0x07, 0xC1, 0xC1, 0xF0, 0xF0, 0x7C, 0x3C, 0x1F, 0x0F, 0x07, 0xC7, 0xC1, 0xF1, 0xB0, 0x7C,
    0xEC, 0x1F, 0x33, 0x07, 0x0C, 0x00, 0x02, 0x00, 0x00, 0x38, 0x03, 0x07, 0x80, 0x60, 0xF0, 0x0C,
    0x1F, 0x01, 0x83, 0x70, 0x30, 0x66, 0x06, 0x3F, 0xFF, 0xFF, 0xFF, 0xFF, 0x31, 0xC3, 0x06, 0x1C,
    0x63, 0xFF, 0xFF, 0xFF, 0xFF, 0xF3, 0x03, 0xB0, 0x60, 0x36, 0x0C, 0x07, 0xC1, 0x80, 0x78, 0x30,
    0x0F, 0x06, 0x00, 0xE0, 0xFF, 0x80, 0x03, 0xFF, 0x83, 0x0C, 0x0F, 0x0C, 0x30, 0x1C, 0x30, 0xC0,
    0x33, 0xFB, 0x00, 0xCF, 0xEC, 0x03, 0x0C, 0x30, 0x1C, 0x30, 0xC0, 0xF0, 0xC3, 0xFF, 0x83, 0x0F,
    0xF8, 0x0C, 0x30, 0x00, 0x30, 0xC0, 0x00, 0xC3, 0x00, 0x03, 0x0C, 0x00, 0x0C, 0x30, 0x00, 0x38,
    0xC0, 0x00, 0xFB, 0x00, 0x01, 0xE0, 0xFF, 0x80, 0x00, 0x7F, 0xF0, 0x00, 0x30, 0x3C, 0x00, 0x18,
    0x06, 0x00, 0x0C, 0x03, 0x0F, 0xC6, 0x01, 0x8F, 0xF3, 0x00, 0xCE, 0x1D, 0x81, 0xE6, 0x00, 0xFF,
    0xE3, 0x00, 0x7F, 0xC1, 0xE0, 0x30, 0x60, 0x7F, 0x18, 0x38, 0x0F, 0xCC, 0x0C, 0x00, 0x76, 0x07,
    0x00, 0x1B, 0x01, 0x8C, 0x0D, 0x80, 0xE7, 0x0E, 0xC0, 0x71, 0xFE, 0x60, 0x1C, 0x7E, 0x00, 0x60,
    0x18, 0x06, 0x70, 0x3C, 0x0E, 0x70, 0x3C, 0x0E, 0x30, 0x3C, 0x0C, 0x30, 0x7E, 0x0C, 0x38, 0x7E,
    0x1C, 0x7F, 0xFF, 0xFE, 0x7F, 0xFF, 0xFE, 0x18, 0xE7, 0x18, 0x1C, 0xC3, 0x38, 0x7F, 0xFF, 0xFE,
    0x7F, 0xFF, 0xFE, 0x0D, 0xC3, 0xB0, 0x0F, 0x81, 0xF0, 0x07, 0x81, 0xE0, 0x07, 0x81, 0xE0, 0x07,
    0x81, 0xE0, 0x07, 0x00, 0xE0, 0xFF, 0x83, 0xFF, 0xE3, 0xC0, 0xE3, 0xC0, 0x63, 0xC6, 0x63, 0xC6,
    0x63, 0xC6, 0x63, 0xC6, 0x63, 0xC6, 0x63, 0xC6, 0x63, 0xC6, 0x03, 0xC6, 0x07, 0xC7, 0xFE, 0xC7,
    0xFC, 0x00, 0x30, 0x0F, 0xF0, 0x3F, 0xC0, 0x0C, 0x1F, 0x30, 0xFF, 0xC7, 0x0F, 0x18, 0x1C, 0xE0,
    0x73, 0x00, 0xCC, 0x03, 0x30, 0x0C, 0xC0, 0x33, 0x81, 0xC6, 0x07, 0x1C, 0x3C, 0x3F, 0xB0, 0x7C,
    0xC0, 0x00, 0x00, 0x00, 0x00, 0x01, 0xFF, 0xC7, 0xFF, 0x00, 0x03, 0xF0, 0x0F, 0xFC, 0x1F, 0xFE,
    0x1C, 0x1E, 0x3C, 0x0E, 0xFF, 0xC6, 0xFF, 0xC0, 0xFF, 0xC0, 0x38, 0x00, 0xFF, 0xC0, 0xFF, 0xC0,
    0xFF, 0xC0, 0x38, 0x0E, 0x1C, 0x0E, 0x1E, 0x1E, 0x0F, 0xFE, 0x0F, 0xFC, 0x03, 0xF0, 0x18, 0x07,
    0x0C, 0x07, 0x06, 0x07, 0x03, 0x07, 0x01, 0x87, 0x00, 0xC7, 0x00, 0x67, 0x01, 0xFF, 0xFF, 0xFF,
    0xFF, 0x8F, 0xE0, 0x07, 0xB8, 0x03, 0x8E, 0x01, 0x83, 0x80, 0xC1, 0xC0, 0x60, 0x70, 0x30, 0x1C,
    0x18, 0x06, 0x0C, 0x03, 0x80, 0xFF, 0xFF, 0xFF, 0xF0, 0x30, 0x00, 0xC0, 0x03, 0x00, 0x0D, 0x80,
    0x3E, 0x03, 0xF0, 0x1F, 0x00, 0xCD, 0x80, 0x3E, 0x03, 0xE0, 0x3F, 0x00, 0x4C, 0x00, 0x30, 0x00,
    0xC0, 0x03, 0x00, 0x0C, 0x00, 0x06, 0x00, 0x00, 0x00, 0x03, 0x00, 0x00, 0x00, 0x01, 0x80, 0x00,
    0x00, 0x01, 0xFF, 0x00, 0x00, 0x03, 0xFF, 0xE0, 0x00, 0x01, 0xB0, 0x78, 0x00, 0x00, 0x18, 0x0E,
    0x00, 0x00, 0x0C, 0x03, 0x03, 0xF0, 0x06, 0x01, 0xC3, 0xFC, 0x03, 0x00, 0xE3, 0x87, 0x01, 0x80,
    0x31, 0x81, 0xC0, 0xC0, 0x19, 0xC0, 0xE0, 0x60, 0x0C, 0xC0, 0x30, 0x30, 0x06, 0x60, 0x19, 0xF8,
    0x03, 0x30, 0x0D, 0xFC, 0x03, 0x98, 0x06, 0xE7, 0x01, 0xCE, 0x07, 0x63, 0xC1, 0xC7, 0x03, 0xBB,
    0xF1, 0xE3, 0xC3, 0x9F, 0x9F, 0xE1, 0xFF, 0x87, 0x87, 0xC0, 0xCF, 0x80, 0x00, 0x00, 0x60, 0x00,
    0x00, 0x00, 0x30, 0x00, 0x00, 0x00, 0x18, 0x00, 0x00, 0x00, 0x0C, 0x00, 0x00, 0x00, 0x06, 0x00,
    0x00, 0x3F, 0xE0, 0x3F, 0xF0, 0x30, 0x38, 0xFF, 0xFF, 0xFF, 0xFF, 0x30, 0x0C, 0x30, 0x0C, 0xFF,
    0xFF, 0xFF, 0xFF, 0x30, 0x1C, 0x30, 0x38, 0x3F, 0xF0, 0x3F, 0xE0, 0x30, 0x00, 0x30, 0x00, 0x30,
    0x00, 0x30, 0x00, 0x30, 0x00, 0x00, 0x80, 0x00, 0x80, 0x00, 0x80, 0x00, 0x80, 0x07, 0xE0, 0x1F,
    0xF8, 0x3C, 0xBC, 0x70, 0x9C, 0x60, 0x8E, 0xE0, 0x86, 0xE0, 0x80, 0xC0, 0x80, 0xC0, 0x80, 0xC0,
    0xFE, 0xC0, 0xFE, 0xE0, 0x86, 0xE0, 0x86, 0x60, 0x8E, 0x70, 0x8C, 0x3C, 0xBC, 0x1F, 0xF8, 0x07,
    0xE0, 0x00, 0x80, 0x00, 0x80, 0x00, 0x80, 0x01, 0xC0, 0x00, 0xF0, 0x00, 0xF8, 0x00, 0x6C, 0x00,
    0x77, 0x00, 0x31, 0x80, 0x18, 0xC0, 0xFF, 0xFE, 0x7F, 0xFF, 0x06, 0x0E, 0x07, 0x07, 0x0F, 0xFF,
    0xE7, 0xFF, 0xF1, 0xC0, 0x70, 0xC0, 0x18, 0xE0, 0x0E, 0x70, 0x07, 0x30, 0x01, 0x80, 0x1F, 0x81,
    0xFE, 0x0F, 0xF8, 0x61, 0xC0, 0x0E, 0x7F, 0xFF, 0xFF, 0xFF, 0xFF, 0x00, 0x07, 0xFF, 0xFF, 0xFF,
    0xFF, 0xF7, 0x00, 0x38, 0x01, 0xC3, 0x8F, 0xFC, 0x3F, 0xC0, 0xFC, 0x00, 0x00, 0x80, 0x00, 0x80,
    0x00, 0x80, 0x00, 0x80, 0x07, 0xE0, 0x1F, 0xF8, 0x3C, 0xBC, 0x70, 0x8E, 0x70, 0x87, 0xE0, 0x87,
    0xE0, 0x80, 0xC0, 0x80, 0xC0, 0x80, 0xC0, 0x80, 0xC0, 0x80, 0xE0, 0x80, 0xE0, 0x87, 0x70, 0x87,
    0x70, 0x8E, 0x3C, 0xBC, 0x1F, 0xF8, 0x07, 0xF0, 0x00, 0x80, 0x00, 0x80, 0x00, 0x80, 0xFF, 0xFF,
    0xFF, 0xFF, 0xFF, 0xF8, 0x00, 0x0F, 0xFF, 0xFF, 0xFF, 0xFF, 0xFF, 0x81, 0xC0, 0x03, 0x80, 0x07,
    0x00, 0x0E, 0x00, 0x1C, 0x00, 0x38, 0x00, 0x70, 0x00, 0xE0, 0x01, 0xC0, 0x03, 0x80, 0x07, 0x00,
    0x00, 0x03, 0xFF, 0xDF, 0xFC, 0x07, 0x80, 0x1C, 0x3F, 0xFD, 0xFF, 0xE0, 0x1C, 0x01, 0xC3, 0xFE,
    0x1F, 0xE0, 0xF8, 0x03, 0x80, 0x0E, 0x00, 0x38, 0x01, 0xE0, 0x07, 0x00, 0x1C, 0x00, 0x70, 0x18,
    0x00, 0xC0, 0x06, 0xE0, 0x3F, 0x03, 0xE0, 0x7C, 0x03, 0xEE, 0x03, 0xF0, 0x3E, 0x07, 0xC0, 0x3E,
    0x0E, 0x30, 0x61, 0x83, 0x0C, 0x38, 0x61, 0xC3, 0x3C, 0x1F, 0xC0, 0xF8, 0x00, 0x00, 0x03, 0x00,
    0x06, 0x00, 0x0C, 0x00, 0x7E, 0x01, 0xFF, 0x07, 0xFE, 0x1C, 0xCE, 0x31, 0x8E, 0xE3, 0x1D, 0xC6,
    0x1B, 0x0C, 0x36, 0x18, 0x6C, 0x30, 0xD8, 0x61, 0x80, 0x3F, 0xF0, 0x7F, 0xF0, 0xFF, 0xF1, 0xC0,
    0xF3, 0x80, 0xE7, 0x01, 0xCE, 0x03, 0x9C, 0x0F, 0x38, 0x3D, 0xFF, 0xFB, 0xFF, 0xC7, 0xFC, 0x03,
    0x80, 0x1F, 0xFC, 0x3F, 0xF8, 0x7F, 0xF0, 0x38, 0x00, 0x70, 0x00, 0x0C, 0xC0, 0x19, 0x80, 0x3F,
    0x81, 0xFF, 0x87, 0xCF, 0x8F, 0x9F, 0x3B, 0x37, 0x76, 0x66, 0xCC, 0xCD, 0x99, 0x9B, 0x00, 0x06,
    0x00, 0x0E, 0x00, 0x0C, 0x00, 0x1C, 0x00, 0x1E, 0x00, 0xFF, 0xFD, 0xFF, 0xF8, 0x11, 0x00, 0x88,
    0x04, 0x41, 0xFF, 0x0F, 0xFE, 0x60, 0x7B, 0x01, 0xD8, 0x06, 0xC0, 0x36, 0x03, 0xB0, 0x39, 0xFF,
    0x8F, 0xFE, 0x60, 0x3B, 0x00, 0xF8, 0x03, 0xC0, 0x1E, 0x01, 0xF0, 0x1F, 0xFF, 0xEF, 0xFC, 0x08,
    0x80, 0x44, 0x02, 0x20, 0x01, 0xE0, 0x00, 0xF0, 0x00, 0x78, 0x00, 0x3C, 0x00, 0x1E, 0x00, 0x0F,
    0x00, 0x07, 0xFF, 0xFF, 0xFF, 0xFF, 0x7F, 0xFF, 0xCF, 0x00, 0x01, 0xE0, 0x00, 0x3C, 0x00, 0x07,
    0x80, 0x00, 0xF0, 0x00, 0x1E, 0x00, 0x03, 0x80, 0x00, 0x80, 0x01, 0xC0, 0x03, 0xE0, 0x07, 0xF0,
    0x0F, 0xF8, 0x1F, 0xFC, 0x3D, 0xDE, 0x79, 0xCF, 0x71, 0xC7, 0x61, 0xC3, 0x41, 0xC1, 0x01, 0xC0,
    0x01, 0xC0, 0x01, 0xC0, 0x01, 0xC0, 0x01, 0xC0, 0x01, 0xC0, 0x01, 0xC0, 0x01, 0xE0, 0x00, 0x3C,
    0x00, 0x07, 0x80, 0x00, 0xF0, 0x00, 0x1E, 0x00, 0x03, 0xCF, 0xFF, 0xFB, 0xFF, 0xFF, 0xFF, 0xFF,
    0x80, 0x03, 0xC0, 0x01, 0xE0, 0x00, 0xF0, 0x00, 0x78, 0x00, 0x3C, 0x00, 0x1E, 0x00, 0x07, 0x00,
    0x01, 0xC0, 0x01, 0xC0, 0x01, 0xC0, 0x01, 0xC0, 0x01, 0xC0, 0x01, 0xC0, 0x01, 0xC0, 0x01, 0xC0,
    0x41, 0xC3, 0x61, 0xC7, 0x71, 0xCF, 0x79, 0xDE, 0x3D, 0xFC, 0x0F, 0xF8, 0x07, 0xF0, 0x03, 0xE0,
    0x01, 0xC0, 0x00, 0x80, 0x00, 0x00, 0x00, 0x00, 0x00, 0x00, 0x02, 0x00, 0x30, 0x00, 0x1C, 0x00,
    0xE0, 0x00, 0xE0, 0x01, 0xC0, 0x07, 0x00, 0x03, 0x80, 0x38, 0x00, 0x07, 0x01, 0xC0, 0x00, 0x0E,
    0x0E, 0x00, 0x00, 0x1C, 0x7F, 0xFF, 0xFF, 0xF9, 0xFF, 0xFF, 0xFF, 0xE3, 0x80, 0x00, 0x07, 0x07,
    0x00, 0x00, 0x38, 0x0E, 0x00, 0x01, 0xC0, 0x1C, 0x00, 0x0E, 0x00, 0x38, 0x00, 0x70, 0x00, 0x70,
    0x03, 0x80, 0x00, 0x80, 0x0C, 0x00, 0x00, 0x00, 0x00, 0x00, 0x00, 0x00, 0x01, 0x80, 0x03, 0xC0,
    0x07, 0xE0, 0x0F, 0xF0, 0x1D, 0xB8, 0x39, 0x9C, 0x71, 0x8E, 0xE1, 0x87, 0x41, 0x82, 0x01, 0x80,
    0x01, 0x80, 0x01, 0x80, 0x01, 0x80, 0x01, 0x80, 0x01, 0x80, 0x01, 0x80, 0x01, 0x80, 0x01, 0x80,
    0x01, 0x80, 0x41, 0x82, 0xE1, 0x87, 0x71, 0x8E, 0x39, 0x9C, 0x1D, 0xB8, 0x0F, 0xF0, 0x07, 0xE0,
    0x03, 0xC0, 0x01, 0x80, 0x00, 0x00, 0xFF, 0xE1, 0xFF, 0xE3, 0xFF, 0xE7, 0xE0, 0x0F, 0xE0, 0x1F,
    0xE0, 0x3B, 0xE0, 0x73, 0xE0, 0xE3, 0xE1, 0xC3, 0xE3, 0x83, 0xE3, 0x03, 0xE2, 0x03, 0xE0, 0x03,
    0xC0, 0x03, 0x00, 0x0F, 0xFE, 0x3F, 0xFC, 0xFF, 0xF8, 0x01, 0xF0, 0x07, 0xE0, 0x1D, 0xC0, 0x73,
    0x81, 0xC7, 0x07, 0x0E, 0x1C, 0x1C, 0x70, 0x39, 0xC0, 0x67, 0x00, 0x9C, 0x00, 0x10, 0x00, 0x00,
    0x00, 0x00, 0xC0, 0x03, 0xC0, 0x03, 0xC0, 0x43, 0xC0, 0xC3, 0xC1, 0xC3, 0xC3, 0x83, 0xC7, 0x03,
    0xCE, 0x03, 0xDC, 0x03, 0xF8, 0x03, 0xF0, 0x03, 0xE7, 0xFF, 0xC7, 0xFF, 0x87, 0xFF, 0x00, 0x00,
    0x00, 0x18, 0x00, 0x79, 0x01, 0xE6, 0x07, 0x9C, 0x1E, 0x38, 0x78, 0x71, 0xE0, 0xE7, 0x81, 0xDE,
    0x03, 0xF8, 0x07, 0xE0, 0x0F, 0x80, 0x1F, 0xFF, 0x3F, 0xFC, 0x7F, 0xF0, 0x00, 0x00, 0x78, 0x00,
    0x00, 0x3E, 0x00, 0x00, 0x03, 0x80, 0x10, 0x00, 0xE0, 0x18, 0x00, 0x30, 0x1C, 0x00, 0x18, 0x1C,
    0x00, 0x0C, 0x1C, 0x00, 0x06, 0x1C, 0x00, 0x07, 0x18, 0x00, 0x07, 0x1F, 0xFF, 0xFF, 0x0F, 0xFF,
    0xFF, 0x03, 0x00, 0x00, 0x00, 0xE0, 0x00, 0x00, 0x38, 0x00, 0x00, 0x0E, 0x00, 0x00, 0x03, 0x80,
    0x00, 0x00, 0xE0, 0x00, 0x00, 0x20, 0x00, 0x00, 0x1E, 0x00, 0x00, 0x3E, 0x00, 0x00, 0x70, 0x00,
    0x00, 0xE0, 0x01, 0x80, 0xE0, 0x01, 0xC0, 0xC0, 0x00, 0xE0, 0xC0, 0x00, 0x70, 0xE0, 0x00, 0x38,
    0xE0, 0x00, 0x1C, 0x70, 0x00, 0x0C, 0x3F, 0xFF, 0xFE, 0x1F, 0xFF, 0xFE, 0x00, 0x00, 0x0C, 0x00,
    0x00, 0x18, 0x00, 0x00, 0x70, 0x00, 0x00, 0xE0, 0x00, 0x01, 0xC0, 0x00, 0x01, 0x80, 0x00, 0x01,
    0x00, 0x00, 0x00, 0x00, 0x40, 0x00, 0x0C, 0x00, 0x01, 0xC0, 0x00, 0x3C, 0x00, 0x07, 0xFF, 0xFF,
    0x7F, 0xFF, 0xF3, 0xC0, 0x03, 0x1C, 0x00, 0x30, 0xC0, 0x03, 0x04, 0x00, 0x30, 0x00, 0x03, 0x00,
    0x00, 0x30, 0x00, 0x03, 0x00, 0x00, 0x30, 0x00, 0x03, 0x00, 0x00, 0x30, 0x00, 0x03, 0x00, 0x00,
    0x30, 0x00, 0x03, 0x00, 0x00, 0x00, 0x00, 0x20, 0x00, 0x03, 0x00, 0x00, 0x38, 0x00, 0x03, 0xCF,
    0xFF, 0xFE, 0xFF, 0xFF, 0xEC, 0x00, 0x3C, 0xC0, 0x03, 0x8C, 0x00, 0x30, 0xC0, 0x02, 0x0C, 0x00,
    0x00, 0xC0, 0x00, 0x0C, 0x00, 0x00, 0xC0, 0x00, 0x0C, 0x00, 0x00, 0xC0, 0x00, 0x0C, 0x00, 0x00,
    0xC0, 0x00, 0x0C, 0x00, 0x00, 0x00, 0x00, 0x0C, 0x00, 0x00, 0xC0, 0x00, 0x0C, 0x00, 0x00, 0xC0,
    0x00, 0x0C, 0x00, 0x00, 0xC0, 0x02, 0x0C, 0x00, 0x30, 0xC0, 0x03, 0x8C, 0x00, 0x3C, 0xFF, 0xFF,
    0xEF, 0xFF, 0xFE, 0x00, 0x03, 0xC0, 0x00, 0x38, 0x00, 0x03, 0x00, 0x00, 0x20, 0x00, 0x00, 0x00,
    0x00, 0x00, 0x7F, 0xF8, 0x3F, 0xFC, 0x00, 0x06, 0x00, 0x03, 0x00, 0x01, 0x80, 0x00, 0xC0, 0x00,
    0x60, 0x00, 0x30, 0x00, 0x18, 0x00, 0x0C, 0x00, 0x06, 0x00, 0x03, 0x00, 0x01, 0x80, 0x0F, 0xFC,
    0x03, 0xFC, 0x00, 0xFC, 0x00, 0x3C, 0x00, 0x0C, 0x00, 0x00, 0x00, 0x00, 0x00, 0x00, 0x00, 0x03,
    0x00, 0x00, 0x30, 0x00, 0x03, 0x00, 0x00, 0x30, 0x00, 0x03, 0x04, 0x00, 0x30, 0xC0, 0x03, 0x1C,
    0x00, 0x33, 0xC0, 0x03, 0x7F, 0xFF, 0xF7, 0xFF, 0xFF, 0x3C, 0x00, 0x01, 0xC0, 0x00, 0x0C, 0x00,
    0x00, 0x40, 0x00, 0x00, 0x00, 0x00, 0x00, 0x00, 0x00, 0x02, 0x00, 0x00, 0x60, 0x00, 0x0E, 0x00,
    0x01, 0xE0, 0x00, 0x3F, 0x80, 0x03, 0xFE, 0x00, 0x1E, 0xF0, 0x00, 0xE3, 0x80, 0x06, 0x1C, 0x00,
    0x20, 0xC0, 0x00, 0x0E, 0x00, 0x00, 0x60, 0x00, 0x06, 0x60, 0x00, 0x66, 0x00, 0x06, 0x70, 0x00,
    0xE3, 0x00, 0x0C, 0x38, 0x01, 0xC1, 0xC0, 0x38, 0x0F, 0x0F, 0x00, 0x7F, 0xE0, 0x01, 0xF8, 0x00,
    0x00, 0x00, 0x00, 0x04, 0x00, 0x00, 0x60, 0x00, 0x07, 0x00, 0x00, 0x78, 0x00, 0x1F, 0xC0, 0x07,
    0xFC, 0x00, 0xF7, 0x80, 0x1C, 0x70, 0x03, 0x86, 0x00, 0x30, 0x40, 0x07, 0x00, 0x00, 0x60, 0x00,
    0x06, 0x00, 0x00, 0x60, 0x00, 0x66, 0x00, 0x06, 0x70, 0x00, 0xE3, 0x00, 0x0C, 0x38, 0x01, 0xC1,
    0xC0, 0x38, 0x0F, 0x0F, 0x00, 0x7F, 0xE0, 0x01, 0xF8, 0x00, 0x00, 0x80, 0x00, 0x38, 0x00, 0x0E,
    0x00, 0x03, 0x80, 0x00, 0xE0, 0x00, 0x3F, 0xFF, 0xCF, 0xFF, 0xFB, 0x80, 0x00, 0x70, 0x00, 0x07,
    0xFF, 0xFC, 0x7F, 0xFF, 0x87, 0x00, 0x00, 0x70, 0x00, 0x07, 0x00, 0x00, 0x70, 0x00, 0x04, 0x00,
    0x00, 0x20, 0x00, 0x0E, 0x00, 0x00, 0xE0, 0x00, 0x0E, 0x00, 0x00, 0xE1, 0xFF, 0xFE, 0x3F, 0xFF,
    0xE0, 0x00, 0x0E, 0x00, 0x01, 0xDF, 0xFF, 0xF3, 0xFF, 0xFC, 0x00, 0x07, 0x00, 0x01, 0xC0, 0x00,
    0x70, 0x00, 0x1C, 0x00, 0x01, 0x00, 0x00, 0x80, 0x0C, 0x00, 0x07, 0x00, 0x38, 0x00, 0x38, 0x00,
    0x70, 0x01, 0xC0, 0x00, 0xE0, 0x0E, 0x00, 0x01, 0xC0, 0x7F, 0xFF, 0xFF, 0x83, 0xFF, 0xFF, 0xFF,
    0x1C, 0x00, 0x00, 0x0E, 0x70, 0x00, 0x00, 0x38, 0xFF, 0xFF, 0xFF, 0xC1, 0xFF, 0xFF, 0xFE, 0x03,
    0x80, 0x00, 0x70, 0x07, 0x00, 0x03, 0x80, 0x0E, 0x00, 0x1C, 0x00, 0x1C, 0x00, 0xE0, 0x00, 0x20,
    0x03, 0x00, 0x00, 0x00, 0x60, 0x0F, 0x01, 0xF8, 0x3F, 0xC7, 0xFE, 0x06, 0x00, 0x60, 0x06, 0x03,
    0xFC, 0x3F, 0xC0, 0x60, 0x06, 0x03, 0xFC, 0x3F, 0xC0, 0x60, 0x06, 0x00, 0x60, 0x06, 0x00, 0x00,
    0x00, 0x00, 0x60, 0x06, 0x00, 0x60, 0x06, 0x03, 0xFC, 0x3F, 0xC0, 0x60, 0x06, 0x03, 0xFC, 0x3F,
    0xC0, 0x60, 0x06, 0x00, 0x60, 0x7F, 0xE3, 0xFC, 0x1F, 0x80, 0xF0, 0x06, 0x00, 0x00, 0xC0, 0x00,
    0x06, 0x04, 0x00, 0x30, 0x60, 0x01, 0x87, 0x00, 0x0C, 0x78, 0x00, 0x67, 0xFF, 0xFF, 0x3F, 0xFF,
    0xF8, 0xF0, 0x00, 0xC3, 0x80, 0x06, 0x0C, 0x00, 0x30, 0x20, 0x00, 0x00, 0x00, 0x00, 0x00, 0x00,
    0x18, 0x00, 0x40, 0xC0, 0x03, 0x06, 0x00, 0x1C, 0x30, 0x00, 0xF1, 0xFF, 0xFF, 0xCF, 0xFF, 0xFE,
    0x60, 0x01, 0xE3, 0x00, 0x0E, 0x18, 0x00, 0x60, 0xC0, 0x02, 0x06, 0x00, 0x00, 0x00, 0x00, 0x00,
    0x00, 0x00, 0xC0, 0x00, 0x07, 0x80, 0x00, 0x33, 0x00, 0x01, 0x86, 0x00, 0x0C, 0x0C, 0x00, 0x60,
    0x18, 0x03, 0x00, 0x30, 0x18, 0x00, 0x60, 0xFC, 0x0F, 0xC7, 0xF0, 0x3F, 0x80, 0xC0, 0xC0, 0x03,
    0x03, 0x00, 0x0C, 0x0C, 0x00, 0x30, 0x30, 0x00, 0xC0, 0xC0, 0x03, 0x03, 0x00, 0x0C, 0x0C, 0x00,
    0x3F, 0xF0, 0x00, 0xFF, 0xC0, 0x00, 0x00, 0x00, 0x00, 0xC0, 0x00, 0x07, 0x80, 0x00, 0x33, 0x00,
    0x01, 0x86, 0x00, 0x0C, 0x0C, 0x00, 0x60, 0x18, 0x03, 0x00, 0x30, 0x18, 0x00, 0x60, 0xFC, 0x0F,
    0xC7, 0xF0, 0x3F, 0x80, 0xC0, 0xC0, 0x03, 0x03, 0x00, 0x0C, 0x0C, 0x00, 0x3F, 0xF0, 0x00, 0xFF,
    0xC0, 0x00, 0x00, 0x00, 0x00, 0x00, 0x00, 0x3F, 0xF0, 0x00, 0xFF, 0xC0, 0x03, 0x03, 0x00, 0x0C,
    0x0C, 0x00, 0x3F, 0xF0, 0x00, 0xFF, 0xC0, 0x00, 0x03, 0xF0, 0x7F, 0xC0, 0x3C, 0x00, 0xE0, 0x0E,
    0x00, 0x71, 0xF7, 0x3F, 0xF7, 0x0F, 0xE0, 0x7E, 0x07, 0xE0, 0x7E, 0x07, 0xE0, 0x7E, 0x06, 0x70,
    0xE3, 0xFC, 0x1F, 0x80, 0x00, 0x00, 0x00, 0x07, 0xE6, 0x1F, 0xFE, 0x3C, 0x7C, 0x38, 0x3C, 0x70,
    0x7E, 0x60, 0xEE, 0x61, 0xC6, 0x63, 0x86, 0x67, 0x06, 0x7E, 0x0E, 0x3C, 0x1C, 0x3C, 0x3C, 0x7F,
    0xF8, 0x67, 0xE0, 0x00, 0x00, 0x01, 0xC0, 0x01, 0xF0, 0x00, 0xF8, 0x00, 0x7C, 0x00, 0x7F, 0x00,
    0x3B, 0x80, 0x1D, 0xC0, 0x1C, 0x70, 0x0E, 0x38, 0x0F, 0x1E, 0x07, 0x07, 0x03, 0x83, 0x83, 0x81,
    0xE1, 0xC0, 0x70, 0xE0, 0x38, 0xFF, 0xFE, 0x7F, 0xFF, 0x7F, 0xFF, 0xC0, 0x00, 0x03, 0xFF, 0xEF,
    0xFF, 0xB0, 0x06, 0xC0, 0x1B, 0x00, 0x6C, 0x01, 0xB0, 0x06, 0xC0, 0x1B, 0x00, 0x6C, 0x01, 0xB0,
    0x06, 0xC0, 0x1B, 0x00, 0x6C, 0x01, 0xB0, 0x06, 0xC0, 0x1B, 0x00, 0x6C, 0x01, 0xB0, 0x06, 0xC0,
    0x1B, 0x00, 0x60, 0x00, 0x03, 0xFF, 0xEF, 0xFF, 0x9C, 0x00, 0x78, 0x00, 0xE0, 0x01, 0xC0, 0x03,
    0x80, 0x07, 0x00, 0x0E, 0x00, 0x1C, 0x00, 0x70, 0x01, 0xC0, 0x0E, 0x00, 0x70, 0x03, 0x80, 0x1C,
    0x00, 0xE0, 0x07, 0x80, 0x1C, 0x00, 0xFF, 0xFF, 0xFF, 0xF0, 0x00, 0x00, 0xFF, 0xFF, 0xFF, 0xFF,
    0xF0, 0x00, 0x60, 0x0E, 0x00, 0xE0, 0x1C, 0x01, 0xC0, 0x38, 0x03, 0x80, 0x70, 0x07, 0x00, 0xE0,
    0x0E, 0x01, 0xC0, 0x1C, 0x03, 0x80, 0x38, 0x07, 0x80, 0x70, 0x07, 0x00, 0x00, 0x1E, 0x00, 0x3C,
    0x00, 0xF8, 0x01, 0xC0, 0x03, 0x80, 0x07, 0x00, 0x1C, 0x00, 0x38, 0x00, 0x70, 0x00, 0xE3, 0xC1,
    0x87, 0x87, 0x0F, 0x8E, 0x07, 0x1C, 0x0E, 0x38, 0x0E, 0xE0, 0x1D, 0xC0, 0x3F, 0x80, 0x3F, 0x00,
    0x7C, 0x00, 0x78, 0x00, 0xF0, 0x00, 0xE0, 0x00, 0x00, 0x00, 0x00, 0xF8, 0x3E, 0x1F, 0xE3, 0xFC,
    0xE7, 0xBC, 0xEE, 0x0F, 0x83, 0xE0, 0x38, 0x0F, 0x01, 0xC0, 0x7C, 0x1F, 0x07, 0x71, 0xDC, 0x73,
    0xFC, 0x7F, 0x8F, 0xC1, 0xF8, 0x00, 0x00, 0x00, 0x00, 0x01, 0xF0, 0x7C, 0x38, 0x0C, 0x03, 0x00,
    0xC0, 0x30, 0x0C, 0x03, 0x00, 0xC0, 0x30, 0x0C, 0x03, 0x00, 0xC0, 0x30, 0x0C, 0x03, 0x00, 0xC0,
    0x30, 0x0C, 0x03, 0x00, 0xC0, 0x70, 0x78, 0x1C, 0x00, 0x73, 0x9C, 0x00, 0x00, 0x00, 0x00, 0x1C,
    0xE7, 0x00, 0x1C, 0x00, 0xFC, 0x67, 0xFF, 0x98, 0xFC, 0x00, 0xE0, 0x00, 0x03, 0xF1, 0x1F, 0xFE,
    0x73, 0xF0, 0x07, 0x80, 0x01, 0x80, 0x70, 0x0C, 0x7F, 0xFF, 0xFE, 0x0C, 0x03, 0x80, 0x60, 0xFF,
    0xFF, 0xFC, 0x60, 0x0C, 0x03, 0x00, 0x60, 0x00, 0x00, 0x00, 0x03, 0x00, 0xF0, 0x7F, 0x1F, 0xC7,
    0xF0, 0xF8, 0x0F, 0x80, 0xFE, 0x03, 0xFC, 0x07, 0xF0, 0x1F, 0x00, 0x70, 0x00, 0xFF, 0xFF, 0xFF,
    0xFF, 0xF0, 0x00, 0x0C, 0x00, 0xF0, 0x0F, 0xC0, 0x7F, 0x80, 0xFE, 0x03, 0xF0, 0x1F, 0x07, 0xE3,
    0xF8, 0xFE, 0x0F, 0x80, 0xC0, 0x00, 0x00, 0xFF, 0xFF, 0xFF, 0xFF, 0xF0, 0x00, 0x07, 0xFC, 0x00,
    0x00, 0x07, 0xFF, 0xE0, 0x00, 0x03, 0xF0, 0x3F, 0x00, 0x00, 0xF0, 0x00, 0xF0, 0x00, 0x38, 0x00,
    0x07, 0x80, 0x0E, 0x00, 0x00, 0x78, 0x03, 0x80, 0x00, 0x07, 0x00, 0xE0, 0x00, 0x00, 0x70, 0x38,
    0x00, 0x00, 0x07, 0x06, 0x00, 0x18, 0x00, 0x61, 0xC0, 0x03, 0x00, 0x0E, 0x30, 0x00, 0x60, 0x00,
    0xC6, 0x00, 0x0C, 0x00, 0x1D, 0xC0, 0x01, 0x80, 0x03, 0xB8, 0x00, 0x30, 0x00, 0x36, 0x00, 0x06,
    0x00, 0x06, 0xC0, 0x00, 0xC0, 0x00, 0xD8, 0x0F, 0xFF, 0xF0, 0x1B, 0x01, 0xFF, 0xFE, 0x03, 0x60,
    0x00, 0x60, 0x00, 0x6E, 0x00, 0x0C, 0x00, 0x0D, 0xC0, 0x01, 0x80, 0x03, 0x98, 0x00, 0x30, 0x00,
    0x73, 0x00, 0x06, 0x00, 0x0C, 0x70, 0x00, 0xC0, 0x03, 0x86, 0x00, 0x18, 0x00, 0x60, 0xE0, 0x00,
    0x00, 0x1C, 0x0E, 0x00, 0x00, 0x07, 0x00, 0xE0, 0x00, 0x00, 0xE0, 0x0E, 0x00, 0x00, 0x78, 0x00,
    0xE0, 0x00, 0x1E, 0x00, 0x0F, 0x00, 0x0F, 0x00, 0x00, 0xFC, 0x07, 0xC0, 0x00, 0x07, 0xFF, 0xE0,
    0x00, 0x00, 0x1F, 0xF0, 0x00, 0x00, 0x00, 0x07, 0xFC, 0x00, 0x00, 0x07, 0xFF, 0xE0, 0x00, 0x03,
    0xF0, 0x3F, 0x00, 0x00, 0xF0, 0x00, 0xF0, 0x00, 0x38, 0x00, 0x07, 0x80, 0x0E, 0x00, 0x00, 0x78,
    0x03, 0x80, 0x00, 0x07, 0x00, 0xE0, 0x00, 0x00, 0x70, 0x38, 0x00, 0x00, 0x07, 0x06, 0x00, 0x00,
    0x00, 0x61, 0xC0, 0x00, 0x00, 0x0E, 0x30, 0x00, 0x00, 0x00, 0xC6, 0x00, 0x00, 0x00, 0x1D, 0xC0,
    0x00, 0x00, 0x03, 0xB8, 0x00, 0x00, 0x00, 0x36, 0x00, 0x00, 0x00, 0x06, 0xC0, 0x00, 0x00, 0x00,
    0xD8, 0x01, 0xFF, 0xC0, 0x1B, 0x00, 0x3F, 0xF8, 0x03, 0x60, 0x00, 0x00, 0x00, 0x6E, 0x00, 0x00,
    0x00, 0x0D, 0xC0, 0x00, 0x00, 0x03, 0x98, 0x00, 0x00, 0x00, 0x73, 0x00, 0x00, 0x00, 0x0C, 0x70,
    0x00, 0x00, 0x03, 0x86, 0x00, 0x00, 0x00, 0x60, 0xE0, 0x00, 0x00, 0x1C, 0x0E, 0x00, 0x00, 0x07,
    0x00, 0xE0, 0x00, 0x00, 0xE0, 0x0E, 0x00, 0x00, 0x78, 0x00, 0xE0, 0x00, 0x1E, 0x00, 0x0F, 0x00,
    0x0F, 0x00, 0x00, 0xFC, 0x07, 0xC0, 0x00, 0x07, 0xFF, 0xE0, 0x00, 0x00, 0x1F, 0xF0, 0x00, 0x00,
    0x00, 0x07, 0xFC, 0x00, 0x00, 0x07, 0xFF, 0xE0, 0x00, 0x03, 0xF0, 0x3F, 0x00, 0x00, 0xF0, 0x00,
    0xF0, 0x00, 0x38, 0x00, 0x07, 0x80, 0x0E, 0x00, 0x00, 0x78, 0x03, 0x80, 0x00, 0x07, 0x00, 0xE0,
    0x00, 0x00, 0x70, 0x38, 0x00, 0x00, 0x07, 0x06, 0x00, 0x00, 0x00, 0x61, 0xC0, 0x00, 0x00, 0x0E,
    0x30, 0x00, 0x00, 0x00, 0xC6, 0x00, 0xC0, 0xC0, 0x1D, 0xC0, 0x1C, 0x38, 0x03, 0xB8, 0x01, 0xCF,
    0x00, 0x36, 0x00, 0x1D, 0xC0, 0x06, 0xC0, 0x01, 0xF0, 0x00, 0xD8, 0x00, 0x3C, 0x00, 0x1B, 0x00,
    0x07, 0xC0, 0x03, 0x60, 0x01, 0xDC, 0x00, 0x6E, 0x00, 0x73, 0x80, 0x0D, 0xC0, 0x1C, 0x38, 0x03,
    0x98, 0x03, 0x03, 0x00, 0x73, 0x00, 0x00, 0x00, 0x0C, 0x70, 0x00, 0x00, 0x03, 0x86, 0x00, 0x00,
    0x00, 0x60, 0xE0, 0x00, 0x00, 0x1C, 0x0E, 0x00, 0x00, 0x07, 0x00, 0xE0, 0x00, 0x00, 0xE0, 0x0E,
    0x00, 0x00, 0x78, 0x00, 0xE0, 0x00, 0x1E, 0x00, 0x0F, 0x00, 0x0F, 0x00, 0x00, 0xFC, 0x07, 0xC0,
    0x00, 0x07, 0xFF, 0xE0, 0x00, 0x00, 0x1F, 0xF0, 0x00, 0x00, 0x00, 0x07, 0xFC, 0x00, 0x00, 0x07,
    0xFF, 0xE0, 0x00, 0x03, 0xF0, 0x3F, 0x00, 0x00, 0xF0, 0x00, 0xF0, 0x00, 0x38, 0x00, 0x07, 0x80,
    0x0E, 0x00, 0x00, 0x78, 0x03, 0x80, 0x00, 0x07, 0x00, 0xE0, 0x00, 0x00, 0x70, 0x38, 0x00, 0x00,
    0x07, 0x06, 0x00, 0x00, 0x00, 0x61, 0xC0, 0x00, 0x18, 0x0E, 0x30, 0x00, 0x03, 0x00, 0xC6, 0x00,
    0x00, 0xE0, 0x1D, 0xC0, 0x00, 0x38, 0x03, 0xB8, 0x00, 0x0E, 0x00, 0x36, 0x00, 0x03, 0x80, 0x06,
    0xC0, 0x00, 0x60, 0x00, 0xD8, 0x00, 0x1C, 0x00, 0x1B, 0x00, 0x07, 0x00, 0x03, 0x60, 0x01, 0xC0,
    0x00, 0x6E, 0x00, 0x70, 0x00, 0x0D, 0xC0, 0x1C, 0x00, 0x03, 0x98, 0x03, 0x80, 0x00, 0x73, 0x00,
    0xE0, 0x00, 0x0C, 0x70, 0x18, 0x00, 0x03, 0x86, 0x00, 0x00, 0x00, 0x60, 0xE0, 0x00, 0x00, 0x1C,
    0x0E, 0x00, 0x00, 0x07, 0x00, 0xE0, 0x00, 0x00, 0xE0, 0x0E, 0x00, 0x00, 0x78, 0x00, 0xE0, 0x00,
    0x1E, 0x00, 0x0F, 0x00, 0x0F, 0x00, 0x00, 0xFC, 0x07, 0xC0, 0x00, 0x07, 0xFF, 0xE0, 0x00, 0x00,
    0x1F, 0xF0, 0x00, 0x00,
};

static const EpdGlyph golos_ui_12_mediumGlyphs[] = {
    { 0, 0, 0, 0, 0, 0, 0 }, // U+0000
    { 0, 0, 100, 0, 0, 0, 0 }, // U+000D
    { 0, 0, 100, 0, 0, 0, 0 }, // U+0020
    { 4, 18, 124, 2, 18, 9, 0 }, // !
    { 7, 6, 160, 1, 18, 6, 9 }, // "
    { 14, 18, 272, 1, 18, 32, 15 }, // #
    { 14, 24, 260, 1, 21, 42, 47 }, // $
    { 20, 18, 336, 1, 18, 45, 89 }, // %
    { 16, 18, 274, 1, 18, 36, 134 }, // &
    { 3, 6, 88, 1, 18, 3, 170 }, // '
    { 8, 23, 152, 2, 18, 23, 173 }, // (
    { 8, 23, 152, 0, 18, 23, 196 }, // )
    { 10, 9, 180, 1, 18, 12, 219 }, // *
    { 12, 12, 224, 1, 15, 18, 231 }, // +
    { 4, 7, 124, 1, 3, 4, 249 }, // ,
    { 8, 3, 152, 1, 9, 3, 253 }, // -
    { 4, 4, 124, 2, 4, 2, 256 }, // .
    { 12, 23, 192, 0, 18, 35, 258 }, // /
    { 13, 18, 252, 1, 18, 30, 293 }, // 0
    { 11, 18, 198, 1, 18, 25, 323 }, // 1
    { 13, 18, 236, 1, 18, 30, 348 }, // 2
    { 13, 18, 238, 1, 18, 30, 378 }, // 3
    { 14, 18, 246, 1, 18, 32, 408 }, // 4
    { 13, 18, 236, 1, 18, 30, 440 }, // 5
    { 13, 18, 246, 1, 18, 30, 470 }, // 6
    { 12, 18, 214, 1, 18, 27, 500 }, // 7
    { 13, 18, 248, 1, 18, 30, 527 }, // 8
    { 13, 18, 246, 1, 18, 30, 557 }, // 9
    { 4, 14, 124, 2, 14, 7, 587 }, // :
    { 5, 18, 124, 1, 14, 12, 594 }, // ;
    { 12, 14, 224, 1, 16, 21, 606 }, // <
    { 12, 8, 224, 1, 14, 12, 627 }, // =
    { 12, 14, 224, 1, 16, 21, 639 }, // >
    { 11, 18, 208, 1, 18, 25, 660 }, // ?
    { 22, 23, 396, 1, 18, 64, 685 }, // @
    { 17, 18, 272, 0, 18, 39, 749 }, // A
    { 14, 18, 270, 2, 18, 32, 788 }, // B
    { 15, 18, 276, 1, 18, 34, 820 }, // C
    { 14, 18, 282, 2, 18, 32, 854 }, // D
    { 12, 18, 246, 2, 18, 27, 886 }, // E
    { 12, 18, 238, 2, 18, 27, 913 }, // F
    { 15, 18, 286, 1, 18, 34, 940 }, // G
    { 15, 18, 304, 2, 18, 34, 974 }, // H
    { 3, 18, 128, 2, 18, 7, 1008 }, // I
    { 11, 18, 224, 1, 18, 25, 1015 }, // J
    { 15, 18, 278, 2, 18, 34, 1040 }, // K
    { 12, 18, 228, 2, 18, 27, 1074 }, // L
    { 17, 18, 348, 2, 18, 39, 1101 }, // M
    { 15, 18, 304, 2, 18, 34, 1140 }, // N
    { 16, 18, 300, 1, 18, 36, 1174 }, // O
    { 13, 18, 264, 2, 18, 30, 1210 }, // P
    { 16, 19, 300, 1, 18, 38, 1240 }, // Q
    { 14, 18, 274, 2, 18, 32, 1278 }, // R
    { 14, 18, 260, 1, 18, 32, 1310 }, // S
    { 15, 18, 252, 1, 18, 34, 1342 }, // T
    { 14, 18, 292, 2, 18, 32, 1376 }, // U
    { 17, 18, 272, 0, 18, 39, 1408 }, // V
    { 24, 18, 388, 0, 18, 54, 1447 }, // W
    { 17, 18, 272, 0, 18, 39, 1501 }, // X
    { 17, 18, 264, 0, 18, 39, 1540 }, // Y
    { 13, 18, 244, 1, 18, 30, 1579 }, // Z
    { 5, 23, 152, 3, 18, 15, 1609 }, // [
    { 12, 23, 192, 0, 18, 35, 1624 }, // <backslash>
    { 6, 23, 152, 1, 18, 18, 1659 }, // ]
    { 12, 7, 224, 1, 18, 11, 1677 }, // ^
    { 13, 3, 200, 0, -1, 5, 1688 }, // _
    { 7, 4, 112, 0, 19, 4, 1693 }, // `
    { 12, 14, 228, 1, 14, 21, 1697 }, // a
    { 13, 18, 246, 2, 18, 30, 1718 }, // b
    { 12, 14, 222, 1, 14, 21, 1748 }, // c
    { 13, 18, 246, 1, 18, 30, 1769 }, // d
    { 13, 14, 232, 1, 14, 23, 1799 }, // e
    { 8, 18, 146, 1, 18, 18, 1822 }, // f
    { 13, 19, 246, 1, 14, 31, 1840 }, // g
    { 12, 18, 242, 2, 18, 27, 1871 }, // h
    { 4, 18, 108, 2, 18, 9, 1898 }, // i
    { 7, 23, 108, -1, 18, 21, 1907 }, // j
    { 13, 18, 228, 2, 18, 30, 1928 }, // k
    { 6, 18, 130, 2, 18, 14, 1958 }, // l
    { 19, 14, 350, 2, 14, 34, 1972 }, // m
    { 12, 14, 242, 2, 14, 21, 2006 }, // n
    { 13, 14, 240, 1, 14, 23, 2027 }, // o
    { 13, 19, 246, 2, 14, 31, 2050 }, // p
    { 13, 19, 246, 1, 14, 31, 2081 }, // q
    { 8, 14, 156, 2, 14, 14, 2112 }, // r
    { 12, 14, 216, 0, 14, 21, 2126 }, // s
    { 9, 17, 160, 1, 17, 20, 2147 }, // t
    { 12, 14, 238, 2, 14, 21, 2167 }, // u
    { 14, 14, 232, 0, 14, 25, 2188 }, // v
    { 20, 14, 332, 0, 14, 35, 2213 }, // w
    { 14, 14, 224, 0, 14, 25, 2248 }, // x
    { 14, 19, 232, 0, 14, 34, 2273 }, // y
    { 11, 14, 204, 1, 14, 20, 2307 }, // z
    { 6, 23, 152, 2, 18, 18, 2327 }, // {
    { 3, 23, 136, 3, 18, 9, 2345 }, // |
    { 7, 23, 152, 1, 18, 21, 2354 }, // }
    { 14, 5, 224, 0, 12, 9, 2375 }, // ~
    { 0, 0, 100, 0, 0, 0, 2384 }, // U+00A0
    { 4, 19, 124, 2, 14, 10, 2384 }, // U+00A1
    { 13, 20, 222, 1, 17, 33, 2394 }, // U+00A2
    { 13, 18, 256, 1, 18, 30, 2427 }, // U+00A3
    { 14, 14, 224, 0, 16, 25, 2457 }, // U+00A4
    { 17, 18, 272, 0, 18, 39, 2482 }, // U+00A5
    { 3, 23, 136, 3, 18, 9, 2521 }, // U+00A6
    { 11, 23, 232, 1, 18, 32, 2530 }, // U+00A7
    { 8, 3, 152, 1, 18, 3, 2562 }, // U+00A8
    { 19, 19, 332, 1, 19, 46, 2565 }, // U+00A9
    { 12, 14, 228, 1, 14, 21, 2611 }, // U+00AA
    { 12, 13, 218, 1, 14, 20, 2632 }, // U+00AB
    { 12, 8, 224, 1, 11, 12, 2652 }, // U+00AC
    { 8, 3, 152, 1, 9, 3, 2664 }, // U+00AD
    { 14, 15, 260, 1, 19, 27, 2667 }, // U+00AE
    { 7, 3, 128, 1, 19, 3, 2694 }, // U+00AF
    { 8, 9, 156, 1, 19, 9, 2697 }, // U+00B0
    { 12, 15, 224, 1, 17, 23, 2706 }, // U+00B1
    { 8, 10, 148, 1, 20, 10, 2729 }, // U+00B2
    { 9, 10, 152, 0, 20, 12, 2739 }, // U+00B3
    { 7, 4, 112, 0, 19, 4, 2751 }, // U+00B4
    { 12, 19, 248, 2, 14, 29, 2755 }, // U+00B5
    { 13, 23, 252, 0, 18, 38, 2784 }, // U+00B6
    { 4, 4, 124, 2, 9, 2, 2822 }, // U+00B7
    { 6, 6, 92, 0, 1, 5, 2824 }, // U+00B8
    { 6, 10, 104, 0, 20, 8, 2829 }, // U+00B9
    { 8, 9, 152, 1, 19, 9, 2837 }, // U+00BA
    { 12, 13, 218, 1, 14, 20, 2846 }, // U+00BB
    { 20, 20, 332, 0, 20, 50, 2866 }, // U+00BC
    { 19, 20, 324, 0, 20, 48, 2916 }, // U+00BD
    { 23, 21, 380, 0, 21, 61, 2964 }, // U+00BE
    { 11, 19, 208, 1, 14, 27, 3025 }, // U+00BF
    { 17, 24, 272, 0, 24, 51, 3052 }, // U+00C0
    { 17, 24, 272, 0, 24, 51, 3103 }, // U+00C1
    { 17, 24, 272, 0, 24, 51, 3154 }, // U+00C2
    { 17, 23, 272, 0, 23, 49, 3205 }, // U+00C3
    { 17, 23, 272, 0, 23, 49, 3254 }, // U+00C4
    { 16, 25, 272, 0, 25, 50, 3303 }, // U+00C5
    { 23, 18, 390, 0, 18, 52, 3353 }, // U+00C6
    { 15, 23, 276, 1, 18, 44, 3405 }, // U+00C7
    { 12, 24, 246, 2, 24, 36, 3449 }, // U+00C8
    { 12, 24, 246, 2, 24, 36, 3485 }, // U+00C9
    { 12, 24, 246, 2, 24, 36, 3521 }, // U+00CA
    { 12, 23, 246, 2, 23, 35, 3557 }, // U+00CB
    { 7, 24, 128, -2, 24, 21, 3592 }, // U+00CC
    { 7, 24, 128, 2, 24, 21, 3613 }, // U+00CD
    { 9, 24, 128, -1, 24, 27, 3634 }, // U+00CE
    { 9, 23, 128, -1, 23, 26, 3661 }, // U+00CF
    { 16, 18, 290, 1, 18, 36, 3687 }, // U+00D0
    { 15, 23, 304, 2, 23, 44, 3723 }, // U+00D1
    { 16, 24, 300, 1, 24, 48, 3767 }, // U+00D2
    { 16, 24, 300, 1, 24, 48, 3815 }, // U+00D3
    { 16, 24, 300, 1, 24, 48, 3863 }, // U+00D4
    { 16, 24, 300, 1, 24, 48, 3911 }, // U+00D5
    { 16, 24, 300, 1, 24, 48, 3959 }, // U+00D6
    { 12, 12, 224, 1, 15, 18, 4007 }, // U+00D7
    { 16, 18, 300, 1, 18, 36, 4025 }, // U+00D8
    { 14, 24, 292, 2, 24, 42, 4061 }, // U+00D9
    { 14, 24, 292, 2, 24, 42, 4103 }, // U+00DA
    { 14, 24, 292, 2, 24, 42, 4145 }, // U+00DB
    { 14, 24, 292, 2, 24, 42, 4187 }, // U+00DC
    { 17, 23, 264, 0, 23, 49, 4229 }, // U+00DD
    { 13, 18, 264, 2, 18, 30, 4278 }, // U+00DE
    { 12, 18, 234, 2, 18, 27, 4308 }, // U+00DF
    { 12, 19, 228, 1, 19, 29, 4335 }, // U+00E0
    { 12, 20, 228, 1, 20, 30, 4364 }, // U+00E1
    { 12, 20, 228, 1, 20, 30, 4394 }, // U+00E2
    { 12, 19, 228, 1, 19, 29, 4424 }, // U+00E3
    { 12, 18, 228, 1, 18, 27, 4453 }, // U+00E4
    { 12, 21, 228, 1, 21, 32, 4480 }, // U+00E5
    { 21, 14, 374, 1, 14, 37, 4512 }, // U+00E6
    { 13, 19, 222, 1, 14, 31, 4549 }, // U+00E7
    { 13, 20, 232, 1, 20, 33, 4580 }, // U+00E8
    { 13, 20, 232, 1, 20, 33, 4613 }, // U+00E9
    { 13, 20, 232, 1, 20, 33, 4646 }, // U+00EA
    { 13, 18, 232, 1, 18, 30, 4679 }, // U+00EB
    { 7, 19, 108, -2, 19, 17, 4709 }, // U+00EC
    { 7, 19, 108, 2, 19, 17, 4726 }, // U+00ED
    { 9, 19, 108, -1, 19, 22, 4743 }, // U+00EE
    { 8, 18, 108, -1, 18, 18, 4765 }, // U+00EF
    { 13, 21, 242, 1, 21, 35, 4783 }, // U+00F0
    { 12, 19, 242, 2, 19, 29, 4818 }, // U+00F1
    { 13, 20, 240, 1, 20, 33, 4847 }, // U+00F2
    { 13, 20, 240, 1, 20, 33, 4880 }, // U+00F3
    { 13, 20, 240, 1, 20, 33, 4913 }, // U+00F4
    { 13, 19, 240, 1, 19, 31, 4946 }, // U+00F5
    { 13, 18, 240, 1, 18, 30, 4977 }, // U+00F6
    { 12, 14, 224, 1, 16, 21, 5007 }, // U+00F7
    { 13, 14, 240, 1, 14, 23, 5028 }, // U+00F8
    { 12, 20, 238, 2, 20, 30, 5051 }, // U+00F9
    { 12, 20, 238, 2, 20, 30, 5081 }, // U+00FA
    { 12, 20, 238, 2, 20, 30, 5111 }, // U+00FB
    { 12, 18, 238, 2, 18, 27, 5141 }, // U+00FC
    { 14, 25, 232, 0, 20, 44, 5168 }, // U+00FD
    { 13, 23, 246, 2, 18, 38, 5212 }, // U+00FE
    { 14, 23, 232, 0, 18, 41, 5250 }, // U+00FF
    { 18, 23, 272, 0, 23, 52, 5291 }, // U+0100
    { 12, 18, 228, 1, 18, 27, 5343 }, // U+0101
    { 17, 24, 272, 0, 24, 51, 5370 }, // U+0102
    { 12, 19, 228, 1, 19, 29, 5421 }, // U+0103
    { 17, 23, 272, -1, 18, 49, 5450 }, // U+0104
    { 12, 19, 228, 1, 14, 29, 5499 }, // U+0105
    { 15, 24, 276, 1, 24, 45, 5528 }, // U+0106
    { 12, 20, 222, 1, 20, 30, 5573 }, // U+0107
    { 16, 24, 292, 1, 24, 48, 5603 }, // U+0108
    { 12, 20, 229, 1, 20, 30, 5651 }, // U+0109
    { 15, 24, 276, 1, 24, 45, 5681 }, // U+010A
    { 13, 18, 222, 1, 18, 30, 5726 }, // U+010B
    { 15, 24, 276, 1, 24, 45, 5756 }, // U+010C
    { 12, 19, 222, 1, 19, 29, 5801 }, // U+010D
    { 14, 24, 282, 2, 24, 42, 5830 }, // U+010E
    { 18, 18, 246, 1, 18, 41, 5872 }, // U+010F
    { 16, 18, 290, 1, 18, 36, 5913 }, // U+0110
    { 15, 18, 246, 1, 18, 34, 5949 }, // U+0111
    { 12, 23, 246, 2, 23, 35, 5983 }, // U+0112
    { 13, 18, 232, 1, 18, 30, 6018 }, // U+0113
    { 11, 24, 240, 2, 24, 33, 6048 }, // U+0114
    { 12, 20, 233, 1, 20, 30, 6081 }, // U+0115
    { 12, 23, 246, 2, 23, 35, 6111 }, // U+0116
    { 13, 18, 232, 1, 18, 30, 6146 }, // U+0117
    { 12, 23, 246, 2, 18, 35, 6176 }, // U+0118
    { 13, 19, 232, 1, 14, 31, 6211 }, // U+0119
    { 12, 24, 246, 2, 24, 36, 6242 }, // U+011A
    { 13, 20, 232, 1, 20, 33, 6278 }, // U+011B
    { 16, 24, 298, 1, 24, 48, 6311 }, // U+011C
    { 13, 25, 245, 1, 20, 41, 6359 }, // U+011D
    { 15, 18, 286, 1, 18, 34, 6400 }, // U+011E
    { 13, 19, 246, 1, 14, 31, 6434 }, // U+011F
    { 15, 24, 286, 1, 24, 45, 6465 }, // U+0120
    { 13, 23, 246, 1, 18, 38, 6510 }, // U+0121
    { 15, 24, 286, 1, 18, 45, 6548 }, // U+0122
    { 13, 26, 246, 1, 21, 43, 6593 }, // U+0123
    { 15, 24, 297, 2, 24, 45, 6636 }, // U+0124
    { 14, 24, 237, -1, 24, 42, 6681 }, // U+0125
    { 18, 18, 304, 0, 18, 41, 6723 }, // U+0126
    { 14, 18, 242, 0, 18, 32, 6764 }, // U+0127
    { 8, 24, 107, -1, 24, 24, 6796 }, // U+0128
    { 8, 19, 97, -1, 19, 19, 6820 }, // U+0129
    { 8, 23, 128, 1, 23, 23, 6839 }, // U+012A
    { 7, 18, 108, 0, 18, 16, 6862 }, // U+012B
    { 8, 24, 107, 0, 24, 24, 6878 }, // U+012C
    { 8, 20, 97, 0, 20, 20, 6902 }, // U+012D
    { 4, 23, 128, 1, 18, 12, 6922 }, // U+012E
    { 5, 23, 108, 1, 18, 15, 6934 }, // U+012F
    { 4, 23, 128, 2, 23, 12, 6949 }, // U+0130
    { 3, 14, 108, 2, 14, 6, 6961 }, // U+0131
    { 17, 18, 352, 2, 18, 39, 6967 }, // U+0132
    { 10, 23, 216, 2, 18, 29, 7006 }, // U+0133
    { 14, 24, 228, 1, 24, 42, 7035 }, // U+0134
    { 9, 25, 97, -1, 20, 29, 7077 }, // U+0135
    { 15, 24, 278, 2, 18, 45, 7106 }, // U+0136
    { 13, 24, 228, 2, 18, 39, 7151 }, // U+0137
    { 11, 14, 210, 2, 14, 20, 7190 }, // U+0138
    { 12, 24, 228, 2, 24, 36, 7210 }, // U+0139
    { 7, 24, 130, 2, 24, 21, 7246 }, // U+013A
    { 12, 24, 228, 2, 18, 36, 7267 }, // U+013B
    { 6, 24, 130, 2, 18, 18, 7303 }, // U+013C
    { 12, 18, 228, 2, 18, 27, 7321 }, // U+013D
    { 8, 18, 130, 2, 18, 18, 7348 }, // U+013E
    { 11, 18, 225, 2, 18, 25, 7366 }, // U+013F
    { 7, 18, 144, 2, 18, 16, 7391 }, // U+0140
    { 15, 18, 240, 0, 18, 34, 7407 }, // U+0141
    { 8, 18, 142, 1, 18, 18, 7441 }, // U+0142
    { 15, 24, 304, 2, 24, 45, 7459 }, // U+0143
    { 12, 19, 242, 2, 19, 29, 7504 }, // U+0144
    { 15, 24, 304, 2, 18, 45, 7533 }, // U+0145
    { 12, 20, 242, 2, 14, 30, 7578 }, // U+0146
    { 15, 24, 304, 2, 24, 45, 7608 }, // U+0147
    { 12, 19, 242, 2, 19, 29, 7653 }, // U+0148
    { 15, 23, 304, 2, 18, 44, 7682 }, // U+014A
    { 12, 19, 242, 2, 14, 29, 7726 }, // U+014B
    { 16, 23, 300, 1, 23, 46, 7755 }, // U+014C
    { 13, 18, 240, 1, 18, 30, 7801 }, // U+014D
    { 17, 24, 306, 1, 24, 51, 7831 }, // U+014E
    { 13, 20, 240, 1, 20, 33, 7882 }, // U+014F
    { 16, 24, 300, 1, 24, 48, 7915 }, // U+0150
    { 14, 19, 240, 1, 19, 34, 7963 }, // U+0151
    { 26, 18, 440, 1, 18, 59, 7997 }, // U+0152
    { 23, 14, 396, 1, 14, 41, 8056 }, // U+0153
    { 14, 24, 274, 2, 24, 42, 8097 }, // U+0154
    { 9, 19, 156, 2, 19, 22, 8139 }, // U+0155
    { 14, 24, 274, 2, 18, 42, 8161 }, // U+0156
    { 8, 20, 156, 2, 14, 20, 8203 }, // U+0157
    { 14, 24, 274, 2, 24, 42, 8223 }, // U+0158
    { 9, 19, 156, 1, 19, 22, 8265 }, // U+0159
    { 14, 24, 260, 1, 24, 42, 8287 }, // U+015A
    { 12, 19, 216, 0, 19, 29, 8329 }, // U+015B
    { 14, 24, 257, 1, 24, 42, 8358 }, // U+015C
    { 12, 20, 211, 1, 20, 30, 8400 }, // U+015D
    { 14, 23, 260, 1, 18, 41, 8430 }, // U+015E
    { 12, 19, 216, 0, 14, 29, 8471 }, // U+015F
    { 14, 24, 260, 1, 24, 42, 8500 }, // U+0160
    { 12, 19, 216, 0, 19, 29, 8542 }, // U+0161
    { 14, 23, 258, 1, 18, 41, 8571 }, // U+0162
    { 9, 23, 131, 1, 18, 26, 8612 }, // U+0163
    { 15, 24, 252, 1, 24, 45, 8638 }, // U+0164
    { 9, 21, 160, 1, 21, 24, 8683 }, // U+0165
    { 14, 18, 258, 1, 18, 32, 8707 }, // U+0166
    { 8, 18, 131, 1, 18, 18, 8739 }, // U+0167
    { 15, 24, 298, 2, 24, 45, 8757 }, // U+0168
    { 11, 19, 237, 2, 19, 27, 8802 }, // U+0169
    { 14, 23, 292, 2, 23, 41, 8829 }, // U+016A
    { 12, 18, 238, 2, 18, 27, 8870 }, // U+016B
    { 14, 18, 292, 2, 18, 32, 8897 }, // U+016C
    { 12, 19, 238, 2, 19, 29, 8929 }, // U+016D
    { 14, 25, 292, 2, 25, 44, 8958 }, // U+016E
    { 12, 21, 238, 2, 21, 32, 9002 }, // U+016F
    { 15, 24, 292, 2, 24, 45, 9034 }, // U+0170
    { 14, 19, 238, 2, 19, 34, 9079 }, // U+0171
    { 14, 23, 292, 2, 18, 41, 9113 }, // U+0172
    { 12, 19, 238, 2, 14, 29, 9154 }, // U+0173
    { 24, 24, 388, 0, 24, 72, 9183 }, // U+0174
    { 20, 19, 332, 0, 19, 48, 9255 }, // U+0175
    { 17, 23, 264, 0, 23, 49, 9303 }, // U+0176
    { 14, 25, 232, 0, 20, 44, 9352 }, // U+0177
    { 17, 23, 264, 0, 23, 49, 9396 }, // U+0178
    { 13, 24, 244, 1, 24, 39, 9445 }, // U+0179
    { 11, 19, 204, 1, 19, 27, 9484 }, // U+017A
    { 13, 23, 244, 1, 23, 38, 9511 }, // U+017B
    { 11, 18, 204, 1, 18, 25, 9549 }, // U+017C
    { 13, 24, 244, 1, 24, 39, 9574 }, // U+017D
    { 11, 19, 204, 1, 19, 27, 9613 }, // U+017E
    { 6, 19, 126, 2, 19, 15, 9640 }, // U+017F
    { 17, 22, 305, 1, 22, 47, 9655 }, // U+01A0
    { 13, 17, 239, 1, 17, 28, 9702 }, // U+01A1
    { 17, 22, 296, 2, 22, 47, 9730 }, // U+01AF
    { 14, 17, 248, 2, 17, 30, 9777 }, // U+01B0
    { 28, 20, 510, 2, 20, 70, 9807 }, // U+01C5
    { 26, 20, 466, 1, 20, 65, 9877 }, // U+01C6
    { 24, 18, 454, 2, 18, 54, 9942 }, // U+01C7
    { 16, 24, 323, 2, 19, 48, 9996 }, // U+01C8
    { 9, 24, 194, 2, 19, 27, 10044 }, // U+01C9
    { 29, 18, 530, 2, 18, 66, 10071 }, // U+01CA
    { 21, 24, 398, 2, 19, 63, 10137 }, // U+01CB
    { 17, 24, 333, 2, 19, 51, 10200 }, // U+01CC
    { 17, 24, 276, 0, 24, 51, 10251 }, // U+01CD
    { 11, 19, 225, 1, 19, 27, 10302 }, // U+01CE
    { 8, 24, 107, -1, 24, 24, 10329 }, // U+01CF
    { 9, 20, 97, -1, 20, 23, 10353 }, // U+01D0
    { 17, 24, 306, 1, 24, 51, 10376 }, // U+01D1
    { 13, 20, 240, 1, 20, 33, 10427 }, // U+01D2
    { 15, 24, 298, 2, 24, 45, 10460 }, // U+01D3
    { 11, 20, 237, 2, 20, 28, 10505 }, // U+01D4
    { 15, 27, 298, 2, 27, 51, 10533 }, // U+01D5
    { 11, 22, 237, 2, 22, 31, 10584 }, // U+01D6
    { 15, 29, 298, 2, 29, 55, 10615 }, // U+01D7
    { 11, 24, 237, 2, 24, 33, 10670 }, // U+01D8
    { 15, 29, 298, 2, 29, 55, 10703 }, // U+01D9
    { 11, 24, 237, 2, 24, 33, 10758 }, // U+01DA
    { 15, 28, 298, 2, 28, 53, 10791 }, // U+01DB
    { 11, 23, 237, 2, 23, 32, 10844 }, // U+01DC
    { 12, 14, 233, 1, 14, 21, 10876 }, // U+01DD
    { 17, 27, 276, 0, 27, 58, 10897 }, // U+01DE
    { 11, 23, 225, 1, 23, 32, 10955 }, // U+01DF
    { 17, 27, 276, 0, 27, 58, 10987 }, // U+01E0
    { 11, 23, 225, 1, 23, 32, 11045 }, // U+01E1
    { 23, 23, 397, 0, 23, 67, 11077 }, // U+01E2
    { 21, 18, 367, 1, 18, 48, 11144 }, // U+01E3
    { 17, 18, 298, 1, 18, 39, 11192 }, // U+01E4
    { 15, 19, 269, 1, 14, 36, 11231 }, // U+01E5
    { 16, 24, 298, 1, 24, 48, 11267 }, // U+01E6
    { 13, 25, 245, 1, 20, 41, 11315 }, // U+01E7
    { 14, 24, 269, 2, 24, 42, 11356 }, // U+01E8
    { 15, 24, 220, -1, 24, 45, 11398 }, // U+01E9
    { 17, 23, 306, 1, 18, 49, 11443 }, // U+01EA
    { 13, 19, 240, 1, 14, 31, 11492 }, // U+01EB
    { 17, 29, 306, 1, 24, 62, 11523 }, // U+01EC
    { 13, 23, 240, 1, 18, 38, 11585 }, // U+01ED
    { 15, 30, 274, 1, 25, 57, 11623 }, // U+01EE
    { 13, 24, 248, 1, 19, 39, 11680 }, // U+01EF
    { 9, 25, 97, -1, 20, 29, 11719 }, // U+01F0
    { 30, 18, 540, 2, 18, 68, 11748 }, // U+01F1
    { 28, 18, 510, 2, 18, 63, 11816 }, // U+01F2
    { 26, 18, 466, 1, 18, 59, 11879 }, // U+01F3
    { 16, 24, 298, 1, 24, 48, 11938 }, // U+01F4
    { 13, 25, 245, 1, 20, 41, 11986 }, // U+01F5
    { 24, 18, 447, 2, 18, 54, 12027 }, // U+01F6
    { 13, 23, 254, 1, 18, 38, 12081 }, // U+01F7
    { 15, 24, 301, 2, 24, 45, 12119 }, // U+01F8
    { 11, 19, 236, 2, 19, 27, 12164 }, // U+01F9
    { 17, 28, 276, 0, 28, 60, 12191 }, // U+01FA
    { 11, 24, 225, 1, 24, 33, 12251 }, // U+01FB
    { 23, 24, 397, 0, 24, 69, 12284 }, // U+01FC
    { 21, 20, 367, 1, 20, 53, 12353 }, // U+01FD
    { 17, 25, 306, 1, 24, 54, 12406 }, // U+01FE
    { 14, 21, 240, 0, 20, 37, 12460 }, // U+01FF
    { 17, 24, 276, 0, 24, 51, 12497 }, // U+0200
    { 11, 20, 225, 1, 20, 28, 12548 }, // U+0201
    { 17, 24, 276, 0, 24, 51, 12576 }, // U+0202
    { 11, 20, 225, 1, 20, 28, 12627 }, // U+0203
    { 11, 24, 240, 2, 24, 33, 12655 }, // U+0204
    { 12, 20, 233, 1, 20, 30, 12688 }, // U+0205
    { 11, 24, 240, 2, 24, 33, 12718 }, // U+0206
    { 12, 20, 233, 1, 20, 30, 12751 }, // U+0207
    { 9, 24, 107, -3, 24, 27, 12781 }, // U+0208
    { 10, 19, 97, -3, 19, 24, 12808 }, // U+0209
    { 9, 24, 107, 0, 24, 27, 12832 }, // U+020A
    { 9, 20, 97, -1, 20, 23, 12859 }, // U+020B
    { 17, 24, 306, 1, 24, 51, 12882 }, // U+020C
    { 13, 20, 240, 1, 20, 33, 12933 }, // U+020D
    { 17, 25, 306, 1, 25, 54, 12966 }, // U+020E
    { 13, 20, 240, 1, 20, 33, 13020 }, // U+020F
    { 13, 24, 257, 2, 24, 39, 13053 }, // U+0210
    { 11, 19, 151, -1, 19, 27, 13092 }, // U+0211
    { 13, 24, 257, 2, 24, 39, 13119 }, // U+0212
    { 9, 20, 151, 1, 20, 23, 13158 }, // U+0213
    { 15, 24, 298, 2, 24, 45, 13181 }, // U+0214
    { 12, 20, 237, 1, 20, 30, 13226 }, // U+0215
    { 15, 25, 298, 2, 25, 47, 13256 }, // U+0216
    { 11, 20, 237, 2, 20, 28, 13303 }, // U+0217
    { 14, 24, 260, 1, 18, 42, 13331 }, // U+0218
    { 12, 20, 216, 0, 14, 30, 13373 }, // U+0219
    { 15, 24, 252, 1, 18, 45, 13403 }, // U+021A
    { 9, 23, 160, 1, 17, 26, 13448 }, // U+021B
    { 13, 25, 254, 2, 18, 41, 13474 }, // U+021C
    { 11, 20, 217, 2, 14, 28, 13515 }, // U+021D
    { 15, 24, 297, 2, 24, 45, 13543 }, // U+021E
    { 14, 24, 237, -1, 24, 42, 13588 }, // U+021F
    { 7, 4, 0, 0, 19, 4, 13630 }, // U+0300
    { 7, 4, 0, 0, 19, 4, 13634 }, // U+0301
    { 9, 4, 0, 0, 19, 5, 13638 }, // U+0302
    { 9, 4, 0, 0, 19, 5, 13643 }, // U+0303
    { 7, 3, 0, 1, 19, 3, 13648 }, // U+0304
    { 8, 4, 0, 1, 19, 4, 13651 }, // U+0306
    { 4, 4, 0, 1, 19, 2, 13655 }, // U+0307
    { 8, 3, 0, 1, 18, 3, 13657 }, // U+0308
    { 4, 4, 0, 1, 20, 2, 13660 }, // U+0309
    { 6, 6, 0, 1, 21, 5, 13662 }, // U+030A
    { 12, 4, 0, 1, 19, 6, 13667 }, // U+030B
    { 9, 4, 0, 0, 19, 5, 13673 }, // U+030C
    { 10, 4, 0, 1, 20, 5, 13678 }, // U+030F
    { 3, 5, 0, -1, 21, 2, 13683 }, // U+0312
    { 5, 8, 0, 4, 12, 5, 13685 }, // U+0313
    { 5, 8, 0, 4, 12, 5, 13690 }, // U+0315
    { 5, 6, 0, -6, 17, 4, 13695 }, // U+031B
    { 3, 3, 97, 1, -2, 2, 13699 }, // U+0323
    { 3, 5, 0, 2, -1, 2, 13701 }, // U+0326
    { 6, 6, 0, 0, 1, 5, 13703 }, // U+0327
    { 4, 6, 0, 1, 1, 3, 13708 }, // U+0328
    { 9, 4, 0, 1, -1, 5, 13711 }, // U+032C
    { 11, 17, 0, -13, 15, 24, 13716 }, // U+0337
    { 15, 20, 0, -15, 19, 38, 13740 }, // U+0338
    { 7, 3, 0, -10, 19, 3, 13778 }, // U+0342
    { 4, 5, 0, 0, 16, 3, 13781 }, // U+0343
    { 9, 5, 0, -11, 20, 6, 13784 }, // U+0346
    { 7, 5, 0, -11, -3, 5, 13790 }, // U+0347
    { 6, 5, 0, -9, -1, 4, 13795 }, // U+0348
    { 6, 5, 0, -9, -1, 4, 13799 }, // U+0349
    { 9, 6, 0, -12, 20, 7, 13803 }, // U+034A
    { 9, 9, 0, -12, 23, 11, 13810 }, // U+034B
    { 9, 6, 0, -11, 22, 7, 13821 }, // U+034C
    { 11, 7, 0, -13, 0, 10, 13828 }, // U+034D
    { 7, 7, 0, -10, 0, 7, 13838 }, // U+034E
    { 0, 0, 0, 0, 0, 0, 13845 }, // U+034F
    { 9, 10, 0, -11, 25, 12, 13845 }, // U+0350
    { 4, 5, 0, -8, 19, 3, 13857 }, // U+0351
    { 8, 7, 0, -11, 21, 7, 13860 }, // U+0352
    { 7, 7, 0, -10, 0, 7, 13867 }, // U+0353
    { 7, 7, 0, -9, 0, 7, 13874 }, // U+0354
    { 6, 7, 0, -9, 0, 6, 13881 }, // U+0355
    { 13, 7, 0, -11, 0, 12, 13887 }, // U+0356
    { 5, 6, 0, 0, 21, 4, 13899 }, // U+0357
    { 3, 3, 0, 1, 19, 2, 13903 }, // U+0358
    { 7, 6, 0, -11, -1, 6, 13905 }, // U+0359
    { 10, 5, 0, -12, -1, 7, 13911 }, // U+035A
    { 6, 7, 0, -10, 21, 6, 13918 }, // U+035B
    { 18, 4, 0, -9, -1, 9, 13924 }, // U+035C
    { 18, 4, 0, -9, 19, 9, 13933 }, // U+035D
    { 14, 2, 0, -14, 19, 4, 13942 }, // U+035E
    { 14, 2, 0, -14, -2, 4, 13946 }, // U+035F
    { 24, 5, 0, -12, 20, 15, 13950 }, // U+0360
    { 18, 4, 0, -9, 19, 9, 13965 }, // U+0361
    { 19, 7, 0, -8, -1, 17, 13974 }, // U+0362
    { 7, 7, 0, -10, 22, 7, 13991 }, // U+0363
    { 6, 8, 0, -10, 22, 6, 13998 }, // U+0364
    { 3, 9, 0, -8, 24, 4, 14004 }, // U+0365
    { 8, 8, 0, -10, 22, 8, 14008 }, // U+0366
    { 6, 7, 0, -10, 22, 6, 14016 }, // U+0367
    { 6, 8, 0, -10, 22, 6, 14022 }, // U+0368
    { 6, 10, 0, -10, 25, 8, 14028 }, // U+0369
    { 6, 10, 0, -10, 24, 8, 14036 }, // U+036A
    { 11, 7, 0, -12, 21, 10, 14044 }, // U+036B
    { 4, 7, 0, -8, 21, 4, 14054 }, // U+036C
    { 6, 10, 0, 0, 24, 8, 14058 }, // U+036D
    { 8, 7, 0, -11, 22, 7, 14066 }, // U+036E
    { 7, 7, 0, -10, 22, 7, 14073 }, // U+036F
    { 11, 24, 240, 2, 24, 33, 14080 }, // U+0400
    { 12, 23, 246, 2, 23, 35, 14113 }, // U+0401
    { 19, 18, 330, 1, 18, 43, 14148 }, // U+0402
    { 12, 24, 224, 2, 24, 36, 14191 }, // U+0403
    { 15, 18, 276, 1, 18, 34, 14227 }, // U+0404
    { 14, 18, 260, 1, 18, 32, 14261 }, // U+0405
    { 3, 18, 128, 2, 18, 7, 14293 }, // U+0406
    { 9, 23, 128, -1, 23, 26, 14300 }, // U+0407
    { 11, 18, 224, 1, 18, 25, 14326 }, // U+0408
    { 25, 18, 424, 1, 18, 57, 14351 }, // U+0409
    { 24, 18, 440, 2, 18, 54, 14408 }, // U+040A
    { 19, 18, 336, 1, 18, 43, 14462 }, // U+040B
    { 15, 24, 282, 2, 24, 45, 14505 }, // U+040C
    { 15, 24, 301, 2, 24, 45, 14550 }, // U+040D
    { 17, 24, 272, 0, 24, 51, 14595 }, // U+040E
    { 14, 22, 296, 2, 18, 39, 14646 }, // U+040F
    { 17, 18, 272, 0, 18, 39, 14685 }, // U+0410
    { 14, 18, 268, 2, 18, 32, 14724 }, // U+0411
    { 14, 18, 270, 2, 18, 32, 14756 }, // U+0412
    { 12, 18, 224, 2, 18, 27, 14788 }, // U+0413
    { 17, 22, 296, 1, 18, 47, 14815 }, // U+0414
    { 12, 18, 246, 2, 18, 27, 14862 }, // U+0415
    { 24, 18, 392, 0, 18, 54, 14889 }, // U+0416
    { 14, 18, 260, 1, 18, 32, 14943 }, // U+0417
    { 15, 18, 304, 2, 18, 34, 14975 }, // U+0418
    { 15, 24, 304, 2, 24, 45, 15009 }, // U+0419
    { 15, 18, 282, 2, 18, 34, 15054 }, // U+041A
    { 15, 18, 288, 1, 18, 34, 15088 }, // U+041B
    { 17, 18, 348, 2, 18, 39, 15122 }, // U+041C
    { 15, 18, 304, 2, 18, 34, 15161 }, // U+041D
    { 16, 18, 300, 1, 18, 36, 15195 }, // U+041E
    { 14, 18, 300, 2, 18, 32, 15231 }, // U+041F
    { 13, 18, 264, 2, 18, 30, 15263 }, // U+0420
    { 15, 18, 276, 1, 18, 34, 15293 }, // U+0421
    { 15, 18, 252, 1, 18, 34, 15327 }, // U+0422
    { 17, 18, 272, 0, 18, 39, 15361 }, // U+0423
    { 19, 20, 352, 1, 19, 48, 15400 }, // U+0424
    { 17, 18, 272, 0, 18, 39, 15448 }, // U+0425
    { 16, 22, 308, 2, 18, 44, 15487 }, // U+0426
    { 13, 18, 270, 1, 18, 30, 15531 }, // U+0427
    { 21, 18, 392, 2, 18, 48, 15561 }, // U+0428
    { 22, 22, 404, 2, 18, 61, 15609 }, // U+0429
    { 17, 18, 296, 0, 18, 39, 15670 }, // U+042A
    { 18, 18, 360, 2, 18, 41, 15709 }, // U+042B
    { 13, 18, 264, 2, 18, 30, 15750 }, // U+042C
    { 15, 18, 276, 1, 18, 34, 15780 }, // U+042D
    { 20, 18, 382, 2, 18, 45, 15814 }, // U+042E
    { 14, 18, 272, 0, 18, 32, 15859 }, // U+042F
    { 12, 14, 228, 1, 14, 21, 15891 }, // U+0430
    { 13, 19, 238, 1, 19, 31, 15912 }, // U+0431
    { 12, 14, 228, 2, 14, 21, 15943 }, // U+0432
    { 10, 14, 184, 2, 14, 18, 15964 }, // U+0433
    { 14, 18, 246, 1, 14, 32, 15982 }, // U+0434
    { 13, 14, 232, 1, 14, 23, 16014 }, // U+0435
    { 21, 14, 324, 0, 14, 37, 16037 }, // U+0436
    { 11, 14, 214, 1, 14, 20, 16074 }, // U+0437
    { 12, 14, 244, 2, 14, 21, 16094 }, // U+0438
    { 12, 19, 244, 2, 19, 29, 16115 }, // U+0439
    { 13, 14, 232, 2, 14, 23, 16144 }, // U+043A
    { 13, 14, 236, 0, 14, 23, 16167 }, // U+043B
    { 15, 14, 288, 2, 14, 27, 16190 }, // U+043C
    { 12, 14, 244, 2, 14, 21, 16217 }, // U+043D
    { 13, 14, 240, 1, 14, 23, 16238 }, // U+043E
    { 12, 14, 240, 2, 14, 21, 16261 }, // U+043F
    { 13, 19, 246, 2, 14, 31, 16282 }, // U+0440
    { 12, 14, 222, 1, 14, 21, 16313 }, // U+0441
    { 12, 14, 200, 1, 14, 21, 16334 }, // U+0442
    { 14, 19, 232, 0, 14, 34, 16355 }, // U+0443
    { 17, 23, 300, 1, 18, 49, 16389 }, // U+0444
    { 14, 14, 224, 0, 14, 25, 16438 }, // U+0445
    { 13, 18, 250, 2, 14, 30, 16463 }, // U+0446
    { 11, 14, 224, 1, 14, 20, 16493 }, // U+0447
    { 18, 14, 328, 2, 14, 32, 16513 }, // U+0448
    { 19, 18, 342, 2, 14, 43, 16545 }, // U+0449
    { 14, 14, 244, 1, 14, 25, 16588 }, // U+044A
    { 15, 14, 296, 2, 14, 27, 16613 }, // U+044B
    { 11, 14, 216, 2, 14, 20, 16640 }, // U+044C
    { 13, 14, 222, 0, 14, 23, 16660 }, // U+044D
    { 17, 14, 310, 2, 14, 30, 16683 }, // U+044E
    { 12, 14, 230, 0, 14, 21, 16713 }, // U+044F
    { 12, 20, 233, 1, 20, 30, 16734 }, // U+0450
    { 13, 18, 232, 1, 18, 30, 16764 }, // U+0451
    { 14, 23, 250, 1, 18, 41, 16794 }, // U+0452
    { 10, 19, 184, 2, 19, 24, 16835 }, // U+0453
    { 13, 14, 222, 1, 14, 23, 16859 }, // U+0454
    { 12, 14, 216, 0, 14, 21, 16882 }, // U+0455
    { 4, 18, 108, 2, 18, 9, 16903 }, // U+0456
    { 8, 18, 108, -1, 18, 18, 16912 }, // U+0457
    { 7, 23, 108, -1, 18, 21, 16930 }, // U+0458
    { 21, 14, 340, 0, 14, 37, 16951 }, // U+0459
    { 20, 14, 352, 2, 14, 35, 16988 }, // U+045A
    { 14, 18, 250, 1, 18, 32, 17023 }, // U+045B
    { 13, 19, 232, 2, 19, 31, 17055 }, // U+045C
    { 11, 19, 237, 2, 19, 27, 17086 }, // U+045D
    { 14, 25, 232, 0, 20, 44, 17113 }, // U+045E
    { 11, 17, 236, 2, 14, 24, 17157 }, // U+045F
    { 19, 18, 359, 2, 18, 43, 17181 }, // U+0460
    { 17, 14, 323, 2, 14, 30, 17224 }, // U+0461
    { 16, 18, 275, 1, 18, 36, 17254 }, // U+0462
    { 14, 18, 246, 1, 18, 32, 17290 }, // U+0463
    { 21, 18, 382, 2, 18, 48, 17322 }, // U+0464
    { 17, 14, 313, 2, 14, 30, 17370 }, // U+0465
    { 17, 18, 276, 0, 18, 39, 17400 }, // U+0466
    { 13, 14, 228, 0, 14, 23, 17439 }, // U+0467
    { 21, 18, 375, 2, 18, 48, 17462 }, // U+0468
    { 17, 14, 310, 2, 14, 30, 17510 }, // U+0469
    { 18, 18, 341, 2, 18, 41, 17540 }, // U+046A
    { 15, 14, 278, 1, 14, 27, 17581 }, // U+046B
    { 25, 18, 458, 2, 18, 57, 17608 }, // U+046C
    { 21, 14, 383, 2, 14, 37, 17665 }, // U+046D
    { 11, 31, 218, 2, 25, 43, 17702 }, // U+046E
    { 10, 25, 209, 1, 20, 32, 17745 }, // U+046F
    { 18, 18, 352, 2, 18, 41, 17777 }, // U+0470
    { 16, 23, 311, 2, 18, 46, 17818 }, // U+0471
    { 17, 18, 306, 1, 18, 39, 17864 }, // U+0472
    { 13, 14, 240, 1, 14, 23, 17903 }, // U+0473
    { 17, 18, 282, 0, 18, 39, 17926 }, // U+0474
    { 14, 14, 237, 0, 14, 25, 17965 }, // U+0475
    { 17, 24, 282, 0, 24, 51, 17990 }, // U+0476
    { 14, 19, 237, 0, 19, 34, 18041 }, // U+0477
    { 32, 23, 531, 1, 18, 92, 18075 }, // U+0478
    { 27, 19, 457, 1, 14, 65, 18167 }, // U+0479
    { 15, 18, 284, 1, 18, 34, 18232 }, // U+0480
    { 12, 18, 226, 1, 14, 27, 18266 }, // U+0481
    { 14, 17, 253, 1, 17, 30, 18293 }, // U+0482
    { 9, 5, 0, -11, 20, 6, 18323 }, // U+0483
    { 11, 3, 0, -12, 19, 5, 18329 }, // U+0484
    { 3, 5, 0, -8, 20, 2, 18334 }, // U+0485
    { 4, 5, 0, -8, 20, 3, 18336 }, // U+0486
    { 10, 3, 0, -12, 19, 4, 18339 }, // U+0487
    { 24, 23, 0, -18, 18, 69, 18343 }, // U+0488
    { 23, 23, 0, -18, 18, 67, 18412 }, // U+0489
    { 17, 28, 301, 2, 24, 60, 18479 }, // U+048A
    { 14, 24, 237, 2, 20, 42, 18539 }, // U+048B
    { 16, 18, 275, 1, 18, 36, 18581 }, // U+048C
    { 14, 17, 246, 1, 17, 30, 18617 }, // U+048D
    { 13, 18, 254, 2, 18, 30, 18647 }, // U+048E
    { 12, 19, 244, 2, 14, 29, 18677 }, // U+048F
    { 11, 22, 224, 2, 22, 31, 18706 }, // U+0490
    { 9, 17, 184, 2, 17, 20, 18737 }, // U+0491
    { 14, 18, 228, 1, 18, 32, 18757 }, // U+0492
    { 11, 14, 198, 1, 14, 20, 18789 }, // U+0493
    { 12, 23, 258, 2, 18, 35, 18809 }, // U+0494
    { 11, 19, 224, 2, 14, 27, 18844 }, // U+0495
    { 25, 21, 399, 0, 18, 66, 18871 }, // U+0496
    { 21, 17, 330, 0, 14, 45, 18937 }, // U+0497
    { 14, 21, 260, 1, 18, 37, 18982 }, // U+0498
    { 12, 17, 214, 0, 14, 26, 19019 }, // U+0499
    { 15, 21, 292, 2, 18, 40, 19045 }, // U+049A
    { 13, 17, 235, 2, 14, 28, 19085 }, // U+049B
    { 16, 18, 297, 2, 18, 36, 19113 }, // U+049C
    { 14, 14, 250, 2, 14, 25, 19149 }, // U+049D
    { 19, 18, 319, 1, 18, 43, 19174 }, // U+04A0
    { 16, 14, 263, 1, 14, 28, 19217 }, // U+04A1
    { 17, 21, 312, 2, 18, 45, 19245 }, // U+04A2
    { 14, 17, 253, 2, 14, 30, 19290 }, // U+04A3
    { 23, 18, 407, 2, 18, 52, 19320 }, // U+04A4
    { 19, 14, 328, 2, 14, 34, 19372 }, // U+04A5
    { 25, 19, 443, 2, 18, 60, 19406 }, // U+04A6
    { 20, 18, 369, 2, 14, 45, 19466 }, // U+04A7
    { 22, 18, 394, 1, 18, 50, 19511 }, // U+04A8
    { 18, 14, 311, 1, 14, 32, 19561 }, // U+04A9
    { 15, 22, 276, 1, 18, 42, 19593 }, // U+04AA
    { 13, 17, 222, 1, 14, 28, 19635 }, // U+04AB
    { 14, 22, 258, 1, 18, 39, 19663 }, // U+04AC
    { 11, 18, 186, 1, 14, 25, 19702 }, // U+04AD
    { 17, 18, 264, 0, 18, 39, 19727 }, // U+04AE
    { 14, 20, 229, 0, 14, 35, 19766 }, // U+04AF
    { 16, 18, 253, 0, 18, 36, 19801 }, // U+04B0
    { 14, 20, 223, 0, 14, 35, 19837 }, // U+04B1
    { 17, 21, 281, 0, 18, 45, 19872 }, // U+04B2
    { 14, 17, 232, 0, 14, 30, 19917 }, // U+04B3
    { 22, 22, 366, 1, 18, 61, 19947 }, // U+04B4
    { 16, 18, 264, 1, 14, 36, 20008 }, // U+04B5
    { 16, 21, 281, 1, 18, 42, 20044 }, // U+04B6
    { 13, 17, 237, 1, 14, 28, 20086 }, // U+04B7
    { 13, 18, 268, 1, 18, 30, 20114 }, // U+04B8
    { 12, 14, 233, 1, 14, 21, 20144 }, // U+04B9
    { 13, 18, 264, 2, 18, 30, 20165 }, // U+04BA
    { 12, 18, 242, 2, 18, 27, 20195 }, // U+04BB
    { 20, 18, 336, 1, 18, 45, 20222 }, // U+04BC
    { 17, 14, 286, 1, 14, 30, 20267 }, // U+04BD
    { 20, 22, 336, 1, 18, 55, 20297 }, // U+04BE
    { 17, 19, 286, 1, 14, 41, 20352 }, // U+04BF
    { 3, 18, 128, 2, 18, 7, 20393 }, // U+04C0
    { 23, 24, 384, 0, 24, 69, 20400 }, // U+04C1
    { 19, 20, 324, 1, 20, 48, 20469 }, // U+04C2
    { 14, 23, 267, 2, 18, 41, 20517 }, // U+04C3
    { 12, 19, 223, 2, 14, 29, 20558 }, // U+04C4
    { 18, 22, 299, 1, 18, 50, 20587 }, // U+04C5
    { 15, 18, 230, 1, 14, 34, 20637 }, // U+04C6
    { 14, 23, 304, 2, 18, 41, 20671 }, // U+04C7
    { 12, 19, 244, 2, 14, 29, 20712 }, // U+04C8
    { 17, 22, 297, 2, 18, 47, 20741 }, // U+04C9
    { 14, 18, 235, 2, 14, 32, 20788 }, // U+04CA
    { 13, 21, 270, 1, 18, 35, 20820 }, // U+04CB
    { 11, 17, 225, 1, 14, 24, 20855 }, // U+04CC
    { 21, 22, 361, 2, 18, 58, 20879 }, // U+04CD
    { 18, 18, 308, 2, 14, 41, 20937 }, // U+04CE
    { 3, 18, 104, 2, 18, 7, 20978 }, // U+04CF
    { 17, 24, 272, 0, 24, 51, 20985 }, // U+04D0
    { 12, 19, 228, 1, 19, 29, 21036 }, // U+04D1
    { 17, 23, 272, 0, 23, 49, 21065 }, // U+04D2
    { 12, 18, 228, 1, 18, 27, 21114 }, // U+04D3
    { 23, 18, 390, 0, 18, 52, 21141 }, // U+04D4
    { 21, 14, 374, 1, 14, 37, 21193 }, // U+04D5
    { 12, 24, 246, 2, 24, 36, 21230 }, // U+04D6
    { 13, 19, 232, 1, 19, 31, 21266 }, // U+04D7
    { 15, 18, 286, 1, 18, 34, 21297 }, // U+04D8
    { 13, 14, 233, 1, 14, 23, 21331 }, // U+04D9
    { 15, 24, 286, 1, 24, 45, 21354 }, // U+04DA
    { 13, 18, 233, 1, 18, 30, 21399 }, // U+04DB
    { 23, 23, 392, 1, 23, 67, 21429 }, // U+04DC
    { 20, 18, 324, 0, 18, 45, 21496 }, // U+04DD
    { 15, 24, 260, 1, 24, 45, 21541 }, // U+04DE
    { 12, 18, 214, 0, 18, 27, 21586 }, // U+04DF
    { 13, 18, 248, 1, 18, 30, 21613 }, // U+04E0
    { 13, 19, 248, 1, 14, 31, 21643 }, // U+04E1
    { 15, 23, 304, 2, 23, 44, 21674 }, // U+04E2
    { 12, 18, 244, 2, 18, 27, 21718 }, // U+04E3
    { 15, 23, 304, 2, 23, 44, 21745 }, // U+04E4
    { 12, 18, 244, 2, 18, 27, 21789 }, // U+04E5
    { 16, 24, 300, 1, 24, 48, 21816 }, // U+04E6
    { 13, 18, 240, 1, 18, 30, 21864 }, // U+04E7
    { 16, 18, 303, 1, 18, 36, 21894 }, // U+04E8
    { 13, 14, 243, 1, 14, 23, 21930 }, // U+04E9
    { 16, 24, 303, 1, 24, 48, 21953 }, // U+04EA
    { 13, 18, 243, 1, 18, 30, 22001 }, // U+04EB
    { 16, 24, 292, 1, 24, 48, 22031 }, // U+04EC
    { 13, 18, 229, 1, 18, 30, 22079 }, // U+04ED
    { 18, 23, 272, 0, 23, 52, 22109 }, // U+04EE
    { 15, 23, 232, 0, 18, 44, 22161 }, // U+04EF
    { 17, 24, 272, 0, 24, 51, 22205 }, // U+04F0
    { 14, 23, 232, 0, 18, 41, 22256 }, // U+04F1
    { 17, 24, 272, 0, 24, 51, 22297 }, // U+04F2
    { 15, 25, 232, 0, 20, 47, 22348 }, // U+04F3
    { 13, 23, 270, 1, 23, 38, 22395 }, // U+04F4
    { 11, 18, 224, 1, 18, 25, 22433 }, // U+04F5
    { 11, 22, 231, 2, 18, 31, 22458 }, // U+04F6
    { 9, 18, 174, 2, 14, 21, 22489 }, // U+04F7
    { 18, 23, 360, 2, 23, 52, 22510 }, // U+04F8
    { 15, 18, 296, 2, 18, 34, 22562 }, // U+04F9
    { 14, 23, 237, 0, 18, 41, 22596 }, // U+04FA
    { 11, 19, 174, 1, 14, 27, 22637 }, // U+04FB
    { 18, 23, 281, 0, 18, 52, 22664 }, // U+04FC
    { 13, 19, 208, 0, 14, 31, 22716 }, // U+04FD
    { 16, 18, 273, 0, 18, 36, 22747 }, // U+04FE
    { 13, 14, 218, 0, 14, 23, 22783 }, // U+04FF
    { 17, 23, 276, 0, 18, 49, 22806 }, // U+1EA0
    { 11, 19, 225, 1, 14, 27, 22855 }, // U+1EA1
    { 17, 24, 276, 0, 24, 51, 22882 }, // U+1EA2
    { 11, 19, 225, 1, 19, 27, 22933 }, // U+1EA3
    { 17, 28, 276, 0, 28, 60, 22960 }, // U+1EA4
    { 12, 24, 225, 1, 24, 36, 23020 }, // U+1EA5
    { 17, 28, 276, 0, 28, 60, 23056 }, // U+1EA6
    { 11, 24, 225, 1, 24, 33, 23116 }, // U+1EA7
    { 17, 28, 276, 0, 28, 60, 23149 }, // U+1EA8
    { 11, 24, 225, 1, 24, 33, 23209 }, // U+1EA9
    { 17, 28, 276, 0, 28, 60, 23242 }, // U+1EAA
    { 11, 23, 225, 1, 23, 32, 23302 }, // U+1EAB
    { 17, 29, 276, 0, 24, 62, 23334 }, // U+1EAC
    { 11, 25, 225, 1, 20, 35, 23396 }, // U+1EAD
    { 17, 28, 276, 0, 28, 60, 23431 }, // U+1EAE
    { 11, 24, 225, 1, 24, 33, 23491 }, // U+1EAF
    { 17, 28, 276, 0, 28, 60, 23524 }, // U+1EB0
    { 11, 24, 225, 1, 24, 33, 23584 }, // U+1EB1
    { 17, 28, 276, 0, 28, 60, 23617 }, // U+1EB2
    { 11, 24, 225, 1, 24, 33, 23677 }, // U+1EB3
    { 17, 28, 276, 0, 28, 60, 23710 }, // U+1EB4
    { 11, 23, 225, 1, 23, 32, 23770 }, // U+1EB5
    { 17, 29, 276, 0, 24, 62, 23802 }, // U+1EB6
    { 11, 24, 225, 1, 19, 33, 23864 }, // U+1EB7
    { 11, 23, 240, 2, 18, 32, 23897 }, // U+1EB8
    { 12, 19, 233, 1, 14, 29, 23929 }, // U+1EB9
    { 11, 24, 240, 2, 24, 33, 23958 }, // U+1EBA
    { 12, 19, 233, 1, 19, 29, 23991 }, // U+1EBB
    { 11, 24, 240, 2, 24, 33, 24020 }, // U+1EBC
    { 12, 19, 233, 1, 19, 29, 24053 }, // U+1EBD
    { 12, 28, 240, 2, 28, 42, 24082 }, // U+1EBE
    { 12, 24, 233, 1, 24, 36, 24124 }, // U+1EBF
    { 11, 28, 240, 2, 28, 39, 24160 }, // U+1EC0
    { 12, 23, 233, 1, 23, 35, 24199 }, // U+1EC1
    { 11, 28, 240, 2, 28, 39, 24234 }, // U+1EC2
    { 12, 24, 233, 1, 24, 36, 24273 }, // U+1EC3
    { 11, 28, 240, 2, 28, 39, 24309 }, // U+1EC4
    { 12, 23, 233, 1, 23, 35, 24348 }, // U+1EC5
    { 11, 29, 240, 2, 24, 40, 24383 }, // U+1EC6
    { 12, 25, 233, 1, 20, 38, 24423 }, // U+1EC7
    { 4, 24, 107, 1, 24, 12, 24461 }, // U+1EC8
    { 4, 19, 97, 1, 19, 10, 24473 }, // U+1EC9
    { 3, 23, 107, 2, 18, 9, 24483 }, // U+1ECA
    { 3, 24, 97, 2, 19, 9, 24492 }, // U+1ECB
    { 17, 23, 306, 1, 18, 49, 24501 }, // U+1ECC
    { 13, 19, 240, 1, 14, 31, 24550 }, // U+1ECD
    { 17, 24, 306, 1, 24, 51, 24581 }, // U+1ECE
    { 13, 19, 240, 1, 19, 31, 24632 }, // U+1ECF
    { 17, 28, 306, 1, 28, 60, 24663 }, // U+1ED0
    { 13, 24, 240, 1, 24, 39, 24723 }, // U+1ED1
    { 17, 28, 306, 1, 28, 60, 24762 }, // U+1ED2
    { 13, 23, 240, 1, 23, 38, 24822 }, // U+1ED3
    { 17, 29, 306, 1, 29, 62, 24860 }, // U+1ED4
    { 13, 24, 240, 1, 24, 39, 24922 }, // U+1ED5
    { 17, 28, 306, 1, 28, 60, 24961 }, // U+1ED6
    { 13, 23, 240, 1, 23, 38, 25021 }, // U+1ED7
    { 17, 29, 306, 1, 24, 62, 25059 }, // U+1ED8
    { 13, 25, 240, 1, 20, 41, 25121 }, // U+1ED9
    { 17, 24, 305, 1, 24, 51, 25162 }, // U+1EDA
    { 13, 20, 239, 1, 20, 33, 25213 }, // U+1EDB
    { 17, 24, 305, 1, 24, 51, 25246 }, // U+1EDC
    { 13, 20, 239, 1, 20, 33, 25297 }, // U+1EDD
    { 17, 24, 305, 1, 24, 51, 25330 }, // U+1EDE
    { 13, 19, 239, 1, 19, 31, 25381 }, // U+1EDF
    { 17, 24, 305, 1, 24, 51, 25412 }, // U+1EE0
    { 13, 19, 239, 1, 19, 31, 25463 }, // U+1EE1
    { 17, 26, 305, 1, 21, 56, 25494 }, // U+1EE2
    { 13, 22, 239, 1, 17, 36, 25550 }, // U+1EE3
    { 15, 23, 298, 2, 18, 44, 25586 }, // U+1EE4
    { 11, 19, 237, 2, 14, 27, 25630 }, // U+1EE5
    { 15, 24, 298, 2, 24, 45, 25657 }, // U+1EE6
    { 11, 19, 237, 2, 19, 27, 25702 }, // U+1EE7
    { 17, 24, 296, 2, 24, 51, 25729 }, // U+1EE8
    { 14, 20, 248, 2, 20, 35, 25780 }, // U+1EE9
    { 17, 24, 296, 2, 24, 51, 25815 }, // U+1EEA
    { 14, 20, 248, 2, 20, 35, 25866 }, // U+1EEB
    { 17, 24, 296, 2, 24, 51, 25901 }, // U+1EEC
    { 14, 19, 248, 2, 19, 34, 25952 }, // U+1EED
    { 17, 24, 296, 2, 24, 51, 25986 }, // U+1EEE
    { 14, 19, 248, 2, 19, 34, 26037 }, // U+1EEF
    { 17, 26, 296, 2, 21, 56, 26071 }, // U+1EF0
    { 14, 22, 248, 2, 17, 39, 26127 }, // U+1EF1
    { 17, 24, 264, 0, 24, 51, 26166 }, // U+1EF2
    { 14, 25, 232, 0, 20, 44, 26217 }, // U+1EF3
    { 17, 23, 271, 0, 18, 49, 26261 }, // U+1EF4
    { 14, 19, 225, 0, 14, 34, 26310 }, // U+1EF5
    { 16, 24, 271, 0, 24, 48, 26344 }, // U+1EF6
    { 14, 24, 225, 0, 19, 42, 26392 }, // U+1EF7
    { 16, 24, 271, 0, 24, 48, 26434 }, // U+1EF8
    { 13, 24, 225, 0, 19, 39, 26482 }, // U+1EF9
    { 0, 0, 218, 0, 0, 0, 26521 }, // U+2000
    { 0, 0, 436, 0, 0, 0, 26521 }, // U+2001
    { 0, 0, 200, 0, 0, 0, 26521 }, // U+2002
    { 0, 0, 400, 0, 0, 0, 26521 }, // U+2003
    { 0, 0, 134, 0, 0, 0, 26521 }, // U+2004
    { 0, 0, 100, 0, 0, 0, 26521 }, // U+2005
    { 0, 0, 66, 0, 0, 0, 26521 }, // U+2006
    { 0, 0, 259, 0, 0, 0, 26521 }, // U+2007
    { 0, 0, 115, 0, 0, 0, 26521 }, // U+2008
    { 0, 0, 62, 0, 0, 0, 26521 }, // U+2009
    { 0, 0, 36, 0, 0, 0, 26521 }, // U+200A
    { 0, 0, 0, 0, 0, 0, 26521 }, // U+200B
    { 0, 0, 0, 0, 0, 0, 26521 }, // U+200C
    { 0, 0, 0, 0, 0, 0, 26521 }, // U+200D
    { 0, 0, 0, 0, 0, 0, 26521 }, // U+200E
    { 0, 0, 0, 0, 0, 0, 26521 }, // U+200F
    { 8, 3, 152, 1, 9, 3, 26521 }, // U+2010
    { 8, 3, 152, 1, 9, 3, 26524 }, // U+2011
    { 12, 3, 236, 1, 11, 5, 26527 }, // U+2012
    { 12, 3, 212, 1, 9, 5, 26532 }, // U+2013
    { 17, 3, 292, 1, 9, 7, 26537 }, // U+2014
    { 25, 2, 400, 0, 9, 7, 26544 }, // U+2015
    { 6, 31, 192, 3, 25, 24, 26551 }, // U+2016
    { 11, 5, 181, 0, 0, 7, 26575 }, // U+2017
    { 4, 7, 124, 2, 18, 4, 26582 }, // U+2018
    { 4, 7, 124, 1, 18, 4, 26586 }, // U+2019
    { 4, 7, 124, 1, 3, 4, 26590 }, // U+201A
    { 5, 7, 104, 0, 18, 5, 26594 }, // U+201B
    { 9, 7, 208, 2, 18, 8, 26599 }, // U+201C
    { 9, 7, 208, 1, 18, 8, 26607 }, // U+201D
    { 9, 7, 208, 1, 3, 8, 26615 }, // U+201E
    { 10, 7, 176, 0, 18, 9, 26623 }, // U+201F
    { 12, 23, 220, 1, 18, 35, 26632 }, // U+2020
    { 12, 23, 220, 1, 18, 35, 26667 }, // U+2021
    { 7, 7, 160, 2, 11, 7, 26702 }, // U+2022
    { 7, 9, 225, 4, 12, 8, 26709 }, // U+2023
    { 3, 3, 115, 2, 3, 2, 26717 }, // U+2024
    { 10, 3, 230, 2, 3, 4, 26719 }, // U+2025
    { 20, 4, 388, 2, 4, 10, 26723 }, // U+2026
    { 3, 3, 115, 2, 10, 2, 26733 }, // U+2027
    { 0, 0, 0, 0, 0, 0, 26735 }, // U+202A
    { 0, 0, 0, 0, 0, 0, 26735 }, // U+202B
    { 0, 0, 0, 0, 0, 0, 26735 }, // U+202C
    { 0, 0, 0, 0, 0, 0, 26735 }, // U+202D
    { 0, 0, 0, 0, 0, 0, 26735 }, // U+202E
    { 0, 0, 62, 0, 0, 0, 26735 }, // U+202F
    { 30, 18, 491, 1, 18, 68, 26735 }, // U+2030
    { 37, 18, 676, 3, 18, 84, 26803 }, // U+2031
    { 4, 7, 89, 1, 18, 4, 26887 }, // U+2032
    { 9, 7, 177, 1, 18, 8, 26891 }, // U+2033
    { 15, 7, 265, 1, 18, 14, 26899 }, // U+2034
    { 4, 7, 89, 1, 18, 4, 26913 }, // U+2035
    { 9, 7, 177, 1, 18, 8, 26917 }, // U+2036
    { 15, 7, 265, 1, 18, 14, 26925 }, // U+2037
    { 10, 6, 182, 1, -1, 8, 26939 }, // U+2038
    { 6, 13, 124, 1, 14, 10, 26947 }, // U+2039
    { 6, 13, 124, 1, 14, 10, 26957 }, // U+203A
    { 14, 14, 256, 1, 16, 25, 26967 }, // U+203B
    { 10, 18, 230, 2, 18, 23, 26992 }, // U+203C
    { 11, 18, 203, 1, 18, 25, 27015 }, // U+203D
    { 11, 2, 216, 1, 22, 3, 27040 }, // U+203E
    { 20, 5, 327, 0, -1, 13, 27043 }, // U+203F
    { 20, 5, 327, 0, 19, 13, 27056 }, // U+2040
    { 10, 15, 181, 1, 8, 19, 27069 }, // U+2041
    { 16, 15, 289, 1, 17, 30, 27088 }, // U+2042
    { 7, 2, 225, 4, 8, 2, 27118 }, // U+2043
    { 16, 18, 72, -6, 18, 36, 27120 }, // U+2044
    { 5, 23, 146, 3, 20, 15, 27156 }, // U+2045
    { 6, 23, 146, 1, 20, 18, 27171 }, // U+2046
    { 24, 18, 409, 1, 18, 54, 27189 }, // U+2047
    { 17, 18, 320, 1, 18, 39, 27243 }, // U+2048
    { 17, 18, 320, 2, 18, 39, 27282 }, // U+2049
    { 9, 19, 178, 1, 14, 22, 27321 }, // U+204A
    { 11, 18, 241, 2, 18, 25, 27343 }, // U+204B
    { 11, 11, 237, 2, 13, 16, 27368 }, // U+204C
    { 11, 11, 237, 2, 13, 16, 27384 }, // U+204D
    { 12, 10, 200, 0, 8, 15, 27400 }, // U+204E
    { 4, 17, 121, 2, 13, 9, 27415 }, // U+204F
    { 20, 25, 325, 0, 19, 63, 27424 }, // U+2050
    { 12, 23, 216, 2, 18, 35, 27487 }, // U+2051
    { 16, 18, 296, 1, 18, 36, 27522 }, // U+2052
    { 16, 5, 290, 1, 12, 10, 27558 }, // U+2053
    { 20, 5, 327, 0, -2, 13, 27568 }, // U+2054
    { 11, 11, 220, 1, 12, 16, 27581 }, // U+2055
    { 20, 7, 353, 1, 18, 18, 27597 }, // U+2057
    { 0, 0, 113, 0, 0, 0, 27615 }, // U+205F
    { 0, 0, 0, 0, 0, 0, 27615 }, // U+2060
    { 0, 0, 0, 0, 0, 0, 27615 }, // U+2061
    { 0, 0, 0, 0, 0, 0, 27615 }, // U+2062
    { 0, 0, 0, 0, 0, 0, 27615 }, // U+2063
    { 0, 0, 0, 0, 0, 0, 27615 }, // U+2064
    { 0, 0, 0, 0, 0, 0, 27615 }, // U+2065
    { 0, 0, 0, 0, 0, 0, 27615 }, // U+206A
    { 0, 0, 0, 0, 0, 0, 27615 }, // U+206B
    { 0, 0, 0, 0, 0, 0, 27615 }, // U+206C
    { 0, 0, 0, 0, 0, 0, 27615 }, // U+206D
    { 0, 0, 0, 0, 0, 0, 27615 }, // U+206E
    { 0, 0, 0, 0, 0, 0, 27615 }, // U+206F
    { 10, 10, 184, 1, 21, 13, 27615 }, // U+2070
    { 3, 11, 79, 1, 22, 5, 27628 }, // U+2071
    { 9, 10, 156, 1, 20, 12, 27633 }, // U+2074
    { 10, 10, 176, 1, 21, 13, 27645 }, // U+2075
    { 9, 10, 178, 1, 21, 12, 27658 }, // U+2076
    { 8, 10, 162, 1, 21, 10, 27670 }, // U+2077
    { 9, 10, 180, 1, 21, 12, 27680 }, // U+2078
    { 9, 10, 178, 1, 21, 12, 27692 }, // U+2079
    { 8, 7, 171, 2, 19, 7, 27704 }, // U+207A
    { 7, 2, 172, 2, 17, 2, 27711 }, // U+207B
    { 7, 5, 171, 2, 18, 5, 27713 }, // U+207C
    { 4, 13, 108, 2, 22, 7, 27718 }, // U+207D
    { 5, 13, 108, 1, 22, 9, 27725 }, // U+207E
    { 8, 8, 174, 1, 19, 8, 27734 }, // U+207F
    { 10, 10, 184, 1, 6, 13, 27742 }, // U+2080
    { 6, 10, 104, 0, 10, 8, 27755 }, // U+2081
    { 8, 10, 148, 1, 10, 10, 27763 }, // U+2082
    { 9, 10, 152, 0, 10, 12, 27773 }, // U+2083
    { 9, 10, 156, 1, 10, 12, 27785 }, // U+2084
    { 10, 10, 176, 1, 6, 13, 27797 }, // U+2085
    { 9, 10, 178, 1, 6, 12, 27810 }, // U+2086
    { 8, 10, 162, 1, 6, 10, 27822 }, // U+2087
    { 9, 10, 180, 1, 6, 12, 27832 }, // U+2088
    { 9, 10, 178, 1, 6, 12, 27844 }, // U+2089
    { 8, 7, 171, 2, 4, 7, 27856 }, // U+208A
    { 7, 2, 172, 2, 2, 2, 27863 }, // U+208B
    { 7, 5, 171, 2, 3, 5, 27865 }, // U+208C
    { 4, 13, 108, 2, 7, 7, 27870 }, // U+208D
    { 5, 13, 108, 1, 7, 9, 27877 }, // U+208E
    { 8, 8, 161, 1, 4, 8, 27886 }, // U+2090
    { 9, 8, 167, 1, 4, 9, 27894 }, // U+2091
    { 9, 8, 171, 1, 4, 9, 27903 }, // U+2092
    { 10, 8, 160, 0, 4, 10, 27912 }, // U+2093
    { 9, 10, 180, 1, 5, 12, 27922 }, // U+2094
    { 8, 10, 174, 1, 6, 10, 27934 }, // U+2095
    { 9, 10, 159, 1, 6, 12, 27944 }, // U+2096
    { 3, 10, 79, 1, 6, 4, 27956 }, // U+2097
    { 13, 8, 250, 1, 4, 13, 27960 }, // U+2098
    { 8, 8, 174, 1, 4, 8, 27973 }, // U+2099
    { 9, 11, 175, 1, 4, 13, 27981 }, // U+209A
    { 9, 8, 156, 0, 4, 9, 27994 }, // U+209B
    { 7, 10, 98, 0, 6, 9, 28003 }, // U+209C
    { 15, 19, 292, 2, 19, 36, 28012 }, // U+20A0
    { 16, 23, 292, 1, 21, 46, 28048 }, // U+20A1
    { 16, 18, 292, 1, 18, 36, 28094 }, // U+20A2
    { 14, 18, 241, 0, 18, 32, 28130 }, // U+20A3
    { 13, 18, 244, 1, 18, 30, 28162 }, // U+20A4
    { 18, 18, 344, 2, 16, 41, 28192 }, // U+20A5
    { 19, 18, 308, 1, 18, 43, 28233 }, // U+20A6
    { 22, 18, 386, 2, 18, 50, 28276 }, // U+20A7
    { 25, 18, 448, 2, 18, 57, 28326 }, // U+20A8
    { 24, 18, 382, 0, 18, 54, 28383 }, // U+20A9
    { 16, 14, 327, 2, 14, 28, 28437 }, // U+20AA
    { 14, 23, 245, 1, 18, 41, 28465 }, // U+20AB
    { 16, 18, 272, 1, 18, 36, 28506 }, // U+20AC
    { 17, 18, 284, 1, 18, 39, 28542 }, // U+20AD
    { 14, 18, 258, 1, 18, 32, 28581 }, // U+20AE
    { 33, 26, 556, 1, 21, 108, 28613 }, // U+20AF
    { 16, 18, 266, 1, 18, 36, 28721 }, // U+20B1
    { 16, 25, 298, 1, 22, 50, 28757 }, // U+20B2
    { 17, 18, 276, 0, 18, 39, 28807 }, // U+20B3
    { 13, 18, 244, 1, 18, 30, 28846 }, // U+20B4
    { 16, 25, 292, 1, 22, 50, 28876 }, // U+20B5
    { 15, 18, 252, 1, 18, 34, 28926 }, // U+20B8
    { 13, 19, 217, 0, 19, 31, 28960 }, // U+20B9
    { 13, 19, 238, 1, 18, 31, 28991 }, // U+20BA
    { 15, 14, 291, 2, 14, 27, 29022 }, // U+20BC
    { 15, 18, 260, 1, 18, 34, 29049 }, // U+20BD
    { 15, 18, 290, 2, 18, 34, 29083 }, // U+20BE
    { 13, 24, 262, 2, 21, 39, 29117 }, // U+20BF
    { 18, 16, 300, 0, 17, 36, 29156 }, // U+2190
    { 16, 18, 300, 1, 18, 36, 29192 }, // U+2191
    { 18, 16, 300, 1, 17, 36, 29228 }, // U+2192
    { 16, 19, 300, 1, 18, 38, 29264 }, // U+2193
    { 30, 18, 536, 2, 17, 68, 29302 }, // U+2194
    { 16, 30, 334, 2, 23, 60, 29370 }, // U+2195
    { 15, 15, 320, 2, 16, 29, 29430 }, // U+2196
    { 15, 15, 300, 2, 16, 29, 29459 }, // U+2197
    { 15, 16, 300, 2, 17, 30, 29488 }, // U+2198
    { 15, 16, 300, 2, 17, 30, 29518 }, // U+2199
    { 25, 19, 458, 2, 19, 60, 29548 }, // U+21A9
    { 24, 19, 458, 2, 19, 57, 29608 }, // U+21AA
    { 20, 20, 395, 2, 19, 50, 29665 }, // U+21B0
    { 20, 20, 395, 2, 19, 50, 29715 }, // U+21B1
    { 20, 17, 395, 2, 19, 43, 29765 }, // U+21B3
    { 17, 20, 334, 2, 19, 43, 29808 }, // U+21B4
    { 20, 17, 395, 2, 19, 43, 29851 }, // U+21B5
    { 20, 23, 382, 2, 23, 58, 29894 }, // U+21BA
    { 20, 23, 382, 2, 23, 58, 29952 }, // U+21BB
    { 19, 16, 382, 2, 16, 38, 30010 }, // U+21D0
    { 19, 16, 382, 3, 16, 38, 30048 }, // U+21D2
    { 30, 16, 536, 2, 16, 60, 30086 }, // U+21D4
    { 12, 20, 243, 2, 19, 30, 30146 }, // U+21DE
    { 12, 20, 243, 2, 19, 30, 30176 }, // U+21DF
    { 21, 12, 406, 2, 15, 32, 30206 }, // U+21E4
    { 21, 12, 406, 2, 15, 32, 30238 }, // U+21E5
    { 22, 20, 412, 2, 20, 55, 30270 }, // U+21E7
    { 22, 24, 412, 2, 20, 66, 30325 }, // U+21EA
    { 12, 20, 254, 2, 19, 30, 30391 }, // U+2202
    { 16, 16, 274, 1, 15, 32, 30421 }, // U+2205
    { 17, 18, 272, 0, 18, 39, 30453 }, // U+2206
    { 14, 22, 289, 2, 19, 39, 30492 }, // U+220F
    { 14, 23, 254, 1, 19, 41, 30531 }, // U+2211
    { 12, 3, 224, 1, 11, 5, 30572 }, // U+2212
    { 12, 18, 224, 1, 18, 27, 30577 }, // U+2215
    { 15, 23, 244, 0, 20, 44, 30604 }, // U+221A
    { 21, 12, 374, 1, 14, 32, 30648 }, // U+221E
    { 10, 26, 146, -1, 20, 33, 30680 }, // U+222B
    { 5, 14, 115, 1, 16, 9, 30713 }, // U+2236
    { 14, 10, 224, 0, 14, 18, 30722 }, // U+2248
    { 11, 14, 265, 3, 14, 20, 30740 }, // U+2260
    { 12, 17, 224, 1, 18, 26, 30760 }, // U+2264
    { 12, 17, 224, 1, 18, 26, 30786 }, // U+2265
    { 35, 35, 556, 1, 27, 154, 30812 }, // U+2295
    { 35, 35, 556, 1, 27, 154, 30966 }, // U+2296
    { 35, 35, 556, 1, 27, 154, 31120 }, // U+2297
    { 35, 35, 556, 1, 27, 154, 31274 }, // U+2298
};

static const EpdUnicodeInterval golos_ui_12_mediumIntervals[] = {
    { 0x0, 0x0, 0x0 },
    { 0xD, 0xD, 0x1 },
    { 0x20, 0x7E, 0x2 },
    { 0xA0, 0xFF, 0x61 },
    { 0x100, 0x148, 0xC1 },
    { 0x14A, 0x17F, 0x10A },
    { 0x1A0, 0x1A1, 0x140 },
    { 0x1AF, 0x1B0, 0x142 },
    { 0x1C5, 0x21F, 0x144 },
    { 0x300, 0x304, 0x19F },
    { 0x306, 0x30C, 0x1A4 },
    { 0x30F, 0x30F, 0x1AB },
    { 0x312, 0x313, 0x1AC },
    { 0x315, 0x315, 0x1AE },
    { 0x31B, 0x31B, 0x1AF },
    { 0x323, 0x323, 0x1B0 },
    { 0x326, 0x328, 0x1B1 },
    { 0x32C, 0x32C, 0x1B4 },
    { 0x337, 0x338, 0x1B5 },
    { 0x342, 0x343, 0x1B7 },
    { 0x346, 0x36F, 0x1B9 },
    { 0x400, 0x479, 0x1E3 },
    { 0x480, 0x49D, 0x25D },
    { 0x4A0, 0x4FF, 0x27B },
    { 0x1EA0, 0x1EF9, 0x2DB },
    { 0x2000, 0x2027, 0x335 },
    { 0x202A, 0x2055, 0x35D },
    { 0x2057, 0x2057, 0x389 },
    { 0x205F, 0x2065, 0x38A },
    { 0x206A, 0x206F, 0x391 },
    { 0x2070, 0x2071, 0x397 },
    { 0x2074, 0x208E, 0x399 },
    { 0x2090, 0x209C, 0x3B4 },
    { 0x20A0, 0x20AF, 0x3C1 },
    { 0x20B1, 0x20B5, 0x3D1 },
    { 0x20B8, 0x20BA, 0x3D6 },
    { 0x20BC, 0x20BF, 0x3D9 },
    { 0x2190, 0x2199, 0x3DD },
    { 0x21A9, 0x21AA, 0x3E7 },
    { 0x21B0, 0x21B1, 0x3E9 },
    { 0x21B3, 0x21B5, 0x3EB },
    { 0x21BA, 0x21BB, 0x3EE },
    { 0x21D0, 0x21D0, 0x3F0 },
    { 0x21D2, 0x21D2, 0x3F1 },
    { 0x21D4, 0x21D4, 0x3F2 },
    { 0x21DE, 0x21DF, 0x3F3 },
    { 0x21E4, 0x21E5, 0x3F5 },
    { 0x21E7, 0x21E7, 0x3F7 },
    { 0x21EA, 0x21EA, 0x3F8 },
    { 0x2202, 0x2202, 0x3F9 },
    { 0x2205, 0x2206, 0x3FA },
    { 0x220F, 0x220F, 0x3FC },
    { 0x2211, 0x2212, 0x3FD },
    { 0x2215, 0x2215, 0x3FF },
    { 0x221A, 0x221A, 0x400 },
    { 0x221E, 0x221E, 0x401 },
    { 0x222B, 0x222B, 0x402 },
    { 0x2236, 0x2236, 0x403 },
    { 0x2248, 0x2248, 0x404 },
    { 0x2260, 0x2260, 0x405 },
    { 0x2264, 0x2265, 0x406 },
    { 0x2295, 0x2298, 0x408 },
};

static const uint16_t golos_ui_12_mediumKernLeftCodepoints[] = {
    0x0022, 0x0027, 0x002B, 0x002C, 0x002D, 0x002E, 0x0031, 0x0034, 0x003A, 0x003B, 0x003D, 0x003E,
    0x003F, 0x0040, 0x0041, 0x0042, 0x0043, 0x0044, 0x0045, 0x0046, 0x0047, 0x0048, 0x0049, 0x004A,
    0x004B, 0x004C, 0x004D, 0x004E, 0x004F, 0x0050, 0x0051, 0x0052, 0x0053, 0x0054, 0x0055, 0x0056,
    0x0057, 0x0058, 0x0059, 0x005A, 0x0061, 0x0062, 0x0063, 0x0064, 0x0065, 0x0066, 0x0068, 0x0069,
    0x006A, 0x006B, 0x006C, 0x006D, 0x006E, 0x006F, 0x0070, 0x0072, 0x0073, 0x0074, 0x0076, 0x0077,
    0x0078, 0x0079, 0x007A, 0x00B0, 0x00B1, 0x00C0, 0x00C1, 0x00C2, 0x00C3, 0x00C4, 0x00C5, 0x00C6,
    0x00C7, 0x00C8, 0x00C9, 0x00CA, 0x00CB, 0x00CC, 0x00CD, 0x00CE, 0x00CF, 0x00D0, 0x00D1, 0x00D2,
    0x00D3, 0x00D4, 0x00D5, 0x00D6, 0x00D8, 0x00D9, 0x00DA, 0x00DB, 0x00DC, 0x00DD, 0x00DE, 0x00DF,
    0x00E0, 0x00E1, 0x00E2, 0x00E3, 0x00E4, 0x00E5, 0x00E6, 0x00E7, 0x00E8, 0x00E9, 0x00EA, 0x00EB,
    0x00EC, 0x00ED, 0x00EE, 0x00EF, 0x00F0, 0x00F1, 0x00F2, 0x00F3, 0x00F4, 0x00F5, 0x00F6, 0x00F7,
    0x00F8, 0x00FD, 0x00FE, 0x00FF, 0x0100, 0x0101, 0x0102, 0x0103, 0x0104, 0x0105, 0x0106, 0x0107,
    0x0108, 0x0109, 0x010A, 0x010B, 0x010C, 0x010D, 0x010E, 0x010F, 0x0110, 0x0111, 0x0112, 0x0113,
    0x0114, 0x0115, 0x0116, 0x0117, 0x0118, 0x0119, 0x011A, 0x011B, 0x011C, 0x011D, 0x0124, 0x0125,
    0x0127, 0x0128, 0x0129, 0x012A, 0x012C, 0x012D, 0x012E, 0x0130, 0x0132, 0x0134, 0x0135, 0x0136,
    0x0137, 0x0138, 0x0139, 0x013B, 0x013D, 0x013E, 0x013F, 0x0140, 0x0141, 0x0142, 0x0143, 0x0144,
    0x0145, 0x0146, 0x0147, 0x0148, 0x014A, 0x014B, 0x014C, 0x014D, 0x014E, 0x014F, 0x0150, 0x0151,
    0x0152, 0x0153, 0x015A, 0x015B, 0x015C, 0x015D, 0x015E, 0x015F, 0x0160, 0x0161, 0x0162, 0x0163,
    0x0166, 0x0167, 0x0168, 0x0169, 0x016A, 0x016C, 0x016E, 0x0170, 0x0172, 0x0175, 0x0176, 0x0177,
    0x0178, 0x0179, 0x017A, 0x017B, 0x017C, 0x017D, 0x017E, 0x017F, 0x01A0, 0x01AF, 0x01B0, 0x01C5,
    0x01C6, 0x01C8, 0x01C9, 0x01CB, 0x01CC, 0x01CD, 0x01CE, 0x01CF, 0x01D0, 0x01D1, 0x01D2, 0x01D3,
    0x01D4, 0x01D5, 0x01D6, 0x01D7, 0x01D8, 0x01D9, 0x01DA, 0x01DB, 0x01DC, 0x01DD, 0x01DE, 0x01DF,
    0x01E0, 0x01E1, 0x01E2, 0x01E3, 0x01E4, 0x01E5, 0x01E6, 0x01E7, 0x01E8, 0x01E9, 0x01EA, 0x01EB,
    0x01EC, 0x01ED, 0x01F0, 0x01F1, 0x01F2, 0x01F3, 0x01F4, 0x01F5, 0x01F6, 0x01F8, 0x01F9, 0x01FA,
    0x01FB, 0x01FC, 0x01FD, 0x01FE, 0x01FF, 0x0200, 0x0201, 0x0202, 0x0203, 0x0204, 0x0205, 0x0206,
    0x0207, 0x0208, 0x0209, 0x020A, 0x020B, 0x020C, 0x020D, 0x020E, 0x020F, 0x0210, 0x0211, 0x0212,
    0x0213, 0x0214, 0x0215, 0x0216, 0x0217, 0x0218, 0x0219, 0x021E, 0x021F, 0x0400, 0x0401, 0x0402,
    0x0403, 0x0404, 0x0405, 0x0406, 0x0407, 0x0408, 0x0409, 0x040A, 0x040B, 0x040C, 0x040D, 0x040E,
    0x040F, 0x0410, 0x0411, 0x0412, 0x0413, 0x0414, 0x0415, 0x0416, 0x0417, 0x0418, 0x0419, 0x041A,
    0x041B, 0x041C, 0x041D, 0x041E, 0x041F, 0x0420, 0x0421, 0x0422, 0x0423, 0x0424, 0x0425, 0x0426,
    0x0427, 0x0428, 0x0429, 0x042A, 0x042B, 0x042C, 0x042D, 0x042E, 0x042F, 0x0430, 0x0431, 0x0432,
    0x0433, 0x0434, 0x0435, 0x0436, 0x0437, 0x0438, 0x0439, 0x043A, 0x043B, 0x043C, 0x043D, 0x043E,
    0x043F, 0x0440, 0x0441, 0x0442, 0x0443, 0x0444, 0x0445, 0x0446, 0x0447, 0x0448, 0x0449, 0x044A,
    0x044B, 0x044C, 0x044D, 0x044E, 0x044F, 0x0450, 0x0451, 0x0452, 0x0453, 0x0454, 0x0455, 0x0456,
    0x0457, 0x0458, 0x0459, 0x045A, 0x045B, 0x045C, 0x045D, 0x045E, 0x045F, 0x0460, 0x0462, 0x0463,
    0x0464, 0x0465, 0x0466, 0x0467, 0x0468, 0x046E, 0x0472, 0x0473, 0x0474, 0x0475, 0x0476, 0x0477,
    0x0479, 0x0481, 0x048A, 0x048B, 0x048C, 0x048D, 0x048E, 0x048F, 0x0490, 0x0491, 0x0492, 0x0493,
    0x0496, 0x0497, 0x0498, 0x0499, 0x049A, 0x049B, 0x049C, 0x049D, 0x04A0, 0x04A1, 0x04A2, 0x04A3,
    0x04A4, 0x04A6, 0x04A7, 0x04A9, 0x04AA, 0x04AB, 0x04AC, 0x04AD, 0x04AE, 0x04AF, 0x04B0, 0x04B1,
    0x04B2, 0x04B3, 0x04B5, 0x04B6, 0x04B7, 0x04B8, 0x04B9, 0x04BA, 0x04BD, 0x04BF, 0x04C0, 0x04C1,
    0x04C6, 0x04C7, 0x04C8, 0x04C9, 0x04CA, 0x04CB, 0x04CC, 0x04CD, 0x04CE, 0x04D0, 0x04D1, 0x04D2,
    0x04D3, 0x04D4, 0x04D6, 0x04D8, 0x04D9, 0x04DA, 0x04DB, 0x04DC, 0x04DD, 0x04DE, 0x04DF, 0x04E0,
    0x04E2, 0x04E3, 0x04E4, 0x04E5, 0x04E6, 0x04E7, 0x04E8, 0x04E9, 0x04EA, 0x04EB, 0x04ED, 0x04EE,
    0x04F0, 0x04F2, 0x04F4, 0x04F5, 0x04F6, 0x04F7, 0x04F8, 0x04F9, 0x04FA, 0x04FB, 0x04FC, 0x04FD,
    0x04FE, 0x04FF, 0x1EA0, 0x1EA1, 0x1EA2, 0x1EA3, 0x1EA4, 0x1EA5, 0x1EA6, 0x1EA7, 0x1EA8, 0x1EA9,
    0x1EAA, 0x1EAB, 0x1EAC, 0x1EAD, 0x1EAE, 0x1EAF, 0x1EB0, 0x1EB1, 0x1EB2, 0x1EB3, 0x1EB4, 0x1EB5,
    0x1EB6, 0x1EB7, 0x1EB8, 0x1EB9, 0x1EBA, 0x1EBB, 0x1EBC, 0x1EBD, 0x1EBE, 0x1EBF, 0x1EC0, 0x1EC1,
    0x1EC2, 0x1EC3, 0x1EC4, 0x1EC5, 0x1EC6, 0x1EC7, 0x1EC8, 0x1EC9, 0x1ECA, 0x1ECB, 0x1ECC, 0x1ECD,
    0x1ECE, 0x1ECF, 0x1ED0, 0x1ED1, 0x1ED2, 0x1ED3, 0x1ED4, 0x1ED5, 0x1ED6, 0x1ED7, 0x1ED8, 0x1ED9,
    0x1EDA, 0x1EDB, 0x1EDC, 0x1EDD, 0x1EDE, 0x1EDF, 0x1EE0, 0x1EE1, 0x1EE2, 0x1EE3, 0x1EE4, 0x1EE5,
    0x1EE6, 0x1EE7, 0x1EE8, 0x1EE9, 0x1EEA, 0x1EEB, 0x1EEC, 0x1EED, 0x1EEE, 0x1EEF, 0x1EF0, 0x1EF1,
    0x1EF2, 0x1EF3, 0x1EF4, 0x1EF5, 0x1EF6, 0x1EF7, 0x1EF8, 0x1EF9, 0x2013, 0x2014, 0x201A, 0x201E,
    0x2023, 0x2026, 0x2034, 0x203D, 0x2043, 0x204B, 0x204C, 0x204D, 0x204F, 0x2071, 0x2077, 0x207A,
    0x207B, 0x2080, 0x2085, 0x2086, 0x2088, 0x2089, 0x208A, 0x208B, 0x208C, 0x208D, 0x208E, 0x2090,
    0x2091, 0x2092, 0x2093, 0x2095, 0x2096, 0x2097, 0x2098, 0x2099, 0x209A, 0x209B, 0x209C, 0x20A1,
    0x20A7, 0x20A8, 0x20A9, 0x20AF, 0x20B2, 0x20B5, 0x20BF, 0x21D0, 0x221E, 0x2248, 0x2260,
};

static const uint8_t golos_ui_12_mediumKernLeftClassIds[] = {
      1,   1,   2,   3,   4,   3,   5,   6,   7,   8,   2,   2,   9,  10,  11,  12,
     13,  13,  14,  15,  13,  16,  16,  17,  18,  19,  16,  16,  13,  20,  21,  22,
     23,  24,  17,  25,  26,  18,  27,  28,  29,  30,  31,  32,  30,  33,  29,  32,
     32,  34,  35,  29,  29,  30,  30,  36,  37,  38,  39,  40,  34,  39,  41,  42,
      2,  11,  11,  11,  11,  11,  11,  14,  13,  14,  14,  14,  14,  16,  43,  43,
     44,  13,  16,  13,  13,  13,  13,  13,  45,  17,  17,  17,  17,  27,  46,  47,
     29,  29,  29,  29,  29,  29,  30,  48,  30,  30,  30,  30,  32,  49,  49,  49,
     30,  29,  30,  30,  30,  30,  30,   2,  50,  39,  30,  39,  11,  29,  11,  29,
     11,  29,  13,  31,  51,  52,  13,  31,  13,  31,  13,  53,  13,  32,  14,  30,
     54,  52,  14,  30,  14,  30,  14,  30,  55,  56,  57,  58,  29,  59,  60,  44,
     59,  61,  44,  44,  17,  62,  63,  18,  34,  64,  19,  19,  19,  65,  66,  57,
     19,  67,  16,  29,  16,  29,  16,  29,  16,  29,  13,  30,  68,  52,  13,  30,
     14,  30,  23,  37,  69,  70,  23,  37,  23,  37,  71,  72,  73,  72,  62,  74,
     17,  17,  17,  17,  17,  39,  27,  39,  27,  28,  41,  28,  41,  28,  41,  75,
     76,  77,  78,  79,  80,  81,  81,  81,  81,  82,  58,  83,  84,  68,  52,  62,
     74,  62,  74,  62,  74,  62,  74,  62,  74,  85,  82,  58,  82,  58,  54,  86,
     55,  56,  55,  56,  87,  64,  68,  52,  68,  52,  81,  88,  80,  80,  55,  56,
     89,  57,  58,  82,  58,  54,  86,  68,  52,  82,  58,  82,  58,  54,  52,  54,
     52,  90,  91,  59,  92,  68,  52,  68,  52,  93,  94,  93,  94,  62,  74,  62,
     74,  23,  37,  57,  58,  54,  95,  96,  97,  98,  99, 100, 101, 102,  96,  96,
    103, 104,  57, 105, 100, 106, 107, 108,  97, 109,  95, 104, 108, 100, 100, 104,
    100, 100, 100, 110, 100, 111, 112, 113, 105, 110, 104, 109, 100, 100, 109,  96,
    100,  96, 110, 110, 100, 114, 115, 116, 117, 118, 115, 119, 116, 120, 120, 119,
    120, 120, 120, 115, 120, 115, 121, 122, 123, 115, 119, 118, 120, 120, 118, 124,
    120, 124, 115, 115, 120,  52, 115, 114, 122, 125, 126, 100, 127, 100, 124, 124,
    114, 119,  58, 123, 120,  57,  52,  52,  51,  52,  82,  82,  82, 128,  68,  52,
    129, 130, 129, 130, 131,  52,  57,  72,  52,  52, 132,  52,  97, 133,  97, 122,
    104, 119, 108, 116, 104, 119, 104, 119, 104, 119, 109, 118,  97,  52, 134,  86,
    110, 121, 135,  94, 136, 137, 105, 123, 104, 119, 138, 109, 118, 100, 120, 139,
     52,  86, 100, 140,  72, 100, 120,  72,  72, 100, 120,  57,  72, 106, 114, 106,
    114,  95,  95, 110, 115, 110, 115, 104, 119, 108, 116, 141, 100, 120, 100, 120,
    110, 115, 110, 115, 110, 115,  52, 105, 105, 105, 100, 120, 135,  94, 100, 120,
    135,  94, 140, 142, 140, 142,  82,  58,  82,  58,  82,  58,  82,  58,  82,  58,
     82,  58,  82,  58,  82,  58,  82,  58,  82,  58,  82,  58,  82,  58,  54,  52,
     54,  52,  54,  52,  54,  52,  54,  52,  54,  52,  54,  52,  54,  52,  57,  91,
     57, 143,  68,  52,  68,  52,  68,  52,  68,  52,  68, 144,  68,  52,  68,  52,
     68,  52,  68,  52,  68,  52,  68,  52,  68,  52,  62,  74,  62,  74, 145,  74,
    145,  74, 145,  78, 145,  74, 145,  74,  27,  39, 146, 130, 146, 130, 146, 130,
      4,   4, 147, 147, 148,   3, 149, 150, 148, 132,  58, 148, 151, 152, 153, 154,
    154, 155, 156, 155, 155, 155, 155, 155, 155, 155, 155, 155, 155, 155, 155, 155,
    155, 155, 155, 155, 155, 155, 155,  51,  72,  70, 145,  52,  55,  51, 128, 157,
     66,   2, 157,
};

static const uint16_t golos_ui_12_mediumKernRightCodepoints[] = {
    0x0022, 0x0027, 0x002C, 0x002D, 0x002E, 0x0034, 0x0037, 0x003A, 0x003B, 0x003F, 0x0040, 0x0041,
    0x0043, 0x0047, 0x004A, 0x004F, 0x0051, 0x0053, 0x0054, 0x0055, 0x0056, 0x0057, 0x0058, 0x0059,
    0x005A, 0x0061, 0x0062, 0x0063, 0x0064, 0x0065, 0x0066, 0x0067, 0x0068, 0x0069, 0x006A, 0x006B,
    0x006C, 0x006D, 0x006E, 0x006F, 0x0070, 0x0071, 0x0072, 0x0073, 0x0074, 0x0075, 0x0076, 0x0077,
    0x0078, 0x0079, 0x007A, 0x00B0, 0x00C0, 0x00C1, 0x00C2, 0x00C3, 0x00C4, 0x00C5, 0x00C6, 0x00C7,
    0x00CC, 0x00CE, 0x00CF, 0x00D0, 0x00D2, 0x00D3, 0x00D4, 0x00D5, 0x00D6, 0x00D8, 0x00D9, 0x00DA,
    0x00DB, 0x00DC, 0x00DD, 0x00DF, 0x00E0, 0x00E1, 0x00E2, 0x00E3, 0x00E4, 0x00E5, 0x00E6, 0x00E7,
    0x00E8, 0x00E9, 0x00EA, 0x00EB, 0x00EC, 0x00ED, 0x00EE, 0x00EF, 0x00F0, 0x00F1, 0x00F2, 0x00F3,
    0x00F4, 0x00F5, 0x00F6, 0x00F8, 0x00F9, 0x00FA, 0x00FB, 0x00FC, 0x00FD, 0x00FE, 0x00FF, 0x0100,
    0x0101, 0x0102, 0x0103, 0x0104, 0x0105, 0x0106, 0x0107, 0x0108, 0x0109, 0x010A, 0x010B, 0x010C,
    0x010D, 0x010F, 0x0111, 0x0113, 0x0114, 0x0115, 0x0117, 0x0119, 0x011B, 0x011C, 0x011D, 0x011F,
    0x0121, 0x0123, 0x0124, 0x0125, 0x0128, 0x0129, 0x012A, 0x012C, 0x012D, 0x012E, 0x0130, 0x0133,
    0x0134, 0x0135, 0x0137, 0x0138, 0x013A, 0x013C, 0x0140, 0x0141, 0x0142, 0x0144, 0x0146, 0x0148,
    0x014B, 0x014C, 0x014D, 0x014E, 0x014F, 0x0150, 0x0151, 0x0152, 0x0153, 0x0155, 0x0157, 0x0159,
    0x015A, 0x015C, 0x015D, 0x015E, 0x0160, 0x0161, 0x0162, 0x0163, 0x0166, 0x0167, 0x0168, 0x0169,
    0x016A, 0x016B, 0x016C, 0x016D, 0x016E, 0x016F, 0x0170, 0x0171, 0x0172, 0x0173, 0x0175, 0x0176,
    0x0177, 0x0178, 0x0179, 0x017B, 0x017D, 0x017E, 0x017F, 0x01A0, 0x01A1, 0x01AF, 0x01B0, 0x01C5,
    0x01C6, 0x01C8, 0x01C9, 0x01CB, 0x01CC, 0x01CD, 0x01CE, 0x01CF, 0x01D0, 0x01D1, 0x01D2, 0x01D3,
    0x01D4, 0x01D5, 0x01D6, 0x01D7, 0x01D8, 0x01D9, 0x01DA, 0x01DB, 0x01DC, 0x01DD, 0x01DE, 0x01DF,
    0x01E0, 0x01E1, 0x01E2, 0x01E3, 0x01E4, 0x01E5, 0x01E6, 0x01E7, 0x01E8, 0x01E9, 0x01EA, 0x01EB,
    0x01EC, 0x01ED, 0x01EF, 0x01F0, 0x01F2, 0x01F3, 0x01F4, 0x01F5, 0x01F6, 0x01F8, 0x01F9, 0x01FA,
    0x01FB, 0x01FC, 0x01FD, 0x01FE, 0x01FF, 0x0200, 0x0201, 0x0202, 0x0203, 0x0204, 0x0205, 0x0206,
    0x0207, 0x0208, 0x0209, 0x020A, 0x020B, 0x020C, 0x020D, 0x020E, 0x020F, 0x0210, 0x0211, 0x0212,
    0x0213, 0x0214, 0x0215, 0x0216, 0x0217, 0x0218, 0x021E, 0x021F, 0x0400, 0x0402, 0x0404, 0x0405,
    0x0407, 0x0408, 0x0409, 0x040B, 0x040D, 0x040E, 0x0410, 0x0414, 0x0416, 0x0417, 0x041B, 0x041E,
    0x0421, 0x0422, 0x0423, 0x0424, 0x0425, 0x0427, 0x042A, 0x042D, 0x042F, 0x0430, 0x0431, 0x0432,
    0x0433, 0x0434, 0x0435, 0x0436, 0x0437, 0x0438, 0x0439, 0x043A, 0x043B, 0x043C, 0x043D, 0x043E,
    0x043F, 0x0440, 0x0441, 0x0442, 0x0443, 0x0444, 0x0445, 0x0446, 0x0447, 0x0448, 0x0449, 0x044A,
    0x044B, 0x044C, 0x044D, 0x044E, 0x044F, 0x0450, 0x0451, 0x0452, 0x0453, 0x0454, 0x0455, 0x0456,
    0x0457, 0x0458, 0x0459, 0x045A, 0x045B, 0x045C, 0x045D, 0x045E, 0x045F, 0x0460, 0x0463, 0x0464,
    0x0465, 0x0466, 0x0467, 0x0468, 0x046C, 0x046E, 0x0472, 0x0473, 0x0474, 0x0475, 0x0476, 0x0477,
    0x0478, 0x0479, 0x0481, 0x048A, 0x048B, 0x048D, 0x048E, 0x048F, 0x0491, 0x0495, 0x0496, 0x0497,
    0x0499, 0x049B, 0x049D, 0x04A0, 0x04A1, 0x04A3, 0x04A5, 0x04A6, 0x04A7, 0x04A9, 0x04AA, 0x04AB,
    0x04AC, 0x04AD, 0x04AE, 0x04AF, 0x04B0, 0x04B1, 0x04B2, 0x04B4, 0x04B5, 0x04B6, 0x04B7, 0x04B8,
    0x04B9, 0x04BD, 0x04C1, 0x04C4, 0x04C6, 0x04C8, 0x04C9, 0x04CA, 0x04CB, 0x04CC, 0x04CD, 0x04CE,
    0x04D0, 0x04D1, 0x04D2, 0x04D3, 0x04D4, 0x04D5, 0x04D7, 0x04D8, 0x04D9, 0x04DA, 0x04DB, 0x04DC,
    0x04DD, 0x04DF, 0x04E1, 0x04E3, 0x04E5, 0x04E6, 0x04E7, 0x04E8, 0x04E9, 0x04EA, 0x04EB, 0x04ED,
    0x04EE, 0x04F0, 0x04F2, 0x04F4, 0x04F5, 0x04F7, 0x04F9, 0x04FB, 0x04FC, 0x04FD, 0x04FE, 0x04FF,
    0x1EA0, 0x1EA1, 0x1EA2, 0x1EA3, 0x1EA4, 0x1EA5, 0x1EA6, 0x1EA7, 0x1EA8, 0x1EA9, 0x1EAA, 0x1EAB,
    0x1EAC, 0x1EAD, 0x1EAE, 0x1EAF, 0x1EB0, 0x1EB1, 0x1EB2, 0x1EB3, 0x1EB4, 0x1EB5, 0x1EB6, 0x1EB7,
    0x1EB8, 0x1EB9, 0x1EBA, 0x1EBB, 0x1EBC, 0x1EBD, 0x1EBE, 0x1EBF, 0x1EC0, 0x1EC1, 0x1EC2, 0x1EC3,
    0x1EC4, 0x1EC5, 0x1EC6, 0x1EC7, 0x1EC8, 0x1EC9, 0x1ECA, 0x1ECB, 0x1ECC, 0x1ECD, 0x1ECE, 0x1ECF,
    0x1ED0, 0x1ED1, 0x1ED2, 0x1ED3, 0x1ED4, 0x1ED5, 0x1ED6, 0x1ED7, 0x1ED8, 0x1ED9, 0x1EDA, 0x1EDB,
    0x1EDC, 0x1EDD, 0x1EDE, 0x1EDF, 0x1EE0, 0x1EE1, 0x1EE2, 0x1EE3, 0x1EE4, 0x1EE5, 0x1EE6, 0x1EE7,
    0x1EE8, 0x1EE9, 0x1EEA, 0x1EEB, 0x1EEC, 0x1EED, 0x1EEE, 0x1EEF, 0x1EF0, 0x1EF1, 0x1EF2, 0x1EF3,
    0x1EF4, 0x1EF5, 0x1EF6, 0x1EF7, 0x1EF8, 0x1EF9, 0x2013, 0x2014, 0x2018, 0x2019, 0x201C, 0x201D,
    0x2023, 0x2026, 0x2034, 0x203D, 0x2043, 0x204A, 0x204B, 0x204C, 0x204D, 0x204F, 0x2077, 0x2079,
    0x207E, 0x207F, 0x2080, 0x2086, 0x2087, 0x2088, 0x2089, 0x208A, 0x208B, 0x208C, 0x208D, 0x208E,
    0x2091, 0x2092, 0x2093, 0x2095, 0x2096, 0x2097, 0x2098, 0x2099, 0x209A, 0x209B, 0x209C, 0x20A1,
    0x20A7, 0x20A8, 0x20AB, 0x20B2, 0x20B5, 0x20BF, 0x21D2, 0x221E, 0x222B, 0x2236, 0x2260,
};

static const uint8_t golos_ui_12_mediumKernRightClassIds[] = {
      1,   1,   2,   3,   2,   4,   5,   6,   6,   7,   8,   9,  10,  10,  11,  10,
     10,  12,  13,  14,  15,  16,  17,  18,  19,  20,  21,  22,  22,  22,  23,  22,
     21,  21,  21,  21,  24,  25,  25,  22,  25,  22,  25,  26,  27,  28,  29,  30,
     31,  29,  32,  33,   9,   9,   9,   9,   9,   9,  34,  10,  35,  35,  36,  37,
     10,  10,  10,  10,  10,  38,  14,  14,  14,  14,  18,  21,  39,  20,  39,  39,
     39,  39,  20,  22,  40,  22,  40,  40,  41,  21,  42,  41,  43,  44,  40,  22,
     40,  40,  40,  45,  46,  28,  46,  46,  29,  21,  47,   9,  20,   9,  20,   9,
     20,  10,  22,  48,  49,  10,  22,  10,  22,  22,  22,  22,  50,  49,  22,  22,
     22,  48,  49,  22,  22,  22,  50,  50,  51,  52,  36,  51,  53,  36,  36,  21,
     54,  55,  21,  56,  21,  21,  50,  57,  58,  25,  25,  25,  25,  10,  22,  48,
     49,  10,  22,  10,  22,  25,  25,  25,  12,  59,  60,  12,  12,  61,  62,  63,
     64,  63,  65,  66,  14,  28,  14,  28,  14,  28,  14,  28,  14,  28,  29,  18,
     29,  18,  19,  19,  19,  67,  50,  48,  49,  65,  68,  69,  49,  50,  50,  50,
     56,  70,  71,  50,  72,  48,  49,  65,  68,  65,  68,  65,  68,  65,  68,  65,
     68,  73,  70,  71,  70,  71,  70,  71,  48,  49,  48,  49,  50,  50,  48,  49,
     48,  49,  63,  74,  50,  73,  48,  49,  69,  50,  56,  70,  71,  70,  71,  48,
     49,  70,  71,  70,  71,  50,  49,  50,  49,  51,  75,  51,  76,  48,  49,  48,
     49,  50,  56,  50,  56,  65,  68,  65,  68,  12,  50,  50,  50,  77,  78,  79,
     80,  81,  82,  77,  50,  83,  84,  85,  86,  78,  82,  78,  78,  77,  83,  78,
     87,  88,  77,  78,  89,  90,  91,  92,  92,  93,  94,  95,  96,  92,  97,  92,
     98,  92,  92,  94,  92,  92,  94,  99, 100,  94,  95,  92, 101,  92,  92, 102,
     92,  92,  96,  92, 103,  49, 104, 105,  92,  94, 106, 107, 108, 107, 109,  92,
    105,  92,  56, 110,  92,  50,  63,  50,  56,  70,  70,  50,  50,  50,  48,  49,
    111, 112, 111, 112,  48,  49,  49,  69,  56,  63,  50,  56,  92,  92,  87,  95,
     94,  92,  92,  77,  99,  92,  92,  50,  56,  49,  78,  94,  62,  63, 113, 114,
    113, 100,  87,  62,  63,  88, 101,  88, 101,  63, 115,  92, 116,  92,  50,  56,
     88, 101,  50,  56,  84,  90,  84,  90,  84,  90,  94,  78,  94,  78,  94,  87,
     95,  94,  63,  92,  92,  78,  94,  78,  94,  78,  94,  49,  83,  83,  83,  88,
    101,  56,  92,  63, 115, 117, 115, 117,  70,  71,  70,  71,  70,  71,  70,  71,
     70,  71,  70,  71,  70,  71,  70,  71,  70,  71,  70,  71,  70,  71,  70,  71,
     50,  49,  50,  49,  50,  49,  50,  49,  50,  49,  50,  49,  50,  49,  50,  49,
     50,  72,  50,  72,  48,  49,  48,  49,  48,  49,  48,  49,  48,  49,  48,  49,
     48,  49,  48,  49,  48,  49,  48,  49,  48,  49,  48,  49,  65,  68,  65,  68,
     65,  68,  65,  68,  65,  68,  65,  68,  65,  68,  18,  29, 118, 112, 118, 112,
    118, 112,   3,   3, 119, 119, 119, 119, 120,   2, 121, 122, 120,  63,  50, 120,
     56, 123, 124, 125, 126, 127, 128, 128, 129, 128, 128, 128, 128, 128, 128, 128,
    128, 128, 128, 128, 128, 128, 128, 128, 128, 128, 128,  48,  50,  50,  49,  48,
     48,  50, 130, 131,  74, 123, 130,
};

static const uint16_t golos_ui_12_mediumKernRowOffsets[] = {
        0,    45,    46,    99,   122,   123,   124,   129,   135,   136,   140,   174,   190,   202,   220,   245,
      247,   252,   286,   320,   349,   353,   380,   398,   437,   474,   509,   550,   574,   580,   591,   600,
      602,   619,   637,   656,   674,   678,   693,   714,   735,   749,   750,   752,   754,   766,   784,   792,
      801,   809,   820,   825,   836,   841,   845,   854,   856,   862,   868,   872,   887,   902,   904,   908,
      912,   917,   918,   934,   941,   947,   951,   972,   985,  1006,  1010,  1020,  1021,  1023,  1027,  1031,
     1035,  1039,  1053,  1059,  1063,  1074,  1076,  1091,  1092,  1096,  1100,  1104,  1119,  1127,  1147,  1163,
     1185,  1217,  1230,  1249,  1250,  1251,  1258,  1263,  1293,  1329,  1359,  1379,  1397,  1427,  1440,  1468,
     1481,  1516,  1523,  1536,  1547,  1565,  1583,  1600,  1601,  1611,  1629,  1648,  1663,  1674,  1681,  1685,
     1690,  1706,  1719,  1732,  1736,  1755,  1763,  1784,  1820,  1840,  1845,  1867,  1877,  1878,  1884,  1888,
     1899,  1900,  1919,  1960,  1966,  1981,  1982,  1985,  1986,  1989,  1990,  1997,  1998,  2006,
};

static const uint8_t golos_ui_12_mediumKernSparseCols[] = {
      8,  10,  12,  14,  15,  17,  21,  22,  26,  28,  29,  30,  31,  33,  36,  39,
     40,  41,  42,  44,  46,  56,  66,  76,  80,  81,  82,  83,  84,  87,  92,  93,
     94,  95,  97,  98,  99, 100, 101, 103, 104, 107, 108, 109, 113,   4,   8,   9,
     10,  11,  12,  13,  14,  15,  17,  21,  22,  23,  26,  27,  28,  29,  30,  31,
     33,  36,  37,  39,  42,  44,  45,  46,  56,  57,  66,  76,  77,  78,  80,  81,
     82,  83,  84,  87,  90,  92,  93,  94,  95,  97,  98,  99, 100, 101, 103, 108,
    109, 112, 113,   4,  12,  17,  28,  29,  30,  31,  46,  57,  66,  76,  82,  92,
     94,  97,  98,  99, 100, 101, 108, 109, 112, 113,  32,  32,  12,  14,  17,  76,
     82,  12,  14,  17,  76,  82, 112,   1,  28,  29,  30,  46,   0,   1,   6,   8,
      9,  10,  11,  12,  13,  14,  15,  16,  17,  18,  21,  22,  23,  26,  27,  28,
     29,  30,  31,  33,  36,  37,  39,  42,  44,  45,  46,  57,  66, 118,   0,   1,
      8,   9,  12,  14,  15,  16,  17,  28,  29,  30,  33,  37,  46,  56,   1,   8,
     12,  14,  15,  16,  17,  30,  31,  33,  57,  66,   0,   9,  12,  14,  15,  17,
     19,  21,  28,  29,  37,  38,  39,  40,  41,  42,  44,  46,   0,   1,   8,   9,
     10,  11,  12,  14,  15,  17,  19,  21,  25,  30,  31,  33,  37,  38,  39,  40,
     41,  42,  44,  57,  66,  40,  41,   1,   8,  33,  40,  41,   6,   8,   9,  11,
     12,  14,  15,  16,  17,  19,  21,  22,  23,  25,  26,  27,  28,  29,  30,  33,
     36,  37,  38,  39,  40,  41,  42,  44,  45,  46,  56,  57,  60, 118,   0,   1,
      6,   8,   9,  10,  12,  13,  14,  15,  16,  17,  18,  19,  21,  22,  23,  26,
     27,  28,  29,  30,  31,  33,  36,  37,  38,  39,  42,  45,  46,  57,  66, 118,
      0,   1,   8,  10,  12,  14,  16,  17,  19,  21,  22,  25,  26,  28,  29,  30,
     31,  33,  36,  38,  39,  40,  41,  42,  44,  46,  60,  66, 118,   1,  30,  33,
     57,   6,   9,  10,  11,  12,  13,  14,  15,  17,  19,  21,  23,  25,  27,  30,
     31,  33,  37,  38,  39,  42,  44,  45,  56,  57,  60,  66,   1,   8,  12,  14,
     15,  16,  17,  22,  26,  28,  29,  30,  31,  33,  36,  46,  56,  66,   0,   1,
      2,   5,   8,   9,  10,  11,  12,  14,  15,  16,  17,  19,  21,  22,  24,  25,
     26,  27,  28,  29,  30,  31,  33,  36,  37,  38,  39,  40,  41,  42,  43,  44,
     45,  46,  56,  57,  66,   0,   1,   5,   8,   9,  10,  11,  12,  14,  15,  16,
     17,  18,  19,  21,  22,  24,  25,  26,  27,  30,  31,  33,  36,  37,  38,  39,
     40,  41,  42,  43,  44,  45,  56,  57,  60,  66,   0,   1,   8,   9,  10,  11,
     12,  14,  15,  16,  17,  18,  19,  21,  22,  24,  25,  27,  30,  31,  33,  36,
     37,  38,  39,  40,  41,  42,  43,  44,  45,  56,  57,  60,  66,   0,   1,   2,
      5,   8,   9,  10,  11,  12,  14,  15,  16,  17,  18,  19,  21,  22,  24,  25,
     26,  27,  28,  29,  30,  31,  33,  36,  37,  38,  39,  40,  41,  42,  43,  44,
     45,  46,  56,  57,  60,  66,   0,   8,  14,  15,  17,  18,  21,  22,  26,  27,
     28,  29,  31,  33,  36,  39,  40,  41,  42,  44,  45,  46,  57,  66,   0,  12,
     28,  29,  46, 118,   0,   1,  22,  28,  29,  30,  31,  46,  57,  66, 118,   0,
      1,  22,  28,  29,  30,  46,  57, 118,  40,  41,   0,   1,   2,  19,  21,  22,
     26,  28,  29,  38,  39,  40,  41,  42,  44,  46, 118,   0,   1,   2,   7,  19,
     21,  25,  26,  28,  29,  30,  38,  39,  42,  44,  46,  57,  60,   0,   1,   2,
     21,  22,  25,  26,  28,  29,  30,  31,  39,  42,  44,  46,  57,  60,  66, 118,
      0,   1,   2,  19,  21,  22,  26,  28,  29,  30,  31,  38,  39,  42,  44,  46,
     66, 118,  28,  29,  30,  46,   0,   1,   2,  21,  26,  28,  29,  30,  31,  39,
     42,  44,  46,  57,  66,   0,   1,   2,   7,  19,  21,  22,  25,  26,  28,  29,
     30,  31,  38,  39,  42,  44,  46,  60,  66, 118,   0,   1,   2,   7,  19,  21,
     22,  25,  26,  28,  29,  30,  31,  38,  39,  42,  44,  46,  60,  66, 118,   0,
      1,   2,  21,  26,  28,  29,  31,  39,  42,  44,  46,  57,  66,   3,  34,  35,
     34,  35,   1,   8,  12,  14,  15,  16,  17,  30,  31,  33,  57,  66,   1,   6,
      8,  12,  14,  15,  16,  17,  18,  28,  29,  30,  33,  36,  46,  56,  57, 118,
      0,   1,  22,  26,  28,  29,  30,  46,   0,   1,  22,  28,  29,  30,  46,  57,
    118,   0,  20,  22,  23,  40,  41,  57, 118,   0,   1,  22,  28,  29,  30,  31,
     46,  57,  66, 118,  51,  52,  69,  75, 114,  61,  63,  69,  70,  74, 110, 111,
    114, 116, 117, 120,  20,  22,  23,  24,  57,  51,  52,  74,  75,  51,  52,  61,
     63,  69,  75, 110, 114, 117,  61,  63,  51,  52,  62,  74,  75, 111,  61,  63,
    110, 111, 117, 120,  51,  52,  74,  75,  49,  50,  51,  52,  54,  55,  61,  62,
     63,  68,  71,  73,  74,  75, 110,  49,  50,  51,  52,  54,  55,  61,  62,  63,
     68,  71,  73,  74,  75, 110,  69,  74,  51,  52,  74,  75,  48,  61,  63,  72,
     20,  22,  23,  24,  57, 117,   0,   1,   2,  21,  22,  26,  28,  29,  30,  31,
     39,  42,  44,  46,  57,  66,  61,  63,  69, 110, 114, 117, 127,  51,  52,  61,
     63,  75, 114,  61,  63, 110, 117,  47,  48,  51,  52,  53,  55,  59,  62,  65,
     67,  69,  70,  72,  74,  75, 111, 116, 117, 119, 122, 129,  48,  54,  59,  61,
     63,  70,  72,  73,  74, 110, 111, 117, 119,  47,  48,  51,  52,  53,  55,  59,
     62,  65,  67,  69,  70,  72,  74,  75, 111, 116, 117, 119, 122, 129,  61,  63,
    117, 120,  48,  55,  59,  62,  65,  67,  70,  72, 111, 116,  69,  61,  63,  48,
     62,  72, 111,  48,  61,  63,  72,  48,  61,  63,  72,  51,  52,  74,  75,  47,
     61,  62,  63,  64,  69,  71, 110, 111, 117, 119, 120, 121, 129,  51,  52,  62,
     74,  75, 111,  51,  52,  74,  75,  61,  63,  69,  70,  74, 110, 111, 114, 116,
    117, 120,  61,  63,  47,  48,  51,  52,  58,  65,  67,  71,  72,  74,  75, 111,
    119, 129, 130,  74,  61,  63, 117, 120,  51,  52,  74,  75,  51,  52,  74,  75,
     49,  50,  51,  52,  54,  55,  61,  62,  63,  68,  71,  73,  74,  75, 110,  48,
     51,  52,  70,  72,  75, 110, 117,  48,  49,  51,  52,  53,  54,  55,  61,  62,
     63,  68,  69,  71,  72,  73,  75, 111, 115, 116, 120,   0,  76,  77,  82,  90,
     92,  93,  95,  97,  99, 100, 103, 107, 108, 109, 113,   0,  76,  80,  82,  83,
     85,  86,  87,  88,  89,  90,  93,  94,  95,  98,  99, 101, 103, 104, 109, 112,
    113,   0,   1,  76,  77,  78,  80,  81,  82,  83,  84,  85,  86,  88,  89,  90,
     91,  92,  93,  94,  95,  96,  97,  98,  99, 100, 101, 102, 103, 107, 108, 109,
    113,   1,  76,  82,  83,  84,  85,  86,  88,  92,  94,  97, 108, 112,   1,  76,
     82,  83,  85,  86,  88,  92,  94,  97,  98,  99, 100, 101, 102, 104, 108, 109,
    113, 107,  79,   1,  83,  84,  88,  92,  97, 108,   0,  76,  82,  87, 118,  76,
     77,  78,  81,  82,  83,  84,  85,  86,  87,  89,  90,  92,  93,  94,  95,  97,
     98,  99, 100, 101, 102, 103, 104, 105, 107, 108, 109, 113, 118,   0,   1,   2,
      5,  76,  77,  78,  80,  81,  82,  83,  84,  85,  86,  88,  89,  90,  91,  92,
     93,  94,  95,  96,  97,  98,  99, 100, 101, 102, 103, 104, 105, 107, 108, 109,
    113,   0,   1,  76,  77,  78,  80,  81,  82,  83,  84,  85,  86,  87,  90,  92,
     93,  94,  95,  97,  98,  99, 100, 101, 102, 103, 108, 109, 112, 113, 118,   0,
     76,  80,  82,  83,  85,  86,  92,  94,  97,  98,  99, 101, 102, 104, 108, 109,
    112, 113, 118,   0,   1,  76,  77,  82,  83,  85,  86,  92,  94,  97,  99, 102,
    108, 109, 112, 113, 118,   1,  76,  77,  80,  81,  82,  83,  84,  85,  86,  87,
     88,  90,  92,  93,  94,  95,  97,  98,  99, 100, 101, 102, 103, 104, 108, 109,
    112, 113, 118,   1,  76,  82,  83,  84,  85,  86,  88,  92,  94,  97, 108, 112,
      0,   1,  76,  80,  81,  82,  83,  84,  85,  86,  89,  92,  93,  94,  95,  97,
     98,  99, 101, 103, 104, 105, 107, 108, 109, 112, 113, 118,   1,  76,  82,  83,
     84,  85,  86,  88,  92,  94,  97, 108, 112,   0,   1,   2,   5,  76,  77,  78,
     80,  81,  82,  83,  84,  85,  86,  88,  89,  90,  91,  92,  93,  94,  95,  96,
     97,  98,  99, 100, 101, 102, 103, 105, 107, 108, 109, 113,   0,  76,  98,  99,
    101, 109, 113,   0,   1,  92,  94,  97,  98,  99, 101, 104, 108, 109, 113, 118,
      0,   1,   2,  94,  98,  99, 101, 104, 109, 113, 118,   0,   1,   2,  89,  92,
     93,  95,  97,  98,  99, 101, 102, 103, 105, 108, 109, 113, 118,   1,  89,  92,
     93,  94,  95,  97,  98,  99, 100, 101, 102, 103, 104, 108, 109, 113, 118,   0,
      1,   2,  89,  90,  92,  93,  94,  95,  97,  99, 100, 103, 105, 108, 109, 113,
     76,   0,   1,  92,  94,  99, 101, 108, 109, 113, 118,   0,   1,   2,  89,  92,
     93,  95,  97,  98,  99, 101, 102, 103, 105, 108, 109, 113, 118,   0,   1,   2,
     89,  92,  93,  94,  95,  97,  98,  99, 100, 101, 102, 105, 108, 109, 113, 118,
      0,   2,  93,  94,  95,  97,  98,  99, 100, 101, 103, 108, 109, 113, 118,   0,
      1,  92,  94,  97,  99, 101, 108, 109, 113, 118,  94,  98,  99, 101, 104, 109,
    113,   0, 106, 107, 118,  51,  52,  61,  63,  75,  47,  48,  51,  52,  53,  59,
     69,  70,  72,  74,  75, 110, 119, 122, 127, 129,  48,  49,  53,  61,  62,  63,
     68,  69,  70,  72, 115, 117, 129,  48,  51,  52,  53,  59,  62,  69,  70,  72,
     74,  75, 117, 119,  48,  53,  69,  72,   0,   1,   2,  89,  92,  93,  95,  97,
     98,  99, 101, 102, 103, 105, 107, 108, 109, 113, 118,  61,  62,  63, 110, 111,
    114, 116, 117,  47,  48,  51,  52,  53,  55,  59,  62,  65,  67,  69,  70,  72,
     74,  75, 111, 116, 117, 119, 122, 129,   0,   1,   2,   5,  76,  77,  78,  80,
     81,  82,  83,  84,  85,  86,  88,  89,  90,  91,  92,  93,  94,  95,  96,  97,
     98,  99, 100, 101, 102, 103, 104, 105, 107, 108, 109, 113,   0,   1,   2,  89,
     92,  93,  94,  95,  97,  98,  99, 100, 101, 102, 103, 105, 108, 109, 113, 118,
     48,  62,  72, 111, 120,   0,  76,  80,  82,  83,  85,  86,  87,  88,  89,  90,
     93,  94,  95,  98,  99, 101, 103, 104, 109, 112, 113,  47,  48,  58,  61,  63,
     70,  72,  74, 119, 129, 114,  48,  61,  62,  63,  72, 129,  51,  52,  74,  75,
     61,  63,  69,  70,  74, 110, 111, 114, 116, 117, 120,  74,  47,  48,  53,  55,
     59,  61,  63,  65,  67,  69,  70,  71,  72,  74, 119, 122, 127, 129, 130,   8,
      9,  10,  12,  13,  14,  15,  17,  21,  22,  26,  27,  28,  29,  33,  36,  37,
     39,  42,  44,  46,  57,  76,  77,  80,  81,  82,  83,  84,  87,  90,  92,  93,
     95,  98,  99, 100, 101, 103, 109, 113,  61,  63,  69, 110, 114, 117,  47,  48,
     53,  55,  59,  62,  65,  67,  69,  70,  72, 111, 115, 122, 129,  69,  61,  63,
    110, 125, 123, 124, 126, 123,  47,  61,  63, 110, 111, 117, 128, 127,  61,  63,
     69, 110, 111, 114, 116, 117,
};

static const int8_t golos_ui_12_mediumKernSparseValues[] = {
     -30,  -30,   12,   12,    8,   12,   -4,    8,   12,   15,   27,    8,    8,  -38,   -8,   -4,
      30,   30,   -4,   -8,   15,   -8,    8,   12,  -30,  -27,   12,  -30,  -23,    8,  -19,   -4,
       8,   -4,  -15,   15,   15,    8,   15,   -4,   23,   30,  -15,   15,   15,  -23,    4,   -8,
       8,   -4,  -46,  -12,  -46,  -23,  -57,   -8,   -8,   -8,  -19,   -8,  -23,  -38,    4,    8,
       4,   -8,   -8,   -8,   -8,   -8,   -8,  -23,   -8,  -15,    8,  -46,   -8,   -4,    8,   15,
     -46,    4,   15,  -53,   -8,   15,   -8,    4,   -8,   15,  -38,  -23,  -23,  -38,   -8,   15,
     -23,  -40,  -23,  -23,  -12,  -15,   -8,  -12,  -15,   -8,   -8,    8,   -8,  -12,   -8,  -12,
     -15,  -15,  -30,   -8,    4,  -30,  -15,   -8,  -12,   -8,  -30,  -20,   -8,   -8,  -15,   -8,
     -12,   -8,   -8,  -15,   -8,  -12,  -15,  -42,   -8,   -4,   -4,   -8,  -30,    4,  -32,    8,
      -8,    6,   -2,  -28,  -10,  -32,  -20,    8,  -36,    4,   -4,   -6,   -4,  -14,   -6,  -22,
     -40,    8,    8,    8,   -4,  -16,   -4,   -4,   -8,   -6,  -22,   -8,    8,  -30,   -4,   -4,
      -6,   -2,   -6,   -8,   -4,   -4,  -12,   -4,   -8,   -4,  -10,   -4,   -4,    8,   -8,   -8,
      -8,   -4,   -2,   -8,   -8,   -4,   -4,  -18,    4,   -4,    8,   -2,    4,    4,    4,    4,
      -2,   -4,   -4,   -6,   -4,   -2,   -4,   12,   12,   -4,   -4,   -4,    8,  -46,  -20,   -2,
     -20,   -4,    8,    8,    8,    8,  -12,   -4,   -4,   -4,   -4,  -36,   -2,  -12,   -4,   16,
      16,   -4,   -4,    8,   -4,    4,    4,  -12,  -10,  -20,    4,    4,  -12,    8,   -8,   -4,
       4,    4,    4,    4,    4,   -4,   -8,  -12,   -4,   -4,  -12,   -4,  -16,  -28,    8,    8,
      -4,  -16,   -4,   -8,   16,   20,   -8,  -12,   -4,  -16,   -4,   -8,   -4,   -8,  -38,    8,
     -32,   12,   -8,    8,  -36,   -8,  -32,  -24,    8,  -40,    8,    4,   -4,   -4,   -4,   -8,
      -4,  -24,  -44,    4,    4,   12,   -8,  -16,    4,   -4,   -4,   -4,  -24,  -12,    4,  -46,
       4,  -53,  -26,  -28,   -2,   -2,   -6,   -4,   -8,   -4,    8,   -4,    8,    8,    8,    4,
       4,  -40,    4,   -8,   -4,    8,    8,   -4,   -4,    8,   -4,    4,    8,   -8,   -4,   -8,
       4,   -8,   -2,   -6,   -2,   -4,   -6,   -6,   -4,   -8,   -4,   -4,   -4,   -2,   -4,    8,
       4,    4,   -2,   -4,   -4,   -4,   -4,   -4,   -8,   -4,   -2,    4,   -4,   -2,   -4,   -8,
      -6,   -4,  -10,   -4,   -4,   -4,   -8,   -8,   -4,   -8,   -4,   -4,    4,   -4,   12,  -46,
     -12,   -8,  -28,   -8,  -32,   -4,   16,    8,    8,    4,    8,  -36,  -36,   -8,  -36,  -10,
      -8,  -36,  -32,  -32,  -32,  -32,  -36,   -8,   -8,  -24,  -24,   24,   24,  -24,  -28,  -36,
     -28,  -24,   -8,   -8,  -16,   12,  -42,   -8,  -32,   -4,  -28,   -8,    8,    8,    8,    4,
       8,    4,  -24,  -24,   -4,  -16,  -20,   -4,  -16,   -8,   -8,  -44,   -4,   -4,  -20,  -24,
      24,   24,  -24,  -15,  -24,  -16,   -6,   -8,  -20,   -8,    8,  -23,  -20,   -2,  -20,   -6,
       8,    8,    8,    4,    8,    4,  -16,  -16,   -4,   -8,  -12,   -8,   -8,   -4,  -28,   -2,
      -2,  -16,  -16,   20,   20,  -16,   -8,  -16,   -8,   -4,   -8,  -12,   -4,   12,  -53,  -15,
     -15,  -36,   -8,  -36,  -10,    8,    8,    8,    4,    8,    4,  -32,  -28,   -8,  -20,  -24,
      -4,  -24,   -4,  -12,  -16,  -16,  -48,   -8,  -16,  -28,  -28,   28,   28,  -56,  -23,  -56,
     -24,   -4,   -8,  -12,  -24,  -16,    4,    4,    4,    4,    4,    4,   -4,   -4,   -4,   -4,
      -4,   -8,    4,    4,   -4,   -4,   20,   20,   -4,   -8,   -4,   -4,   -4,    4,   -4,  -36,
      -6,  -10,   -6,   -4,   -4,   -8,   -4,   -8,  -12,   -8,   -4,   -8,    4,   -4,   -4,   -4,
      -8,   -4,   -8,   -8,   -4,   -8,    4,   -4,    8,    8,   19,  -15,   -4,   -8,   -4,    4,
       4,    8,    8,   -8,   -4,   24,   24,   -4,   -4,    8,   15,    8,    4,  -15,   -4,   -4,
      -8,   -4,    4,    4,    8,    4,   -4,   -8,   -8,  -16,    4,   -4,   -4,  -15,   19,  -15,
      -4,   -8,   -4,   -8,   -8,   -4,    4,    4,   -4,   -4,   -4,   -8,   -8,   -4,    4,   -8,
      15,  -46,  -23,   -8,   -4,    8,    8,    8,    8,    4,    4,   -8,   -4,   -4,   -4,    8,
       4,    8,   -4,   -8,   -4,   -4,    4,   12,   -8,   -2,   -8,    4,    4,    4,    4,   -2,
      -2,   -2,    4,   -8,    4,   15,  -23,   -8,   -8,  -12,   -8,    8,   -4,    8,    8,   16,
       4,    4,  -12,   -8,   -8,  -16,    8,   -4,    4,    8,   27,  -38,  -12,   -8,  -20,  -12,
       8,   -4,    8,   16,   16,    4,    4,  -20,  -12,  -12,  -12,    8,   -4,    4,   15,    8,
       8,   -8,   -4,    4,    4,    8,    4,   -4,   -4,   -8,    8,   -4,    4,  -34,   64,   64,
      64,   32,  -15,  -16,   -8,   -4,   -2,   -4,  -16,   -4,   -4,  -18,    4,   -4,  -23,   -4,
     -14,  -20,   -8,   -4,  -16,  -16,   -4,    4,    4,   -4,  -24,   16,    4,   16,    8,    8,
      -4,   -4,   -4,   -4,   -4,   -4,   -4,   -4,   -4,   -8,   -4,   -8,  -12,   -4,   -8,    4,
      -4,   30,    8,   16,   16,   44,   44,    8,   15,   -4,  -15,   -4,  -12,  -12,   -8,   -4,
      -4,    4,   -4,   -4,   13,   13,   -8,   13,   -2,  -31,  -31,  -13,    4,   18,  -20,   -8,
     -11,   -9,  -34,  -10,   60,   60,   60,   20,   60,   29,   29,   13,   29,   13,   13,  -12,
     -12,   -9,   13,   -9,   -2,   -9,  -20,  -20,   23,   23,    6,   13,   23,    2,  -27,  -27,
     -20,   -6,  -29,   -8,    8,    8,   16,    8,   23,    8,   66,   66,   39,   13,   36,   20,
      36,   53,   41,   39,   43,   66,   34,   23,    8,   66,   66,   39,   13,   36,   20,   36,
      53,   41,   25,   20,   66,   34,   -8,   13,   41,   39,   29,   41,   -9,  -23,  -23,   -9,
      40,   40,   40,   12,   40,  -13,    4,   19,  -15,   -4,    4,    4,    8,    8,    4,    4,
      -4,   -4,   -4,    8,   -4,    4,  -12,  -12,  -14,  -13,  -14,  -13,  -16,   18,   18,   -2,
      -2,   18,   -4,  -29,  -29,  -18,  -29,  -12,  -31,   36,   36,  -36,  -23,  -29,  -41,  -43,
     -43,  -34,  -29,  -31,   51,   36,  -25,  -50,    8,  -13,  -13,  -13,   -4,    4,   -4,  -13,
     -13,    2,   -4,    4,   18,   -4,    8,   -6,   -4,  -12,  -31,   36,   36,  -84,  -23,  -29,
     -41,  -45,  -29,  -57,  -29,  -31,   51,   36,  -25,  -25,    8,  -13,  -13,  -13,  -20,  -20,
     -23,    6,  -27,  -23,  -23,  -12,  -23,  -23,  -23,  -27,  -23,  -23,  -14,   16,   16,  -14,
      12,  -14,    6,   -6,  -29,  -29,   -6,   -6,  -13,  -13,   -6,   39,   25,   34,   39,  -14,
     -34,   -8,  -57,   -8,    6,    2,  -27,  -27,  -29,  -13,  -41,  -25,  -20,   23,   23,    6,
      29,   23,    2,   39,   39,   36,   39,  -62,  -62,  -13,    4,   18,  -20,   -8,  -11,   -9,
     -34,  -10,  -32,  -32,  -13,  -16,   34,   34,   -4,  -13,  -13,    6,  -16,   34,   34,  -16,
     -13,  -13,  -13,   13,  -38,  -38,  -23,    6,    8,    8,   29,    8,   39,   39,   34,   39,
      23,    8,   66,   66,   41,   13,   36,   20,   36,   53,   39,   41,   38,   82,   34,   -6,
      18,   18,   -2,   -6,   18,   -7,  -10,   -7,    6,   13,   13,  -23,    6,    6,  -23,    6,
     -23,    6,  -16,    4,   -7,    6,   13,    6,   -6,    6,    6,    8,    4,   -2,    4,   -4,
       4,   -4,   -4,    4,   -4,   -2,   -4,   12,    4,   -4,   -4,  -15,  -28,    4,  -16,   -4,
      -4,   -4,   -4,   -4,    4,    4,    4,  -10,    4,  -12,  -15,  -12,    4,  -12,  -15,  -20,
     -15,   12,  -53,   16,   -8,   -4,  -40,  -12,    8,  -36,  -16,    4,    4,   -4,  -44,  -20,
     -40,  -40,  -44,  -32,  -44,  -28,  -40,  -28,  -32,  -32,  -28,  -40,  -24,   24,  -40,  -56,
     -32,   -8,  -19,   -8,   -8,  -12,   -8,   -8,   -2,  -10,   -4,  -10,  -10,   -8,   -4,   -4,
      -6,   -2,   -4,   -4,   -2,   -4,   -4,   -4,   -4,   -4,   -4,   -4,   -4,   -4,   -4,   -4,
      -4,    4,   40,  -12,  -10,   -4,   -2,   -8,   -8,   -8,  -23,  -28,  -24,   -4,   -8,    4,
      -8,   -4,    4,    4,    8,    8,    4,    4,   -4,   -4,   -8,    8,   -8,    8,   -8,    8,
     -16,  -16,  -12,  -16,    4,   -8,   -8,   -4,   16,    8,  -16,  -16,   -8,   12,  -61,  -12,
     -15,    8,   -8,   -6,  -36,  -20,    8,  -32,  -20,    4,    4,   -8,  -32,  -16,  -16,  -32,
     -28,   -8,  -28,  -15,  -32,   -8,   -8,   -8,   -8,  -24,  -24,   -4,  -20,   28,  -32,   -8,
      -8,  -30,    4,  -28,   -8,   -2,    6,    8,  -24,    8,    8,    8,    8,  -20,   -4,    8,
      -4,    8,   -4,    8,  -22,  -22,  -16,  -22,    8,   -4,    8,  -22,  -32,  -22,  -30,  -12,
      -8,    4,   -8,   -6,   -6,   -6,   -4,  -10,   -4,   -8,  -12,   -8,   -2,   -4,   -4,  -12,
      -8,  -12,  -15,   -4,   -4,   -6,   -2,  -12,   -6,   -8,   -4,   -4,   -4,   -4,   -4,   -4,
      -4,   -4,  -12,   -4,   -4,   15,   -4,   -4,    8,   12,   -4,   12,   16,    8,    8,   -8,
       4,   -2,   16,   -2,    4,   -2,   14,   -8,   -8,   -8,   -8,    4,   -2,   -8,   14,   -8,
      -4,   -8,   -8,   -8,   -8,   -8,   -8,  -12,   -8,   -8,   -2,  -10,   -4,  -10,  -10,   -8,
       4,  -53,   -2,  -28,  -16,   -4,  -26,  -23,   -4,   -4,   -4,  -16,   -4,    4,   -4,  -16,
       8,    8,    8,   -4,    8,   -4,    8,  -16,    8,   -4,    8,    8,   -8,  -16,   -8,   -8,
     -12,   -8,   -8,   -2,  -10,   -4,  -10,  -10,   -8,   12,  -46,  -12,   -8,   16,   -8,   -4,
     -32,  -12,    8,  -28,  -16,    4,    4,   -4,  -36,  -20,  -36,  -36,  -36,  -28,  -36,  -28,
     -36,  -24,  -32,  -28,  -24,  -36,  -24,  -10,   24,  -36,  -24,  -32,   -4,  -36,   -4,   -8,
      -4,   -8,   -8,   -4,   -8,   -2,   -8,   -4,   -4,   -8,   -4,   -4,   -4,   -8,   -8,   -4,
      -4,   -4,   -4,   -4,   -4,   -4,   -4,   -4,   -4,   -4,   -4,   15,  -91,  -30,  -12,  -12,
      -4,   -4,  -12,   12,    8,   12,   -4,   -4,   -4,  -12,    8,    8,   12,   15,    4,   12,
      -2,    4,   -2,    8,   -4,   -4,   -8,   -4,    4,   -2,   -4,    8,   -4,   -4,   -4,    8,
       4,  -15,   -4,   -4,    4,   -8,    4,  -12,    4,    4,   -4,   -8,   -4,    4,    8,    4,
     -36,   -4,   -8,   -4,   -4,   -8,   -8,   -4,   -8,   -8,   -4,   15,  -38,  -30,  -12,  -12,
      -4,   -4,  -12,   12,    8,   12,   -4,   -4,   -4,  -12,    8,    8,   12,   15,  -23,   -8,
     -12,  -12,   -8,    4,   -8,  -12,    8,    8,    4,    8,   -4,   -4,  -12,    8,    8,    8,
     -23,    8,    4,   -4,    4,    4,  -16,  -16,   -4,  -16,    4,    4,  -32,  -16,  -15,   -4,
      -8,   -4,   -4,   -4,   -8,   -8,   -4,   -8,   -8,   -4,   -4,   -4,   -4,   -4,   -4,   -4,
      -4,   30,    4,   44,   12,   13,   13,  -23,  -23,   13,  -13,  -20,   34,   34,  -38,  -18,
     -27,  -20,  -20,   16,   34,    6,  -16,  -25,  -49,  -25,   -8,    2,  -25,  -13,    6,  -13,
       2,  -27,   -2,   -8,  -18,  -13,  -16,  -12,   41,   41,  -25,   -9,  -14,  -13,   -6,  -12,
      18,   54,    4,   -9,   -2,  -38,  -29,   -2,   15,  -38,  -30,  -12,  -12,   -4,   -4,  -12,
      12,    8,   12,   -4,   -4,   -4,   16,  -12,    8,    8,   12,  -40,   -8,  -40,  -40,  -11,
     -11,   -9,  -68,  -12,  -31,   36,   36,  -36,  -23,  -29,  -41,  -45,  -29,  -34,  -29,  -31,
      51,   36,  -25,  -25,    8,  -13,  -13,  -13,   12,  -61,  -12,  -15,    8,   -8,   -6,  -36,
     -20,    8,  -64,  -20,    4,    4,   -8,  -32,  -16,  -16,  -32,  -28,   -8,  -28,  -15,  -32,
      -8,   -8,   -8,   -8,  -24,  -24,   -4,  -20,   28,  -32,   -8,   -8,   15,  -23,   -8,  -12,
     -12,   -8,    4,   -8,  -12,    8,    8,    4,    8,   -4,   -8,   -4,  -12,    8,    8,    8,
      -6,  -10,   -6,   -8,  -12,  -15,  -28,    4,  -16,   -4,   -4,   -4,   -4,   -4,    4,    4,
       4,  -10,    4,  -12,  -15,  -12,    4,  -12,  -15,  -40,  -30,  -14,  -11,   -4,  -16,  -16,
     -23,  -11,   34,  -18,  -20,   -8,   -9,  -25,    8,  -25,   -9,  -13,   39,   25,   29,   39,
     -31,  -31,  -13,    4,   36,  -20,   -8,  -11,   -9,  -34,  -10,   16,  -13,  -31,  -13,  -16,
     -27,    8,    8,  -16,  -16,  -29,  -28,  -11,  -53,   34,  -16,  -25,  -59,  -38,  -13,    8,
      -8,    4,  -38,   -8,  -46,  -38,  -46,   -4,   -8,   -8,   -4,  -23,  -38,    8,   -8,   -8,
      -4,   -4,   -4,  -23,   -8,  -38,   -8,    4,    4,  -38,    8,   15,  -38,   -4,    8,   -4,
      -4,  -23,  -23,  -23,  -23,   -4,  -23,  -23,  -13,  -13,  -13,  -16,  -18,  -18,  -23,  -25,
     -50,   -8,  -31,    6,  -16,  -16,  -55,  -23,  -25,    6,  -25,  -23,  -23,  -25,  -13,  -13,
     -25,    9,    5,   -3,  -13,   -6,  -16,  -50,  -79,  -49,  -20,  -59,   -6,   -6,  -18,  -18,
     -20,  -27,  -16,  -20,  -13,  -38,
};

static const EpdFontData golos_ui_12_medium = {
    golos_ui_12_mediumBitmaps,
    golos_ui_12_mediumGlyphs,
    golos_ui_12_mediumIntervals,
    62,
    30,
    25,
    -6,
    false,
    nullptr,
    0,
    nullptr,
    nullptr,  // kernLeftClasses: built-in fonts use the split arrays below
    nullptr,  // kernRightClasses
    golos_ui_12_mediumKernLeftCodepoints,
    golos_ui_12_mediumKernLeftClassIds,
    golos_ui_12_mediumKernRightCodepoints,
    golos_ui_12_mediumKernRightClassIds,
    nullptr,  // kernMatrix: built-in fonts use the sparse form below
    golos_ui_12_mediumKernRowOffsets,
    golos_ui_12_mediumKernSparseCols,
    golos_ui_12_mediumKernSparseValues,
    659,
    599,
    157,
    131,
    nullptr,
    0,
};
