/**
 * generated by fontconvert.py
 * name: golos_ui_12_semibold
 * size: 12
 * mode: 1-bit
 * hinting: auto (FT_LOAD_FORCE_AUTOHINT — grid-fits stems to whole pixels)
 * Command used: lib/EpdFont/scripts/fontconvert.py golos_ui_12_semibold 12 GolosText-semibold.ttf lib/EpdFont/builtinFonts/source/Inter/Inter-Bold.ttf --additional-intervals 0x0000,0x007F --additional-intervals 0x0080,0x00FF --additional-intervals 0x0100,0x017F --additional-intervals 0x01A0,0x01A1 --additional-intervals 0x01AF,0x01B0 --additional-intervals 0x01C4,0x021F --additional-intervals 0x0300,0x036F --additional-intervals 0x0400,0x04FF --additional-intervals 0x1EA0,0x1EF9 --additional-intervals 0x2010,0x206F --additional-intervals 0x20A0,0x20CF --additional-intervals 0xFB00,0xFB06 --additional-intervals 0xFFFD,0xFFFD
 */
#pragma once
#include "EpdFontData.h"

static const uint8_t golos_ui_12_semiboldBitmaps[33312] = {
    0x77, 0x77, 0x77, 0x77, 0x77, 0x77, 0x00, 0x6F, 0xF6, 0xE7, 0xE7, 0xE7, 0xE7, 0xE7, 0xE7, 0x0E,
    0x1C, 0x1C, 0x78, 0x38, 0xE0, 0x71, 0xC7, 0xFF, 0xEF, 0xFF, 0xDF, 0xFF, 0x8E, 0x3C, 0x1C, 0x70,
    0x78, 0xE3, 0xFF, 0xF7, 0xFF, 0xEF, 0xFF, 0xC7, 0x1C, 0x0E, 0x38, 0x3C, 0x70, 0x78, 0xE0, 0xE3,
    0xC0, 0x03, 0x80, 0x07, 0x00, 0x0F, 0x00, 0xFF, 0x83, 0xFF, 0x8F, 0xFF, 0x1E, 0x0F, 0x3C, 0x1E,
    0x78, 0x00, 0xF8, 0x00, 0xFF, 0x01, 0xFF, 0x80, 0xFF, 0x80, 0x3F, 0x80, 0x0F, 0x00, 0x0E, 0xF0,
    0x1C, 0xF0, 0x79, 0xFF, 0xF1, 0xFF, 0xC1, 0xFF, 0x00, 0x70, 0x00, 0xE0, 0x01, 0xC0, 0x3E, 0x03,
    0x87, 0xF0, 0x78, 0xFF, 0x07, 0x0F, 0x70, 0xE0, 0xF7, 0x1E, 0x0F, 0xF1, 0xC0, 0x7F, 0x38, 0x03,
    0xE7, 0x80, 0x00, 0x70, 0x00, 0x0E, 0x3C, 0x01, 0xEF, 0xE0, 0x1C, 0xFF, 0x03, 0x8E, 0xF0, 0x78,
    0xE7, 0x07, 0x0E, 0xF0, 0xE0, 0xFF, 0x1E, 0x0F, 0xE1, 0xC0, 0x3C, 0x1F, 0x00, 0x3F, 0xC0, 0x7F,
    0xC0, 0x79, 0xC0, 0x79, 0xC0, 0x7B, 0xC0, 0x3F, 0x80, 0x1F, 0x00, 0x3F, 0x00, 0x7F, 0x9C, 0xF7,
    0xDC, 0xF3, 0xFC, 0xE1, 0xFC, 0xF0, 0xFC, 0xF0, 0xF8, 0x7F, 0xFC, 0x7F, 0xFE, 0x1F, 0xCF, 0xEE,
    0xEE, 0xEE, 0x0E, 0x1E, 0x3C, 0x38, 0x78, 0x70, 0x70, 0xF0, 0xF0, 0xF0, 0xE0, 0xE0, 0xE0, 0xF0,
    0xF0, 0xF0, 0x70, 0x70, 0x78, 0x38, 0x3C, 0x1E, 0x0E, 0x78, 0x1E, 0x0F, 0x03, 0xC0, 0xE0, 0x78,
    0x3C, 0x0E, 0x07, 0x03, 0x81, 0xC0, 0xE0, 0x70, 0x38, 0x1C, 0x1E, 0x0F, 0x07, 0x07, 0x83, 0xC3,
    0xC1, 0xC1, 0xE0, 0x1C, 0x17, 0x47, 0xFB, 0xFE, 0x3E, 0x3F, 0xE7, 0xF9, 0x74, 0x1C, 0x00, 0x07,
    0x00, 0x70, 0x07, 0x00, 0x70, 0x07, 0x0F, 0xFF, 0xFF, 0xFF, 0xFF, 0x07, 0x00, 0x70, 0x07, 0x00,
    0x70, 0x07, 0x00, 0x73, 0x9C, 0xE7, 0x73, 0x98, 0xFF, 0xFF, 0xFF, 0x6F, 0xF6, 0x00, 0xE0, 0x0E,
    0x00, 0xE0, 0x1C, 0x01, 0xC0, 0x3C, 0x03, 0x80, 0x38, 0x07, 0x80, 0x70, 0x07, 0x00, 0xF0, 0x0E,
    0x00, 0xE0, 0x1E, 0x01, 0xC0, 0x1C, 0x03, 0xC0, 0x38, 0x03, 0x80, 0x70, 0x07, 0x00, 0x70, 0x00,
    0x0F, 0xC0, 0xFF, 0x87, 0xFF, 0x1E, 0x3E, 0xF0, 0x7B, 0xC0, 0xEF, 0x03, 0xB8, 0x0E, 0xE0, 0x3B,
    0x80, 0xEF, 0x03, 0xBC, 0x0E, 0xF0, 0x3B, 0xC1, 0xE7, 0x8F, 0x1F, 0xFC, 0x3F, 0xE0, 0x3F, 0x00,
    0x1E, 0x07, 0xC1, 0xF8, 0x7F, 0x0E, 0xE1, 0x9C, 0x23, 0x80, 0x70, 0x0E, 0x01, 0xC0, 0x38, 0x07,
    0x00, 0xE0, 0x1C, 0x03, 0x87, 0xFF, 0xFF, 0xFF, 0xFC, 0x0F, 0xC1, 0xFF, 0x0F, 0xFC, 0xF0, 0xF7,
    0x07, 0xB8, 0x1C, 0x01, 0xE0, 0x0F, 0x00, 0xF0, 0x0F, 0x80, 0xF8, 0x1F, 0x81, 0xF0, 0x1F, 0x01,
    0xF0, 0x1F, 0xFF, 0xFF, 0xFF, 0xFF, 0xC0, 0x1F, 0xC1, 0xFF, 0x1F, 0xFC, 0xF1, 0xE7, 0x07, 0x00,
    0x38, 0x03, 0xC0, 0xFC, 0x07, 0xE0, 0x3F, 0x80, 0x1E, 0x00, 0xFE, 0x03, 0xF8, 0x3F, 0xC1, 0xEF,
    0xFE, 0x3F, 0xE0, 0xFE, 0x00, 0x00, 0xF0, 0x07, 0xC0, 0x1F, 0x00, 0xFC, 0x07, 0xF0, 0x3D, 0xC0,
    0xE7, 0x07, 0x1C, 0x3C, 0x71, 0xE1, 0xC7, 0x07, 0x3F, 0xFF, 0xFF, 0xFF, 0xFF, 0xF0, 0x07, 0x00,
    0x1C, 0x00, 0x70, 0x01, 0xC0, 0x7F, 0xF3, 0xFF, 0x9F, 0xFC, 0xE0, 0x07, 0x00, 0x3F, 0xE1, 0xFF,
    0x8F, 0xFE, 0x78, 0xF8, 0x03, 0xC0, 0x1E, 0x00, 0x70, 0x07, 0xF8, 0x3D, 0xE3, 0xCF, 0xFE, 0x3F,
    0xE0, 0xFE, 0x00, 0x0F, 0xC1, 0xFF, 0x8F, 0xFC, 0xF0, 0xF7, 0x00, 0x78, 0x03, 0xDF, 0x1F, 0xFE,
    0xFF, 0xF7, 0xC7, 0xFC, 0x1F, 0xC0, 0x7E, 0x03, 0xF8, 0x3D, 0xE3, 0xEF, 0xFE, 0x3F, 0xE0, 0x7E,
    0x00, 0xFF, 0xFF, 0xFF, 0xFF, 0xF0, 0x0F, 0x00, 0xE0, 0x1E, 0x01, 0xE0, 0x3C, 0x03, 0xC0, 0x3C,
    0x07, 0x80, 0x78, 0x0F, 0x00, 0xF0, 0x0F, 0x01, 0xE0, 0x1E, 0x01, 0xE0, 0x0F, 0xC0, 0xFF, 0xC7,
    0xFF, 0x1E, 0x1E, 0x70, 0x79, 0xC1, 0xE7, 0x87, 0x8F, 0xFC, 0x1F, 0xE1, 0xFF, 0xC7, 0x8F, 0xBC,
    0x1E, 0xE0, 0x3B, 0xC0, 0xEF, 0x07, 0x9F, 0xFE, 0x3F, 0xF0, 0x7F, 0x00, 0x1F, 0x81, 0xFF, 0x1F,
    0xFD, 0xF1, 0xEF, 0x07, 0xF0, 0x1F, 0xC1, 0xFE, 0x0F, 0xFF, 0xFB, 0xFF, 0xC7, 0xCE, 0x00, 0xF0,
    0x07, 0xB0, 0x3B, 0xC3, 0xCF, 0xFC, 0x3F, 0xE0, 0xFC, 0x00, 0x6F, 0xF6, 0x00, 0x00, 0x00, 0x6F,
    0xF6, 0x33, 0xDE, 0x60, 0x00, 0x00, 0x00, 0x0E, 0x73, 0x9D, 0xEE, 0x67, 0x00, 0x00, 0x00, 0x00,
    0xC0, 0x3E, 0x07, 0xF0, 0xFF, 0x1F, 0xE3, 0xFC, 0x1F, 0x00, 0xFE, 0x03, 0xFC, 0x07, 0xFC, 0x0F,
    0xF0, 0x1F, 0x80, 0x1C, 0x00, 0x00, 0xFF, 0xFF, 0xFF, 0xFF, 0xF0, 0x00, 0x00, 0x00, 0x00, 0xFF,
    0xFF, 0xFF, 0xFF, 0xF0, 0x00, 0x06, 0x00, 0x3C, 0x01, 0xF8, 0x0F, 0xF8, 0x1F, 0xF0, 0x1F, 0xE0,
    0x3F, 0x03, 0xF8, 0xFF, 0x9F, 0xF1, 0xFC, 0x0F, 0x80, 0x70, 0x02, 0x00, 0x00, 0x1F, 0x83, 0xFC,
    0x7F, 0xEF, 0x1E, 0xF0, 0xE0, 0x0E, 0x01, 0xE0, 0x3E, 0x07, 0xC0, 0xF8, 0x0F, 0x00, 0xE0, 0x00,
    0x00, 0x00, 0x06, 0x00, 0xF0, 0x0F, 0x00, 0x60, 0x01, 0xFE, 0x00, 0x1F, 0xFE, 0x00, 0xFF, 0xFE,
    0x07, 0xC0, 0xFC, 0x3C, 0x00, 0xF1, 0xE3, 0xDD, 0xE7, 0x1F, 0xF3, 0xBC, 0xFF, 0xCF, 0xE3, 0xCF,
    0x1F, 0x8E, 0x1C, 0x7E, 0x38, 0x71, 0xF8, 0xE1, 0xC7, 0xE3, 0x87, 0x1F, 0x8E, 0x1C, 0x7E, 0x3C,
    0xF3, 0xFC, 0xFF, 0xFE, 0x71, 0xFB, 0xF1, 0xE3, 0xC7, 0x83, 0xC0, 0x00, 0x07, 0xC0, 0x20, 0x0F,
    0xFF, 0x80, 0x1F, 0xFE, 0x00, 0x1F, 0xE0, 0x00, 0x03, 0xE0, 0x01, 0xF0, 0x00, 0xF8, 0x00, 0xFE,
    0x00, 0x7F, 0x00, 0x3F, 0xC0, 0x3D, 0xE0, 0x1E, 0xF0, 0x0E, 0x3C, 0x0F, 0x1E, 0x07, 0x8F, 0x07,
    0xFF, 0xC3, 0xFF, 0xE1, 0xFF, 0xF1, 0xE0, 0x3C, 0xF0, 0x1E, 0x78, 0x0F, 0xF8, 0x03, 0xC0, 0xFF,
    0xE3, 0xFF, 0xCF, 0xFF, 0xB8, 0x1E, 0xE0, 0x7B, 0x81, 0xEE, 0x07, 0xBF, 0xFC, 0xFF, 0xF3, 0xFF,
    0xEE, 0x07, 0xF8, 0x0F, 0xE0, 0x1F, 0x80, 0xFE, 0x03, 0xFF, 0xFE, 0xFF, 0xFB, 0xFF, 0x80, 0x07,
    0xE0, 0x1F, 0xF8, 0x3F, 0xFC, 0x7C, 0x7E, 0x70, 0x3E, 0xF0, 0x1E, 0xF0, 0x00, 0xF0, 0x00, 0xE0,
    0x00, 0xE0, 0x00, 0xF0, 0x00, 0xF0, 0x00, 0xF0, 0x1E, 0x78, 0x3E, 0x7C, 0x7E, 0x3F, 0xFC, 0x1F,
    0xF8, 0x0F, 0xE0, 0xFF, 0x83, 0xFF, 0x8F, 0xFF, 0x38, 0x3E, 0xE0, 0x7B, 0x80, 0xFE, 0x03, 0xF8,
    0x0F, 0xE0, 0x1F, 0x80, 0x7E, 0x03, 0xF8, 0x0F, 0xE0, 0x3F, 0x81, 0xEE, 0x0F, 0xBF, 0xFC, 0xFF,
    0xE3, 0xFE, 0x00, 0xFF, 0xFF, 0xFF, 0xFF, 0xFE, 0x00, 0xE0, 0x0E, 0x00, 0xE0, 0x0F, 0xFF, 0xFF,
    0xFF, 0xFF, 0xE0, 0x0E, 0x00, 0xE0, 0x0E, 0x00, 0xE0, 0x0F, 0xFF, 0xFF, 0xFF, 0xFF, 0xFF, 0xFF,
    0xFF, 0xFF, 0xFE, 0x00, 0xE0, 0x0E, 0x00, 0xE0, 0x0E, 0x00, 0xFF, 0xEF, 0xFE, 0xFF, 0xEE, 0x00,
    0xE0, 0x0E, 0x00, 0xE0, 0x0E, 0x00, 0xE0, 0x0E, 0x00, 0x07, 0xF0, 0x1F, 0xF8, 0x3F, 0xFC, 0x7C,
    0x3E, 0x78, 0x1F, 0xF0, 0x00, 0xF0, 0x00, 0xF0, 0x00, 0xE0, 0x7F, 0xE0, 0x7F, 0xF0, 0x7F, 0xF0,
    0x0F, 0xF0, 0x0F, 0x78, 0x0E, 0x7C, 0x3E, 0x3F, 0xFC, 0x1F, 0xF8, 0x07, 0xF0, 0xE0, 0x0F, 0xC0,
    0x1F, 0x80, 0x3F, 0x00, 0x7E, 0x00, 0xFC, 0x01, 0xF8, 0x03, 0xFF, 0xFF, 0xFF, 0xFF, 0xFF, 0xFF,
    0x80, 0x3F, 0x00, 0x7E, 0x00, 0xFC, 0x01, 0xF8, 0x03, 0xF0, 0x07, 0xE0, 0x0F, 0xC0, 0x1C, 0xEE,
    0xEE, 0xEE, 0xEE, 0xEE, 0xEE, 0xEE, 0xEE, 0xEE, 0x00, 0xE0, 0x0E, 0x00, 0xE0, 0x0E, 0x00, 0xE0,
    0x0E, 0x00, 0xE0, 0x0E, 0x00, 0xE0, 0x0E, 0x00, 0xE0, 0x0E, 0xE0, 0xEF, 0x0E, 0xF1, 0xE7, 0xFE,
    0x7F, 0xC1, 0xF0, 0xE0, 0x7D, 0xC1, 0xF3, 0x83, 0xC7, 0x0F, 0x0E, 0x3C, 0x1C, 0xF0, 0x3B, 0xC0,
    0x7F, 0x80, 0xFF, 0x01, 0xFF, 0x03, 0xFF, 0x07, 0x9E, 0x0E, 0x1E, 0x1C, 0x3E, 0x38, 0x3C, 0x70,
    0x7C, 0xE0, 0x7D, 0xC0, 0x78, 0xE0, 0x0E, 0x00, 0xE0, 0x0E, 0x00, 0xE0, 0x0E, 0x00, 0xE0, 0x0E,
    0x00, 0xE0, 0x0E, 0x00, 0xE0, 0x0E, 0x00, 0xE0, 0x0E, 0x00, 0xE0, 0x0F, 0xFF, 0xFF, 0xFF, 0xFF,
    0xF0, 0x03, 0xFC, 0x00, 0xFF, 0x80, 0x7F, 0xE0, 0x1F, 0xFC, 0x0F, 0xFF, 0x83, 0xFF, 0xE1, 0xFF,
    0xFC, 0xFF, 0xEF, 0x3D, 0xF9, 0xFE, 0x7E, 0x7F, 0x9F, 0x8F, 0xC7, 0xE1, 0xE1, 0xF8, 0x78, 0x7E,
    0x0C, 0x1F, 0x80, 0x07, 0xE0, 0x01, 0xF8, 0x00, 0x70, 0xF0, 0x0F, 0xE0, 0x1F, 0xE0, 0x3F, 0xE0,
    0x7F, 0xE0, 0xFF, 0xC1, 0xFF, 0xC3, 0xF7, 0xC7, 0xE7, 0xCF, 0xCF, 0x9F, 0x8F, 0xBF, 0x0F, 0xFE,
    0x0F, 0xFC, 0x1F, 0xF8, 0x1F, 0xF0, 0x1F, 0xE0, 0x1F, 0xC0, 0x3C, 0x07, 0xF0, 0x0F, 0xFC, 0x0F,
    0xFF, 0x0F, 0x87, 0xC7, 0x80, 0xF7, 0x80, 0x7B, 0xC0, 0x1D, 0xE0, 0x0E, 0xE0, 0x07, 0x70, 0x03,
    0xBC, 0x01, 0xDE, 0x00, 0xEF, 0x00, 0xF3, 0xC0, 0x79, 0xF0, 0xF8, 0x7F, 0xF8, 0x1F, 0xF8, 0x03,
    0xF8, 0x00, 0xFF, 0xC3, 0xFF, 0xCF, 0xFF, 0xB8, 0x1E, 0xE0, 0x3B, 0x80, 0xEE, 0x03, 0xB8, 0x0E,
    0xE0, 0x7B, 0xFF, 0xCF, 0xFE, 0x3F, 0xF0, 0xE0, 0x03, 0x80, 0x0E, 0x00, 0x38, 0x00, 0xE0, 0x03,
    0x80, 0x00, 0x07, 0xF0, 0x0F, 0xFC, 0x0F, 0xFF, 0x0F, 0x87, 0xC7, 0x80, 0xF7, 0x80, 0x7B, 0xC0,
    0x1D, 0xE0, 0x0E, 0xE0, 0x07, 0x70, 0x03, 0xBC, 0x11, 0xDE, 0x1C, 0xEF, 0x0F, 0xF3, 0xC3, 0xF9,
    0xF0, 0xF8, 0x7F, 0xFC, 0x1F, 0xFF, 0x03, 0xF9, 0x00, 0x00, 0x00, 0xFF, 0xC3, 0xFF, 0xCF, 0xFF,
    0xB8, 0x1E, 0xE0, 0x3B, 0x80, 0xEE, 0x03, 0xB8, 0x1E, 0xFF, 0xFB, 0xFF, 0xCF, 0xFE, 0x38, 0xF8,
    0xE1, 0xE3, 0x87, 0xCE, 0x0F, 0x38, 0x3E, 0xE0, 0x7B, 0x80, 0xF0, 0x0F, 0xE0, 0x3F, 0xF0, 0xFF,
    0xE3, 0xC1, 0xE7, 0x03, 0xCF, 0x00, 0x1F, 0x00, 0x3F, 0xE0, 0x3F, 0xF0, 0x3F, 0xF0, 0x0F, 0xF0,
    0x01, 0xE0, 0x01, 0xDE, 0x03, 0x9E, 0x0F, 0x3F, 0xFE, 0x3F, 0xF8, 0x1F, 0xC0, 0xFF, 0xFF, 0xFF,
    0xFF, 0xFF, 0xF8, 0x1C, 0x00, 0x38, 0x00, 0x70, 0x00, 0xE0, 0x01, 0xC0, 0x03, 0x80, 0x07, 0x00,
    0x0E, 0x00, 0x1C, 0x00, 0x38, 0x00, 0x70, 0x00, 0xE0, 0x01, 0xC0, 0x03, 0x80, 0x07, 0x00, 0xE0,
    0x1D, 0xC0, 0x3B, 0x80, 0x77, 0x00, 0xEE, 0x01, 0xDC, 0x03, 0xB8, 0x07, 0x70, 0x0E, 0xE0, 0x1D,
    0xC0, 0x3B, 0x80, 0x77, 0x80, 0xEF, 0x01, 0xDE, 0x07, 0x9E, 0x1F, 0x3F, 0xFC, 0x3F, 0xF0, 0x1F,
    0xC0, 0xF8, 0x07, 0xBC, 0x03, 0xDE, 0x03, 0xCF, 0x81, 0xE3, 0xC0, 0xF1, 0xE0, 0xF0, 0x78, 0x78,
    0x3C, 0x38, 0x1E, 0x3C, 0x07, 0x9E, 0x03, 0xCE, 0x01, 0xEF, 0x00, 0x7F, 0x80, 0x3F, 0x80, 0x1F,
    0xC0, 0x07, 0xE0, 0x03, 0xE0, 0x00, 0xF0, 0x00, 0x78, 0x3C, 0x0F, 0x78, 0x3E, 0x0F, 0x78, 0x3E,
    0x0E, 0x78, 0x7E, 0x1E, 0x38, 0x7E, 0x1E, 0x3C, 0x7F, 0x1E, 0x3C, 0x7F, 0x1C, 0x3C, 0xF7, 0x1C,
    0x1C, 0xE7, 0x3C, 0x1E, 0xE7, 0xBC, 0x1E, 0xE3, 0xB8, 0x1F, 0xE3, 0xB8, 0x0F, 0xC3, 0xF8, 0x0F,
    0xC3, 0xF8, 0x0F, 0xC1, 0xF0, 0x0F, 0x81, 0xF0, 0x07, 0x81, 0xF0, 0x07, 0x80, 0xF0, 0x78, 0x0F,
    0x9E, 0x07, 0x8F, 0x87, 0x83, 0xC7, 0xC0, 0xF3, 0xC0, 0x7F, 0xC0, 0x1F, 0xE0, 0x07, 0xE0, 0x03,
    0xE0, 0x01, 0xF8, 0x01, 0xFC, 0x01, 0xFF, 0x00, 0xF7, 0xC0, 0xF1, 0xE0, 0x78, 0x78, 0x78, 0x3E,
    0x7C, 0x0F, 0x3C, 0x07, 0xC0, 0x78, 0x0F, 0x3E, 0x07, 0x8F, 0x07, 0x87, 0xC3, 0xC1, 0xE3, 0xC0,
    0x79, 0xE0, 0x3D, 0xE0, 0x0F, 0xE0, 0x07, 0xF0, 0x01, 0xF0, 0x00, 0x78, 0x00, 0x38, 0x00, 0x1C,
    0x00, 0x0E, 0x00, 0x07, 0x00, 0x03, 0x80, 0x01, 0xC0, 0x00, 0xE0, 0x00, 0xFF, 0xFB, 0xFF, 0xEF,
    0xFF, 0x80, 0x3C, 0x01, 0xF0, 0x07, 0x80, 0x3C, 0x01, 0xF0, 0x07, 0x80, 0x3C, 0x01, 0xF0, 0x07,
    0x80, 0x3C, 0x01, 0xE0, 0x07, 0x80, 0x3F, 0xFF, 0xFF, 0xFF, 0xFF, 0xF0, 0xFF, 0xFF, 0xF8, 0xE3,
    0x8E, 0x38, 0xE3, 0x8E, 0x38, 0xE3, 0x8E, 0x38, 0xE3, 0x8E, 0x38, 0xFF, 0xFF, 0xC0, 0x70, 0x07,
    0x00, 0x70, 0x03, 0x80, 0x38, 0x03, 0xC0, 0x1C, 0x01, 0xC0, 0x1E, 0x00, 0xE0, 0x0E, 0x00, 0xF0,
    0x07, 0x00, 0x70, 0x07, 0x80, 0x38, 0x03, 0x80, 0x3C, 0x01, 0xC0, 0x1C, 0x00, 0xE0, 0x0E, 0x00,
    0xE0, 0xFD, 0xFB, 0xF0, 0xE1, 0xC3, 0x87, 0x0E, 0x1C, 0x38, 0x70, 0xE1, 0xC3, 0x87, 0x0E, 0x1C,
    0x38, 0x70, 0xEF, 0xDF, 0xBF, 0x00, 0x03, 0x80, 0x1F, 0x00, 0xFC, 0x07, 0xF8, 0x1C, 0xF0, 0xE3,
    0xC7, 0x87, 0x80, 0xFF, 0xFF, 0xFF, 0xFF, 0xFE, 0x78, 0x70, 0x70, 0x70, 0x1F, 0x81, 0xFF, 0x1F,
    0xFC, 0xE1, 0xE0, 0x07, 0x1F, 0xF9, 0xFF, 0xDF, 0xFE, 0xF0, 0x77, 0x07, 0xBC, 0x7D, 0xFF, 0xE7,
    0xFF, 0x1F, 0x38, 0xE0, 0x07, 0x00, 0x38, 0x01, 0xC0, 0x0E, 0x7C, 0x7F, 0xF3, 0xFF, 0xDF, 0x1F,
    0xF0, 0x7F, 0x83, 0xF8, 0x0F, 0xC0, 0x7F, 0x07, 0xF8, 0x3F, 0xE3, 0xFF, 0xFE, 0xFF, 0xE7, 0x3E,
    0x00, 0x0F, 0xC1, 0xFF, 0x1F, 0xFC, 0xF1, 0xEF, 0x07, 0x78, 0x03, 0x80, 0x1C, 0x00, 0xF0, 0x07,
    0x83, 0x9E, 0x3C, 0xFF, 0xE3, 0xFE, 0x07, 0xC0, 0x00, 0x38, 0x01, 0xC0, 0x0E, 0x00, 0x71, 0xF3,
    0x9F, 0xFD, 0xFF, 0xFF, 0x1F, 0xF0, 0x7F, 0x83, 0xF8, 0x0F, 0xC0, 0x7F, 0x07, 0xF8, 0x3F, 0xE3,
    0xEF, 0xFF, 0x3F, 0xF8, 0xF9, 0xC0, 0x0F, 0xC1, 0xFF, 0x1F, 0xFC, 0xE0, 0xFF, 0x07, 0xFF, 0xFF,
    0xFF, 0xFF, 0xFF, 0xE0, 0x07, 0x80, 0x1E, 0x1E, 0xFF, 0xE3, 0xFE, 0x07, 0xE0, 0x1F, 0x9F, 0xCF,
    0xE7, 0x0F, 0xF7, 0xFB, 0xFC, 0x70, 0x38, 0x1C, 0x0E, 0x07, 0x03, 0x81, 0xC0, 0xE0, 0x70, 0x38,
    0x1C, 0x00, 0x1F, 0x39, 0xFF, 0xDF, 0xFF, 0xF1, 0xFF, 0x07, 0xF8, 0x3F, 0x80, 0xFC, 0x07, 0xF0,
    0x7F, 0x83, 0xFE, 0x3E, 0xFF, 0xF3, 0xFF, 0x8F, 0x9C, 0x01, 0xFE, 0x1F, 0x7F, 0xF3, 0xFF, 0x07,
    0xF0, 0xE0, 0x07, 0x00, 0x38, 0x01, 0xC0, 0x0E, 0x7C, 0x7F, 0xF3, 0xFF, 0xDF, 0x1E, 0xF0, 0x77,
    0x03, 0xB8, 0x1D, 0xC0, 0xEE, 0x07, 0x70, 0x3B, 0x81, 0xDC, 0x0E, 0xE0, 0x77, 0x03, 0x80, 0x6F,
    0xF6, 0x07, 0x77, 0x77, 0x77, 0x77, 0x77, 0x77, 0x70, 0x18, 0xF3, 0xC6, 0x00, 0x01, 0xC7, 0x1C,
    0x71, 0xC7, 0x1C, 0x71, 0xC7, 0x1C, 0x71, 0xC7, 0x3C, 0xFF, 0xFE, 0xF0, 0xE0, 0x07, 0x00, 0x38,
    0x01, 0xC0, 0x0E, 0x0F, 0x70, 0xF3, 0x8F, 0x1C, 0xF0, 0xEF, 0x07, 0xF0, 0x3F, 0x81, 0xFE, 0x0F,
    0xF8, 0x79, 0xC3, 0x8F, 0x1C, 0x3C, 0xE0, 0xF7, 0x07, 0x80, 0xE3, 0x8E, 0x38, 0xE3, 0x8E, 0x38,
    0xE3, 0x8E, 0x38, 0xE3, 0x8F, 0x3F, 0x7C, 0xF0, 0xE7, 0x8F, 0x9F, 0xFB, 0xFB, 0xFF, 0xFF, 0xF8,
    0xF8, 0xFF, 0x1E, 0x1F, 0xC1, 0xC1, 0xF8, 0x38, 0x3F, 0x07, 0x07, 0xE0, 0xE0, 0xFC, 0x1C, 0x1F,
    0x83, 0x83, 0xF0, 0x70, 0x7E, 0x0E, 0x0F, 0xC1, 0xC1, 0xC0, 0xE7, 0xC7, 0xFF, 0x3F, 0xFD, 0xF1,
    0xEF, 0x07, 0x70, 0x3B, 0x81, 0xDC, 0x0E, 0xE0, 0x77, 0x03, 0xB8, 0x1D, 0xC0, 0xEE, 0x07, 0x70,
    0x38, 0x0F, 0xC0, 0xFF, 0x87, 0xFF, 0x1E, 0x3E, 0xF0, 0x7B, 0xC0, 0xEE, 0x03, 0xB8, 0x0E, 0xF0,
    0x3B, 0xC1, 0xE7, 0x8F, 0x9F, 0xFC, 0x3F, 0xE0, 0x3F, 0x00, 0xE7, 0xC7, 0xFF, 0xBF, 0xFD, 0xF1,
    0xFF, 0x07, 0xF8, 0x3F, 0x80, 0xFC, 0x07, 0xF0, 0x7F, 0x83, 0xFE, 0x3F, 0xFF, 0xEF, 0xFE, 0x73,
    0xE3, 0x80, 0x1C, 0x00, 0xE0, 0x07, 0x00, 0x38, 0x00, 0x1F, 0x39, 0xFF, 0xDF, 0xFF, 0xF1, 0xFF,
    0x07, 0xF8, 0x3F, 0x80, 0xFC, 0x07, 0xF0, 0x7F, 0x83, 0xFE, 0x3E, 0xFF, 0xF3, 0xFF, 0x8F, 0x9C,
    0x00, 0xE0, 0x07, 0x00, 0x38, 0x01, 0xC0, 0x0E, 0xE7, 0xFF, 0xFF, 0xF0, 0xF0, 0xE0, 0xE0, 0xE0,
    0xE0, 0xE0, 0xE0, 0xE0, 0xE0, 0xE0, 0x1F, 0x81, 0xFF, 0x1F, 0xF8, 0xF1, 0xE7, 0x80, 0x3E, 0x00,
    0xFF, 0x03, 0xFE, 0x00, 0xF0, 0x03, 0x9E, 0x3C, 0xFF, 0xE3, 0xFE, 0x0F, 0xE0, 0x38, 0x1C, 0x0E,
    0x1F, 0xEF, 0xF7, 0xF8, 0xE0, 0x70, 0x38, 0x1C, 0x0E, 0x07, 0x03, 0x81, 0xE0, 0xFE, 0x7F, 0x1F,
    0x80, 0xE0, 0x7E, 0x07, 0xE0, 0x7E, 0x07, 0xE0, 0x7E, 0x07, 0xE0, 0x7E, 0x07, 0xE0, 0x7F, 0x0F,
    0xF1, 0xFF, 0xFF, 0x7F, 0xF3, 0xE7, 0xF0, 0x1C, 0xF0, 0x79, 0xE0, 0xE1, 0xC1, 0xC3, 0xC7, 0x87,
    0x8E, 0x07, 0x1C, 0x0F, 0x78, 0x0E, 0xE0, 0x1F, 0xC0, 0x3F, 0x80, 0x3E, 0x00, 0x7C, 0x00, 0x70,
    0x00, 0x70, 0x70, 0x73, 0xC7, 0x83, 0x9E, 0x3E, 0x3C, 0xF1, 0xF1, 0xC3, 0x9F, 0x8E, 0x1C, 0xEE,
    0x70, 0xF7, 0x77, 0x87, 0xB3, 0xB8, 0x1F, 0x9F, 0xC0, 0xFC, 0x7E, 0x07, 0xE3, 0xF0, 0x3E, 0x1F,
    0x00, 0xF0, 0x78, 0x07, 0x83, 0xC0, 0x78, 0x39, 0xE1, 0xE3, 0xCF, 0x07, 0xB8, 0x1F, 0xE0, 0x3F,
    0x00, 0x7C, 0x03, 0xF0, 0x0F, 0xE0, 0x7F, 0x83, 0xCF, 0x0F, 0x1C, 0x78, 0x79, 0xC0, 0xF0, 0xF0,
    0x1C, 0xF0, 0x79, 0xE0, 0xE1, 0xC3, 0xC3, 0xC7, 0x87, 0x8E, 0x07, 0xBC, 0x0F, 0x78, 0x0E, 0xE0,
    0x1F, 0xC0, 0x3F, 0x00, 0x3E, 0x00, 0x7C, 0x00, 0x70, 0x01, 0xE0, 0x03, 0x80, 0x1F, 0x00, 0x3C,
    0x00, 0x70, 0x00, 0xFF, 0xFF, 0xFF, 0xFF, 0x81, 0xE0, 0x78, 0x0F, 0x03, 0xC0, 0xF0, 0x3C, 0x0F,
    0x01, 0xE0, 0x7F, 0xFF, 0xFF, 0xFF, 0xC0, 0x1E, 0x7D, 0xFB, 0xC7, 0x0E, 0x1C, 0x38, 0x70, 0xE3,
    0xC7, 0x8F, 0x0E, 0x1C, 0x38, 0x70, 0xE1, 0xC3, 0xC7, 0xE7, 0xC7, 0x80, 0xEE, 0xEE, 0xEE, 0xEE,
    0xEE, 0xEE, 0xEE, 0xEE, 0xEE, 0xEE, 0xEE, 0xE0, 0xF9, 0xFB, 0xF0, 0xE1, 0xC3, 0x87, 0x0E, 0x1C,
    0x3C, 0x78, 0x71, 0xE3, 0xC7, 0x0E, 0x1C, 0x38, 0x70, 0xEF, 0xDF, 0xBC, 0x00, 0x1E, 0x00, 0xFC,
    0x67, 0xFF, 0x9C, 0xFE, 0x01, 0xF0, 0x6F, 0xF6, 0x00, 0x77, 0x77, 0x77, 0x77, 0x77, 0x77, 0x70,
    0x07, 0x00, 0x38, 0x03, 0xE0, 0x7F, 0xC7, 0xFF, 0x3C, 0x7B, 0xC1, 0xDE, 0x00, 0xE0, 0x07, 0x00,
    0x3C, 0x01, 0xE0, 0xEF, 0x8F, 0x3F, 0xF8, 0xFF, 0x83, 0xF0, 0x07, 0x00, 0x38, 0x01, 0xC0, 0x07,
    0xE0, 0x3F, 0xE1, 0xFF, 0xC7, 0x9F, 0x1C, 0x3C, 0x70, 0x01, 0xC0, 0x07, 0x00, 0xFF, 0xC3, 0xFF,
    0x0F, 0xFC, 0x07, 0x00, 0x1C, 0x00, 0x70, 0x01, 0xC0, 0x3F, 0xFF, 0xFF, 0xFF, 0xFF, 0xF0, 0x60,
    0x27, 0xFF, 0xBF, 0xFC, 0xFF, 0xC7, 0x9E, 0x3C, 0x71, 0xC3, 0x8F, 0x1C, 0x79, 0xE3, 0xFF, 0x1F,
    0xFD, 0xFF, 0xE6, 0x02, 0x00, 0x00, 0x78, 0x0F, 0x3E, 0x0F, 0x0F, 0x07, 0x87, 0xC7, 0x81, 0xE3,
    0xC0, 0x7B, 0xC0, 0x3D, 0xE0, 0x7F, 0xFC, 0x3F, 0xFE, 0x1F, 0xFF, 0x00, 0x70, 0x00, 0x38, 0x03,
    0xFF, 0xE1, 0xFF, 0xF0, 0xFF, 0xF8, 0x03, 0x80, 0x01, 0xC0, 0x00, 0xE0, 0x00, 0xEE, 0xEE, 0xEE,
    0xEE, 0xEE, 0x00, 0x0E, 0xEE, 0xEE, 0xEE, 0xEE, 0xE0, 0x1F, 0x83, 0xFC, 0x7F, 0xE7, 0x9E, 0x78,
    0x07, 0x80, 0x3F, 0x03, 0xFC, 0x7F, 0xEF, 0xFF, 0xF0, 0xFE, 0x07, 0xF0, 0xFF, 0xFF, 0x7F, 0xE3,
    0xFC, 0x0F, 0xC0, 0x1E, 0x01, 0xE7, 0x9E, 0x7F, 0xE3, 0xFC, 0x1F, 0x80, 0xE3, 0xF1, 0xF8, 0xFC,
    0x70, 0x03, 0xF8, 0x01, 0xFF, 0xC0, 0x7F, 0xFC, 0x1F, 0x07, 0xC7, 0xBF, 0x3C, 0xEF, 0xF3, 0xBF,
    0xFE, 0x77, 0x79, 0xE7, 0xEE, 0x00, 0xFD, 0xC0, 0x1F, 0xB8, 0x03, 0xF7, 0x9E, 0x7F, 0xFF, 0x9C,
    0xEF, 0xF3, 0x9E, 0xFC, 0xF1, 0xF0, 0x7C, 0x1F, 0xFF, 0x01, 0xFF, 0xC0, 0x0F, 0xE0, 0x00, 0x1F,
    0xC1, 0xFF, 0x1F, 0xFC, 0xE1, 0xE0, 0x07, 0x00, 0x79, 0xFF, 0xDF, 0xFE, 0xF0, 0x77, 0x07, 0xBC,
    0x3D, 0xFF, 0xE7, 0xFF, 0x1F, 0x38, 0x00, 0x00, 0xC3, 0x1C, 0x73, 0xCF, 0x79, 0xEF, 0x3C, 0xE3,
    0x8E, 0x38, 0xFB, 0xE7, 0x9E, 0x3C, 0xF0, 0xC3, 0x04, 0x10, 0x00, 0xFF, 0xF7, 0xFF, 0xBF, 0xFC,
    0x00, 0xE0, 0x07, 0x00, 0x38, 0x01, 0xC0, 0x0E, 0xFF, 0xFF, 0xFF, 0x0F, 0xC0, 0x3F, 0xC0, 0xE1,
    0xC3, 0x81, 0xC6, 0xF9, 0xD9, 0xF9, 0xB3, 0x33, 0x67, 0xE6, 0xCF, 0x8D, 0x9B, 0x1B, 0xB6, 0x73,
    0xE5, 0xC3, 0x87, 0x03, 0xFC, 0x03, 0xF0, 0x00, 0xFF, 0xFF, 0xFF, 0x3C, 0x7E, 0xFF, 0xE7, 0xE7,
    0xE7, 0xFF, 0x7E, 0x3C, 0x07, 0x00, 0x70, 0x07, 0x00, 0x70, 0x07, 0x0F, 0xFF, 0xFF, 0xFF, 0xFF,
    0x07, 0x00, 0x70, 0x00, 0x00, 0x00, 0xFF, 0xFF, 0xFF, 0xFF, 0xF0, 0x3E, 0x3F, 0xBF, 0xDC, 0xE0,
    0xF0, 0xF0, 0xF1, 0xFE, 0xFF, 0xFF, 0xC0, 0x3F, 0x1F, 0xE7, 0xF8, 0x0E, 0x0F, 0x03, 0xE7, 0x39,
    0xFE, 0x7F, 0x8F, 0xC0, 0x1E, 0x79, 0xE3, 0x80, 0xE0, 0x7E, 0x07, 0xE0, 0x7E, 0x07, 0xE0, 0x7E,
    0x07, 0xE0, 0x7E, 0x07, 0xE0, 0x7F, 0x0F, 0xF1, 0xFF, 0xFF, 0xFF, 0xFF, 0xE7, 0xE0, 0x0E, 0x00,
    0xE0, 0x0E, 0x00, 0xE0, 0x00, 0x1F, 0xF8, 0xFF, 0xE7, 0xFF, 0x9F, 0x8E, 0xFE, 0x3B, 0xF8, 0xE7,
    0xE3, 0x9F, 0x8E, 0x3E, 0x38, 0x78, 0xE0, 0xE3, 0x83, 0x8E, 0x0E, 0x38, 0x38, 0xE0, 0xE3, 0x83,
    0x8E, 0x0E, 0x38, 0x38, 0xE0, 0xE3, 0x83, 0x8E, 0x0E, 0x38, 0x38, 0xE0, 0xE3, 0x80, 0x6F, 0xF6,
    0x73, 0x9E, 0x7F, 0xF8, 0x3C, 0xFB, 0xF7, 0xE9, 0xC3, 0x87, 0x0E, 0x1C, 0x38, 0x18, 0x3F, 0x3F,
    0xDE, 0xEE, 0x77, 0x3B, 0xFC, 0xFC, 0x3C, 0x00, 0x00, 0x08, 0x20, 0xC3, 0x0E, 0x38, 0xFB, 0xE7,
    0x9E, 0x3C, 0xF3, 0xCF, 0x79, 0xEF, 0x3C, 0xE3, 0x8C, 0x30, 0x82, 0x00, 0x00, 0x3C, 0x00, 0x03,
    0xE0, 0x00, 0x3F, 0x01, 0xC1, 0xF8, 0x1E, 0x0D, 0xC0, 0xE0, 0x0E, 0x0E, 0x00, 0x70, 0xF0, 0x03,
    0x87, 0x00, 0x1C, 0x70, 0x00, 0xE7, 0x87, 0x00, 0x38, 0x78, 0x03, 0x87, 0xC0, 0x3C, 0x3E, 0x01,
    0xC3, 0xF0, 0x1C, 0x1B, 0x81, 0xE1, 0xFF, 0x0E, 0x0F, 0xF8, 0xF0, 0x7F, 0xCF, 0x00, 0x38, 0x70,
    0x01, 0xC0, 0x3C, 0x00, 0x07, 0xC0, 0x00, 0xFC, 0x07, 0x0F, 0xC0, 0xF0, 0xDC, 0x0E, 0x01, 0xC1,
    0xC0, 0x1C, 0x3C, 0x01, 0xC3, 0x80, 0x1C, 0x70, 0x01, 0xCF, 0x3C, 0x00, 0xE7, 0xE0, 0x1C, 0xFF,
    0x03, 0xCE, 0xF0, 0x38, 0x0F, 0x07, 0x00, 0xE0, 0xF0, 0x3C, 0x0E, 0x07, 0x81, 0xE0, 0xFF, 0x3C,
    0x0F, 0xF3, 0x80, 0xFF, 0x1F, 0x00, 0x00, 0x7F, 0x80, 0x00, 0x7F, 0x80, 0x00, 0x73, 0x80, 0xF0,
    0x03, 0x81, 0xE0, 0x0F, 0x01, 0xC0, 0x0F, 0x83, 0xC0, 0x73, 0x87, 0x80, 0x7F, 0x87, 0x00, 0x7F,
    0x8F, 0x00, 0x3F, 0x1E, 0x1E, 0x00, 0x1C, 0x3E, 0x00, 0x3C, 0x3E, 0x00, 0x78, 0x7E, 0x00, 0x70,
    0xEE, 0x00, 0xF0, 0xCE, 0x01, 0xE1, 0xFF, 0x01, 0xC1, 0xFF, 0x03, 0xC1, 0xFF, 0x07, 0x80, 0x0E,
    0x07, 0x00, 0x0E, 0x06, 0x00, 0xF0, 0x0F, 0x00, 0x60, 0x00, 0x00, 0x00, 0x0E, 0x00, 0xE0, 0x1E,
    0x03, 0xE0, 0x7C, 0x07, 0x80, 0xF0, 0x0F, 0x00, 0xF0, 0xEF, 0x1E, 0x7F, 0xE7, 0xFC, 0x1F, 0x00,
    0x0F, 0x00, 0x03, 0xC0, 0x00, 0xE0, 0x00, 0x38, 0x00, 0x00, 0x00, 0x1F, 0x00, 0x0F, 0x80, 0x07,
    0xC0, 0x07, 0xF0, 0x03, 0xF8, 0x01, 0xFE, 0x01, 0xEF, 0x00, 0xF7, 0x80, 0x71, 0xE0, 0x78, 0xF0,
    0x3C, 0x78, 0x3F, 0xFE, 0x1F, 0xFF, 0x0F, 0xFF, 0x8F, 0x01, 0xE7, 0x80, 0xF3, 0xC0, 0x7F, 0xC0,
    0x1E, 0x00, 0x7C, 0x00, 0x3C, 0x00, 0x3C, 0x00, 0x3C, 0x00, 0x00, 0x00, 0x1F, 0x00, 0x0F, 0x80,
    0x07, 0xC0, 0x07, 0xF0, 0x03, 0xF8, 0x01, 0xFE, 0x01, 0xEF, 0x00, 0xF7, 0x80, 0x71, 0xE0, 0x78,
    0xF0, 0x3C, 0x78, 0x3F, 0xFE, 0x1F, 0xFF, 0x0F, 0xFF, 0x8F, 0x01, 0xE7, 0x80, 0xF3, 0xC0, 0x7F,
    0xC0, 0x1E, 0x03, 0xE0, 0x01, 0xF8, 0x01, 0xFC, 0x01, 0xE7, 0x00, 0x00, 0x00, 0x1F, 0x00, 0x0F,
    0x80, 0x07, 0xC0, 0x07, 0xF0, 0x03, 0xF8, 0x01, 0xFE, 0x01, 0xEF, 0x00, 0xF7, 0x80, 0x71, 0xE0,
    0x78, 0xF0, 0x3C, 0x78, 0x3F, 0xFE, 0x1F, 0xFF, 0x0F, 0xFF, 0x8F, 0x01, 0xE7, 0x80, 0xF3, 0xC0,
    0x7F, 0xC0, 0x1E, 0x00, 0x00, 0x03, 0xCC, 0x03, 0xFE, 0x01, 0xFF, 0x00, 0x4F, 0x00, 0x00, 0x00,
    0x0F, 0x80, 0x07, 0xC0, 0x03, 0xE0, 0x03, 0xF8, 0x01, 0xFC, 0x00, 0xFF, 0x00, 0xF7, 0x80, 0x7B,
    0xC0, 0x38, 0xF0, 0x3C, 0x78, 0x1E, 0x3C, 0x1F, 0xFF, 0x0F, 0xFF, 0x87, 0xFF, 0xC7, 0x80, 0xF3,
    0xC0, 0x79, 0xE0, 0x3F, 0xE0, 0x0F, 0x06, 0x18, 0x03, 0xCF, 0x00, 0xF3, 0xC0, 0x18, 0x60, 0x00,
    0x00, 0x00, 0x78, 0x00, 0x3E, 0x00, 0x0F, 0xC0, 0x03, 0xF0, 0x01, 0xFE, 0x00, 0x7F, 0x80, 0x1D,
    0xE0, 0x0F, 0x3C, 0x03, 0xCF, 0x00, 0xE3, 0xC0, 0x78, 0x78, 0x1F, 0xFE, 0x0F, 0xFF, 0x83, 0xFF,
    0xF0, 0xF0, 0x3C, 0x78, 0x0F, 0x9E, 0x01, 0xE7, 0x80, 0x78, 0x01, 0xE0, 0x00, 0xFC, 0x00, 0x33,
    0x00, 0x0C, 0xC0, 0x03, 0xF0, 0x00, 0x78, 0x00, 0x00, 0x00, 0x07, 0x80, 0x01, 0xE0, 0x00, 0xFC,
    0x00, 0x3F, 0x00, 0x0F, 0xE0, 0x07, 0xF8, 0x01, 0xFE, 0x00, 0x73, 0xC0, 0x3C, 0xF0, 0x0F, 0x3C,
    0x07, 0x87, 0x81, 0xFF, 0xE0, 0x7F, 0xF8, 0x3F, 0xFF, 0x0F, 0x03, 0xC3, 0x80, 0xF9, 0xE0, 0x1E,
    0x78, 0x07, 0x80, 0x00, 0x1F, 0xFF, 0x80, 0x1F, 0xFF, 0xC0, 0x0F, 0xFF, 0xE0, 0x0F, 0xC0, 0x00,
    0x0F, 0xE0, 0x00, 0x07, 0xF0, 0x00, 0x07, 0xB8, 0x00, 0x03, 0xDF, 0xFE, 0x03, 0xCF, 0xFF, 0x01,
    0xE7, 0xFF, 0x81, 0xE3, 0x80, 0x01, 0xFF, 0xC0, 0x00, 0xFF, 0xE0, 0x00, 0xFF, 0xF0, 0x00, 0x78,
    0x38, 0x00, 0x78, 0x1F, 0xFF, 0x3C, 0x0F, 0xFF, 0xBC, 0x07, 0xFF, 0xC0, 0x07, 0xE0, 0x1F, 0xF8,
    0x3F, 0xFC, 0x7C, 0x3E, 0x70, 0x1E, 0xF0, 0x1E, 0xF0, 0x00, 0xE0, 0x00, 0xE0, 0x00, 0xE0, 0x00,
    0xF0, 0x00, 0xF0, 0x00, 0xF0, 0x1E, 0x78, 0x1E, 0x7C, 0x7E, 0x3F, 0xFC, 0x1F, 0xF8, 0x0F, 0xE0,
    0x01, 0x80, 0x01, 0xC0, 0x00, 0xE0, 0x07, 0xC0, 0x07, 0xC0, 0x78, 0x03, 0xC0, 0x1C, 0x00, 0xE0,
    0x00, 0x0F, 0xFF, 0xFF, 0xFF, 0xFF, 0xE0, 0x0E, 0x00, 0xE0, 0x0E, 0x00, 0xFF, 0xFF, 0xFF, 0xFF,
    0xFE, 0x00, 0xE0, 0x0E, 0x00, 0xE0, 0x0E, 0x00, 0xFF, 0xFF, 0xFF, 0xFF, 0xF0, 0x01, 0xE0, 0x3C,
    0x07, 0x80, 0x70, 0x00, 0x0F, 0xFF, 0xFF, 0xFF, 0xFF, 0xE0, 0x0E, 0x00, 0xE0, 0x0E, 0x00, 0xFF,
    0xFF, 0xFF, 0xFF, 0xFE, 0x00, 0xE0, 0x0E, 0x00, 0xE0, 0x0E, 0x00, 0xFF, 0xFF, 0xFF, 0xFF, 0xF0,
    0x0F, 0x01, 0xF8, 0x3F, 0xC3, 0x9C, 0x00, 0x0F, 0xFF, 0xFF, 0xFF, 0xFF, 0xE0, 0x0E, 0x00, 0xE0,
    0x0E, 0x00, 0xFF, 0xFF, 0xFF, 0xFF, 0xFE, 0x00, 0xE0, 0x0E, 0x00, 0xE0, 0x0E, 0x00, 0xFF, 0xFF,
    0xFF, 0xFF, 0xF0, 0x30, 0xC7, 0x9E, 0x79, 0xE3, 0x0C, 0x00, 0x0F, 0xFF, 0xFF, 0xFF, 0xFF, 0xE0,
    0x0E, 0x00, 0xE0, 0x0E, 0x00, 0xFF, 0xFF, 0xFF, 0xFF, 0xFE, 0x00, 0xE0, 0x0E, 0x00, 0xE0, 0x0E,
    0x00, 0xFF, 0xFF, 0xFF, 0xFF, 0xF0, 0x78, 0x3C, 0x1C, 0x0E, 0x00, 0x0E, 0x0E, 0x0E, 0x0E, 0x0E,
    0x0E, 0x0E, 0x0E, 0x0E, 0x0E, 0x0E, 0x0E, 0x0E, 0x0E, 0x0E, 0x0E, 0x0E, 0x0E, 0x3C, 0x71, 0xE3,
    0x80, 0x1C, 0x38, 0x70, 0xE1, 0xC3, 0x87, 0x0E, 0x1C, 0x38, 0x70, 0xE1, 0xC3, 0x87, 0x0E, 0x1C,
    0x38, 0x00, 0x1E, 0x1F, 0x1F, 0xCE, 0xF0, 0x00, 0xE0, 0x70, 0x38, 0x1C, 0x0E, 0x07, 0x03, 0x81,
    0xC0, 0xE0, 0x70, 0x38, 0x1C, 0x0E, 0x07, 0x03, 0x81, 0xC0, 0xE0, 0x70, 0x61, 0xBC, 0xFF, 0x3D,
    0x86, 0x00, 0x03, 0x80, 0xE0, 0x38, 0x0E, 0x03, 0x80, 0xE0, 0x38, 0x0E, 0x03, 0x80, 0xE0, 0x38,
    0x0E, 0x03, 0x80, 0xE0, 0x38, 0x0E, 0x03, 0x80, 0xE0, 0x3F, 0xF0, 0x1F, 0xFC, 0x0F, 0xFF, 0x87,
    0x07, 0xC3, 0x80, 0xF1, 0xC0, 0x78, 0xE0, 0x1D, 0xFF, 0x0E, 0xFF, 0x87, 0x7F, 0xC3, 0x8E, 0x01,
    0xC7, 0x00, 0xE3, 0x80, 0xF1, 0xC0, 0x78, 0xE0, 0xF8, 0x7F, 0xF8, 0x3F, 0xF8, 0x1F, 0xF0, 0x00,
    0x00, 0x00, 0x1E, 0x60, 0x7F, 0xC0, 0xFF, 0x81, 0x9E, 0x00, 0x00, 0x3C, 0x03, 0xF8, 0x07, 0xF8,
    0x0F, 0xF8, 0x1F, 0xF8, 0x3F, 0xF0, 0x7F, 0xF0, 0xFD, 0xF1, 0xF9, 0xF3, 0xF3, 0xE7, 0xE3, 0xEF,
    0xC3, 0xFF, 0x83, 0xFF, 0x07, 0xFE, 0x07, 0xFC, 0x07, 0xF8, 0x07, 0xF0, 0x0F, 0x1E, 0x00, 0x07,
    0x80, 0x01, 0xE0, 0x00, 0x78, 0x00, 0x00, 0x00, 0x00, 0x00, 0x1F, 0xC0, 0x3F, 0xF0, 0x3F, 0xFC,
    0x3E, 0x1F, 0x1E, 0x03, 0xDE, 0x01, 0xEF, 0x00, 0x77, 0x80, 0x3B, 0x80, 0x1D, 0xC0, 0x0E, 0xF0,
    0x07, 0x78, 0x03, 0xBC, 0x03, 0xCF, 0x01, 0xE7, 0xC3, 0xE1, 0xFF, 0xE0, 0x7F, 0xE0, 0x0F, 0xE0,
    0x00, 0x78, 0x00, 0x78, 0x00, 0x38, 0x00, 0x38, 0x00, 0x00, 0x00, 0x00, 0x00, 0x1F, 0xC0, 0x3F,
    0xF0, 0x3F, 0xFC, 0x3E, 0x1F, 0x1E, 0x03, 0xDE, 0x01, 0xEF, 0x00, 0x77, 0x80, 0x3B, 0x80, 0x1D,
    0xC0, 0x0E, 0xF0, 0x07, 0x78, 0x03, 0xBC, 0x03, 0xCF, 0x01, 0xE7, 0xC3, 0xE1, 0xFF, 0xE0, 0x7F,
    0xE0, 0x0F, 0xE0, 0x03, 0xE0, 0x03, 0xF0, 0x03, 0xFC, 0x03, 0xCF, 0x00, 0x00, 0x00, 0x00, 0x00,
    0x1F, 0xC0, 0x3F, 0xF0, 0x3F, 0xFC, 0x3E, 0x1F, 0x1E, 0x03, 0xDE, 0x01, 0xEF, 0x00, 0x77, 0x80,
    0x3B, 0x80, 0x1D, 0xC0, 0x0E, 0xF0, 0x07, 0x78, 0x03, 0xBC, 0x03, 0xCF, 0x01, 0xE7, 0xC3, 0xE1,
    0xFF, 0xE0, 0x7F, 0xE0, 0x0F, 0xE0, 0x07, 0x10, 0x07, 0xFC, 0x07, 0xFE, 0x01, 0x1E, 0x00, 0x00,
    0x00, 0x00, 0x00, 0x1F, 0xC0, 0x3F, 0xF0, 0x3F, 0xFC, 0x3E, 0x1F, 0x1E, 0x03, 0xDE, 0x01, 0xEF,
    0x00, 0x77, 0x80, 0x3B, 0x80, 0x1D, 0xC0, 0x0E, 0xF0, 0x07, 0x78, 0x03, 0xBC, 0x03, 0xCF, 0x01,
    0xE7, 0xC3, 0xE1, 0xFF, 0xE0, 0x7F, 0xE0, 0x0F, 0xE0, 0x0C, 0x30, 0x0F, 0x3C, 0x07, 0x9E, 0x01,
    0x86, 0x00, 0x00, 0x00, 0x00, 0x00, 0x1F, 0xC0, 0x3F, 0xF0, 0x3F, 0xFC, 0x3E, 0x1F, 0x1E, 0x03,
    0xDE, 0x01, 0xEF, 0x00, 0x77, 0x80, 0x3B, 0x80, 0x1D, 0xC0, 0x0E, 0xF0, 0x07, 0x78, 0x03, 0xBC,
    0x03, 0xCF, 0x01, 0xE7, 0xC3, 0xE1, 0xFF, 0xE0, 0x7F, 0xE0, 0x0F, 0xE0, 0x00, 0x02, 0x04, 0x70,
    0xE7, 0x9E, 0x3F, 0xC1, 0xF8, 0x0F, 0x81, 0xF8, 0x3F, 0xC7, 0xDE, 0x78, 0xF3, 0x06, 0x00, 0x00,
    0x07, 0xF2, 0x0F, 0xFF, 0x8F, 0xFF, 0x8F, 0x87, 0xC7, 0x83, 0xF7, 0x81, 0xFB, 0xC1, 0xDD, 0xE1,
    0xCE, 0xE1, 0xC7, 0x71, 0xC3, 0xBD, 0xC1, 0xDF, 0xE0, 0xEF, 0xE0, 0xF3, 0xE0, 0x79, 0xF0, 0xF8,
    0xFF, 0xF8, 0x7F, 0xF8, 0x27, 0xF0, 0x00, 0x3C, 0x00, 0x3C, 0x00, 0x3C, 0x00, 0x3C, 0x00, 0x00,
    0x00, 0x00, 0x38, 0x07, 0x70, 0x0E, 0xE0, 0x1D, 0xC0, 0x3B, 0x80, 0x77, 0x00, 0xEE, 0x01, 0xDC,
    0x03, 0xB8, 0x07, 0x70, 0x0E, 0xE0, 0x1D, 0xE0, 0x3B, 0xC0, 0x77, 0x81, 0xE7, 0x87, 0xCF, 0xFF,
    0x0F, 0xFC, 0x07, 0xF0, 0x00, 0xF0, 0x03, 0xC0, 0x07, 0x00, 0x1C, 0x00, 0x00, 0x00, 0x00, 0x38,
    0x07, 0x70, 0x0E, 0xE0, 0x1D, 0xC0, 0x3B, 0x80, 0x77, 0x00, 0xEE, 0x01, 0xDC, 0x03, 0xB8, 0x07,
    0x70, 0x0E, 0xE0, 0x1D, 0xE0, 0x3B, 0xC0, 0x77, 0x81, 0xE7, 0x87, 0xCF, 0xFF, 0x0F, 0xFC, 0x07,
    0xF0, 0x07, 0x80, 0x1F, 0x80, 0x3F, 0x80, 0xE7, 0x80, 0x00, 0x00, 0x00, 0x38, 0x07, 0x70, 0x0E,
    0xE0, 0x1D, 0xC0, 0x3B, 0x80, 0x77, 0x00, 0xEE, 0x01, 0xDC, 0x03, 0xB8, 0x07, 0x70, 0x0E, 0xE0,
    0x1D, 0xE0, 0x3B, 0xC0, 0x77, 0x81, 0xE7, 0x87, 0xCF, 0xFF, 0x0F, 0xFC, 0x07, 0xF0, 0x18, 0x60,
    0x79, 0xE0, 0xF3, 0xC0, 0xC3, 0x00, 0x00, 0x00, 0x00, 0x38, 0x07, 0x70, 0x0E, 0xE0, 0x1D, 0xC0,
    0x3B, 0x80, 0x77, 0x00, 0xEE, 0x01, 0xDC, 0x03, 0xB8, 0x07, 0x70, 0x0E, 0xE0, 0x1D, 0xE0, 0x3B,
    0xC0, 0x77, 0x81, 0xE7, 0x87, 0xCF, 0xFF, 0x0F, 0xFC, 0x07, 0xF0, 0x00, 0x78, 0x00, 0x38, 0x00,
    0x38, 0x00, 0x38, 0x00, 0x00, 0x03, 0xC0, 0x79, 0xF0, 0x3C, 0x78, 0x3C, 0x3E, 0x1E, 0x0F, 0x1E,
    0x03, 0xCF, 0x01, 0xEF, 0x00, 0x7F, 0x00, 0x3F, 0x80, 0x0F, 0x80, 0x03, 0xC0, 0x01, 0xC0, 0x00,
    0xE0, 0x00, 0x70, 0x00, 0x38, 0x00, 0x1C, 0x00, 0x0E, 0x00, 0x07, 0x00, 0xE0, 0x03, 0x80, 0x0E,
    0x00, 0x3F, 0xF0, 0xFF, 0xF3, 0xFF, 0xCE, 0x07, 0xB8, 0x0E, 0xE0, 0x3B, 0x80, 0xEE, 0x03, 0xB8,
    0x1E, 0xFF, 0xF3, 0xFF, 0xCF, 0xFC, 0x38, 0x00, 0xE0, 0x03, 0x80, 0x00, 0x1F, 0x83, 0xFE, 0x1F,
    0xF9, 0xE3, 0xCF, 0x0E, 0x70, 0x73, 0x87, 0x9C, 0xF8, 0xE7, 0xC7, 0x3F, 0x38, 0x3D, 0xC0, 0xEE,
    0x07, 0x70, 0x3B, 0x83, 0xDC, 0xFE, 0xE7, 0xE7, 0x3E, 0x00, 0x38, 0x00, 0xE0, 0x07, 0x80, 0x1C,
    0x00, 0x00, 0x0F, 0xC0, 0xFF, 0x8F, 0xFE, 0x70, 0xF0, 0x03, 0x8F, 0xFC, 0xFF, 0xEF, 0xFF, 0x78,
    0x3B, 0x83, 0xDE, 0x3E, 0xFF, 0xF3, 0xFF, 0x8F, 0x9C, 0x00, 0xE0, 0x0F, 0x00, 0xF0, 0x07, 0x00,
    0x70, 0x00, 0x00, 0x7E, 0x07, 0xFC, 0x7F, 0xF3, 0xC7, 0x80, 0x3C, 0x01, 0xE7, 0xFF, 0x7F, 0xFB,
    0xC1, 0xDC, 0x1E, 0xF1, 0xF7, 0xFF, 0x9F, 0xFC, 0x7C, 0xE0, 0x07, 0x00, 0x7C, 0x07, 0xE0, 0x3B,
    0x83, 0x8C, 0x00, 0x00, 0x7E, 0x07, 0xFC, 0x7F, 0xF3, 0x87, 0x80, 0x1C, 0x7F, 0xE7, 0xFF, 0x7F,
    0xFB, 0xC1, 0xDC, 0x1E, 0xF1, 0xF7, 0xFF, 0x9F, 0xFC, 0x7C, 0xE0, 0x00, 0x40, 0xFF, 0x07, 0xF0,
    0x7F, 0x01, 0x00, 0x0F, 0xC0, 0xFF, 0x8F, 0xFE, 0x70, 0xF0, 0x03, 0x8F, 0xFC, 0xFF, 0xEF, 0xFF,
    0x78, 0x3B, 0x83, 0xDE, 0x3E, 0xFF, 0xF3, 0xFF, 0x8F, 0x9C, 0x38, 0xE1, 0xC7, 0x0E, 0x38, 0x71,
    0xC0, 0x00, 0x0F, 0xC0, 0xFF, 0x8F, 0xFE, 0x70, 0xF0, 0x03, 0x8F, 0xFC, 0xFF, 0xEF, 0xFF, 0x78,
    0x3B, 0x83, 0xDE, 0x3E, 0xFF, 0xF3, 0xFF, 0x8F, 0x9C, 0x0F, 0x00, 0xFC, 0x06, 0x60, 0x33, 0x01,
    0xF8, 0x07, 0x80, 0x00, 0x03, 0xF0, 0x3F, 0xE3, 0xFF, 0x9C, 0x3C, 0x00, 0xE3, 0xFF, 0x3F, 0xFB,
    0xFF, 0xDE, 0x0E, 0xE0, 0xF7, 0x8F, 0xBF, 0xFC, 0xFF, 0xE3, 0xE7, 0x00, 0x1F, 0x8F, 0xC0, 0xFF,
    0x7F, 0xC7, 0xFF, 0xFF, 0x1C, 0x3E, 0x1E, 0x00, 0x70, 0x38, 0xFF, 0xFF, 0xE7, 0xFF, 0xFF, 0xBF,
    0xFF, 0xFE, 0xF0, 0x70, 0x03, 0x83, 0xC0, 0x0F, 0x1F, 0x87, 0xBF, 0xFF, 0xFC, 0x7F, 0x9F, 0xF0,
    0xFC, 0x3F, 0x00, 0x0F, 0x81, 0xFF, 0x1F, 0xFC, 0xF1, 0xEF, 0x07, 0x78, 0x03, 0x80, 0x1C, 0x00,
    0xF0, 0x07, 0x83, 0x9E, 0x3C, 0xFF, 0xE3, 0xFE, 0x07, 0xC0, 0x1C, 0x00, 0xF0, 0x03, 0x80, 0x7C,
    0x03, 0xC0, 0x38, 0x01, 0xE0, 0x07, 0x80, 0x1C, 0x00, 0x60, 0x00, 0x00, 0x3F, 0x07, 0xFC, 0x7F,
    0xF3, 0x83, 0xFC, 0x1F, 0xE0, 0xFF, 0xFF, 0xFF, 0xFF, 0x80, 0x1E, 0x00, 0x78, 0x7B, 0xFF, 0x8F,
    0xF8, 0x1F, 0x80, 0x00, 0xE0, 0x0F, 0x00, 0xF0, 0x07, 0x00, 0x70, 0x00, 0x00, 0x3F, 0x07, 0xFC,
    0x7F, 0xF3, 0x83, 0xFC, 0x1F, 0xE0, 0xFF, 0xFF, 0xFF, 0xFF, 0x80, 0x1E, 0x00, 0x78, 0x7B, 0xFF,
    0x8F, 0xF8, 0x1F, 0x80, 0x07, 0x00, 0x7C, 0x07, 0xF0, 0x3B, 0x83, 0x8C, 0x00, 0x00, 0x3F, 0x07,
    0xFC, 0x7F, 0xF3, 0x83, 0xFC, 0x1F, 0xFF, 0xFF, 0xFF, 0xFF, 0xFF, 0x80, 0x1E, 0x00, 0x78, 0x7B,
    0xFF, 0x8F, 0xF8, 0x1F, 0x80, 0x38, 0xE1, 0xC7, 0x0E, 0x38, 0x71, 0xC0, 0x00, 0x07, 0xE0, 0xFF,
    0x8F, 0xFE, 0x70, 0x7F, 0x83, 0xFF, 0xFF, 0xFF, 0xFF, 0xFF, 0xF0, 0x03, 0xC0, 0x0F, 0x0F, 0x7F,
    0xF1, 0xFF, 0x03, 0xF0, 0x78, 0x38, 0x1C, 0x0E, 0x00, 0x0E, 0x0E, 0x0E, 0x0E, 0x0E, 0x0E, 0x0E,
    0x0E, 0x0E, 0x0E, 0x0E, 0x0E, 0x0E, 0x0E, 0x1C, 0x79, 0xE7, 0x80, 0x1C, 0x38, 0x70, 0xE1, 0xC3,
    0x87, 0x0E, 0x1C, 0x38, 0x70, 0xE1, 0xC3, 0x80, 0x1E, 0x0F, 0x87, 0xF3, 0xCE, 0x00, 0x07, 0x01,
    0xC0, 0x70, 0x1C, 0x07, 0x01, 0xC0, 0x70, 0x1C, 0x07, 0x01, 0xC0, 0x70, 0x1C, 0x07, 0x01, 0xC0,
    0xE3, 0xF1, 0xF8, 0xFC, 0x70, 0x00, 0xE0, 0x70, 0x38, 0x1C, 0x0E, 0x07, 0x03, 0x81, 0xC0, 0xE0,
    0x70, 0x38, 0x1C, 0x0E, 0x07, 0x00, 0x00, 0x00, 0x6C, 0x01, 0xF0, 0x07, 0xE0, 0x0F, 0xC0, 0x37,
    0x80, 0x0F, 0x03, 0xFC, 0x3F, 0xF9, 0xFF, 0xE7, 0x8F, 0xBC, 0x1E, 0xF0, 0x3B, 0x80, 0xEE, 0x03,
    0xBC, 0x0E, 0xF0, 0x79, 0xE3, 0xE7, 0xFF, 0x0F, 0xF8, 0x0F, 0x80, 0x00, 0x40, 0xFE, 0x0F, 0xF0,
    0x7F, 0x01, 0x00, 0x73, 0xE3, 0xFF, 0x9F, 0xFE, 0xF8, 0xF7, 0x83, 0xB8, 0x1D, 0xC0, 0xEE, 0x07,
    0x70, 0x3B, 0x81, 0xDC, 0x0E, 0xE0, 0x77, 0x03, 0xB8, 0x1C, 0x38, 0x00, 0xF0, 0x01, 0xE0, 0x03,
    0x80, 0x07, 0x00, 0x00, 0x00, 0xFC, 0x0F, 0xF8, 0x7F, 0xF1, 0xE3, 0xEF, 0x07, 0xBC, 0x0E, 0xE0,
    0x3B, 0x80, 0xEF, 0x03, 0xBC, 0x1E, 0x78, 0xF9, 0xFF, 0xC3, 0xFE, 0x03, 0xF0, 0x00, 0xE0, 0x07,
    0x80, 0x1C, 0x00, 0xE0, 0x03, 0x00, 0x00, 0x00, 0xFC, 0x0F, 0xF8, 0x7F, 0xF1, 0xE3, 0xEF, 0x07,
    0xBC, 0x0E, 0xE0, 0x3B, 0x80, 0xEF, 0x03, 0xBC, 0x1E, 0x78, 0xF9, 0xFF, 0xC3, 0xFE, 0x03, 0xF0,
    0x07, 0x00, 0x3E, 0x00, 0xFC, 0x07, 0x78, 0x18, 0xE0, 0x00, 0x00, 0xFC, 0x0F, 0xF8, 0x7F, 0xF1,
    0xE3, 0xEF, 0x07, 0xBC, 0x0E, 0xE0, 0x3B, 0x80, 0xEF, 0x03, 0xBC, 0x1E, 0x78, 0xF9, 0xFF, 0xC3,
    0xFE, 0x03, 0xF0, 0x00, 0x40, 0x3F, 0x81, 0xFC, 0x0F, 0xF0, 0x10, 0x00, 0x3F, 0x03, 0xFE, 0x1F,
    0xFC, 0x78, 0xFB, 0xC1, 0xEF, 0x03, 0xB8, 0x0E, 0xE0, 0x3B, 0xC0, 0xEF, 0x07, 0x9E, 0x3E, 0x7F,
    0xF0, 0xFF, 0x80, 0xFC, 0x00, 0x1C, 0xE0, 0x73, 0x81, 0xCE, 0x07, 0x38, 0x00, 0x00, 0x3F, 0x03,
    0xFE, 0x1F, 0xFC, 0x78, 0xFB, 0xC1, 0xEF, 0x03, 0xB8, 0x0E, 0xE0, 0x3B, 0xC0, 0xEF, 0x07, 0x9E,
    0x3E, 0x7F, 0xF0, 0xFF, 0x80, 0xFC, 0x00, 0x06, 0x00, 0xF0, 0x0F, 0x00, 0x60, 0x00, 0x00, 0x00,
    0xFF, 0xFF, 0xFF, 0xFF, 0xF0, 0x00, 0x00, 0x00, 0x60, 0x0F, 0x00, 0xF0, 0x06, 0x00, 0x0F, 0xD0,
    0xFF, 0xC7, 0xFF, 0x1E, 0x3E, 0xF0, 0xFB, 0xC6, 0xEE, 0x33, 0xB9, 0x8E, 0xFE, 0x3B, 0xF1, 0xE7,
    0x8F, 0x9F, 0xFC, 0x7F, 0xE1, 0x3F, 0x00, 0x78, 0x03, 0x80, 0x1C, 0x00, 0xE0, 0x06, 0x00, 0x00,
    0xE0, 0x7E, 0x07, 0xE0, 0x7E, 0x07, 0xE0, 0x7E, 0x07, 0xE0, 0x7E, 0x07, 0xE0, 0x7F, 0x0F, 0xF1,
    0xFF, 0xFF, 0x7F, 0xF3, 0xE7, 0x00, 0xE0, 0x1C, 0x03, 0x80, 0x70, 0x06, 0x00, 0x00, 0xE0, 0x7E,
    0x07, 0xE0, 0x7E, 0x07, 0xE0, 0x7E, 0x07, 0xE0, 0x7E, 0x07, 0xE0, 0x7F, 0x0F, 0xF1, 0xFF, 0xFF,
    0x7F, 0xF3, 0xE7, 0x07, 0x00, 0xF0, 0x1F, 0x83, 0x9C, 0x30, 0xC0, 0x00, 0xE0, 0x7E, 0x07, 0xE0,
    0x7E, 0x07, 0xE0, 0x7E, 0x07, 0xE0, 0x7E, 0x07, 0xE0, 0x7F, 0x0F, 0xF1, 0xFF, 0xFF, 0x7F, 0xF3,
    0xE7, 0x39, 0xC3, 0x9C, 0x39, 0xC3, 0x9C, 0x00, 0x0E, 0x07, 0xE0, 0x7E, 0x07, 0xE0, 0x7E, 0x07,
    0xE0, 0x7E, 0x07, 0xE0, 0x7E, 0x07, 0xF0, 0xFF, 0x1F, 0xFF, 0xF7, 0xFF, 0x3E, 0x70, 0x00, 0x70,
    0x01, 0xE0, 0x07, 0x80, 0x1E, 0x00, 0x38, 0x00, 0x00, 0x3C, 0x07, 0x3C, 0x1E, 0x78, 0x38, 0x70,
    0xF0, 0xF1, 0xE1, 0xE3, 0x81, 0xEF, 0x03, 0xDE, 0x03, 0xB8, 0x07, 0xF0, 0x0F, 0xC0, 0x0F, 0x80,
    0x1F, 0x00, 0x1C, 0x00, 0x78, 0x00, 0xE0, 0x07, 0xC0, 0x0F, 0x00, 0x1C, 0x00, 0xE0, 0x07, 0x00,
    0x38, 0x01, 0xC0, 0x0E, 0x7C, 0x7F, 0xF3, 0xFF, 0xDF, 0x1F, 0xF0, 0x7F, 0x83, 0xF8, 0x0F, 0xC0,
    0x7F, 0x07, 0xF8, 0x3F, 0xE3, 0xFF, 0xFE, 0xFF, 0xE7, 0x3E, 0x38, 0x01, 0xC0, 0x0E, 0x00, 0x70,
    0x03, 0x80, 0x00, 0x1C, 0x70, 0x38, 0xE0, 0x71, 0xC0, 0xE3, 0x80, 0x00, 0x00, 0x00, 0x1C, 0x07,
    0x3C, 0x0E, 0x78, 0x3C, 0x78, 0x70, 0xF0, 0xE0, 0xE3, 0xC1, 0xE7, 0x03, 0xDE, 0x03, 0xF8, 0x07,
    0xF0, 0x07, 0xE0, 0x0F, 0x80, 0x1F, 0x00, 0x1E, 0x00, 0x78, 0x00, 0xF0, 0x07, 0xC0, 0x0F, 0x80,
    0x1C, 0x00, 0x07, 0xF8, 0x01, 0xFE, 0x00, 0x7F, 0x80, 0x00, 0x00, 0x00, 0x00, 0x00, 0x78, 0x00,
    0x3E, 0x00, 0x0F, 0xC0, 0x03, 0xF0, 0x01, 0xFE, 0x00, 0x7F, 0x80, 0x1D, 0xE0, 0x0F, 0x3C, 0x03,
    0xCF, 0x00, 0xE3, 0xC0, 0x78, 0x78, 0x1F, 0xFE, 0x07, 0xFF, 0x83, 0xFF, 0xF0, 0xF0, 0x3C, 0x78,
    0x0F, 0x9E, 0x01, 0xE7, 0x80, 0x78, 0x3F, 0xC1, 0xFE, 0x0F, 0xF0, 0x00, 0x01, 0xF8, 0x1F, 0xF1,
    0xFF, 0xCE, 0x1E, 0x00, 0x71, 0xFF, 0x9F, 0xFD, 0xFF, 0xEF, 0x07, 0x70, 0x7B, 0xC7, 0xDF, 0xFE,
    0x7F, 0xF1, 0xF3, 0x80, 0x0E, 0x38, 0x07, 0x9C, 0x03, 0xDE, 0x00, 0xFF, 0x00, 0x3E, 0x00, 0x00,
    0x00, 0x07, 0x80, 0x07, 0xC0, 0x03, 0xE0, 0x01, 0xF8, 0x01, 0xFC, 0x00, 0xFE, 0x00, 0x77, 0x80,
    0x7B, 0xC0, 0x3C, 0xF0, 0x3C, 0x78, 0x1E, 0x3C, 0x0F, 0xFF, 0x0F, 0xFF, 0x87, 0xFF, 0xC3, 0x80,
    0xF3, 0xC0, 0x79, 0xE0, 0x3F, 0xE0, 0x0F, 0x38, 0xE1, 0xEF, 0x0F, 0x78, 0x3F, 0x80, 0xF8, 0x00,
    0x00, 0x7E, 0x07, 0xFC, 0x7F, 0xF3, 0xC7, 0x80, 0x1C, 0x7F, 0xE7, 0xFF, 0x7F, 0xFB, 0xC1, 0xDC,
    0x1E, 0xF1, 0xF7, 0xFF, 0x9F, 0xFC, 0x7C, 0xE0, 0x01, 0xE0, 0x00, 0x7C, 0x00, 0x3F, 0x00, 0x0F,
    0xC0, 0x03, 0xF8, 0x01, 0xFE, 0x00, 0x7F, 0xC0, 0x3C, 0xF0, 0x0F, 0x3C, 0x03, 0x8F, 0x81, 0xE1,
    0xE0, 0x7F, 0xF8, 0x1F, 0xFF, 0x0F, 0xFF, 0xC3, 0xC0, 0xF8, 0xE0, 0x1E, 0x78, 0x07, 0x9E, 0x01,
    0xF0, 0x00, 0x18, 0x00, 0x1C, 0x00, 0x07, 0x00, 0x01, 0xF0, 0x00, 0x3C, 0x1F, 0x81, 0xFF, 0x1F,
    0xFC, 0xE1, 0xE0, 0x07, 0x1F, 0xF9, 0xFF, 0xDF, 0xFE, 0xF0, 0x77, 0x07, 0xBC, 0x7D, 0xFF, 0xE7,
    0xFF, 0x1F, 0x38, 0x01, 0xC0, 0x18, 0x01, 0xC0, 0x0F, 0x80, 0x3C, 0x00, 0xF0, 0x01, 0xE0, 0x03,
    0xC0, 0x03, 0x80, 0x00, 0x00, 0x00, 0x00, 0x07, 0xE0, 0x1F, 0xF8, 0x3F, 0xFC, 0x7C, 0x7E, 0x70,
    0x3E, 0xF0, 0x1E, 0xF0, 0x00, 0xF0, 0x00, 0xE0, 0x00, 0xE0, 0x00, 0xF0, 0x00, 0xF0, 0x00, 0xF0,
    0x1E, 0x78, 0x3E, 0x7C, 0x7E, 0x3F, 0xFC, 0x1F, 0xF8, 0x0F, 0xE0, 0x00, 0xE0, 0x0E, 0x00, 0xF0,
    0x0F, 0x00, 0x70, 0x00, 0x00, 0x3F, 0x07, 0xFC, 0x7F, 0xF3, 0xC7, 0xBC, 0x1D, 0xE0, 0x0E, 0x00,
    0x70, 0x03, 0xC0, 0x1E, 0x0E, 0x78, 0xF3, 0xFF, 0x8F, 0xF8, 0x1F, 0x00, 0x01, 0xC0, 0x01, 0xF0,
    0x01, 0xFC, 0x01, 0xEF, 0x00, 0xE3, 0x80, 0x00, 0x00, 0x00, 0x00, 0x0F, 0xE0, 0x1F, 0xFC, 0x1F,
    0xFF, 0x1F, 0x0F, 0x8F, 0x01, 0xEF, 0x80, 0xF7, 0x80, 0x03, 0xC0, 0x01, 0xE0, 0x00, 0xF0, 0x00,
    0x78, 0x00, 0x3C, 0x00, 0x1F, 0x01, 0xE7, 0x80, 0xF3, 0xE1, 0xF0, 0xFF, 0xF8, 0x3F, 0xF8, 0x07,
    0xF0, 0x00, 0x07, 0x00, 0x7C, 0x07, 0x70, 0x71, 0xC0, 0x00, 0x00, 0x00, 0x3F, 0x07, 0xFC, 0x7F,
    0xF3, 0xC7, 0xFC, 0x1F, 0xE0, 0x0F, 0x00, 0x78, 0x03, 0xC0, 0x1E, 0x0F, 0x78, 0xFB, 0xFF, 0x8F,
    0xF8, 0x1F, 0x80, 0x01, 0x80, 0x03, 0xC0, 0x03, 0xC0, 0x01, 0x80, 0x00, 0x00, 0x00, 0x00, 0x07,
    0xE0, 0x1F, 0xF8, 0x3F, 0xFC, 0x7C, 0x3E, 0x78, 0x1E, 0xF0, 0x1E, 0xF0, 0x00, 0xF0, 0x00, 0xE0,
    0x00, 0xE0, 0x00, 0xF0, 0x00, 0xF0, 0x00, 0xF0, 0x1E, 0x78, 0x1E, 0x7C, 0x3E, 0x3F, 0xFC, 0x1F,
    0xF8, 0x0F, 0xE0, 0x06, 0x00, 0x78, 0x03, 0xC0, 0x0C, 0x00, 0x00, 0x07, 0xC0, 0xFF, 0x8F, 0xFE,
    0x78, 0xF7, 0x83, 0xBC, 0x01, 0xC0, 0x0E, 0x00, 0x78, 0x03, 0xC1, 0xCF, 0x1E, 0x7F, 0xF1, 0xFF,
    0x03, 0xE0, 0x1C, 0xE0, 0x1F, 0xE0, 0x0F, 0xC0, 0x07, 0x80, 0x00, 0x00, 0x00, 0x00, 0x07, 0xE0,
    0x1F, 0xF8, 0x3F, 0xFC, 0x7C, 0x7E, 0x70, 0x3E, 0xF0, 0x1E, 0xF0, 0x00, 0xF0, 0x00, 0xE0, 0x00,
    0xE0, 0x00, 0xF0, 0x00, 0xF0, 0x00, 0xF0, 0x1E, 0x78, 0x3E, 0x7C, 0x7E, 0x3F, 0xFC, 0x1F, 0xF8,
    0x0F, 0xE0, 0x39, 0xC0, 0xFE, 0x07, 0xE0, 0x1E, 0x00, 0x00, 0x07, 0xE0, 0xFF, 0x8F, 0xFE, 0x78,
    0xF7, 0x83, 0xFC, 0x01, 0xC0, 0x0E, 0x00, 0x78, 0x03, 0xC1, 0xCF, 0x1E, 0x7F, 0xF1, 0xFF, 0x03,
    0xE0, 0x3C, 0xE0, 0x7F, 0x00, 0xFC, 0x03, 0xE0, 0x00, 0x03, 0xFE, 0x0F, 0xFE, 0x3F, 0xFC, 0xE0,
    0xFB, 0x81, 0xEE, 0x03, 0xF8, 0x0F, 0xE0, 0x3F, 0x80, 0x7E, 0x01, 0xF8, 0x0F, 0xE0, 0x3F, 0x80,
    0xFE, 0x07, 0xB8, 0x3E, 0xFF, 0xF3, 0xFF, 0x8F, 0xF8, 0x00, 0x00, 0x39, 0xC0, 0x0E, 0x70, 0x03,
    0x9C, 0x00, 0xEE, 0x1F, 0x3B, 0x8F, 0xFE, 0xC7, 0xFF, 0x83, 0xE3, 0xE0, 0xF0, 0x78, 0x3C, 0x1E,
    0x0E, 0x03, 0x83, 0x80, 0xE0, 0xF0, 0x78, 0x3C, 0x1E, 0x0F, 0x8F, 0x81, 0xFF, 0xE0, 0x3F, 0xF8,
    0x07, 0xCE, 0x00, 0x3F, 0xF0, 0x1F, 0xFC, 0x0F, 0xFF, 0x87, 0x07, 0xC3, 0x80, 0xF1, 0xC0, 0x78,
    0xE0, 0x1D, 0xFF, 0x0E, 0xFF, 0x87, 0x7F, 0xC3, 0x8E, 0x01, 0xC7, 0x00, 0xE3, 0x80, 0xF1, 0xC0,
    0x78, 0xE0, 0xF8, 0x7F, 0xF8, 0x3F, 0xF8, 0x1F, 0xF0, 0x00, 0x00, 0x38, 0x03, 0xFF, 0x03, 0xFF,
    0x00, 0x38, 0x1F, 0x38, 0x3F, 0xF8, 0x7F, 0xF8, 0xF8, 0xF8, 0xF0, 0x78, 0xF0, 0x78, 0xE0, 0x38,
    0xE0, 0x38, 0xF0, 0x78, 0xF0, 0x78, 0xF8, 0xF8, 0x7F, 0xF8, 0x3F, 0xF8, 0x1F, 0x38, 0x3F, 0xC3,
    0xFC, 0x3F, 0xC0, 0x00, 0x00, 0x0F, 0xFF, 0xFF, 0xFF, 0xFF, 0xE0, 0x0E, 0x00, 0xE0, 0x0E, 0x00,
    0xFF, 0xFF, 0xFF, 0xFF, 0xFE, 0x00, 0xE0, 0x0E, 0x00, 0xE0, 0x0E, 0x00, 0xFF, 0xFF, 0xFF, 0xFF,
    0xF0, 0x3F, 0xC1, 0xFE, 0x0F, 0xF0, 0x00, 0x00, 0xFC, 0x1F, 0xF1, 0xFF, 0xCE, 0x0F, 0xF0, 0x7F,
    0xFF, 0xFF, 0xFF, 0xFF, 0xFE, 0x00, 0x78, 0x01, 0xE1, 0xEF, 0xFE, 0x3F, 0xE0, 0x7E, 0x00, 0x30,
    0xC3, 0x9C, 0x1F, 0x80, 0xF0, 0x00, 0x00, 0x00, 0xFF, 0xFF, 0xFF, 0xFF, 0xFF, 0x00, 0xF0, 0x0F,
    0x00, 0xF0, 0x0F, 0xFF, 0xFF, 0xFF, 0xFF, 0xF0, 0x0F, 0x00, 0xF0, 0x0F, 0x00, 0xF0, 0x0F, 0xFF,
    0xFF, 0xFF, 0xFF, 0x30, 0x61, 0xC7, 0x07, 0xF0, 0x1F, 0x00, 0x00, 0x00, 0x00, 0x3E, 0x07, 0xFC,
    0x7F, 0xF3, 0xC7, 0xBC, 0x1F, 0xE0, 0xFF, 0xFF, 0xFF, 0xFF, 0xC0, 0x1E, 0x00, 0x78, 0xFB, 0xFF,
    0x8F, 0xF8, 0x1F, 0x80, 0x06, 0x00, 0xF0, 0x0F, 0x00, 0x60, 0x00, 0x0F, 0xFF, 0xFF, 0xFF, 0xFF,
    0xE0, 0x0E, 0x00, 0xE0, 0x0E, 0x00, 0xFF, 0xFF, 0xFF, 0xFF, 0xFE, 0x00, 0xE0, 0x0E, 0x00, 0xE0,
    0x0E, 0x00, 0xFF, 0xFF, 0xFF, 0xFF, 0xF0, 0x06, 0x00, 0x78, 0x03, 0xC0, 0x0C, 0x00, 0x00, 0x07,
    0xE0, 0xFF, 0x8F, 0xFE, 0x70, 0x7F, 0x83, 0xFF, 0xFF, 0xFF, 0xFF, 0xFF, 0xF0, 0x03, 0xC0, 0x0F,
    0x0F, 0x7F, 0xF1, 0xFF, 0x03, 0xF0, 0xFF, 0xF7, 0xFF, 0xBF, 0xFD, 0xC0, 0x0E, 0x00, 0x70, 0x03,
    0x80, 0x1F, 0xFE, 0xFF, 0xF7, 0xFF, 0xB8, 0x01, 0xC0, 0x0E, 0x00, 0x70, 0x03, 0x80, 0x1F, 0xFE,
    0xFF, 0xF7, 0xFF, 0x80, 0x0C, 0x01, 0xC0, 0x0E, 0x00, 0x78, 0x01, 0xC0, 0x0F, 0xC1, 0xFF, 0x1F,
    0xFC, 0xE0, 0xFF, 0x07, 0xFF, 0xFF, 0xFF, 0xFF, 0xFF, 0xF0, 0x07, 0x80, 0x1E, 0x1E, 0xFF, 0xE3,
    0xFE, 0x07, 0xE0, 0x1C, 0x01, 0xC0, 0x0E, 0x00, 0x7C, 0x01, 0xE0, 0x39, 0xC3, 0xFC, 0x1F, 0x80,
    0xF0, 0x00, 0x0F, 0xFF, 0xFF, 0xFF, 0xFF, 0xE0, 0x0E, 0x00, 0xE0, 0x0E, 0x00, 0xFF, 0xFF, 0xFF,
    0xFF, 0xFE, 0x00, 0xE0, 0x0E, 0x00, 0xE0, 0x0E, 0x00, 0xFF, 0xFF, 0xFF, 0xFF, 0xF0, 0x38, 0xC0,
    0xEE, 0x07, 0xF0, 0x1F, 0x00, 0x70, 0x00, 0x00, 0x3F, 0x07, 0xFC, 0x7F, 0xF3, 0x83, 0xFC, 0x1F,
    0xE0, 0xFF, 0xFF, 0xFF, 0xFF, 0x80, 0x1E, 0x00, 0x78, 0x7B, 0xFF, 0x8F, 0xF8, 0x1F, 0x80, 0x01,
    0xC0, 0x01, 0xF0, 0x01, 0xFC, 0x01, 0xEF, 0x00, 0xE3, 0x80, 0x00, 0x00, 0x00, 0x00, 0x0F, 0xE0,
    0x1F, 0xFC, 0x1F, 0xFF, 0x1F, 0x87, 0xCF, 0x01, 0xEF, 0x80, 0x77, 0x80, 0x03, 0xC0, 0x01, 0xE0,
    0xFF, 0xF0, 0x7F, 0xF8, 0x3F, 0xFC, 0x01, 0xFF, 0x00, 0xF7, 0x80, 0xF3, 0xF0, 0xF8, 0xFF, 0xF8,
    0x3F, 0xF8, 0x07, 0xF0, 0x00, 0x07, 0x00, 0x7C, 0x07, 0x70, 0x71, 0xC0, 0x00, 0x00, 0x00, 0x7D,
    0xE7, 0xFF, 0x7F, 0xFB, 0xC7, 0xFC, 0x1F, 0xE0, 0xFF, 0x07, 0xF8, 0x3F, 0xC1, 0xFE, 0x0F, 0xF8,
    0xFB, 0xFF, 0xCF, 0xFE, 0x3E, 0xF0, 0x07, 0xB8, 0x7D, 0xFF, 0xC7, 0xFC, 0x1F, 0xC0, 0x07, 0xF0,
    0x1F, 0xF8, 0x3F, 0xFC, 0x7C, 0x3E, 0x78, 0x1F, 0xF0, 0x00, 0xF0, 0x00, 0xF0, 0x00, 0xE0, 0x7F,
    0xE0, 0x7F, 0xF0, 0x7F, 0xF0, 0x0F, 0xF0, 0x0F, 0x78, 0x0E, 0x7C, 0x3E, 0x3F, 0xFC, 0x1F, 0xF8,
    0x07, 0xF0, 0x1F, 0x39, 0xFF, 0xDF, 0xFF, 0xF1, 0xFF, 0x07, 0xF8, 0x3F, 0x80, 0xFC, 0x07, 0xF0,
    0x7F, 0x83, 0xFE, 0x3E, 0xFF, 0xF3, 0xFF, 0x8F, 0x9C, 0x01, 0xFE, 0x1F, 0x7F, 0xF3, 0xFF, 0x07,
    0xF0, 0x01, 0x80, 0x03, 0xC0, 0x03, 0xC0, 0x01, 0x80, 0x00, 0x00, 0x00, 0x00, 0x07, 0xF0, 0x1F,
    0xF8, 0x3F, 0xFC, 0x7C, 0x3E, 0x78, 0x1E, 0xF0, 0x00, 0xF0, 0x00, 0xF0, 0x00, 0xE0, 0x7F, 0xE0,
    0x7F, 0xF0, 0x7F, 0xF0, 0x0F, 0xF0, 0x0F, 0x78, 0x1E, 0x7C, 0x3E, 0x3F, 0xFC, 0x1F, 0xF8, 0x07,
    0xF0, 0x03, 0x00, 0x1E, 0x00, 0x78, 0x00, 0xC0, 0x00, 0x00, 0x00, 0x01, 0xF3, 0x8F, 0xFE, 0x7F,
    0xFB, 0xE1, 0xEF, 0x03, 0xBC, 0x0E, 0xE0, 0x3B, 0x80, 0xEF, 0x03, 0xBC, 0x1E, 0xF8, 0x79, 0xFF,
    0xE3, 0xFF, 0x87, 0xCE, 0x00, 0x3B, 0xC1, 0xE7, 0xFF, 0x9F, 0xFC, 0x1F, 0xC0, 0x07, 0xF0, 0x1F,
    0xF8, 0x3F, 0xFC, 0x7C, 0x3E, 0x78, 0x1F, 0xF0, 0x00, 0xF0, 0x00, 0xF0, 0x00, 0xE0, 0x7F, 0xE0,
    0x7F, 0xF0, 0x7F, 0xF0, 0x0F, 0xF0, 0x0F, 0x78, 0x1E, 0x7C, 0x3E, 0x3F, 0xFC, 0x1F, 0xF8, 0x07,
    0xF0, 0x00, 0x00, 0x03, 0x80, 0x03, 0x80, 0x03, 0x80, 0x03, 0x80, 0x03, 0x00, 0x03, 0x00, 0x18,
    0x01, 0xC0, 0x0E, 0x00, 0x70, 0x00, 0x00, 0x00, 0x03, 0xE7, 0x3F, 0xFB, 0xFF, 0xFE, 0x3F, 0xE0,
    0xFF, 0x07, 0xF0, 0x1F, 0x80, 0xFE, 0x0F, 0xF0, 0x7F, 0xC7, 0xDF, 0xFE, 0x7F, 0xF1, 0xF3, 0x80,
    0x3F, 0xC3, 0xEF, 0xFE, 0x7F, 0xE0, 0xFE, 0x00, 0x03, 0xC0, 0x07, 0xE0, 0x0E, 0x70, 0x1C, 0x30,
    0x00, 0x00, 0x00, 0x00, 0xF0, 0x0F, 0xF0, 0x0F, 0xF0, 0x0F, 0xF0, 0x0F, 0xF0, 0x0F, 0xF0, 0x0F,
    0xF0, 0x0F, 0xFF, 0xFF, 0xFF, 0xFF, 0xFF, 0xFF, 0xF0, 0x0F, 0xF0, 0x0F, 0xF0, 0x0F, 0xF0, 0x0F,
    0xF0, 0x0F, 0xF0, 0x0F, 0xF0, 0x0F, 0xF0, 0x0F, 0x0F, 0x00, 0x0F, 0xC0, 0x0E, 0x70, 0x0E, 0x18,
    0x00, 0x00, 0x00, 0x00, 0x00, 0x3C, 0x00, 0x1E, 0x00, 0x0F, 0x00, 0x07, 0x80, 0x03, 0xCF, 0x01,
    0xEF, 0xE0, 0xFF, 0xF0, 0x7C, 0x7C, 0x3C, 0x1E, 0x1E, 0x0F, 0x0F, 0x07, 0x87, 0x83, 0xC3, 0xC1,
    0xE1, 0xE0, 0xF0, 0xF0, 0x78, 0x78, 0x3C, 0x3C, 0x1E, 0x1E, 0x0F, 0x38, 0x03, 0x87, 0x00, 0x71,
    0xFF, 0xFF, 0x7F, 0xFF, 0xFF, 0xFF, 0xFE, 0x70, 0x07, 0x0E, 0x00, 0xE1, 0xFF, 0xFC, 0x3F, 0xFF,
    0x87, 0xFF, 0xF0, 0xE0, 0x0E, 0x1C, 0x01, 0xC3, 0x80, 0x38, 0x70, 0x07, 0x0E, 0x00, 0xE1, 0xC0,
    0x1C, 0x38, 0x03, 0x87, 0x00, 0x70, 0x1C, 0x00, 0xFF, 0xC0, 0xFF, 0xC0, 0x1C, 0x00, 0x1C, 0xF8,
    0x1F, 0xFC, 0x1F, 0xFE, 0x1F, 0x1E, 0x1E, 0x0E, 0x1C, 0x0F, 0x1C, 0x0F, 0x1C, 0x0F, 0x1C, 0x0F,
    0x1C, 0x0F, 0x1C, 0x0F, 0x1C, 0x0F, 0x1C, 0x0F, 0x1C, 0x0F, 0x79, 0xBF, 0xFB, 0xC0, 0x00, 0x00,
    0x00, 0x78, 0x3C, 0x1E, 0x0F, 0x07, 0x83, 0xC1, 0xE0, 0xF0, 0x78, 0x3C, 0x1E, 0x0F, 0x07, 0x83,
    0xC1, 0xE0, 0xF0, 0x78, 0x3C, 0x00, 0x3C, 0xDF, 0xFD, 0xE0, 0x00, 0x00, 0x78, 0x3C, 0x1E, 0x0F,
    0x07, 0x83, 0xC1, 0xE0, 0xF0, 0x78, 0x3C, 0x1E, 0x0F, 0x07, 0x83, 0xC0, 0xFF, 0xFF, 0xFF, 0x00,
    0x00, 0x1C, 0x1C, 0x1C, 0x1C, 0x1C, 0x1C, 0x1C, 0x1C, 0x1C, 0x1C, 0x1C, 0x1C, 0x1C, 0x1C, 0x1C,
    0x1C, 0x1C, 0x1C, 0xFF, 0xFF, 0xFF, 0x00, 0x38, 0x38, 0x38, 0x38, 0x38, 0x38, 0x38, 0x38, 0x38,
    0x38, 0x38, 0x38, 0x38, 0x38, 0xC3, 0x73, 0x9F, 0x87, 0x80, 0x00, 0x00, 0xF0, 0x78, 0x3C, 0x1E,
    0x0F, 0x07, 0x83, 0xC1, 0xE0, 0xF0, 0x78, 0x3C, 0x1E, 0x0F, 0x07, 0x83, 0xC1, 0xE0, 0xF0, 0x78,
    0xC3, 0x73, 0x9F, 0xC7, 0x80, 0x00, 0x00, 0xF0, 0x78, 0x3C, 0x1E, 0x0F, 0x07, 0x83, 0xC1, 0xE0,
    0xF0, 0x78, 0x3C, 0x1E, 0x0F, 0x07, 0x80, 0x73, 0x9C, 0xE7, 0x39, 0xCE, 0x73, 0x9C, 0xE7, 0x39,
    0xCE, 0x73, 0x8D, 0xCE, 0x79, 0xC0, 0x33, 0xDE, 0x60, 0x01, 0xCE, 0x73, 0x9C, 0xE7, 0x39, 0xCE,
    0x73, 0x9C, 0xE3, 0x73, 0x9E, 0x70, 0x6F, 0xF6, 0x07, 0x77, 0x77, 0x77, 0x77, 0x77, 0x77, 0x77,
    0x77, 0x70, 0xEE, 0xEE, 0xEE, 0xEE, 0xEE, 0xEE, 0xEE, 0xE0, 0x01, 0xF8, 0x00, 0x7E, 0x00, 0x1F,
    0x80, 0x07, 0xE0, 0x01, 0xF8, 0x00, 0x7E, 0x00, 0x1F, 0x80, 0x07, 0xE0, 0x01, 0xF8, 0x00, 0x7E,
    0x00, 0x1F, 0x80, 0x07, 0xE1, 0xC1, 0xF8, 0x70, 0xFE, 0x1E, 0x3F, 0x87, 0xFE, 0xE0, 0xFF, 0x38,
    0x1F, 0x80, 0x60, 0xDE, 0x3F, 0xC7, 0xB0, 0x60, 0x00, 0x00, 0x1C, 0x73, 0x8E, 0x71, 0xCE, 0x39,
    0xC7, 0x38, 0xE7, 0x1C, 0xE3, 0x9C, 0x73, 0x8E, 0x71, 0xCE, 0x39, 0xC7, 0x38, 0xE0, 0x1C, 0x03,
    0x81, 0xF0, 0x3E, 0x07, 0x80, 0x00, 0x60, 0x00, 0xF8, 0x01, 0xF8, 0x03, 0x9C, 0x03, 0x0E, 0x00,
    0x00, 0x00, 0x00, 0x00, 0xF0, 0x00, 0xF0, 0x00, 0xF0, 0x00, 0xF0, 0x00, 0xF0, 0x00, 0xF0, 0x00,
    0xF0, 0x00, 0xF0, 0x00, 0xF0, 0x00, 0xF0, 0x00, 0xF0, 0xF0, 0xF0, 0xF0, 0xF0, 0xF0, 0xF0, 0xF9,
    0xF0, 0x7F, 0xE0, 0x7F, 0xE0, 0x1F, 0x80, 0x1C, 0x0F, 0x87, 0xF3, 0xCE, 0x00, 0x00, 0x01, 0xE0,
    0x78, 0x1E, 0x07, 0x81, 0xE0, 0x78, 0x1E, 0x07, 0x81, 0xE0, 0x78, 0x1E, 0x07, 0x81, 0xE0, 0x78,
    0x1E, 0x07, 0x87, 0xC1, 0xF0, 0x78, 0x00, 0xE0, 0x3C, 0xE0, 0x78, 0xE0, 0xF8, 0xE1, 0xF0, 0xE3,
    0xE0, 0xE7, 0xC0, 0xEF, 0x80, 0xFF, 0x00, 0xFF, 0x80, 0xFF, 0xC0, 0xFF, 0xC0, 0xF3, 0xE0, 0xE1,
    0xF0, 0xE0, 0xF0, 0xE0, 0xF8, 0xE0, 0x7C, 0xE0, 0x3C, 0xE0, 0x3E, 0x00, 0x00, 0x07, 0x00, 0x07,
    0x00, 0x07, 0x00, 0x07, 0x00, 0x06, 0x00, 0xE0, 0x07, 0x00, 0x38, 0x01, 0xC0, 0x0E, 0x0F, 0x70,
    0xF3, 0x8F, 0x1C, 0xF0, 0xEF, 0x87, 0xF8, 0x3F, 0xC1, 0xFE, 0x0F, 0xF8, 0x7B, 0xE3, 0x8F, 0x1C,
    0x3C, 0xE0, 0xF7, 0x07, 0x80, 0x00, 0x1C, 0x00, 0xE0, 0x07, 0x00, 0x38, 0x01, 0x80, 0xF0, 0xFB,
    0xC3, 0xCF, 0x1E, 0x3C, 0xF8, 0xF3, 0xC3, 0xDE, 0x0F, 0xF8, 0x3F, 0xC0, 0xFF, 0x83, 0xDF, 0x0F,
    0x3C, 0x3C, 0x78, 0xF1, 0xF3, 0xC3, 0xE0, 0x3C, 0x03, 0x80, 0x78, 0x07, 0x00, 0x00, 0x0E, 0x00,
    0xE0, 0x0E, 0x00, 0xE0, 0x0E, 0x00, 0xE0, 0x0E, 0x00, 0xE0, 0x0E, 0x00, 0xE0, 0x0E, 0x00, 0xE0,
    0x0E, 0x00, 0xE0, 0x0E, 0x00, 0xFF, 0xFF, 0xFF, 0xFF, 0xF0, 0x3E, 0x79, 0xE7, 0x80, 0x1C, 0x38,
    0x70, 0xE1, 0xC3, 0x87, 0x0E, 0x1C, 0x38, 0x70, 0xE1, 0xC3, 0x87, 0x8F, 0xCF, 0x8F, 0x00, 0xE0,
    0x0E, 0x00, 0xE0, 0x0E, 0x00, 0xE0, 0x0E, 0x00, 0xE0, 0x0E, 0x00, 0xE0, 0x0E, 0x00, 0xE0, 0x0E,
    0x00, 0xE0, 0x0E, 0x00, 0xE0, 0x0F, 0xFF, 0xFF, 0xFF, 0xFF, 0x00, 0x00, 0xE0, 0x0E, 0x00, 0xE0,
    0x0E, 0x00, 0xC0, 0xE3, 0x8E, 0x38, 0xE3, 0x8E, 0x38, 0xE3, 0x8E, 0x38, 0xE3, 0x8F, 0x3F, 0x7C,
    0xF0, 0x1C, 0x71, 0xC7, 0x18, 0xE0, 0x77, 0x03, 0xB8, 0x1D, 0xC0, 0xEE, 0x06, 0x70, 0x33, 0x80,
    0x1C, 0x00, 0xE0, 0x07, 0x00, 0x38, 0x01, 0xC0, 0x0E, 0x00, 0x70, 0x03, 0x80, 0x1F, 0xFE, 0xFF,
    0xF7, 0xFF, 0x80, 0xE7, 0x73, 0xB9, 0xDC, 0xEE, 0x67, 0x33, 0x81, 0xC0, 0xE0, 0x70, 0x38, 0x1C,
    0x0E, 0x07, 0x03, 0xC1, 0xF8, 0x7C, 0x1E, 0x00, 0xF0, 0x0F, 0x00, 0xF0, 0x0F, 0x00, 0xF0, 0x0F,
    0x30, 0xF7, 0x8F, 0x78, 0xF3, 0x0F, 0x00, 0xF0, 0x0F, 0x00, 0xF0, 0x0F, 0x00, 0xF0, 0x0F, 0xFF,
    0xFF, 0xFF, 0xFF, 0xF0, 0x78, 0x3C, 0x1E, 0x0F, 0x07, 0x83, 0xC1, 0xE6, 0xF7, 0xFB, 0xFC, 0xDE,
    0x0F, 0x07, 0x83, 0xC1, 0xE0, 0xF0, 0x78, 0x00, 0x1C, 0x00, 0x38, 0x00, 0x70, 0x00, 0xE0, 0x01,
    0xC0, 0x03, 0x8C, 0x07, 0xF8, 0x0F, 0xF0, 0x1F, 0xC0, 0x7E, 0x01, 0xF0, 0x07, 0xE0, 0x0F, 0xC0,
    0x03, 0x80, 0x07, 0x00, 0x0F, 0xFF, 0x1F, 0xFE, 0x3F, 0xFC, 0x38, 0x38, 0x38, 0x38, 0x39, 0x3F,
    0x3F, 0x3F, 0xFC, 0xF8, 0xF8, 0xB8, 0x38, 0x38, 0x3C, 0x3F, 0x1F, 0x0F, 0x00, 0xF8, 0x01, 0xE0,
    0x07, 0x80, 0x1E, 0x00, 0x00, 0x1E, 0x01, 0xFC, 0x03, 0xFC, 0x07, 0xFC, 0x0F, 0xFC, 0x1F, 0xF8,
    0x3F, 0xF8, 0x7E, 0xF8, 0xFC, 0xF9, 0xF9, 0xF3, 0xF1, 0xF7, 0xE1, 0xFF, 0xC1, 0xFF, 0x83, 0xFF,
    0x03, 0xFE, 0x03, 0xFC, 0x03, 0xF8, 0x07, 0x80, 0x01, 0xE0, 0x1E, 0x00, 0xE0, 0x0E, 0x00, 0x00,
    0x73, 0xE3, 0xFF, 0x9F, 0xFE, 0xF8, 0xF7, 0x83, 0xB8, 0x1D, 0xC0, 0xEE, 0x07, 0x70, 0x3B, 0x81,
    0xDC, 0x0E, 0xE0, 0x77, 0x03, 0xB8, 0x1C, 0xF0, 0x0F, 0xE0, 0x1F, 0xE0, 0x3F, 0xE0, 0x7F, 0xE0,
    0xFF, 0xC1, 0xFF, 0xC3, 0xF7, 0xC7, 0xE7, 0xCF, 0xCF, 0x9F, 0x8F, 0xBF, 0x0F, 0xFE, 0x0F, 0xFC,
    0x1F, 0xF8, 0x1F, 0xF0, 0x1F, 0xE0, 0x1F, 0xC0, 0x3C, 0x00, 0x00, 0x1C, 0x00, 0x38, 0x00, 0x70,
    0x00, 0xC0, 0x01, 0x80, 0xE7, 0xC7, 0xFF, 0x3F, 0xFD, 0xF1, 0xEF, 0x07, 0x70, 0x3B, 0x81, 0xDC,
    0x0E, 0xE0, 0x77, 0x03, 0xB8, 0x1D, 0xC0, 0xEE, 0x07, 0x70, 0x38, 0x00, 0x00, 0xE0, 0x07, 0x00,
    0x38, 0x01, 0xC0, 0x0C, 0x00, 0x1C, 0x70, 0x1F, 0xC0, 0x3F, 0x80, 0x3E, 0x00, 0x00, 0x1E, 0x01,
    0xFC, 0x03, 0xFC, 0x07, 0xFC, 0x0F, 0xFC, 0x1F, 0xF8, 0x3F, 0xF8, 0x7E, 0xF8, 0xFC, 0xF9, 0xF9,
    0xF3, 0xF1, 0xF7, 0xE1, 0xFF, 0xC1, 0xFF, 0x83, 0xFF, 0x03, 0xFE, 0x03, 0xFC, 0x03, 0xF8, 0x07,
    0x80, 0x39, 0xC0, 0xFE, 0x07, 0xE0, 0x1E, 0x00, 0x00, 0x73, 0xE3, 0xFF, 0x9F, 0xFE, 0xF8, 0xF7,
    0x83, 0xB8, 0x1D, 0xC0, 0xEE, 0x07, 0x70, 0x3B, 0x81, 0xDC, 0x0E, 0xE0, 0x77, 0x03, 0xB8, 0x1C,
    0xF0, 0x0F, 0xE0, 0x1F, 0xE0, 0x3F, 0xE0, 0x7F, 0xE1, 0xFF, 0xC3, 0xFF, 0xC7, 0xF7, 0xCF, 0xE7,
    0xDF, 0xC7, 0xBF, 0x8F, 0xFF, 0x0F, 0xFE, 0x0F, 0xFC, 0x1F, 0xF8, 0x1F, 0xF0, 0x1F, 0xE0, 0x1F,
    0xC0, 0x3C, 0x00, 0x38, 0x00, 0xF0, 0x07, 0xE0, 0x0F, 0x80, 0x1E, 0x00, 0xE7, 0xC7, 0xFF, 0x3F,
    0xFD, 0xF1, 0xEF, 0x07, 0x70, 0x3B, 0x81, 0xDC, 0x0E, 0xE0, 0x77, 0x03, 0xB8, 0x1D, 0xC0, 0xFE,
    0x07, 0xF0, 0x3C, 0x01, 0xC0, 0x0E, 0x03, 0xF0, 0x1F, 0x80, 0xF8, 0x0F, 0xF0, 0x07, 0xF8, 0x03,
    0xFC, 0x00, 0x00, 0x00, 0x00, 0x00, 0x00, 0x00, 0x1F, 0xC0, 0x3F, 0xF0, 0x3F, 0xFC, 0x3E, 0x1F,
    0x1E, 0x03, 0xDE, 0x01, 0xEF, 0x00, 0x77, 0x80, 0x3B, 0x80, 0x1D, 0xC0, 0x0E, 0xF0, 0x07, 0x78,
    0x03, 0xBC, 0x03, 0xCF, 0x01, 0xE7, 0xC3, 0xE1, 0xFF, 0xE0, 0x7F, 0xE0, 0x0F, 0xE0, 0x1F, 0xE0,
    0x7F, 0x81, 0xFE, 0x00, 0x00, 0x0F, 0xC0, 0xFF, 0x87, 0xFF, 0x1E, 0x3E, 0xF0, 0x7B, 0xC0, 0xEE,
    0x03, 0xB8, 0x0E, 0xF0, 0x3B, 0xC1, 0xE7, 0x8F, 0x9F, 0xFC, 0x3F, 0xE0, 0x3F, 0x00, 0x0C, 0x18,
    0x07, 0x1C, 0x01, 0xFC, 0x00, 0x7C, 0x00, 0x00, 0x00, 0x00, 0x00, 0x1F, 0xC0, 0x3F, 0xF8, 0x3F,
    0xFE, 0x3E, 0x0F, 0x9E, 0x03, 0xDF, 0x01, 0xFF, 0x00, 0x7F, 0x80, 0x3F, 0xC0, 0x1F, 0xE0, 0x0F,
    0xF0, 0x07, 0xF8, 0x03, 0xFE, 0x03, 0xEF, 0x01, 0xE7, 0xC1, 0xF1, 0xFF, 0xF0, 0x7F, 0xF0, 0x0F,
    0xE0, 0x18, 0x60, 0xE7, 0x07, 0xF0, 0x0F, 0x00, 0x00, 0x00, 0x00, 0x3E, 0x07, 0xFC, 0x7F, 0xF3,
    0xC7, 0xBC, 0x1F, 0xE0, 0xFF, 0x07, 0xF8, 0x3F, 0xC1, 0xFE, 0x0F, 0x78, 0xF3, 0xFF, 0x8F, 0xF8,
    0x1F, 0x00, 0x01, 0xEE, 0x01, 0xEE, 0x00, 0xE7, 0x00, 0xE7, 0x00, 0x00, 0x00, 0x00, 0x00, 0x1F,
    0xC0, 0x3F, 0xF0, 0x3F, 0xFC, 0x3E, 0x1F, 0x1E, 0x03, 0xDE, 0x01, 0xEF, 0x00, 0x77, 0x80, 0x3B,
    0x80, 0x1D, 0xC0, 0x0E, 0xF0, 0x07, 0x78, 0x03, 0xBC, 0x03, 0xCF, 0x01, 0xE7, 0xC3, 0xE1, 0xFF,
    0xE0, 0x7F, 0xE0, 0x0F, 0xE0, 0x0F, 0x3C, 0x1C, 0x70, 0x71, 0xC0, 0xC7, 0x00, 0x00, 0x01, 0xF8,
    0x0F, 0xF8, 0x3F, 0xF8, 0x78, 0xF9, 0xE0, 0xF3, 0xC0, 0xE7, 0x01, 0xCE, 0x03, 0x9E, 0x07, 0x3C,
    0x1E, 0x3C, 0x7C, 0x7F, 0xF0, 0x7F, 0xC0, 0x3F, 0x00, 0x07, 0xF7, 0xFF, 0x8F, 0xFF, 0xFF, 0xCF,
    0xFF, 0xFF, 0xEF, 0x87, 0xE0, 0x07, 0x80, 0xF0, 0x07, 0x80, 0x78, 0x03, 0xC0, 0x1C, 0x01, 0xE0,
    0x0F, 0xFE, 0xE0, 0x07, 0xFF, 0x70, 0x03, 0xFF, 0xBC, 0x01, 0xC0, 0x1E, 0x00, 0xE0, 0x0F, 0x00,
    0xF0, 0x03, 0xC0, 0x78, 0x01, 0xF0, 0xFC, 0x00, 0x7F, 0xFF, 0xFF, 0x1F, 0xFF, 0xFF, 0x83, 0xFB,
    0xFF, 0xC0, 0x0F, 0xC3, 0xF0, 0x7F, 0xDF, 0xF1, 0xFF, 0xFF, 0xF3, 0xC7, 0xE0, 0xFF, 0x07, 0xC1,
    0xFE, 0x07, 0xFF, 0xF8, 0x0F, 0xFF, 0xF0, 0x1F, 0xFF, 0xF0, 0x38, 0x01, 0xE0, 0xF8, 0x01, 0xE3,
    0xF8, 0x7B, 0xFF, 0xFF, 0xE3, 0xFE, 0xFF, 0x81, 0xF0, 0x7E, 0x00, 0x01, 0xE0, 0x07, 0x00, 0x38,
    0x01, 0xE0, 0x00, 0x03, 0xFF, 0x0F, 0xFF, 0x3F, 0xFE, 0xE0, 0x7B, 0x80, 0xEE, 0x03, 0xB8, 0x0E,
    0xE0, 0x7B, 0xFF, 0xEF, 0xFF, 0x3F, 0xF8, 0xE3, 0xE3, 0x87, 0x8E, 0x1F, 0x38, 0x3C, 0xE0, 0xFB,
    0x81, 0xEE, 0x03, 0xC0, 0x0F, 0x07, 0x07, 0x07, 0x00, 0x07, 0x3B, 0xFD, 0xFE, 0xF0, 0x78, 0x38,
    0x1C, 0x0E, 0x07, 0x03, 0x81, 0xC0, 0xE0, 0x70, 0x38, 0x00, 0xFF, 0xC3, 0xFF, 0xCF, 0xFF, 0xB8,
    0x1E, 0xE0, 0x3B, 0x80, 0xEE, 0x03, 0xB8, 0x1E, 0xFF, 0xFB, 0xFF, 0xCF, 0xFE, 0x38, 0xF8, 0xE1,
    0xE3, 0x87, 0xCE, 0x0F, 0x38, 0x3E, 0xE0, 0x7B, 0x80, 0xF0, 0x00, 0x01, 0xC0, 0x07, 0x00, 0x1C,
    0x00, 0x70, 0x01, 0x80, 0xE7, 0xFF, 0xFF, 0xF0, 0xF0, 0xE0, 0xE0, 0xE0, 0xE0, 0xE0, 0xE0, 0xE0,
    0xE0, 0xE0, 0x00, 0xE0, 0xE0, 0xE0, 0xE0, 0xC0, 0x39, 0xE0, 0x7F, 0x01, 0xF8, 0x03, 0xE0, 0x00,
    0x03, 0xFF, 0x0F, 0xFF, 0x3F, 0xFE, 0xE0, 0x7B, 0x80, 0xEE, 0x03, 0xB8, 0x0E, 0xE0, 0x7B, 0xFF,
    0xEF, 0xFF, 0x3F, 0xF8, 0xE3, 0xE3, 0x87, 0x8E, 0x1F, 0x38, 0x3C, 0xE0, 0xFB, 0x81, 0xEE, 0x03,
    0xC0, 0xE7, 0x3F, 0x8F, 0x87, 0x80, 0x03, 0x9D, 0xFE, 0xFF, 0x78, 0x3C, 0x1C, 0x0E, 0x07, 0x03,
    0x81, 0xC0, 0xE0, 0x70, 0x38, 0x1C, 0x00, 0x00, 0xF0, 0x01, 0xC0, 0x07, 0x00, 0x1E, 0x00, 0x00,
    0x00, 0x00, 0x03, 0xF8, 0x0F, 0xFC, 0x3F, 0xF8, 0xF0, 0x79, 0xC0, 0xF3, 0xC0, 0x07, 0xC0, 0x0F,
    0xF8, 0x0F, 0xFC, 0x0F, 0xFC, 0x03, 0xFC, 0x00, 0x78, 0x00, 0x77, 0x80, 0xE7, 0x83, 0xCF, 0xFF,
    0x8F, 0xFE, 0x07, 0xF0, 0x01, 0xE0, 0x0E, 0x00, 0xE0, 0x0E, 0x00, 0x00, 0x0F, 0xC0, 0xFF, 0x8F,
    0xFC, 0x78, 0xF3, 0xC0, 0x1F, 0x00, 0x7F, 0x81, 0xFF, 0x00, 0x78, 0x01, 0xCF, 0x1E, 0x7F, 0xF1,
    0xFF, 0x07, 0xF0, 0x03, 0x80, 0x0F, 0x80, 0x3F, 0x80, 0xF7, 0x81, 0xC7, 0x00, 0x00, 0x00, 0x00,
    0x07, 0xF0, 0x1F, 0xF8, 0x7F, 0xF9, 0xF0, 0xF3, 0xC0, 0xF7, 0x80, 0x0F, 0x80, 0x1F, 0xE0, 0x1F,
    0xF8, 0x0F, 0xF8, 0x03, 0xF8, 0x00, 0xFB, 0x80, 0xF7, 0x81, 0xEF, 0x87, 0xDF, 0xFF, 0x1F, 0xFC,
    0x0F, 0xE0, 0x07, 0x00, 0x7C, 0x07, 0x70, 0x79, 0xC0, 0x00, 0x00, 0x00, 0x7F, 0x07, 0xFC, 0x7F,
    0xF3, 0xC7, 0x9E, 0x00, 0xF8, 0x03, 0xFC, 0x0F, 0xF8, 0x07, 0xE6, 0x0F, 0x78, 0xFB, 0xFF, 0x8F,
    0xFC, 0x3F, 0x80, 0x0F, 0xE0, 0x3F, 0xF0, 0xFF, 0xE3, 0xC1, 0xE7, 0x03, 0xCF, 0x00, 0x1F, 0x00,
    0x3F, 0xE0, 0x3F, 0xF0, 0x3F, 0xF0, 0x0F, 0xF0, 0x01, 0xE0, 0x01, 0xDE, 0x03, 0x9E, 0x0F, 0x3F,
    0xFE, 0x3F, 0xF8, 0x1F, 0xC0, 0x0E, 0x00, 0x1E, 0x00, 0x1E, 0x00, 0xF8, 0x01, 0xE0, 0x00, 0x1F,
    0x81, 0xFF, 0x1F, 0xF8, 0xF1, 0xE7, 0x80, 0x3E, 0x00, 0xFF, 0x03, 0xFE, 0x00, 0xF0, 0x03, 0x9E,
    0x3C, 0xFF, 0xE3, 0xFE, 0x0F, 0xE0, 0x0C, 0x00, 0x70, 0x01, 0x80, 0x3C, 0x01, 0xC0, 0x1C, 0xF0,
    0x1F, 0xC0, 0x3F, 0x00, 0x3E, 0x00, 0x00, 0x00, 0x00, 0x03, 0xF8, 0x0F, 0xFC, 0x3F, 0xF8, 0xF0,
    0x79, 0xC0, 0xF3, 0xC0, 0x07, 0xC0, 0x0F, 0xF8, 0x0F, 0xFC, 0x0F, 0xFC, 0x03, 0xFC, 0x00, 0x78,
    0x00, 0x77, 0x80, 0xE7, 0x83, 0xCF, 0xFF, 0x8F, 0xFE, 0x07, 0xF0, 0x3D, 0xC0, 0xFE, 0x03, 0xE0,
    0x0E, 0x00, 0x00, 0x0F, 0xC0, 0xFF, 0x8F, 0xFC, 0x78, 0xF3, 0xC0, 0x1F, 0x00, 0x7F, 0x81, 0xFF,
    0x00, 0x78, 0x01, 0xCF, 0x1E, 0x7F, 0xF1, 0xFF, 0x07, 0xF0, 0xFF, 0xFF, 0xFF, 0xFF, 0xFF, 0xF8,
    0x3C, 0x00, 0x78, 0x00, 0xF0, 0x01, 0xE0, 0x03, 0xC0, 0x07, 0x80, 0x0F, 0x00, 0x1E, 0x00, 0x3C,
    0x00, 0x78, 0x00, 0xF0, 0x01, 0xE0, 0x03, 0xC0, 0x07, 0x80, 0x0F, 0x00, 0x0C, 0x00, 0x1E, 0x00,
    0x06, 0x00, 0x7C, 0x01, 0xF0, 0x00, 0x38, 0x1E, 0x0F, 0x07, 0x8F, 0xFF, 0xFF, 0xFE, 0x78, 0x3C,
    0x1E, 0x0F, 0x07, 0x83, 0xC1, 0xE0, 0xF0, 0x7F, 0x1F, 0x87, 0xC1, 0x81, 0xF0, 0x18, 0x7C, 0x3C,
    0x1E, 0xF0, 0x1F, 0xC0, 0x1F, 0x00, 0x3C, 0x00, 0x00, 0x1F, 0xFF, 0xFF, 0xFF, 0xFF, 0xFF, 0x03,
    0x80, 0x07, 0x00, 0x0E, 0x00, 0x1C, 0x00, 0x38, 0x00, 0x70, 0x00, 0xE0, 0x01, 0xC0, 0x03, 0x80,
    0x07, 0x00, 0x0E, 0x00, 0x1C, 0x00, 0x38, 0x00, 0x70, 0x00, 0xE0, 0x00, 0x01, 0xC0, 0x70, 0x1C,
    0x0E, 0x3B, 0x8E, 0xC3, 0x83, 0xFC, 0xFF, 0x3F, 0xC3, 0x80, 0xE0, 0x38, 0x0E, 0x03, 0x80, 0xE0,
    0x38, 0x0F, 0x03, 0xF0, 0xFC, 0x1F, 0x00, 0xFF, 0xFF, 0xFF, 0xFF, 0xFF, 0xF8, 0x3C, 0x00, 0x78,
    0x00, 0xF0, 0x01, 0xE0, 0x03, 0xC0, 0x3F, 0xF8, 0x7F, 0xF0, 0xFF, 0xE0, 0x3C, 0x00, 0x78, 0x00,
    0xF0, 0x01, 0xE0, 0x03, 0xC0, 0x07, 0x80, 0x0F, 0x00, 0x38, 0x1E, 0x0F, 0x07, 0x8F, 0xF7, 0xFB,
    0xFC, 0x78, 0xFF, 0x7F, 0xBF, 0xC7, 0x83, 0xC1, 0xE0, 0xF0, 0x7E, 0x1F, 0x07, 0x80, 0x00, 0x00,
    0x1E, 0xE0, 0x7F, 0xC0, 0xEF, 0x00, 0x00, 0x00, 0x00, 0x00, 0x00, 0x78, 0x0F, 0xF0, 0x1F, 0xE0,
    0x3F, 0xC0, 0x7F, 0x80, 0xFF, 0x01, 0xFE, 0x03, 0xFC, 0x07, 0xF8, 0x0F, 0xF0, 0x1F, 0xE0, 0x3F,
    0xC0, 0x7F, 0x80, 0xFF, 0x01, 0xEF, 0x8F, 0x9F, 0xFF, 0x1F, 0xFC, 0x0F, 0xE0, 0x00, 0x00, 0xF7,
    0x0F, 0xF8, 0x67, 0x80, 0x00, 0x00, 0x03, 0xC1, 0xFE, 0x0F, 0xF0, 0x7F, 0x83, 0xFC, 0x1F, 0xE0,
    0xFF, 0x07, 0xF8, 0x3F, 0xC1, 0xFE, 0x0F, 0xF8, 0xFF, 0xFF, 0xDF, 0xDE, 0x7C, 0xF0, 0x1F, 0xE0,
    0x3F, 0xC0, 0x7F, 0x80, 0x00, 0x00, 0x00, 0x00, 0x00, 0x38, 0x07, 0x70, 0x0E, 0xE0, 0x1D, 0xC0,
    0x3B, 0x80, 0x77, 0x00, 0xEE, 0x01, 0xDC, 0x03, 0xB8, 0x07, 0x70, 0x0E, 0xE0, 0x1D, 0xE0, 0x3B,
    0xC0, 0x77, 0x81, 0xE7, 0x87, 0xCF, 0xFF, 0x0F, 0xFC, 0x07, 0xF0, 0x3F, 0xC3, 0xFC, 0x3F, 0xC0,
    0x00, 0xE0, 0x7E, 0x07, 0xE0, 0x7E, 0x07, 0xE0, 0x7E, 0x07, 0xE0, 0x7E, 0x07, 0xE0, 0x7F, 0x0F,
    0xF1, 0xFF, 0xFF, 0x7F, 0xF3, 0xE7, 0xE0, 0x1D, 0xC0, 0x3B, 0x80, 0x77, 0x00, 0xEE, 0x01, 0xDC,
    0x03, 0xB8, 0x07, 0x70, 0x0E, 0xE0, 0x1D, 0xC0, 0x3B, 0x80, 0x77, 0x80, 0xEF, 0x01, 0xDE, 0x07,
    0x9E, 0x1F, 0x3F, 0xFC, 0x3F, 0xF0, 0x1F, 0xC0, 0x39, 0xC3, 0x9C, 0x3B, 0xC3, 0xFC, 0x1F, 0x80,
    0x00, 0xE0, 0x7E, 0x07, 0xE0, 0x7E, 0x07, 0xE0, 0x7E, 0x07, 0xE0, 0x7E, 0x07, 0xE0, 0x7F, 0x0F,
    0xF1, 0xFF, 0xFF, 0x7F, 0xF3, 0xE7, 0x00, 0x00, 0x0F, 0x00, 0x3F, 0x00, 0x66, 0x00, 0xCC, 0x01,
    0xF8, 0x01, 0xE0, 0x00, 0x00, 0xE0, 0x1D, 0xC0, 0x3B, 0x80, 0x77, 0x00, 0xEE, 0x01, 0xDC, 0x03,
    0xB8, 0x07, 0x70, 0x0E, 0xE0, 0x1D, 0xC0, 0x3B, 0x80, 0x77, 0x80, 0xEF, 0x01, 0xDE, 0x07, 0x9E,
    0x1F, 0x3F, 0xFC, 0x3F, 0xF0, 0x1F, 0xC0, 0x0F, 0x01, 0xF8, 0x19, 0x81, 0x98, 0x1F, 0x80, 0xF0,
    0x00, 0x0E, 0x07, 0xE0, 0x7E, 0x07, 0xE0, 0x7E, 0x07, 0xE0, 0x7E, 0x07, 0xE0, 0x7E, 0x07, 0xF0,
    0xFF, 0x1F, 0xFF, 0xF7, 0xFF, 0x3E, 0x70, 0x03, 0xDC, 0x07, 0x70, 0x1D, 0xC0, 0x73, 0x00, 0x00,
    0x00, 0x00, 0x38, 0x07, 0x70, 0x0E, 0xE0, 0x1D, 0xC0, 0x3B, 0x80, 0x77, 0x00, 0xEE, 0x01, 0xDC,
    0x03, 0xB8, 0x07, 0x70, 0x0E, 0xE0, 0x1D, 0xE0, 0x3B, 0xC0, 0x77, 0x81, 0xE7, 0x87, 0xCF, 0xFF,
    0x0F, 0xFC, 0x07, 0xF0, 0x0E, 0x38, 0x71, 0xC1, 0xCE, 0x0E, 0x70, 0x00, 0x03, 0x81, 0xCE, 0x07,
    0x38, 0x1C, 0xE0, 0x73, 0x81, 0xCE, 0x07, 0x38, 0x1C, 0xE0, 0x73, 0x81, 0xCF, 0x0F, 0x3C, 0x7C,
    0xFF, 0xF1, 0xFF, 0xC3, 0xE7, 0x00, 0xE0, 0x3F, 0x80, 0xFE, 0x03, 0xF8, 0x0F, 0xE0, 0x3F, 0x80,
    0xFE, 0x03, 0xF8, 0x0F, 0xE0, 0x3F, 0x80, 0xFE, 0x03, 0xF8, 0x0F, 0xF0, 0x3F, 0xC0, 0xE7, 0x87,
    0x9F, 0xFC, 0x3F, 0xF0, 0x3F, 0x00, 0x38, 0x01, 0xC0, 0x07, 0x00, 0x1F, 0x00, 0x3C, 0x00, 0xE0,
    0x7E, 0x07, 0xE0, 0x7E, 0x07, 0xE0, 0x7E, 0x07, 0xE0, 0x7E, 0x07, 0xE0, 0x7F, 0x0F, 0xF1, 0xFF,
    0xFF, 0x7F, 0xF3, 0xE7, 0x00, 0x60, 0x0C, 0x01, 0xC0, 0x1F, 0x00, 0xF0, 0x00, 0x3C, 0x00, 0x00,
    0x7E, 0x00, 0x00, 0x7F, 0x00, 0x00, 0xE7, 0x80, 0x00, 0x00, 0x00, 0x78, 0x3C, 0x0F, 0x78, 0x3E,
    0x0F, 0x78, 0x3E, 0x0E, 0x78, 0x7E, 0x1E, 0x38, 0x7E, 0x1E, 0x3C, 0x7F, 0x1E, 0x3C, 0x7F, 0x1C,
    0x3C, 0xF7, 0x1C, 0x1C, 0xE7, 0x3C, 0x1E, 0xE7, 0xBC, 0x1E, 0xE3, 0xB8, 0x1F, 0xE3, 0xB8, 0x0F,
    0xC3, 0xF8, 0x0F, 0xC3, 0xF8, 0x0F, 0xC1, 0xF0, 0x0F, 0x81, 0xF0, 0x07, 0x81, 0xF0, 0x07, 0x80,
    0xF0, 0x00, 0xF0, 0x00, 0x07, 0xC0, 0x00, 0x7F, 0x00, 0x07, 0x3C, 0x00, 0x00, 0x00, 0x38, 0x38,
    0x39, 0xE3, 0xC1, 0xCF, 0x1F, 0x1E, 0x78, 0xF8, 0xE1, 0xCF, 0xC7, 0x0E, 0x77, 0x38, 0x7B, 0xBB,
    0xC3, 0xD9, 0xDC, 0x0F, 0xCF, 0xE0, 0x7E, 0x3F, 0x03, 0xF1, 0xF8, 0x1F, 0x0F, 0x80, 0x78, 0x3C,
    0x03, 0xC1, 0xE0, 0x03, 0xC0, 0x01, 0xF0, 0x01, 0xFC, 0x01, 0xEE, 0x00, 0x00, 0x03, 0xC0, 0x79,
    0xF0, 0x3C, 0x78, 0x3C, 0x3E, 0x1E, 0x0F, 0x1E, 0x03, 0xCF, 0x01, 0xEF, 0x00, 0x7F, 0x00, 0x3F,
    0x80, 0x0F, 0x80, 0x03, 0xC0, 0x01, 0xC0, 0x00, 0xE0, 0x00, 0x70, 0x00, 0x38, 0x00, 0x1C, 0x00,
    0x0E, 0x00, 0x07, 0x00, 0x03, 0x80, 0x0F, 0x80, 0x3F, 0x00, 0xF7, 0x01, 0xC6, 0x00, 0x00, 0x3C,
    0x07, 0x3C, 0x1E, 0x78, 0x38, 0x70, 0xF0, 0xF1, 0xE1, 0xE3, 0x81, 0xEF, 0x03, 0xDE, 0x03, 0xB8,
    0x07, 0xF0, 0x0F, 0xC0, 0x0F, 0x80, 0x1F, 0x00, 0x1C, 0x00, 0x78, 0x00, 0xE0, 0x07, 0xC0, 0x0F,
    0x00, 0x1C, 0x00, 0x06, 0x18, 0x03, 0xCF, 0x00, 0xF3, 0xC0, 0x18, 0x60, 0x00, 0x00, 0x1F, 0x01,
    0xE3, 0xC0, 0xF8, 0xF8, 0x3C, 0x1E, 0x1E, 0x07, 0xC7, 0x80, 0xF3, 0xC0, 0x1E, 0xF0, 0x07, 0xF8,
    0x00, 0xFE, 0x00, 0x1F, 0x00, 0x07, 0x80, 0x00, 0xE0, 0x00, 0x38, 0x00, 0x0E, 0x00, 0x03, 0x80,
    0x00, 0xE0, 0x00, 0x38, 0x00, 0x0E, 0x00, 0x01, 0xE0, 0x07, 0x00, 0x38, 0x01, 0xE0, 0x00, 0x03,
    0xFF, 0xEF, 0xFF, 0xBF, 0xFE, 0x00, 0xF0, 0x07, 0xC0, 0x1E, 0x00, 0xF0, 0x07, 0xC0, 0x1E, 0x00,
    0xF0, 0x07, 0xC0, 0x1E, 0x00, 0xF0, 0x07, 0x80, 0x1E, 0x00, 0xFF, 0xFF, 0xFF, 0xFF, 0xFF, 0xC0,
    0x03, 0xC0, 0x70, 0x1C, 0x07, 0x80, 0x01, 0xFF, 0xFF, 0xFF, 0xFF, 0x03, 0xC0, 0xF0, 0x1E, 0x07,
    0x81, 0xE0, 0x78, 0x1E, 0x03, 0xC0, 0xFF, 0xFF, 0xFF, 0xFF, 0x80, 0x03, 0x00, 0x1E, 0x00, 0x78,
    0x00, 0xC0, 0x00, 0x03, 0xFF, 0xEF, 0xFF, 0xBF, 0xFE, 0x00, 0xF0, 0x03, 0xC0, 0x1E, 0x00, 0xF8,
    0x03, 0xC0, 0x1E, 0x00, 0xF8, 0x07, 0xC0, 0x1E, 0x00, 0xF8, 0x07, 0xC0, 0x1E, 0x00, 0xFF, 0xFF,
    0xFF, 0xFF, 0xFF, 0xC0, 0x06, 0x01, 0xE0, 0x3C, 0x03, 0x00, 0x01, 0xFF, 0xFF, 0xFF, 0xFF, 0x01,
    0xC0, 0x78, 0x1E, 0x07, 0x81, 0xE0, 0x7C, 0x0F, 0x03, 0xC0, 0xFF, 0xFF, 0xFF, 0xFF, 0x80, 0x3D,
    0xE0, 0x7F, 0x00, 0xF8, 0x03, 0xE0, 0x00, 0x03, 0xFF, 0xEF, 0xFF, 0xBF, 0xFE, 0x00, 0xF0, 0x07,
    0xC0, 0x1E, 0x00, 0xF0, 0x07, 0xC0, 0x1E, 0x00, 0xF0, 0x07, 0xC0, 0x1E, 0x00, 0xF0, 0x07, 0x80,
    0x1E, 0x00, 0xFF, 0xFF, 0xFF, 0xFF, 0xFF, 0xC0, 0x71, 0xC7, 0xF0, 0x7C, 0x0F, 0x80, 0x01, 0xFF,
    0xFF, 0xFF, 0xFF, 0x03, 0xC0, 0xF0, 0x1E, 0x07, 0x81, 0xE0, 0x78, 0x1E, 0x03, 0xC0, 0xFF, 0xFF,
    0xFF, 0xFF, 0x80, 0x3E, 0x7E, 0xFE, 0xF0, 0xF0, 0xF0, 0xF0, 0xF0, 0xF0, 0xF0, 0xF0, 0xF0, 0xF0,
    0xF0, 0xF0, 0xF0, 0xF0, 0xF0, 0xF0, 0x00, 0x03, 0x80, 0x03, 0xC0, 0x01, 0xE0, 0x00, 0xF0, 0x7F,
    0xF8, 0xFF, 0xFC, 0xFF, 0xFC, 0xFF, 0xFE, 0x7C, 0x1F, 0x7C, 0x07, 0xFC, 0x01, 0xFE, 0x00, 0xFF,
    0x00, 0x7F, 0x80, 0x3F, 0xC0, 0x1F, 0xE0, 0x0F, 0xF0, 0x07, 0xBC, 0x07, 0x9F, 0x07, 0xC7, 0xFF,
    0xC1, 0xFF, 0xC0, 0x3F, 0x80, 0x00, 0x1C, 0x00, 0x70, 0x01, 0xC3, 0xFF, 0x3F, 0xF9, 0xFF, 0xC7,
    0x8F, 0x3C, 0x1E, 0xF0, 0x7B, 0xC1, 0xEF, 0x07, 0xBC, 0x1E, 0xF0, 0x79, 0xE3, 0xC7, 0xFF, 0x0F,
    0xF8, 0x0F, 0x80, 0x00, 0x03, 0x80, 0x00, 0xF0, 0x00, 0x3C, 0x00, 0x0F, 0xF0, 0x1F, 0xFC, 0x07,
    0xEF, 0x01, 0xFB, 0xC0, 0x78, 0xF0, 0x1E, 0x3C, 0x07, 0x8F, 0x01, 0xE3, 0xC0, 0x78, 0xF0, 0x1E,
    0x3C, 0x07, 0x8F, 0x01, 0xE3, 0xC0, 0x78, 0xF0, 0x1E, 0x3C, 0x07, 0x87, 0xC7, 0xC1, 0xFF, 0xF0,
    0x3F, 0xF8, 0x03, 0xF8, 0x00, 0x00, 0x0E, 0x00, 0x1C, 0x00, 0x3F, 0x83, 0xFF, 0x07, 0xDE, 0x0F,
    0x3C, 0x1E, 0x78, 0x3C, 0xF0, 0x79, 0xE0, 0xF3, 0xC1, 0xE7, 0x83, 0xCF, 0x07, 0x9F, 0x1F, 0x3F,
    0xFE, 0x3F, 0xBC, 0x3E, 0x78, 0x00, 0x00, 0x1C, 0x70, 0x00, 0x00, 0xF7, 0xBF, 0xF0, 0x03, 0xB9,
    0xFF, 0xE0, 0x0F, 0x8F, 0xFF, 0x80, 0x38, 0x78, 0x3E, 0x00, 0x03, 0xC0, 0xF0, 0xFF, 0xFE, 0x03,
    0xC7, 0xFF, 0xF0, 0x1E, 0x3F, 0xFF, 0x80, 0xF0, 0x07, 0xBC, 0x07, 0x80, 0x7D, 0xE0, 0x3C, 0x03,
    0xCF, 0x01, 0xE0, 0x3C, 0x78, 0x0F, 0x03, 0xC3, 0xC0, 0x78, 0x3E, 0x1E, 0x07, 0x81, 0xE0, 0xF0,
    0x7C, 0x1E, 0x07, 0xFF, 0xC1, 0xFF, 0xFF, 0xFC, 0x0F, 0xFF, 0xFF, 0x80, 0x7F, 0xF0, 0x00, 0x00,
    0x71, 0xC0, 0x00, 0x0F, 0x78, 0x01, 0xE0, 0xEE, 0x00, 0x3C, 0x0F, 0x80, 0x07, 0x80, 0xE0, 0x00,
    0xF0, 0x00, 0x07, 0xDE, 0x3F, 0xF9, 0xFF, 0xC7, 0xFF, 0x7F, 0xF8, 0xFF, 0xFF, 0x1F, 0x00, 0x7B,
    0xC1, 0xE0, 0x1F, 0x78, 0x3C, 0x03, 0xCF, 0x07, 0x80, 0xF1, 0xE0, 0xF0, 0x3C, 0x3C, 0x1E, 0x0F,
    0x87, 0x83, 0xC3, 0xE0, 0xF8, 0xF8, 0x78, 0x0F, 0xFF, 0x1F, 0xFC, 0xFF, 0xE3, 0xFF, 0x8F, 0xBC,
    0x7F, 0xF0, 0xF0, 0x00, 0x03, 0xFC, 0x00, 0x00, 0xFF, 0x00, 0x00, 0x3F, 0xC0, 0x00, 0x0F, 0xF0,
    0x00, 0x03, 0xFC, 0x00, 0x00, 0xFF, 0x00, 0x00, 0x3F, 0xC0, 0x00, 0x0F, 0xF0, 0x00, 0x03, 0xFC,
    0x00, 0x00, 0xFF, 0x00, 0x00, 0x3F, 0xC0, 0x00, 0x0F, 0xF0, 0x07, 0x83, 0xFC, 0x01, 0xE0, 0xFF,
    0x00, 0x7C, 0x7B, 0xFF, 0xCF, 0xFE, 0xFF, 0xF1, 0xFF, 0x3F, 0xFC, 0x3F, 0x80, 0x00, 0x01, 0x80,
    0x00, 0xFF, 0x00, 0x3F, 0xC0, 0x06, 0xF0, 0x00, 0x3C, 0x00, 0x0F, 0x00, 0x3F, 0xC0, 0x0F, 0xF0,
    0x03, 0xFC, 0x00, 0xFF, 0x00, 0x3F, 0xC0, 0x0F, 0xF0, 0x03, 0xFC, 0x00, 0xFF, 0x00, 0x3F, 0xC0,
    0x0F, 0xF0, 0x03, 0xFF, 0xFC, 0xFF, 0xFF, 0x3F, 0xFF, 0xCF, 0x00, 0x03, 0xC0, 0x00, 0xF0, 0x00,
    0xF8, 0x00, 0x3E, 0x00, 0x0F, 0x00, 0x00, 0xC0, 0x3F, 0xC7, 0xF8, 0x6F, 0x01, 0xE0, 0x3C, 0x7F,
    0x8F, 0xF1, 0xFE, 0x3F, 0xC7, 0xF8, 0xFF, 0x1F, 0xE3, 0xFC, 0x7F, 0x8F, 0xF1, 0xFE, 0x3F, 0xC7,
    0xF8, 0xF0, 0x1E, 0x03, 0xC1, 0xF0, 0x3E, 0x07, 0x80, 0xF8, 0x0F, 0x00, 0x1F, 0xF0, 0x1E, 0x00,
    0x3F, 0xF0, 0x3C, 0x00, 0x7F, 0xE0, 0x78, 0x00, 0xFF, 0xE0, 0xF0, 0x01, 0xFF, 0xE1, 0xE0, 0x03,
    0xFD, 0xC3, 0xC0, 0x07, 0xFB, 0xC7, 0x80, 0x0F, 0xF3, 0xCF, 0x00, 0x1F, 0xE7, 0x9E, 0x00, 0x3F,
    0xC7, 0xBC, 0x00, 0x7F, 0x87, 0x78, 0x00, 0xFF, 0x0F, 0xF3, 0xC1, 0xFE, 0x0F, 0xE7, 0x83, 0xFC,
    0x1F, 0xCF, 0x8F, 0x78, 0x1F, 0x8F, 0xFE, 0xF0, 0x1F, 0x0F, 0xF9, 0xE0, 0x3E, 0x0F, 0xE0, 0x00,
    0x00, 0x0C, 0x00, 0x00, 0x3F, 0xE0, 0x3C, 0x7F, 0xC0, 0x78, 0x6F, 0xC0, 0xF0, 0x1F, 0x81, 0xE0,
    0x3F, 0x83, 0xC7, 0xFF, 0x87, 0x8F, 0xF7, 0x0F, 0x1F, 0xEF, 0x1E, 0x3F, 0xCF, 0x3C, 0x7F, 0x9E,
    0x78, 0xFF, 0x1E, 0xF1, 0xFE, 0x1D, 0xE3, 0xFC, 0x3F, 0xC7, 0xF8, 0x3F, 0x8F, 0xF0, 0x7F, 0x1F,
    0xE0, 0x7E, 0x3F, 0xC0, 0x7C, 0x7F, 0x80, 0xF8, 0xF0, 0x00, 0x01, 0xE0, 0x00, 0x03, 0xC0, 0x00,
    0x1F, 0x00, 0x00, 0x3E, 0x00, 0x00, 0x78, 0x00, 0x00, 0xC0, 0x00, 0x3C, 0x00, 0x07, 0x80, 0x00,
    0x60, 0x00, 0x00, 0x00, 0x00, 0x3C, 0xF0, 0x7F, 0xFF, 0x8F, 0xFF, 0xF1, 0xFF, 0x1F, 0x3F, 0xC1,
    0xE7, 0xF8, 0x3C, 0xFF, 0x07, 0x9F, 0xE0, 0xF3, 0xFC, 0x1E, 0x7F, 0x83, 0xCF, 0xF0, 0x79, 0xFE,
    0x0F, 0x3F, 0xC1, 0xE7, 0xF8, 0x3C, 0xF0, 0x00, 0x1E, 0x00, 0x03, 0xC0, 0x01, 0xF8, 0x00, 0x3E,
    0x00, 0x07, 0x80, 0x0F, 0x3C, 0x01, 0xFE, 0x00, 0x3F, 0x00, 0x03, 0x00, 0x00, 0x00, 0x00, 0x00,
    0x00, 0x3F, 0x00, 0x0F, 0xC0, 0x07, 0xF0, 0x01, 0xFE, 0x00, 0x7F, 0x80, 0x3D, 0xF0, 0x0F, 0x3C,
    0x03, 0xCF, 0x01, 0xE3, 0xE0, 0x78, 0x78, 0x1E, 0x1E, 0x0F, 0xFF, 0xC3, 0xFF, 0xF0, 0xFF, 0xFC,
    0x7C, 0x0F, 0x9E, 0x01, 0xE7, 0x80, 0x7B, 0xE0, 0x1F, 0x39, 0xE1, 0xDC, 0x0F, 0x80, 0x60, 0x00,
    0x01, 0xF8, 0x3F, 0xE7, 0xFF, 0xF8, 0xF0, 0x0F, 0x01, 0xF3, 0xFF, 0x7F, 0xFF, 0x8F, 0xF0, 0xFF,
    0x0F, 0xFF, 0xF7, 0xFF, 0x3E, 0xF0, 0x79, 0xC7, 0xF0, 0x7C, 0x03, 0x00, 0x00, 0x00, 0x03, 0xC0,
    0x78, 0x0F, 0x01, 0xE0, 0x3C, 0x07, 0x80, 0xF0, 0x1E, 0x03, 0xC0, 0x78, 0x0F, 0x01, 0xE0, 0x3C,
    0x07, 0x80, 0xF0, 0x1E, 0x03, 0xC0, 0x78, 0x70, 0xC7, 0x38, 0x7E, 0x0F, 0x80, 0x60, 0x00, 0x03,
    0xC0, 0x78, 0x0F, 0x01, 0xE0, 0x3C, 0x07, 0x80, 0xF0, 0x1E, 0x03, 0xC0, 0x78, 0x0F, 0x01, 0xE0,
    0x3C, 0x07, 0x80, 0x0E, 0x38, 0x07, 0xBC, 0x01, 0xFC, 0x00, 0x7C, 0x00, 0x1C, 0x00, 0x00, 0x00,
    0x00, 0x00, 0x0F, 0xE0, 0x1F, 0xFC, 0x1F, 0xFF, 0x1F, 0x07, 0xCF, 0x01, 0xEF, 0x80, 0xFF, 0x80,
    0x3F, 0xC0, 0x1F, 0xE0, 0x0F, 0xF0, 0x07, 0xF8, 0x03, 0xFC, 0x01, 0xFF, 0x01, 0xF7, 0x80, 0xF3,
    0xE0, 0xF8, 0xFF, 0xF8, 0x3F, 0xF8, 0x07, 0xF0, 0x00, 0x38, 0xE0, 0xEE, 0x03, 0xE0, 0x0E, 0x00,
    0x00, 0x00, 0x00, 0x3E, 0x07, 0xFC, 0x7F, 0xF3, 0xC7, 0xBC, 0x1F, 0xE0, 0xFF, 0x07, 0xF8, 0x3F,
    0xC1, 0xFE, 0x0F, 0x78, 0xF3, 0xFF, 0x8F, 0xF8, 0x1F, 0x00, 0x1C, 0x70, 0x3D, 0xE0, 0x3F, 0x80,
    0x3E, 0x00, 0x38, 0x00, 0x00, 0x00, 0x00, 0x78, 0x0F, 0xF0, 0x1F, 0xE0, 0x3F, 0xC0, 0x7F, 0x80,
    0xFF, 0x01, 0xFE, 0x03, 0xFC, 0x07, 0xF8, 0x0F, 0xF0, 0x1F, 0xE0, 0x3F, 0xC0, 0x7F, 0x80, 0xFF,
    0x01, 0xEF, 0x8F, 0x9F, 0xFF, 0x1F, 0xFC, 0x0F, 0xE0, 0x30, 0xE1, 0xEF, 0x07, 0xF0, 0x1E, 0x00,
    0x00, 0x00, 0x03, 0xC1, 0xFE, 0x0F, 0xF0, 0x7F, 0x83, 0xFC, 0x1F, 0xE0, 0xFF, 0x07, 0xF8, 0x3F,
    0xC1, 0xFE, 0x0F, 0xF8, 0xFF, 0xFF, 0xDF, 0xDE, 0x7C, 0xF0, 0x0F, 0xE0, 0x1F, 0xC0, 0x00, 0x00,
    0x63, 0x01, 0xEF, 0x03, 0xDE, 0x03, 0x18, 0x00, 0x00, 0x00, 0x01, 0xE0, 0x3F, 0xC0, 0x7F, 0x80,
    0xFF, 0x01, 0xFE, 0x03, 0xFC, 0x07, 0xF8, 0x0F, 0xF0, 0x1F, 0xE0, 0x3F, 0xC0, 0x7F, 0x80, 0xFF,
    0x01, 0xFE, 0x03, 0xFC, 0x07, 0xBE, 0x3E, 0x7F, 0xFC, 0x7F, 0xF0, 0x3F, 0x80, 0x1F, 0xC0, 0xFE,
    0x00, 0x00, 0x00, 0x00, 0x00, 0x1C, 0xE0, 0xF7, 0x87, 0x38, 0x00, 0x07, 0x83, 0xFC, 0x1F, 0xE0,
    0xFF, 0x07, 0xF8, 0x3F, 0xC1, 0xFE, 0x0F, 0xF0, 0x7F, 0x83, 0xFC, 0x1F, 0xF1, 0xFF, 0xFF, 0xBF,
    0xBC, 0xF9, 0xE0, 0x01, 0xC0, 0x03, 0x80, 0x06, 0x00, 0x00, 0x00, 0xC6, 0x03, 0xDE, 0x07, 0xBC,
    0x06, 0x30, 0x00, 0x00, 0x00, 0x03, 0xC0, 0x7F, 0x80, 0xFF, 0x01, 0xFE, 0x03, 0xFC, 0x07, 0xF8,
    0x0F, 0xF0, 0x1F, 0xE0, 0x3F, 0xC0, 0x7F, 0x80, 0xFF, 0x01, 0xFE, 0x03, 0xFC, 0x07, 0xF8, 0x0F,
    0x7C, 0x7C, 0xFF, 0xF8, 0xFF, 0xE0, 0x7F, 0x00, 0x03, 0x80, 0x1C, 0x01, 0xC0, 0x00, 0x00, 0x00,
    0x1C, 0xE0, 0xF7, 0x87, 0x38, 0x00, 0x07, 0x83, 0xFC, 0x1F, 0xE0, 0xFF, 0x07, 0xF8, 0x3F, 0xC1,
    0xFE, 0x0F, 0xF0, 0x7F, 0x83, 0xFC, 0x1F, 0xF1, 0xFF, 0xFF, 0xBF, 0xBC, 0xF9, 0xE0, 0x0C, 0x60,
    0x1D, 0xC0, 0x1F, 0x00, 0x1C, 0x00, 0x00, 0x01, 0x8C, 0x07, 0xBC, 0x0F, 0x78, 0x0C, 0x60, 0x00,
    0x00, 0x00, 0x07, 0x80, 0xFF, 0x01, 0xFE, 0x03, 0xFC, 0x07, 0xF8, 0x0F, 0xF0, 0x1F, 0xE0, 0x3F,
    0xC0, 0x7F, 0x80, 0xFF, 0x01, 0xFE, 0x03, 0xFC, 0x07, 0xF8, 0x0F, 0xF0, 0x1E, 0xF8, 0xF9, 0xFF,
    0xF1, 0xFF, 0xC0, 0xFE, 0x00, 0x18, 0xC0, 0xEE, 0x03, 0xE0, 0x0C, 0x00, 0x00, 0x00, 0x00, 0xE7,
    0x07, 0xBC, 0x39, 0xC0, 0x00, 0x3C, 0x1F, 0xE0, 0xFF, 0x07, 0xF8, 0x3F, 0xC1, 0xFE, 0x0F, 0xF0,
    0x7F, 0x83, 0xFC, 0x1F, 0xE0, 0xFF, 0x8F, 0xFF, 0xFD, 0xFD, 0xE7, 0xCF, 0x0E, 0x00, 0x0E, 0x00,
    0x0C, 0x00, 0x00, 0x00, 0xC6, 0x03, 0xDE, 0x07, 0xBC, 0x06, 0x30, 0x00, 0x00, 0x00, 0x03, 0xC0,
    0x7F, 0x80, 0xFF, 0x01, 0xFE, 0x03, 0xFC, 0x07, 0xF8, 0x0F, 0xF0, 0x1F, 0xE0, 0x3F, 0xC0, 0x7F,
    0x80, 0xFF, 0x01, 0xFE, 0x03, 0xFC, 0x07, 0xF8, 0x0F, 0x7C, 0x7C, 0xFF, 0xF8, 0xFF, 0xE0, 0x7F,
    0x00, 0x1C, 0x00, 0x70, 0x01, 0x80, 0x00, 0x00, 0x00, 0x1C, 0xE0, 0xF7, 0x87, 0x38, 0x00, 0x07,
    0x83, 0xFC, 0x1F, 0xE0, 0xFF, 0x07, 0xF8, 0x3F, 0xC1, 0xFE, 0x0F, 0xF0, 0x7F, 0x83, 0xFC, 0x1F,
    0xF1, 0xFF, 0xFF, 0xBF, 0xBC, 0xF9, 0xE0, 0x1F, 0x81, 0xFF, 0x1F, 0xFD, 0xF1, 0xE0, 0x07, 0x80,
    0x3F, 0xFF, 0xFF, 0xFF, 0xFF, 0xFF, 0x83, 0xDE, 0x3C, 0xFF, 0xE3, 0xFE, 0x07, 0xC0, 0x07, 0xF0,
    0x01, 0xFC, 0x00, 0x00, 0x00, 0x18, 0x60, 0x0F, 0x3C, 0x03, 0xCF, 0x00, 0x61, 0x80, 0x00, 0x00,
    0x00, 0x00, 0x00, 0xF8, 0x00, 0x3F, 0x00, 0x1F, 0xC0, 0x07, 0xF8, 0x01, 0xFE, 0x00, 0xF7, 0x80,
    0x3C, 0xF0, 0x0F, 0x3C, 0x07, 0x8F, 0x01, 0xE1, 0xE0, 0x78, 0x78, 0x3F, 0xFF, 0x0F, 0xFF, 0xC3,
    0xFF, 0xF1, 0xE0, 0x3E, 0x78, 0x07, 0x9E, 0x01, 0xEF, 0x00, 0x7C, 0x1F, 0xC1, 0xFC, 0x00, 0x00,
    0x00, 0x00, 0x03, 0x8E, 0x3D, 0xE3, 0x8E, 0x00, 0x01, 0xF8, 0x3F, 0xE7, 0xFF, 0x78, 0xF0, 0x0F,
    0x01, 0xF3, 0xFF, 0x7F, 0xFF, 0x0F, 0xF0, 0xFF, 0x1F, 0xFF, 0xF7, 0xFF, 0x3E, 0xF0, 0x07, 0xF0,
    0x01, 0xFC, 0x00, 0x00, 0x00, 0x03, 0x00, 0x01, 0xE0, 0x00, 0x78, 0x00, 0x0C, 0x00, 0x00, 0x00,
    0x00, 0x00, 0x00, 0xF8, 0x00, 0x3F, 0x00, 0x1F, 0xC0, 0x07, 0xF0, 0x01, 0xDE, 0x00, 0xF7, 0x80,
    0x3C, 0xF0, 0x0F, 0x3C, 0x07, 0x8F, 0x01, 0xE1, 0xE0, 0x78, 0x78, 0x3F, 0xFF, 0x0F, 0xFF, 0xC3,
    0xFF, 0xF1, 0xE0, 0x3E, 0x78, 0x07, 0x9E, 0x01, 0xEF, 0x00, 0x7C, 0x1F, 0xC1, 0xFC, 0x00, 0x00,
    0x00, 0x00, 0x00, 0x60, 0x0F, 0x00, 0xF0, 0x06, 0x01, 0xF8, 0x3F, 0xE7, 0xFF, 0xF8, 0xF0, 0x0F,
    0x01, 0xF3, 0xFF, 0x7F, 0xFF, 0x0F, 0xF0, 0xFF, 0x1F, 0xFF, 0xF7, 0xFF, 0x3E, 0xF0, 0x00, 0x07,
    0xF0, 0x00, 0x07, 0xF0, 0x00, 0x07, 0xF0, 0x00, 0x00, 0x00, 0x00, 0x00, 0x00, 0x00, 0x00, 0x00,
    0x00, 0xFF, 0xFF, 0x01, 0xFF, 0xFF, 0x01, 0xEF, 0xFF, 0x01, 0xEF, 0x00, 0x03, 0xCF, 0x00, 0x03,
    0xCF, 0x00, 0x07, 0x8F, 0x00, 0x07, 0x8F, 0xFF, 0x0F, 0x0F, 0xFF, 0x0F, 0x0F, 0xFF, 0x1F, 0x0F,
    0x00, 0x1F, 0xFF, 0x00, 0x1F, 0xFF, 0x00, 0x3F, 0xFF, 0x00, 0x3C, 0x0F, 0x00, 0x78, 0x0F, 0xFF,
    0x78, 0x0F, 0xFF, 0xF8, 0x0F, 0xFF, 0x01, 0xFC, 0x00, 0x0F, 0xE0, 0x00, 0x7F, 0x00, 0x00, 0x00,
    0x01, 0xF8, 0xF8, 0x1F, 0xFF, 0xF1, 0xFF, 0xFF, 0xCF, 0x1F, 0x1E, 0x00, 0xF0, 0x78, 0xFF, 0xFF,
    0xDF, 0xFF, 0xFF, 0xFF, 0xFF, 0xFF, 0x8F, 0x00, 0x78, 0x78, 0x03, 0xC7, 0xE1, 0xFF, 0xFF, 0xFE,
    0x7F, 0xBF, 0xE1, 0xF8, 0x7E, 0x00, 0x07, 0xF0, 0x07, 0xFF, 0x03, 0xFF, 0xE1, 0xF8, 0x7C, 0x78,
    0x0F, 0x3E, 0x01, 0xCF, 0x00, 0x03, 0xC0, 0x00, 0xF0, 0x7F, 0xBC, 0x1F, 0xEF, 0x07, 0xFB, 0xC0,
    0x1E, 0xF8, 0x7F, 0xDE, 0x03, 0xC7, 0xE1, 0xF0, 0xFF, 0xF8, 0x1F, 0xFC, 0x01, 0xFC, 0x00, 0x1F,
    0x78, 0x3F, 0xF8, 0x7F, 0xF8, 0x78, 0xF8, 0xF0, 0x78, 0xF0, 0x78, 0xF1, 0xFF, 0xF1, 0xFF, 0xF0,
    0x78, 0xF0, 0x78, 0xF8, 0xF8, 0x7F, 0xF8, 0x3F, 0xF8, 0x1F, 0x78, 0x00, 0x78, 0x70, 0xF8, 0x7F,
    0xF0, 0x3F, 0xE0, 0x1F, 0xC0, 0x0E, 0x38, 0x07, 0xBC, 0x01, 0xFC, 0x00, 0x7C, 0x00, 0x1C, 0x00,
    0x00, 0x00, 0x00, 0x00, 0x0F, 0xE0, 0x1F, 0xFC, 0x1F, 0xFF, 0x1F, 0x87, 0xCF, 0x01, 0xFF, 0x80,
    0x07, 0x80, 0x03, 0xC0, 0x01, 0xE0, 0xFF, 0xF0, 0x7F, 0xF8, 0x3F, 0xFC, 0x01, 0xFF, 0x00, 0xF7,
    0x80, 0xF3, 0xF0, 0xF8, 0xFF, 0xF8, 0x3F, 0xF8, 0x07, 0xF0, 0x00, 0x38, 0xE0, 0xEE, 0x03, 0xE0,
    0x0F, 0x00, 0x00, 0x00, 0x00, 0x7D, 0xE7, 0xFF, 0x7F, 0xFB, 0xC7, 0xFC, 0x1F, 0xE0, 0xFF, 0x07,
    0xF8, 0x3F, 0xC1, 0xFE, 0x0F, 0xF8, 0xFB, 0xFF, 0xCF, 0xDE, 0x3C, 0xF0, 0x07, 0xB8, 0x7D, 0xFF,
    0xC7, 0xFC, 0x1F, 0xC0, 0x1C, 0xF0, 0x0E, 0xE0, 0x07, 0xC0, 0x03, 0x80, 0x00, 0x00, 0x00, 0x00,
    0xF0, 0x3E, 0xF0, 0x3C, 0xF0, 0x78, 0xF0, 0xF8, 0xF1, 0xF0, 0xF3, 0xE0, 0xF7, 0xC0, 0xF7, 0x80,
    0xFF, 0x80, 0xFF, 0xC0, 0xFF, 0xE0, 0xF9, 0xE0, 0xF0, 0xF0, 0xF0, 0xF8, 0xF0, 0x78, 0xF0, 0x3C,
    0xF0, 0x3E, 0xF0, 0x1F, 0x79, 0xE0, 0x1D, 0xE0, 0x07, 0xE0, 0x01, 0xE0, 0x00, 0x00, 0x00, 0x00,
    0x00, 0x3C, 0x00, 0x1E, 0x00, 0x0F, 0x00, 0x07, 0x80, 0x03, 0xC3, 0xC1, 0xE3, 0xC0, 0xF3, 0xE0,
    0x7B, 0xE0, 0x3F, 0xE0, 0x1F, 0xE0, 0x0F, 0xF0, 0x07, 0xFC, 0x03, 0xFE, 0x01, 0xEF, 0x80, 0xF3,
    0xE0, 0x78, 0xF0, 0x3C, 0x7C, 0x1E, 0x1F, 0x07, 0xF0, 0x0F, 0xFE, 0x0F, 0xFF, 0x8F, 0x83, 0xE7,
    0x80, 0xF7, 0xC0, 0x7F, 0xC0, 0x1F, 0xE0, 0x0F, 0xF0, 0x07, 0xF8, 0x03, 0xFC, 0x01, 0xFE, 0x00,
    0xFF, 0x80, 0xFB, 0xC0, 0x79, 0xF0, 0x7C, 0x7F, 0xFC, 0x1F, 0xFC, 0x03, 0xFC, 0x00, 0x78, 0x00,
    0x78, 0x00, 0x3C, 0x00, 0x1F, 0x80, 0x07, 0xC0, 0x0F, 0x81, 0xFF, 0x1F, 0xFC, 0xF1, 0xEF, 0x07,
    0xF8, 0x3F, 0xC1, 0xFE, 0x0F, 0xF0, 0x7F, 0x83, 0xDE, 0x3E, 0xFF, 0xE3, 0xFE, 0x07, 0xE0, 0x1E,
    0x01, 0xE0, 0x0F, 0x00, 0x7C, 0x01, 0xE0, 0x07, 0xF0, 0x03, 0xF8, 0x01, 0xFC, 0x00, 0x00, 0x00,
    0x00, 0x00, 0x00, 0x00, 0x1F, 0xC0, 0x3F, 0xF8, 0x3F, 0xFE, 0x3E, 0x0F, 0x9E, 0x03, 0xDF, 0x01,
    0xFF, 0x00, 0x7F, 0x80, 0x3F, 0xC0, 0x1F, 0xE0, 0x0F, 0xF0, 0x07, 0xF8, 0x03, 0xFE, 0x03, 0xEF,
    0x01, 0xE7, 0xC1, 0xF1, 0xFF, 0xF0, 0x7F, 0xF0, 0x0F, 0xF0, 0x01, 0xE0, 0x01, 0xE0, 0x00, 0xF0,
    0x00, 0x7E, 0x00, 0x1F, 0x00, 0x1F, 0xC0, 0xFE, 0x07, 0xF0, 0x00, 0x00, 0xF8, 0x1F, 0xF1, 0xFF,
    0xCF, 0x1E, 0xF0, 0x7F, 0x83, 0xFC, 0x1F, 0xE0, 0xFF, 0x07, 0xF8, 0x3D, 0xE3, 0xEF, 0xFE, 0x3F,
    0xE0, 0x7E, 0x01, 0xE0, 0x1E, 0x00, 0xF0, 0x07, 0xC0, 0x1E, 0x00, 0x1C, 0x70, 0x1D, 0xE0, 0x1F,
    0x80, 0x1E, 0x00, 0x00, 0x00, 0x00, 0x00, 0x00, 0x3F, 0xFF, 0x7F, 0xFE, 0xFF, 0xFC, 0x01, 0xF0,
    0x07, 0xC0, 0x1F, 0x00, 0x7C, 0x01, 0xE0, 0x03, 0xF0, 0x07, 0xF0, 0x0F, 0xF0, 0x01, 0xF0, 0x01,
    0xF0, 0x01, 0xE0, 0x03, 0xC0, 0x07, 0xF0, 0x0F, 0xF0, 0x1F, 0xE0, 0x79, 0xF1, 0xF3, 0xFF, 0xC3,
    0xFF, 0x01, 0xFC, 0x00, 0x18, 0x60, 0x73, 0x80, 0xFC, 0x01, 0xE0, 0x03, 0x00, 0x00, 0x07, 0xFF,
    0x9F, 0xFE, 0x7F, 0xF8, 0x03, 0xC0, 0x1E, 0x00, 0xF0, 0x07, 0x80, 0x1E, 0x00, 0xFE, 0x03, 0xFC,
    0x00, 0xF8, 0x01, 0xF0, 0x03, 0xC0, 0x0F, 0xF0, 0x3F, 0xE1, 0xE7, 0xFF, 0x8F, 0xFC, 0x1F, 0xC0,
    0x61, 0x9C, 0xE3, 0xF0, 0x78, 0x00, 0x00, 0x01, 0xE0, 0x78, 0x1E, 0x07, 0x81, 0xE0, 0x78, 0x1E,
    0x07, 0x81, 0xE0, 0x78, 0x1E, 0x07, 0x81, 0xE0, 0x78, 0x1E, 0x07, 0x87, 0xC1, 0xF0, 0x78, 0x00,
    0xFF, 0xC0, 0x3F, 0xFF, 0xFF, 0xF0, 0x3F, 0xFF, 0xFF, 0xF8, 0x3F, 0xFF, 0xF0, 0x7C, 0x00, 0x1E,
    0xF0, 0x3C, 0x00, 0x3C, 0xF0, 0x1E, 0x00, 0x7C, 0xF0, 0x1E, 0x00, 0x78, 0xF0, 0x1E, 0x00, 0xF0,
    0xF0, 0x1E, 0x01, 0xF0, 0xF0, 0x1E, 0x03, 0xE0, 0xF0, 0x1E, 0x03, 0xC0, 0xF0, 0x1E, 0x07, 0x80,
    0xF0, 0x1E, 0x0F, 0x80, 0xF0, 0x3C, 0x0F, 0x00, 0xF0, 0x7C, 0x1E, 0x00, 0xFF, 0xF8, 0x3F, 0xFF,
    0xFF, 0xF0, 0x3F, 0xFF, 0xFF, 0xC0, 0x3F, 0xFF, 0xFF, 0xC0, 0x00, 0x07, 0xFF, 0x80, 0x00, 0x3F,
    0xFE, 0x00, 0x01, 0xE0, 0xF8, 0x00, 0x0F, 0x03, 0xC3, 0xFF, 0xF8, 0x0F, 0x1F, 0xFF, 0xC0, 0x78,
    0xFF, 0xFE, 0x03, 0xC0, 0x1E, 0xF0, 0x1E, 0x01, 0xF7, 0x80, 0xF0, 0x0F, 0x3C, 0x07, 0x80, 0xF1,
    0xE0, 0x3C, 0x0F, 0x0F, 0x01, 0xE0, 0xF8, 0x78, 0x1E, 0x07, 0x83, 0xC1, 0xF0, 0x78, 0x1F, 0xFF,
    0x07, 0xFF, 0xFF, 0xF0, 0x3F, 0xFF, 0xFE, 0x01, 0xFF, 0xC0, 0x00, 0x78, 0x00, 0x00, 0x0F, 0x00,
    0x00, 0x01, 0xE0, 0x00, 0x00, 0x3C, 0x00, 0x01, 0xF7, 0x8F, 0xFE, 0x7F, 0xF1, 0xFF, 0xDF, 0xFE,
    0x3F, 0xFF, 0xC7, 0xC0, 0x1E, 0xF0, 0x78, 0x07, 0xDE, 0x0F, 0x00, 0xF3, 0xC1, 0xE0, 0x3C, 0x78,
    0x3C, 0x0F, 0x0F, 0x07, 0x83, 0xE1, 0xE0, 0xF0, 0xF8, 0x3E, 0x3E, 0x1E, 0x03, 0xFF, 0xC7, 0xFF,
    0x3F, 0xF8, 0xFF, 0xE3, 0xEF, 0x1F, 0xFC, 0x00, 0x70, 0x00, 0x70, 0x00, 0x38, 0x00, 0x38, 0x00,
    0x00, 0x00, 0x00, 0x00, 0x1F, 0xC0, 0x3F, 0xF8, 0x3F, 0xFE, 0x3F, 0x0F, 0x9E, 0x03, 0xDF, 0x00,
    0xEF, 0x00, 0x07, 0x80, 0x03, 0xC1, 0xFF, 0xE0, 0xFF, 0xF0, 0x7F, 0xF8, 0x03, 0xFE, 0x01, 0xEF,
    0x01, 0xE7, 0xE1, 0xF1, 0xFF, 0xF0, 0x7F, 0xF0, 0x0F, 0xE0, 0x01, 0xC0, 0x1C, 0x00, 0xE0, 0x0E,
    0x00, 0x00, 0x00, 0x00, 0x7D, 0xE7, 0xFF, 0x7F, 0xFB, 0xC7, 0xFC, 0x1F, 0xE0, 0xFF, 0x07, 0xF8,
    0x3F, 0xC1, 0xFE, 0x0F, 0xF8, 0xFB, 0xFF, 0xCF, 0xFE, 0x3E, 0xF0, 0x07, 0xB8, 0x7D, 0xFF, 0xC7,
    0xFC, 0x1F, 0xC0, 0xF0, 0x0F, 0x00, 0x78, 0x07, 0x80, 0x3C, 0x03, 0xC0, 0x1E, 0x01, 0xE0, 0x0F,
    0x00, 0xF0, 0x7F, 0x80, 0x78, 0x3F, 0xC0, 0x3C, 0x1F, 0xFF, 0xFE, 0x0F, 0xFF, 0xFF, 0x07, 0xFF,
    0xFF, 0x83, 0xFC, 0x03, 0xC1, 0xFE, 0x01, 0xE0, 0xFF, 0x00, 0xF0, 0x7F, 0x80, 0x78, 0x3F, 0xC0,
    0x3E, 0x3F, 0xE0, 0x0F, 0xFE, 0xF0, 0x03, 0xFE, 0x78, 0x00, 0xFE, 0x00, 0xFF, 0xC1, 0xFF, 0xE3,
    0xFF, 0xE7, 0xC3, 0xEF, 0x03, 0xDE, 0x03, 0xFC, 0x07, 0xF8, 0x0F, 0xF0, 0x1F, 0xE0, 0x3F, 0xC0,
    0x7F, 0x81, 0xEF, 0x03, 0xDE, 0x0F, 0x3C, 0x3E, 0x79, 0xF8, 0xFF, 0xE1, 0xFF, 0x03, 0xF8, 0x07,
    0xC0, 0x0F, 0x00, 0x1E, 0x00, 0x3C, 0x00, 0x00, 0x0F, 0x00, 0x07, 0x00, 0x03, 0x80, 0x03, 0x80,
    0x00, 0x00, 0x00, 0x00, 0xF8, 0x0F, 0xF8, 0x0F, 0xFC, 0x0F, 0xFC, 0x0F, 0xFE, 0x0F, 0xFF, 0x0F,
    0xF7, 0x0F, 0xF7, 0x8F, 0xF3, 0xCF, 0xF3, 0xCF, 0xF1, 0xEF, 0xF0, 0xEF, 0xF0, 0xFF, 0xF0, 0x7F,
    0xF0, 0x7F, 0xF0, 0x3F, 0xF0, 0x1F, 0xF0, 0x1F, 0x1C, 0x00, 0xF0, 0x03, 0x80, 0x0E, 0x00, 0x00,
    0x00, 0x03, 0xCF, 0x1F, 0xFE, 0xFF, 0xF7, 0xC7, 0xFC, 0x1F, 0xE0, 0xFF, 0x07, 0xF8, 0x3F, 0xC1,
    0xFE, 0x0F, 0xF0, 0x7F, 0x83, 0xFC, 0x1F, 0xE0, 0xF0, 0x00, 0x70, 0x00, 0x38, 0x00, 0x0C, 0x00,
    0x0F, 0x80, 0x07, 0xF0, 0x01, 0x8C, 0x00, 0x63, 0x00, 0x1F, 0xC0, 0x03, 0xE0, 0x00, 0x00, 0x00,
    0x3E, 0x00, 0x1F, 0xC0, 0x07, 0xF0, 0x01, 0xFC, 0x00, 0xF7, 0x80, 0x3D, 0xE0, 0x0F, 0x7C, 0x07,
    0x8F, 0x01, 0xE3, 0xC0, 0x78, 0xF8, 0x3E, 0x1E, 0x0F, 0xFF, 0xC3, 0xFF, 0xF1, 0xFF, 0xFC, 0x78,
    0x0F, 0x9E, 0x01, 0xEF, 0x80, 0x7B, 0xC0, 0x1F, 0x01, 0xC0, 0x38, 0x07, 0x00, 0x70, 0x0F, 0x81,
    0x9C, 0x18, 0xC1, 0x8C, 0x0F, 0x80, 0x70, 0x00, 0x01, 0xF8, 0x3F, 0xE7, 0xFF, 0xF8, 0xF0, 0x0F,
    0x01, 0xF3, 0xFF, 0x7F, 0xFF, 0x0F, 0xF0, 0xFF, 0x1F, 0xFF, 0xF7, 0xFF, 0x3E, 0xF0, 0x00, 0x00,
    0xF0, 0x00, 0x00, 0xE0, 0x00, 0x01, 0xE0, 0x00, 0x01, 0xC0, 0x00, 0x00, 0x00, 0x00, 0x00, 0x00,
    0x00, 0xFF, 0xFF, 0x01, 0xFF, 0xFF, 0x01, 0xEF, 0xFF, 0x01, 0xEF, 0x00, 0x03, 0xCF, 0x00, 0x03,
    0xCF, 0x00, 0x07, 0x8F, 0x00, 0x07, 0x8F, 0xFF, 0x0F, 0x0F, 0xFF, 0x0F, 0x0F, 0xFF, 0x1F, 0x0F,
    0x00, 0x1F, 0xFF, 0x00, 0x1F, 0xFF, 0x00, 0x3F, 0xFF, 0x00, 0x3C, 0x0F, 0x00, 0x78, 0x0F, 0xFF,
    0x78, 0x0F, 0xFF, 0xF8, 0x0F, 0xFF, 0x00, 0x3C, 0x00, 0x01, 0xC0, 0x00, 0x1E, 0x00, 0x00, 0xE0,
    0x00, 0x00, 0x00, 0x00, 0x00, 0x00, 0x7E, 0x3E, 0x07, 0xFF, 0xFC, 0x7F, 0xFF, 0xF3, 0xC7, 0xC7,
    0x80, 0x3C, 0x1E, 0x3F, 0xFF, 0xF7, 0xFF, 0xFF, 0xFF, 0xFF, 0xFF, 0xE3, 0xC0, 0x1E, 0x1E, 0x00,
    0xF1, 0xF8, 0x7F, 0xFF, 0xFF, 0x9F, 0xEF, 0xF8, 0x7E, 0x1F, 0x80, 0x00, 0x70, 0x00, 0x70, 0x00,
    0x38, 0x00, 0x38, 0x00, 0x00, 0x00, 0x00, 0x10, 0x1F, 0xDC, 0x3F, 0xFC, 0x3F, 0xFE, 0x3E, 0x0F,
    0x9E, 0x0F, 0xDF, 0x07, 0xFF, 0x07, 0x7F, 0x87, 0x3F, 0xC7, 0x1F, 0xE3, 0x8F, 0xF3, 0x87, 0xFB,
    0x83, 0xFF, 0x83, 0xEF, 0xC1, 0xE7, 0xE1, 0xF1, 0xFF, 0xF0, 0xFF, 0xF0, 0xEF, 0xE0, 0x00, 0x00,
    0x00, 0x00, 0xE0, 0x07, 0x00, 0x1C, 0x00, 0xE0, 0x00, 0x00, 0x00, 0x00, 0x7C, 0xC7, 0xFE, 0x3F,
    0xF8, 0xF1, 0xE7, 0x8F, 0xDE, 0x7F, 0x79, 0xBD, 0xEC, 0xF7, 0xE3, 0xDF, 0x0F, 0x3C, 0x78, 0xFF,
    0xE7, 0xFF, 0x19, 0xF0, 0x00, 0x00, 0x1C, 0xE0, 0x07, 0xBC, 0x00, 0xE7, 0x00, 0x1D, 0xC0, 0x00,
    0x00, 0x00, 0x00, 0x00, 0x3F, 0x00, 0x0F, 0xC0, 0x07, 0xF0, 0x01, 0xFE, 0x00, 0x7F, 0x80, 0x3D,
    0xF0, 0x0F, 0x3C, 0x03, 0xCF, 0x01, 0xE3, 0xE0, 0x78, 0x78, 0x1E, 0x1E, 0x0F, 0xFF, 0xC3, 0xFF,
    0xF0, 0xFF, 0xFC, 0x7C, 0x0F, 0x9E, 0x01, 0xE7, 0x80, 0x7B, 0xE0, 0x1F, 0xF7, 0x87, 0xB8, 0x3B,
    0x81, 0x9C, 0x00, 0x00, 0x00, 0x1F, 0x83, 0xFE, 0x7F, 0xFF, 0x8F, 0x00, 0xF0, 0x1F, 0x3F, 0xF7,
    0xFF, 0xF0, 0xFF, 0x0F, 0xF1, 0xFF, 0xFF, 0x7F, 0xF3, 0xEF, 0x00, 0x00, 0x00, 0x78, 0x00, 0x3F,
    0x00, 0x1C, 0xE0, 0x06, 0x18, 0x00, 0x00, 0x00, 0x00, 0x00, 0x0F, 0xC0, 0x03, 0xF0, 0x00, 0xFC,
    0x00, 0x7F, 0x80, 0x1F, 0xE0, 0x07, 0x38, 0x03, 0xCF, 0x00, 0xF3, 0xC0, 0x7C, 0xF0, 0x1E, 0x1E,
    0x07, 0x87, 0x83, 0xFF, 0xF0, 0xFF, 0xFC, 0x3F, 0xFF, 0x1F, 0x03, 0xE7, 0x80, 0x79, 0xE0, 0x1E,
    0xF8, 0x07, 0xC0, 0x0F, 0x80, 0xFE, 0x0E, 0x38, 0x60, 0xC0, 0x00, 0x00, 0x00, 0x7F, 0x07, 0xFC,
    0x7F, 0xF7, 0xC7, 0xC0, 0x1E, 0x01, 0xF3, 0xFF, 0xBF, 0xFF, 0xC1, 0xFE, 0x0F, 0xF0, 0xFF, 0xFF,
    0xDF, 0xDE, 0x7C, 0xF0, 0x7B, 0x81, 0xCE, 0x0F, 0x70, 0x39, 0x80, 0x00, 0x00, 0x01, 0xFF, 0xEF,
    0xFF, 0x7F, 0xFB, 0xC0, 0x1E, 0x00, 0xF0, 0x07, 0x80, 0x3F, 0xFD, 0xFF, 0xEF, 0xFF, 0x78, 0x03,
    0xC0, 0x1E, 0x00, 0xF0, 0x07, 0x80, 0x3F, 0xFD, 0xFF, 0xEF, 0xFF, 0xF7, 0x83, 0xDC, 0x0E, 0xE0,
    0x3B, 0x80, 0x00, 0x00, 0x00, 0x3E, 0x07, 0xFC, 0x7F, 0xF3, 0xC7, 0xBC, 0x1F, 0xFF, 0xFF, 0xFF,
    0xFF, 0xFF, 0xC0, 0x1E, 0x00, 0x78, 0xFB, 0xFF, 0x8F, 0xF8, 0x1F, 0x80, 0x00, 0x00, 0xF0, 0x1F,
    0x83, 0x9C, 0x30, 0xC0, 0x00, 0x00, 0x0F, 0xFF, 0xFF, 0xFF, 0xFF, 0xF0, 0x0F, 0x00, 0xF0, 0x0F,
    0x00, 0xFF, 0xFF, 0xFF, 0xFF, 0xFF, 0x00, 0xF0, 0x0F, 0x00, 0xF0, 0x0F, 0x00, 0xFF, 0xFF, 0xFF,
    0xFF, 0xF0, 0x0F, 0x80, 0xFE, 0x0E, 0x38, 0x60, 0xC0, 0x00, 0x00, 0x00, 0x3E, 0x07, 0xFC, 0x7F,
    0xF3, 0xC7, 0xBC, 0x1F, 0xFF, 0xFF, 0xFF, 0xFF, 0xFF, 0xC0, 0x1E, 0x00, 0x78, 0xFB, 0xFF, 0x8F,
    0xF8, 0x1F, 0x80, 0x73, 0x87, 0x78, 0xE7, 0x0E, 0xE0, 0x00, 0x00, 0x01, 0xE0, 0x3C, 0x07, 0x80,
    0xF0, 0x1E, 0x03, 0xC0, 0x78, 0x0F, 0x01, 0xE0, 0x3C, 0x07, 0x80, 0xF0, 0x1E, 0x03, 0xC0, 0x78,
    0x0F, 0x01, 0xE0, 0x3C, 0x73, 0x8F, 0x78, 0xE7, 0x0E, 0xE0, 0x00, 0x00, 0x01, 0xE0, 0x3C, 0x07,
    0x80, 0xF0, 0x1E, 0x03, 0xC0, 0x78, 0x0F, 0x01, 0xE0, 0x3C, 0x07, 0x80, 0xF0, 0x1E, 0x03, 0xC0,
    0x00, 0x1F, 0x1F, 0xDC, 0x7C, 0x18, 0x00, 0x00, 0x78, 0x3C, 0x1E, 0x0F, 0x07, 0x83, 0xC1, 0xE0,
    0xF0, 0x78, 0x3C, 0x1E, 0x0F, 0x07, 0x83, 0xC1, 0xE0, 0xF0, 0x78, 0x3C, 0x00, 0x3E, 0x3F, 0xB8,
    0xF8, 0x30, 0x00, 0x00, 0xF0, 0x78, 0x3C, 0x1E, 0x0F, 0x07, 0x83, 0xC1, 0xE0, 0xF0, 0x78, 0x3C,
    0x1E, 0x0F, 0x07, 0x80, 0x3D, 0xE0, 0x0E, 0x70, 0x03, 0x9C, 0x00, 0xEE, 0x00, 0x00, 0x00, 0x00,
    0x00, 0x1F, 0xC0, 0x3F, 0xF8, 0x3F, 0xFE, 0x3E, 0x0F, 0x9E, 0x03, 0xDF, 0x01, 0xFF, 0x00, 0x7F,
    0x80, 0x3F, 0xC0, 0x1F, 0xE0, 0x0F, 0xF0, 0x07, 0xF8, 0x03, 0xFE, 0x03, 0xEF, 0x01, 0xE7, 0xC1,
    0xF1, 0xFF, 0xF0, 0x7F, 0xF0, 0x0F, 0xE0, 0x73, 0x83, 0xDC, 0x0E, 0xE0, 0x3B, 0x80, 0x00, 0x00,
    0x00, 0x3E, 0x07, 0xFC, 0x7F, 0xF3, 0xC7, 0xBC, 0x1F, 0xE0, 0xFF, 0x07, 0xF8, 0x3F, 0xC1, 0xFE,
    0x0F, 0x78, 0xF3, 0xFF, 0x8F, 0xF8, 0x1F, 0x00, 0x00, 0x00, 0x01, 0xF0, 0x01, 0xFC, 0x01, 0xC7,
    0x00, 0xC1, 0x80, 0x00, 0x00, 0x00, 0x00, 0x0F, 0xE0, 0x1F, 0xFC, 0x1F, 0xFF, 0x1F, 0x07, 0xCF,
    0x01, 0xEF, 0x80, 0xFF, 0x80, 0x3F, 0xC0, 0x1F, 0xE0, 0x0F, 0xF0, 0x07, 0xF8, 0x03, 0xFC, 0x01,
    0xFF, 0x01, 0xF7, 0x80, 0xF3, 0xE0, 0xF8, 0xFF, 0xF8, 0x3F, 0xF8, 0x07, 0xF0, 0x00, 0x0F, 0x80,
    0xFE, 0x0E, 0x38, 0x60, 0xC0, 0x00, 0x00, 0x00, 0x3E, 0x07, 0xFC, 0x7F, 0xF3, 0xC7, 0xBC, 0x1F,
    0xE0, 0xFF, 0x07, 0xF8, 0x3F, 0xC1, 0xFE, 0x0F, 0x78, 0xF3, 0xFF, 0x8F, 0xF8, 0x1F, 0x00, 0xF3,
    0x80, 0xE7, 0x00, 0xE7, 0x00, 0xEE, 0x00, 0x00, 0x00, 0x00, 0x3F, 0xF0, 0x7F, 0xF8, 0xFF, 0xF9,
    0xE0, 0xF3, 0xC0, 0xF7, 0x81, 0xEF, 0x03, 0xDE, 0x0F, 0x3F, 0xFE, 0x7F, 0xF8, 0xFF, 0xE1, 0xE3,
    0xC3, 0xC7, 0xC7, 0x87, 0x8F, 0x0F, 0x9E, 0x0F, 0x3C, 0x1F, 0x78, 0x1E, 0x7B, 0x87, 0x38, 0xF7,
    0x0E, 0x60, 0x00, 0x00, 0x07, 0xB8, 0xFF, 0x1F, 0xE3, 0xE0, 0x78, 0x0F, 0x01, 0xE0, 0x3C, 0x07,
    0x80, 0xF0, 0x1E, 0x03, 0xC0, 0x78, 0x0F, 0x00, 0x00, 0x00, 0x1F, 0x00, 0x7F, 0x01, 0xC7, 0x03,
    0x06, 0x00, 0x00, 0x00, 0x00, 0x7F, 0xE0, 0xFF, 0xF1, 0xFF, 0xF3, 0xC1, 0xE7, 0x81, 0xEF, 0x03,
    0xDE, 0x07, 0xBC, 0x1E, 0x7F, 0xFC, 0xFF, 0xF1, 0xFF, 0xC3, 0xC7, 0x87, 0x8F, 0x8F, 0x0F, 0x1E,
    0x1F, 0x3C, 0x1E, 0x78, 0x3E, 0xF0, 0x3C, 0x3C, 0x3F, 0x39, 0xD8, 0x60, 0x00, 0x03, 0xDD, 0xFE,
    0xFF, 0x7C, 0x3C, 0x1E, 0x0F, 0x07, 0x83, 0xC1, 0xE0, 0xF0, 0x78, 0x3C, 0x1E, 0x00, 0x7B, 0xC0,
    0x7B, 0x80, 0x77, 0x80, 0x77, 0x00, 0x00, 0x00, 0x00, 0x3C, 0x07, 0xF8, 0x0F, 0xF0, 0x1F, 0xE0,
    0x3F, 0xC0, 0x7F, 0x80, 0xFF, 0x01, 0xFE, 0x03, 0xFC, 0x07, 0xF8, 0x0F, 0xF0, 0x1F, 0xE0, 0x3F,
    0xC0, 0x7F, 0x80, 0xF7, 0xC7, 0xCF, 0xFF, 0x8F, 0xFE, 0x07, 0xF0, 0x7B, 0xC0, 0xE7, 0x01, 0xDC,
    0x07, 0x38, 0x00, 0x00, 0x00, 0x07, 0x83, 0xDE, 0x0F, 0x78, 0x3D, 0xE0, 0xF7, 0x83, 0xDE, 0x0F,
    0x78, 0x3D, 0xE0, 0xF7, 0x83, 0xDE, 0x0F, 0x7C, 0x7D, 0xFF, 0xF3, 0xFB, 0xC7, 0xCF, 0x00, 0x00,
    0x0F, 0x80, 0x3F, 0x80, 0xE3, 0x81, 0x83, 0x00, 0x00, 0x00, 0x00, 0x78, 0x0F, 0xF0, 0x1F, 0xE0,
    0x3F, 0xC0, 0x7F, 0x80, 0xFF, 0x01, 0xFE, 0x03, 0xFC, 0x07, 0xF8, 0x0F, 0xF0, 0x1F, 0xE0, 0x3F,
    0xC0, 0x7F, 0x80, 0xFF, 0x01, 0xEF, 0x8F, 0x9F, 0xFF, 0x1F, 0xFC, 0x0F, 0xE0, 0x0F, 0x00, 0xFC,
    0x0E, 0x70, 0x61, 0x80, 0x00, 0x00, 0x03, 0xC1, 0xFE, 0x0F, 0xF0, 0x7F, 0x83, 0xFC, 0x1F, 0xE0,
    0xFF, 0x07, 0xF8, 0x3F, 0xC1, 0xFE, 0x0F, 0xF8, 0xFF, 0xFF, 0xDF, 0xDE, 0x7C, 0xF0, 0x0F, 0xE0,
    0x3F, 0xF0, 0xFF, 0xE3, 0xC1, 0xE7, 0x01, 0xCF, 0x00, 0x1F, 0x00, 0x3F, 0xE0, 0x3F, 0xF0, 0x3F,
    0xF0, 0x0F, 0xF0, 0x01, 0xE0, 0x01, 0xDE, 0x03, 0x9E, 0x0F, 0x3F, 0xFE, 0x3F, 0xF8, 0x1F, 0xC0,
    0x00, 0x00, 0x1C, 0x00, 0x38, 0x00, 0x70, 0x00, 0xE0, 0x01, 0x80, 0x1F, 0x81, 0xFF, 0x1F, 0xF8,
    0xF1, 0xE7, 0x80, 0x3E, 0x00, 0xFF, 0x03, 0xFE, 0x00, 0xF0, 0x03, 0x9E, 0x3C, 0xFF, 0xE3, 0xFE,
    0x0F, 0xE0, 0x00, 0x00, 0xE0, 0x07, 0x00, 0x38, 0x01, 0xC0, 0x0C, 0x00, 0xFF, 0xFF, 0xFF, 0xFF,
    0xFF, 0xF8, 0x1C, 0x00, 0x38, 0x00, 0x70, 0x00, 0xE0, 0x01, 0xC0, 0x03, 0x80, 0x07, 0x00, 0x0E,
    0x00, 0x1C, 0x00, 0x38, 0x00, 0x70, 0x00, 0xE0, 0x01, 0xC0, 0x03, 0x80, 0x07, 0x00, 0x00, 0x00,
    0x1C, 0x00, 0x38, 0x00, 0x70, 0x00, 0xC0, 0x01, 0x80, 0x38, 0x1C, 0x0E, 0x1F, 0xEF, 0xF7, 0xF8,
    0xE0, 0x70, 0x38, 0x1C, 0x0E, 0x07, 0x03, 0x81, 0xE0, 0xFE, 0x7F, 0x1F, 0x80, 0x07, 0x03, 0x81,
    0xC0, 0xC0, 0x60, 0x1F, 0xC1, 0xFF, 0x9F, 0xFD, 0xF1, 0xFF, 0x07, 0x80, 0x3C, 0x01, 0xE0, 0x0F,
    0x00, 0xF0, 0x1F, 0x03, 0xFC, 0xFF, 0xF7, 0xE7, 0xB8, 0x3C, 0x01, 0xE0, 0x0F, 0x00, 0xF8, 0x07,
    0x80, 0xFC, 0x1F, 0xC7, 0xFC, 0x3F, 0x81, 0xF0, 0x00, 0x00, 0x1F, 0x83, 0xFE, 0x7F, 0xE7, 0x9F,
    0x70, 0xF0, 0x0F, 0x01, 0xE0, 0x1E, 0x07, 0xC3, 0xFE, 0x3F, 0xF3, 0x8F, 0x00, 0xF0, 0x1F, 0x01,
    0xE0, 0x7E, 0x1F, 0xC3, 0xF0, 0x3E, 0x03, 0x00, 0x1E, 0x78, 0x0F, 0xF0, 0x07, 0xE0, 0x03, 0x80,
    0x00, 0x00, 0x00, 0x00, 0xF0, 0x0F, 0xF0, 0x0F, 0xF0, 0x0F, 0xF0, 0x0F, 0xF0, 0x0F, 0xF0, 0x0F,
    0xF0, 0x0F, 0xFF, 0xFF, 0xFF, 0xFF, 0xFF, 0xFF, 0xF0, 0x0F, 0xF0, 0x0F, 0xF0, 0x0F, 0xF0, 0x0F,
    0xF0, 0x0F, 0xF0, 0x0F, 0xF0, 0x0F, 0xF0, 0x0F, 0x79, 0xE0, 0x1F, 0xC0, 0x07, 0xC0, 0x01, 0xC0,
    0x00, 0x00, 0x00, 0x00, 0x00, 0x3C, 0x00, 0x1E, 0x00, 0x0F, 0x00, 0x07, 0x80, 0x03, 0xCF, 0x01,
    0xEF, 0xE0, 0xFF, 0xF0, 0x7C, 0x7C, 0x3C, 0x1E, 0x1E, 0x0F, 0x0F, 0x07, 0x87, 0x83, 0xC3, 0xC1,
    0xE1, 0xE0, 0xF0, 0xF0, 0x78, 0x78, 0x3C, 0x3C, 0x1E, 0x1E, 0x0F, 0x78, 0x70, 0x70, 0x70, 0x1E,
    0x79, 0xE3, 0x80, 0x1E, 0x0F, 0xC7, 0xF1, 0xCE, 0x39, 0x3F, 0xDF, 0xE9, 0xE0, 0x00, 0xFF, 0xFF,
    0xFF, 0xE3, 0xFB, 0xDF, 0xC7, 0xC0, 0x6F, 0xF6, 0xE3, 0xF1, 0xF8, 0xFC, 0x70, 0xF7, 0x8C, 0xE0,
    0x79, 0xFB, 0x36, 0x6F, 0xCF, 0x00, 0x3C, 0xF1, 0xC7, 0x1C, 0x70, 0xE7, 0x00, 0x73, 0x9F, 0xC3,
    0xF0, 0x78, 0x7B, 0xC7, 0x38, 0x77, 0x0E, 0x70, 0x66, 0xEE, 0xE0, 0x39, 0xCE, 0x73, 0xB9, 0xC0,
    0x39, 0xCE, 0x73, 0xB9, 0xC0, 0x77, 0x77, 0xEE, 0x00, 0x6F, 0xF6, 0xEE, 0xEE, 0xC0, 0x73, 0x9E,
    0x7F, 0xF8, 0x13, 0xB9, 0xCF, 0xBC, 0x71, 0xC7, 0x78, 0x7E, 0x07, 0x80, 0x00, 0x60, 0x0E, 0x00,
    0xC0, 0x1C, 0x01, 0x80, 0x38, 0x03, 0x00, 0x70, 0x06, 0x00, 0xE0, 0x0C, 0x01, 0xC0, 0x18, 0x03,
    0x80, 0x30, 0x07, 0x00, 0x60, 0x00, 0x00, 0x0C, 0x00, 0x30, 0x00, 0x60, 0x01, 0x80, 0x03, 0x00,
    0x0C, 0x00, 0x30, 0x00, 0x60, 0x01, 0x80, 0x03, 0x00, 0x0C, 0x00, 0x30, 0x00, 0x60, 0x01, 0x80,
    0x03, 0x00, 0x0C, 0x00, 0x30, 0x00, 0x60, 0x01, 0x80, 0x03, 0x00, 0x00, 0x00, 0x3D, 0xFF, 0xD9,
    0xE0, 0x7B, 0x9C, 0xC0, 0x00, 0x7F, 0xFF, 0xF8, 0x3C, 0x1E, 0x0C, 0xFF, 0xFF, 0x00, 0x00, 0xFF,
    0xFF, 0xCD, 0x9B, 0x36, 0x6C, 0xC0, 0x03, 0xEF, 0x86, 0x18, 0x60, 0x04, 0x1F, 0xFF, 0xFB, 0x3C,
    0x08, 0x00, 0x00, 0x1C, 0x07, 0x81, 0xC0, 0xC7, 0x79, 0x9F, 0xE6, 0xFB, 0x9C, 0x1C, 0x07, 0x81,
    0xC0, 0x79, 0xFF, 0xEC, 0x71, 0xE7, 0xFF, 0xB1, 0xC0, 0x08, 0xC1, 0xC3, 0x1F, 0xFC, 0xFF, 0xE3,
    0x06, 0x0C, 0x60, 0x00, 0xC7, 0xBE, 0xBC, 0xC3, 0x00, 0x80, 0x3C, 0x0F, 0xE0, 0xFE, 0x0F, 0xC3,
    0xF7, 0xFB, 0xF0, 0xE0, 0x00, 0x00, 0x24, 0x44, 0x20, 0x3E, 0x3F, 0xBD, 0xFC, 0x7E, 0x38, 0xE0,
    0xF0, 0x38, 0x00, 0xD9, 0xF1, 0xC7, 0xCD, 0x80, 0x00, 0x00, 0x1D, 0xF7, 0x8F, 0x87, 0xC1, 0x00,
    0x01, 0x83, 0xE0, 0xF3, 0xDE, 0x20, 0x00, 0x00, 0x03, 0x01, 0x8F, 0x8F, 0x0F, 0xBC, 0x3E, 0xF3,
    0xE6, 0x6C, 0x19, 0x80, 0xCE, 0x73, 0x3E, 0xC0, 0x6F, 0xF6, 0x10, 0x21, 0xF1, 0xC2, 0x81, 0x00,
    0x3B, 0x9B, 0xB4, 0x45, 0xBB, 0x3B, 0x80, 0x30, 0xC1, 0xF3, 0xE1, 0x83, 0x00, 0x60, 0x00, 0x67,
    0x80, 0x1E, 0x3E, 0x07, 0xC1, 0xFF, 0xF8, 0x03, 0xFC, 0x00, 0x60, 0x00, 0xCE, 0x00, 0x38, 0xF8,
    0x3E, 0x0F, 0xFF, 0x80, 0x7F, 0xC0, 0x00, 0x01, 0xFF, 0xFF, 0xFF, 0xF8, 0x00, 0x01, 0xFF, 0xFF,
    0xFF, 0xF8, 0x00, 0x00, 0x00, 0x0F, 0xFF, 0x80, 0x77, 0xFF, 0xFF, 0xFD, 0xC0, 0x3F, 0xFC, 0x00,
    0x00, 0x00, 0x00, 0x00, 0x00, 0x00, 0xFF, 0x80, 0x7F, 0xFC, 0x1E, 0x03, 0xC7, 0x00, 0x1C, 0xC0,
    0x01, 0x80, 0x00, 0x00, 0xC0, 0x00, 0x03, 0xCF, 0xFF, 0xFF, 0xBF, 0xFF, 0xFE, 0x00, 0x00, 0x70,
    0x00, 0x03, 0x80, 0x79, 0xFB, 0x33, 0xEC, 0xD9, 0xBF, 0x00, 0x7B, 0xFC, 0xFF, 0xC3, 0xF7, 0x80,
    0xF3, 0xFF, 0xF0, 0x7D, 0xFB, 0x1E, 0x3C, 0x7F, 0xDF, 0x00, 0xCF, 0x3C, 0xF3, 0xCF, 0x37, 0xC0,
    0x7B, 0xFC, 0xF0, 0xCF, 0xF7, 0x80, 0x0C, 0x30, 0xDF, 0xFF, 0x3C, 0xF3, 0xCD, 0xF0, 0x00, 0xC3,
    0x0F, 0xBF, 0xCF, 0x3C, 0xF3, 0xCF, 0x30, 0xFB, 0xBF, 0xFC, 0xCF, 0x33, 0xCC, 0xF3, 0x3C, 0xCC,
    0xFF, 0xCC, 0xCC, 0xC0, 0x63, 0x3C, 0xC6, 0x31, 0x8E, 0x30, 0x66, 0x66, 0x36, 0x3C, 0x3C, 0x1C,
    0x18, 0xEC, 0xF8, 0xE1, 0xC7, 0x8D, 0xBB, 0x80, 0x1C, 0x01, 0xC0, 0x0E, 0x00, 0xE0, 0x00, 0x00,
    0x00, 0xFF, 0xFF, 0xFF, 0xFF, 0xFF, 0x00, 0xF0, 0x0F, 0x00, 0xF0, 0x0F, 0xFF, 0xFF, 0xFF, 0xFF,
    0xF0, 0x0F, 0x00, 0xF0, 0x0F, 0x00, 0xF0, 0x0F, 0xFF, 0xFF, 0xFF, 0xFF, 0x30, 0xC7, 0x9E, 0x79,
    0xE3, 0x0C, 0x00, 0x0F, 0xFF, 0xFF, 0xFF, 0xFF, 0xE0, 0x0E, 0x00, 0xE0, 0x0E, 0x00, 0xFF, 0xFF,
    0xFF, 0xFF, 0xFE, 0x00, 0xE0, 0x0E, 0x00, 0xE0, 0x0E, 0x00, 0xFF, 0xFF, 0xFF, 0xFF, 0xF0, 0xFF,
    0xFE, 0x1F, 0xFF, 0xC3, 0xFF, 0xF8, 0x01, 0xC0, 0x00, 0x38, 0x00, 0x07, 0x00, 0x00, 0xEF, 0xC0,
    0x1F, 0xFE, 0x03, 0xFF, 0xC0, 0x78, 0x7C, 0x0E, 0x07, 0x81, 0xC0, 0x70, 0x38, 0x0E, 0x07, 0x03,
    0xC0, 0xE0, 0xF8, 0x1C, 0xFE, 0x03, 0x9F, 0xC0, 0x73, 0xE0, 0x03, 0xE0, 0x3C, 0x07, 0x80, 0xF0,
    0x00, 0x0F, 0xFF, 0xFF, 0xFF, 0xFF, 0xE0, 0x0E, 0x00, 0xE0, 0x0E, 0x00, 0xE0, 0x0E, 0x00, 0xE0,
    0x0E, 0x00, 0xE0, 0x0E, 0x00, 0xE0, 0x0E, 0x00, 0xE0, 0x0E, 0x00, 0xE0, 0x00, 0x0F, 0xE0, 0x1F,
    0xF8, 0x3F, 0xFC, 0x7C, 0x3E, 0x78, 0x1E, 0xF0, 0x1E, 0xF0, 0x00, 0xFF, 0xC0, 0xFF, 0xC0, 0xFF,
    0xC0, 0xF0, 0x00, 0xF0, 0x00, 0xF8, 0x1E, 0x78, 0x1E, 0x7C, 0x3E, 0x3F, 0xFC, 0x1F, 0xF8, 0x0F,
    0xE0, 0x0F, 0xE0, 0x3F, 0xF0, 0xFF, 0xE3, 0xC1, 0xE7, 0x03, 0xCF, 0x00, 0x1F, 0x00, 0x3F, 0xE0,
    0x3F, 0xF0, 0x3F, 0xF0, 0x0F, 0xF0, 0x01, 0xE0, 0x01, 0xDE, 0x03, 0x9E, 0x0F, 0x3F, 0xFE, 0x3F,
    0xF8, 0x1F, 0xC0, 0xEE, 0xEE, 0xEE, 0xEE, 0xEE, 0xEE, 0xEE, 0xEE, 0xEE, 0x61, 0xBC, 0xFF, 0x3D,
    0x86, 0x00, 0x03, 0x80, 0xE0, 0x38, 0x0E, 0x03, 0x80, 0xE0, 0x38, 0x0E, 0x03, 0x80, 0xE0, 0x38,
    0x0E, 0x03, 0x80, 0xE0, 0x38, 0x0E, 0x03, 0x80, 0xE0, 0x00, 0xE0, 0x0E, 0x00, 0xE0, 0x0E, 0x00,
    0xE0, 0x0E, 0x00, 0xE0, 0x0E, 0x00, 0xE0, 0x0E, 0x00, 0xE0, 0x0E, 0xE0, 0xEF, 0x0E, 0xF1, 0xE7,
    0xFE, 0x7F, 0xC1, 0xF0, 0x1F, 0xFE, 0x00, 0x0F, 0xFF, 0x00, 0x07, 0xFF, 0x80, 0x03, 0x81, 0xC0,
    0x01, 0xC0, 0xE0, 0x00, 0xE0, 0x70, 0x00, 0x70, 0x3F, 0xE0, 0x38, 0x1F, 0xFC, 0x1C, 0x0F, 0xFF,
    0x0E, 0x07, 0x07, 0xC7, 0x03, 0x81, 0xE3, 0x81, 0xC0, 0xF1, 0xC0, 0xE0, 0x38, 0xE0, 0x70, 0x3C,
    0xF0, 0x38, 0x3F, 0xF0, 0x1F, 0xFE, 0xF8, 0x0F, 0xFE, 0x78, 0x07, 0xFE, 0x00, 0xE0, 0x1C, 0x00,
    0x70, 0x0E, 0x00, 0x38, 0x07, 0x00, 0x1C, 0x03, 0x80, 0x0E, 0x01, 0xC0, 0x07, 0x00, 0xE0, 0x03,
    0x80, 0x70, 0x01, 0xFF, 0xFF, 0xF0, 0xFF, 0xFF, 0xFE, 0x7F, 0xFF, 0xFF, 0xB8, 0x07, 0x03, 0xDC,
    0x03, 0x80, 0xEE, 0x01, 0xC0, 0x77, 0x00, 0xE0, 0x3B, 0x80, 0x70, 0x3D, 0xC0, 0x3F, 0xFE, 0xE0,
    0x1F, 0xFE, 0x70, 0x0F, 0xFC, 0x00, 0xFF, 0xFE, 0x1F, 0xFF, 0xC3, 0xFF, 0xF8, 0x01, 0xC0, 0x00,
    0x38, 0x00, 0x07, 0x00, 0x00, 0xEF, 0xC0, 0x1F, 0xFE, 0x03, 0xFF, 0xC0, 0x78, 0x7C, 0x0E, 0x07,
    0x81, 0xC0, 0xF0, 0x38, 0x0E, 0x07, 0x01, 0xC0, 0xE0, 0x38, 0x1C, 0x07, 0x03, 0x80, 0xE0, 0x70,
    0x1C, 0x00, 0xF0, 0x03, 0xC0, 0x0F, 0x00, 0x1C, 0x00, 0x00, 0x1C, 0x07, 0xB8, 0x1E, 0x70, 0x7C,
    0xE0, 0xF1, 0xC3, 0xC3, 0x8F, 0x07, 0x3C, 0x0F, 0xF0, 0x1F, 0xE0, 0x3F, 0xE0, 0x73, 0xC0, 0xE3,
    0xC1, 0xC7, 0xC3, 0x87, 0xC7, 0x07, 0x8E, 0x07, 0x9C, 0x0F, 0xB8, 0x0F, 0x80, 0x0E, 0x00, 0x07,
    0x00, 0x07, 0x00, 0x03, 0x80, 0x00, 0x00, 0x00, 0x00, 0xF0, 0x1F, 0xF0, 0x3F, 0xF0, 0x3F, 0xF0,
    0x7F, 0xF0, 0x7F, 0xF0, 0xFF, 0xF1, 0xEF, 0xF1, 0xEF, 0xF3, 0xCF, 0xF3, 0x8F, 0xF7, 0x8F, 0xF7,
    0x0F, 0xFF, 0x0F, 0xFE, 0x0F, 0xFC, 0x0F, 0xFC, 0x0F, 0xF8, 0x0F, 0xF8, 0x0F, 0x0E, 0x38, 0x07,
    0x9C, 0x01, 0xFE, 0x00, 0x7E, 0x00, 0x00, 0x00, 0x00, 0x03, 0xE0, 0x1E, 0xF0, 0x1E, 0x7C, 0x0F,
    0x1E, 0x0F, 0x07, 0x87, 0x83, 0xC3, 0xC0, 0xF3, 0xC0, 0x79, 0xE0, 0x1F, 0xE0, 0x0F, 0xF0, 0x03,
    0xF0, 0x01, 0xF8, 0x00, 0x7C, 0x00, 0x3C, 0x00, 0x1E, 0x00, 0x7E, 0x00, 0x3E, 0x00, 0x1E, 0x00,
    0xE0, 0x1D, 0xC0, 0x3B, 0x80, 0x77, 0x00, 0xEE, 0x01, 0xDC, 0x03, 0xB8, 0x07, 0x70, 0x0E, 0xE0,
    0x1D, 0xC0, 0x3B, 0x80, 0x77, 0x00, 0xEE, 0x01, 0xDC, 0x03, 0xB8, 0x07, 0x7F, 0xFE, 0xFF, 0xFD,
    0xFF, 0xF8, 0x0E, 0x00, 0x1C, 0x00, 0x38, 0x00, 0x70, 0x00, 0x03, 0xE0, 0x01, 0xF0, 0x00, 0xF8,
    0x00, 0xFE, 0x00, 0x7F, 0x00, 0x3F, 0xC0, 0x3D, 0xE0, 0x1E, 0xF0, 0x0E, 0x3C, 0x0F, 0x1E, 0x07,
    0x8F, 0x07, 0xFF, 0xC3, 0xFF, 0xE1, 0xFF, 0xF1, 0xE0, 0x3C, 0xF0, 0x1E, 0x78, 0x0F, 0xF8, 0x03,
    0xC0, 0xFF, 0xFB, 0xFF, 0xEF, 0xFF, 0xB8, 0x00, 0xE0, 0x03, 0x80, 0x0E, 0x00, 0x3F, 0xF8, 0xFF,
    0xF3, 0xFF, 0xEE, 0x07, 0xF8, 0x0F, 0xE0, 0x1F, 0x80, 0xFE, 0x07, 0xFF, 0xFE, 0xFF, 0xF3, 0xFF,
    0x80, 0xFF, 0xE3, 0xFF, 0xCF, 0xFF, 0xB8, 0x1E, 0xE0, 0x7B, 0x81, 0xEE, 0x07, 0xBF, 0xFC, 0xFF,
    0xF3, 0xFF, 0xEE, 0x07, 0xF8, 0x0F, 0xE0, 0x1F, 0x80, 0xFE, 0x03, 0xFF, 0xFE, 0xFF, 0xFB, 0xFF,
    0x80, 0xFF, 0xFF, 0xFF, 0xFF, 0xFE, 0x00, 0xE0, 0x0E, 0x00, 0xE0, 0x0E, 0x00, 0xE0, 0x0E, 0x00,
    0xE0, 0x0E, 0x00, 0xE0, 0x0E, 0x00, 0xE0, 0x0E, 0x00, 0xE0, 0x0E, 0x00, 0x0F, 0xFE, 0x03, 0xFF,
    0x80, 0xFF, 0xE0, 0x38, 0x38, 0x0E, 0x0E, 0x03, 0x83, 0x80, 0xE0, 0xE0, 0x38, 0x38, 0x0E, 0x0E,
    0x07, 0x83, 0x81, 0xE0, 0xE0, 0x78, 0x38, 0x1E, 0x0E, 0x07, 0x03, 0x83, 0xC0, 0xE3, 0xFF, 0xFE,
    0xFF, 0xFF, 0xBF, 0xFF, 0xEF, 0x00, 0x3B, 0xC0, 0x0E, 0xF0, 0x03, 0xBC, 0x00, 0xE0, 0x00, 0x00,
    0xFF, 0xFF, 0xFF, 0xFF, 0xFE, 0x00, 0xE0, 0x0E, 0x00, 0xE0, 0x0F, 0xFF, 0xFF, 0xFF, 0xFF, 0xE0,
    0x0E, 0x00, 0xE0, 0x0E, 0x00, 0xE0, 0x0F, 0xFF, 0xFF, 0xFF, 0xFF, 0x7C, 0x1C, 0x0F, 0x1E, 0x0E,
    0x0F, 0x07, 0x87, 0x07, 0x83, 0xE3, 0x87, 0x80, 0xF1, 0xC7, 0x80, 0x3C, 0xE3, 0x80, 0x1E, 0x73,
    0xC0, 0x07, 0xFF, 0xC0, 0x01, 0xFF, 0xE0, 0x01, 0xFF, 0xF0, 0x01, 0xF7, 0x3C, 0x00, 0xF3, 0x9F,
    0x00, 0xF1, 0xC7, 0x80, 0x78, 0xE1, 0xE0, 0x78, 0x70, 0xF0, 0x7C, 0x38, 0x3C, 0x3C, 0x1C, 0x1F,
    0x3C, 0x0E, 0x07, 0x80, 0x1F, 0xE0, 0x7F, 0xE1, 0xFF, 0xE7, 0xC3, 0xCF, 0x03, 0x80, 0x07, 0x00,
    0x1E, 0x03, 0xFC, 0x07, 0xF0, 0x0F, 0xF0, 0x00, 0xF0, 0x00, 0xEF, 0x01, 0xDE, 0x03, 0xBE, 0x0F,
    0x3F, 0xFE, 0x3F, 0xF8, 0x1F, 0xC0, 0xE0, 0x1F, 0xC0, 0x3F, 0x80, 0xFF, 0x03, 0xFE, 0x0F, 0xFC,
    0x1F, 0xF8, 0x7F, 0xF1, 0xF7, 0xE3, 0xCF, 0xCF, 0x1F, 0xBE, 0x3F, 0xF8, 0x7F, 0xE0, 0xFF, 0x81,
    0xFF, 0x03, 0xFC, 0x07, 0xF0, 0x0F, 0xE0, 0x1C, 0x1C, 0x70, 0x38, 0xE0, 0x7B, 0xC0, 0xFF, 0x80,
    0x7C, 0x00, 0x00, 0x38, 0x07, 0xF0, 0x0F, 0xE0, 0x3F, 0xC0, 0xFF, 0x83, 0xFF, 0x07, 0xFE, 0x1F,
    0xFC, 0x7D, 0xF8, 0xF3, 0xF3, 0xC7, 0xEF, 0x8F, 0xFE, 0x1F, 0xF8, 0x3F, 0xF0, 0x7F, 0xC0, 0xFF,
    0x01, 0xFC, 0x03, 0xF8, 0x07, 0xE0, 0x3D, 0xC0, 0xF3, 0x83, 0xE7, 0x07, 0x8E, 0x1E, 0x1C, 0x78,
    0x39, 0xE0, 0x7F, 0x80, 0xFF, 0x01, 0xFF, 0x03, 0x9E, 0x07, 0x1E, 0x0E, 0x3E, 0x1C, 0x3E, 0x38,
    0x3C, 0x70, 0x3C, 0xE0, 0x7D, 0xC0, 0x7C, 0x1F, 0xFE, 0x1F, 0xFE, 0x1F, 0xFE, 0x1C, 0x0E, 0x1C,
    0x0E, 0x1C, 0x0E, 0x1C, 0x0E, 0x1C, 0x0E, 0x1C, 0x0E, 0x1C, 0x0E, 0x1C, 0x0E, 0x1C, 0x0E, 0x1C,
    0x0E, 0x3C, 0x0E, 0x3C, 0x0E, 0xF8, 0x0E, 0xF8, 0x0E, 0xF0, 0x0E, 0xF0, 0x03, 0xFC, 0x00, 0xFF,
    0x80, 0x7F, 0xE0, 0x1F, 0xFC, 0x0F, 0xFF, 0x83, 0xFF, 0xE1, 0xFF, 0xFC, 0xFF, 0xEF, 0x3D, 0xF9,
    0xFE, 0x7E, 0x7F, 0x9F, 0x8F, 0xC7, 0xE1, 0xE1, 0xF8, 0x78, 0x7E, 0x0C, 0x1F, 0x80, 0x07, 0xE0,
    0x01, 0xF8, 0x00, 0x70, 0xE0, 0x0F, 0xC0, 0x1F, 0x80, 0x3F, 0x00, 0x7E, 0x00, 0xFC, 0x01, 0xF8,
    0x03, 0xFF, 0xFF, 0xFF, 0xFF, 0xFF, 0xFF, 0x80, 0x3F, 0x00, 0x7E, 0x00, 0xFC, 0x01, 0xF8, 0x03,
    0xF0, 0x07, 0xE0, 0x0F, 0xC0, 0x1C, 0x07, 0xF0, 0x0F, 0xFC, 0x0F, 0xFF, 0x0F, 0x87, 0xC7, 0x80,
    0xF7, 0x80, 0x7B, 0xC0, 0x1D, 0xE0, 0x0E, 0xE0, 0x07, 0x70, 0x03, 0xBC, 0x01, 0xDE, 0x00, 0xEF,
    0x00, 0xF3, 0xC0, 0x79, 0xF0, 0xF8, 0x7F, 0xF8, 0x1F, 0xF8, 0x03, 0xF8, 0x00, 0xFF, 0xFD, 0xFF,
    0xFB, 0xFF, 0xF7, 0x00, 0xEE, 0x01, 0xDC, 0x03, 0xB8, 0x07, 0x70, 0x0E, 0xE0, 0x1D, 0xC0, 0x3B,
    0x80, 0x77, 0x00, 0xEE, 0x01, 0xDC, 0x03, 0xB8, 0x07, 0x70, 0x0E, 0xE0, 0x1D, 0xC0, 0x38, 0xFF,
    0xC3, 0xFF, 0xCF, 0xFF, 0xB8, 0x1E, 0xE0, 0x3B, 0x80, 0xEE, 0x03, 0xB8, 0x0E, 0xE0, 0x7B, 0xFF,
    0xCF, 0xFE, 0x3F, 0xF0, 0xE0, 0x03, 0x80, 0x0E, 0x00, 0x38, 0x00, 0xE0, 0x03, 0x80, 0x00, 0x07,
    0xE0, 0x1F, 0xF8, 0x3F, 0xFC, 0x7C, 0x7E, 0x70, 0x3E, 0xF0, 0x1E, 0xF0, 0x00, 0xF0, 0x00, 0xE0,
    0x00, 0xE0, 0x00, 0xF0, 0x00, 0xF0, 0x00, 0xF0, 0x1E, 0x78, 0x3E, 0x7C, 0x7E, 0x3F, 0xFC, 0x1F,
    0xF8, 0x0F, 0xE0, 0xFF, 0xFF, 0xFF, 0xFF, 0xFF, 0xF8, 0x1C, 0x00, 0x38, 0x00, 0x70, 0x00, 0xE0,
    0x01, 0xC0, 0x03, 0x80, 0x07, 0x00, 0x0E, 0x00, 0x1C, 0x00, 0x38, 0x00, 0x70, 0x00, 0xE0, 0x01,
    0xC0, 0x03, 0x80, 0x07, 0x00, 0xF8, 0x07, 0xBC, 0x07, 0x9F, 0x03, 0xC7, 0x83, 0xC3, 0xE1, 0xE0,
    0xF0, 0xF0, 0x3C, 0xF0, 0x1E, 0x78, 0x07, 0xF8, 0x03, 0xFC, 0x00, 0xFC, 0x00, 0x7E, 0x00, 0x1F,
    0x00, 0x0F, 0x00, 0x0F, 0x80, 0x1F, 0x80, 0x0F, 0x80, 0x07, 0x80, 0x00, 0x00, 0x70, 0x00, 0x07,
    0x00, 0x07, 0xFE, 0x01, 0xFF, 0xF8, 0x3F, 0xFF, 0xC7, 0xC7, 0x3E, 0x70, 0x70, 0xFF, 0x07, 0x0F,
    0xF0, 0x70, 0xFE, 0x07, 0x07, 0xE0, 0x70, 0x7F, 0x07, 0x0F, 0xF0, 0x70, 0xF7, 0x07, 0x0E, 0x7C,
    0x73, 0xE3, 0xFF, 0xFC, 0x1F, 0xFF, 0x80, 0x7F, 0xE0, 0x00, 0x70, 0x00, 0x07, 0x00, 0x78, 0x0F,
    0x9E, 0x07, 0x8F, 0x87, 0x83, 0xC7, 0xC0, 0xF3, 0xC0, 0x7F, 0xC0, 0x1F, 0xE0, 0x07, 0xE0, 0x03,
    0xE0, 0x01, 0xF8, 0x01, 0xFC, 0x01, 0xFF, 0x00, 0xF7, 0xC0, 0xF1, 0xE0, 0x78, 0x78, 0x78, 0x3E,
    0x7C, 0x0F, 0x3C, 0x07, 0xC0, 0xE0, 0x1C, 0x70, 0x0E, 0x38, 0x07, 0x1C, 0x03, 0x8E, 0x01, 0xC7,
    0x00, 0xE3, 0x80, 0x71, 0xC0, 0x38, 0xE0, 0x1C, 0x70, 0x0E, 0x38, 0x07, 0x1C, 0x03, 0x8E, 0x01,
    0xC7, 0x00, 0xE3, 0x80, 0x71, 0xFF, 0xFE, 0xFF, 0xFF, 0x7F, 0xFF, 0x80, 0x01, 0xC0, 0x00, 0xE0,
    0x00, 0x70, 0x00, 0x38, 0x00, 0x00, 0xE0, 0x3B, 0x80, 0xEE, 0x03, 0xB8, 0x0E, 0xE0, 0x3B, 0x80,
    0xEF, 0x03, 0xBC, 0x0E, 0xF8, 0x79, 0xFF, 0xE7, 0xFF, 0x87, 0xEE, 0x00, 0x38, 0x00, 0xE0, 0x03,
    0x80, 0x0E, 0x00, 0x38, 0x00, 0xE0, 0xE0, 0x70, 0x7F, 0x03, 0x83, 0xF8, 0x1C, 0x1F, 0xC0, 0xE0,
    0xFE, 0x07, 0x07, 0xF0, 0x38, 0x3F, 0x81, 0xC1, 0xFC, 0x0E, 0x0F, 0xE0, 0x70, 0x7F, 0x03, 0x83,
    0xF8, 0x1C, 0x1F, 0xC0, 0xE0, 0xFE, 0x07, 0x07, 0xF0, 0x38, 0x3F, 0x81, 0xC1, 0xFF, 0xFF, 0xFF,
    0xFF, 0xFF, 0xFF, 0xFF, 0xFF, 0xC0, 0xE0, 0x70, 0x71, 0xC0, 0xE0, 0xE3, 0x81, 0xC1, 0xC7, 0x03,
    0x83, 0x8E, 0x07, 0x07, 0x1C, 0x0E, 0x0E, 0x38, 0x1C, 0x1C, 0x70, 0x38, 0x38, 0xE0, 0x70, 0x71,
    0xC0, 0xE0, 0xE3, 0x81, 0xC1, 0xC7, 0x03, 0x83, 0x8E, 0x07, 0x07, 0x1C, 0x0E, 0x0E, 0x38, 0x1C,
    0x1C, 0x7F, 0xFF, 0xFF, 0xFF, 0xFF, 0xFF, 0xFF, 0xFF, 0xFC, 0x00, 0x00, 0x38, 0x00, 0x00, 0x70,
    0x00, 0x00, 0xE0, 0x00, 0x01, 0xC0, 0x00, 0x00, 0x00, 0xFE, 0x00, 0x3F, 0x80, 0x0F, 0xE0, 0x00,
    0x38, 0x00, 0x0E, 0x00, 0x03, 0x80, 0x00, 0xFF, 0xC0, 0x3F, 0xFC, 0x0F, 0xFF, 0x03, 0x81, 0xE0,
    0xE0, 0x38, 0x38, 0x0E, 0x0E, 0x03, 0x83, 0x80, 0xE0, 0xE0, 0x78, 0x3F, 0xFC, 0x0F, 0xFF, 0x03,
    0xFF, 0x00, 0xE0, 0x01, 0xDC, 0x00, 0x3B, 0x80, 0x07, 0x70, 0x00, 0xEE, 0x00, 0x1D, 0xC0, 0x03,
    0xBF, 0xF0, 0x77, 0xFF, 0x0E, 0xFF, 0xF1, 0xDC, 0x1F, 0x3B, 0x81, 0xE7, 0x70, 0x1C, 0xEE, 0x03,
    0x9D, 0xC0, 0xF3, 0xB8, 0x3E, 0x77, 0xFF, 0x8E, 0xFF, 0xE1, 0xDF, 0xF8, 0x38, 0xE0, 0x03, 0x80,
    0x0E, 0x00, 0x38, 0x00, 0xE0, 0x03, 0x80, 0x0F, 0xFC, 0x3F, 0xFC, 0xFF, 0xF3, 0x81, 0xEE, 0x03,
    0xB8, 0x0E, 0xE0, 0x3B, 0x80, 0xEE, 0x07, 0xBF, 0xFC, 0xFF, 0xF3, 0xFF, 0x00, 0x07, 0xF0, 0x1F,
    0xF8, 0x3F, 0xFC, 0x7C, 0x3E, 0x78, 0x1E, 0x78, 0x0F, 0x00, 0x0F, 0x03, 0xFF, 0x03, 0xFF, 0x03,
    0xFF, 0x00, 0x0F, 0x00, 0x0F, 0x78, 0x1F, 0x78, 0x1E, 0x7C, 0x3E, 0x3F, 0xFC, 0x1F, 0xF8, 0x07,
    0xF0, 0xE0, 0x3F, 0x87, 0x07, 0xFE, 0x38, 0x7F, 0xF9, 0xC3, 0xE1, 0xEE, 0x3E, 0x07, 0x71, 0xE0,
    0x3F, 0x8F, 0x01, 0xFF, 0xF8, 0x0F, 0xFF, 0xC0, 0x3F, 0xFE, 0x01, 0xF8, 0xF0, 0x1F, 0xC7, 0x80,
    0xFE, 0x3C, 0x07, 0xF1, 0xF0, 0x3B, 0x87, 0xC3, 0xDC, 0x3F, 0xFC, 0xE0, 0xFF, 0xC7, 0x01, 0xFC,
    0x00, 0x0F, 0xFC, 0x3F, 0xF8, 0xFF, 0xF3, 0xC0, 0xE7, 0x81, 0xCE, 0x03, 0x9E, 0x07, 0x3C, 0x0E,
    0x3F, 0xFC, 0x7F, 0xF8, 0x3F, 0xF0, 0x78, 0xE1, 0xE1, 0xC3, 0xC3, 0x8F, 0x07, 0x1E, 0x0E, 0x78,
    0x1D, 0xE0, 0x38, 0x1F, 0x81, 0xFF, 0x1F, 0xFC, 0xE1, 0xE0, 0x07, 0x1F, 0xF9, 0xFF, 0xDF, 0xFE,
    0xF0, 0x77, 0x07, 0xBC, 0x7D, 0xFF, 0xE7, 0xFF, 0x1F, 0x38, 0x00, 0x10, 0x7F, 0x8F, 0xFC, 0xFF,
    0xE7, 0x80, 0x33, 0xE3, 0xFF, 0x9F, 0xFE, 0xF8, 0xFF, 0x83, 0xFC, 0x1F, 0xC0, 0x7E, 0x03, 0xF8,
    0x3F, 0xC1, 0xEF, 0x1E, 0x7F, 0xF1, 0xFF, 0x03, 0xE0, 0xFF, 0x8F, 0xFE, 0xFF, 0xEE, 0x0E, 0xE0,
    0xEE, 0x1E, 0xFF, 0xEF, 0xFC, 0xFF, 0xEE, 0x0F, 0xE0, 0xFF, 0xFF, 0xFF, 0xEF, 0xFC, 0xFF, 0xFF,
    0xFF, 0xFF, 0x80, 0xE0, 0x38, 0x0E, 0x03, 0x80, 0xE0, 0x38, 0x0E, 0x03, 0x80, 0xE0, 0x38, 0x00,
    0x1F, 0xF8, 0x1F, 0xF8, 0x1F, 0xF8, 0x1C, 0x38, 0x1C, 0x38, 0x1C, 0x38, 0x3C, 0x38, 0x3C, 0x38,
    0x3C, 0x38, 0x3C, 0x38, 0x3C, 0x38, 0xFF, 0xFE, 0xFF, 0xFE, 0xFF, 0xFE, 0xE0, 0x0E, 0xE0, 0x0E,
    0xE0, 0x0E, 0x00, 0x00, 0x0F, 0xC1, 0xFF, 0x1F, 0xFC, 0xE0, 0xFF, 0x07, 0xFF, 0xFF, 0xFF, 0xFF,
    0xFF, 0xE0, 0x07, 0x80, 0x1E, 0x1E, 0xFF, 0xE3, 0xFE, 0x07, 0xE0, 0x78, 0x70, 0x71, 0xC3, 0x87,
    0x0F, 0x1C, 0x78, 0x3C, 0xE3, 0x80, 0xE7, 0x3C, 0x07, 0xB9, 0xC0, 0x1F, 0xFC, 0x00, 0xFF, 0xE0,
    0x07, 0xFF, 0x80, 0x7B, 0x9E, 0x07, 0x9C, 0xF0, 0x78, 0xE3, 0xC3, 0xC7, 0x0F, 0x3C, 0x38, 0x78,
    0x1F, 0x87, 0xFE, 0xFF, 0xEF, 0x0E, 0x00, 0xE0, 0xFE, 0x0F, 0xC0, 0xFE, 0x00, 0xFE, 0x07, 0xF0,
    0xFF, 0xFF, 0x7F, 0xE1, 0xF8, 0xE0, 0x77, 0x07, 0xB8, 0x3D, 0xC3, 0xEE, 0x3F, 0x71, 0xFB, 0x9D,
    0xDD, 0xCE, 0xFE, 0x77, 0xE3, 0xBE, 0x1D, 0xF0, 0xEF, 0x07, 0x78, 0x38, 0x39, 0xC1, 0xDE, 0x0F,
    0xE0, 0x3E, 0x00, 0x00, 0x70, 0x3B, 0x83, 0xDC, 0x3E, 0xE1, 0xF7, 0x1F, 0xB9, 0xFD, 0xCE, 0xEE,
    0xE7, 0x7F, 0x3B, 0xF1, 0xDF, 0x0E, 0xF8, 0x77, 0x83, 0xB8, 0x1C, 0xE0, 0xF7, 0x07, 0x38, 0x79,
    0xC7, 0x8E, 0x78, 0x73, 0xC3, 0xFC, 0x1F, 0xE0, 0xFF, 0x07, 0x3C, 0x38, 0xF1, 0xC3, 0xCE, 0x1E,
    0x70, 0x78, 0x3F, 0xF1, 0xFF, 0x8F, 0xFC, 0x70, 0xE3, 0x87, 0x1C, 0x38, 0xE1, 0xC7, 0x0E, 0x38,
    0x71, 0xC3, 0x9E, 0x1D, 0xF0, 0xEF, 0x07, 0x70, 0x38, 0xF0, 0x1F, 0xF0, 0x7F, 0xE0, 0xFF, 0xE3,
    0xFF, 0xC7, 0xFF, 0xDF, 0xFB, 0xBB, 0xF3, 0xE7, 0xE7, 0xCF, 0xCF, 0x9F, 0x8E, 0x3F, 0x00, 0x7E,
    0x00, 0xFC, 0x01, 0xC0, 0xE0, 0x77, 0x03, 0xB8, 0x1D, 0xC0, 0xEE, 0x07, 0x70, 0x3B, 0xFF, 0xDF,
    0xFE, 0xFF, 0xF7, 0x03, 0xB8, 0x1D, 0xC0, 0xEE, 0x07, 0x70, 0x38, 0x0F, 0xC0, 0xFF, 0x87, 0xFF,
    0x1E, 0x3E, 0xF0, 0x7B, 0xC0, 0xEE, 0x03, 0xB8, 0x0E, 0xF0, 0x3B, 0xC1, 0xE7, 0x8F, 0x9F, 0xFC,
    0x3F, 0xE0, 0x3F, 0x00, 0xFF, 0xFF, 0xFF, 0xFF, 0xFE, 0x07, 0xE0, 0x7E, 0x07, 0xE0, 0x7E, 0x07,
    0xE0, 0x7E, 0x07, 0xE0, 0x7E, 0x07, 0xE0, 0x7E, 0x07, 0xE7, 0xC7, 0xFF, 0xBF, 0xFD, 0xF1, 0xFF,
    0x07, 0xF8, 0x3F, 0x80, 0xFC, 0x07, 0xF0, 0x7F, 0x83, 0xFE, 0x3F, 0xFF, 0xEF, 0xFE, 0x73, 0xE3,
    0x80, 0x1C, 0x00, 0xE0, 0x07, 0x00, 0x38, 0x00, 0x0F, 0xC1, 0xFF, 0x1F, 0xFC, 0xF1, 0xEF, 0x07,
    0x78, 0x03, 0x80, 0x1C, 0x00, 0xF0, 0x07, 0x83, 0x9E, 0x3C, 0xFF, 0xE3, 0xFE, 0x07, 0xC0, 0xFF,
    0xFF, 0xFF, 0xFF, 0xF0, 0xE0, 0x0E, 0x00, 0xE0, 0x0E, 0x00, 0xE0, 0x0E, 0x00, 0xE0, 0x0E, 0x00,
    0xE0, 0x0E, 0x00, 0xE0, 0xF0, 0x1C, 0xF0, 0x79, 0xE0, 0xE1, 0xC3, 0xC3, 0xC7, 0x87, 0x8E, 0x07,
    0xBC, 0x0F, 0x78, 0x0E, 0xE0, 0x1F, 0xC0, 0x3F, 0x00, 0x3E, 0x00, 0x7C, 0x00, 0x70, 0x01, 0xE0,
    0x03, 0x80, 0x1F, 0x00, 0x3C, 0x00, 0x70, 0x00, 0x01, 0xC0, 0x00, 0x70, 0x00, 0x1C, 0x00, 0x07,
    0x00, 0x0F, 0xFC, 0x0F, 0xFF, 0x87, 0xFF, 0xF3, 0xE7, 0x1E, 0xF1, 0xC7, 0xBC, 0x70, 0xEE, 0x1C,
    0x3B, 0x87, 0x0E, 0xF1, 0xC3, 0xBC, 0x71, 0xE7, 0x9C, 0xF9, 0xFF, 0xFC, 0x3F, 0xFE, 0x03, 0xFF,
    0x00, 0x1C, 0x00, 0x07, 0x00, 0x01, 0xC0, 0x00, 0x70, 0x00, 0x1C, 0x00, 0x78, 0x39, 0xE1, 0xE3,
    0xCF, 0x07, 0xB8, 0x1F, 0xE0, 0x3F, 0x00, 0x7C, 0x03, 0xF0, 0x0F, 0xE0, 0x7F, 0x83, 0xCF, 0x0F,
    0x1C, 0x78, 0x79, 0xC0, 0xF0, 0xE0, 0x73, 0x81, 0xCE, 0x07, 0x38, 0x1C, 0xE0, 0x73, 0x81, 0xCE,
    0x07, 0x38, 0x1C, 0xE0, 0x73, 0x81, 0xCE, 0x07, 0x3F, 0xFF, 0xFF, 0xFF, 0xFF, 0xF0, 0x01, 0xC0,
    0x07, 0x00, 0x1C, 0x00, 0x00, 0xE0, 0xEE, 0x0E, 0xE0, 0xEE, 0x0E, 0xE0, 0xEF, 0x0E, 0xF1, 0xEF,
    0xFE, 0x7F, 0xE3, 0xEE, 0x00, 0xE0, 0x0E, 0x00, 0xE0, 0x0E, 0xE1, 0xC3, 0xB8, 0x70, 0xEE, 0x1C,
    0x3B, 0x87, 0x0E, 0xE1, 0xC3, 0xB8, 0x70, 0xEE, 0x1C, 0x3B, 0x87, 0x0E, 0xE1, 0xC3, 0xB8, 0x70,
    0xEE, 0x1C, 0x3B, 0xFF, 0xFE, 0xFF, 0xFF, 0xBF, 0xFF, 0xE0, 0xE1, 0xC1, 0xCE, 0x1C, 0x1C, 0xE1,
    0xC1, 0xCE, 0x1C, 0x1C, 0xE1, 0xC1, 0xCE, 0x1C, 0x1C, 0xE1, 0xC1, 0xCE, 0x1C, 0x1C, 0xE1, 0xC1,
    0xCE, 0x1C, 0x1C, 0xE1, 0xC1, 0xCF, 0xFF, 0xFF, 0xFF, 0xFF, 0xFF, 0xFF, 0xFF, 0x00, 0x00, 0x70,
    0x00, 0x07, 0x00, 0x00, 0x70, 0x00, 0x00, 0xFC, 0x01, 0xF8, 0x03, 0xF0, 0x00, 0xE0, 0x01, 0xC0,
    0x03, 0xFE, 0x07, 0xFF, 0x0F, 0xFE, 0x1C, 0x3C, 0x38, 0x38, 0x70, 0xF0, 0xFF, 0xE1, 0xFF, 0x83,
    0xFE, 0x00, 0xE0, 0x0E, 0xE0, 0x0E, 0xE0, 0x0E, 0xE0, 0x0E, 0xE0, 0x0E, 0xFF, 0x8E, 0xFF, 0xCE,
    0xFF, 0xEE, 0xE1, 0xEE, 0xE0, 0xEE, 0xE1, 0xEE, 0xFF, 0xEE, 0xFF, 0xCE, 0xFF, 0x8E, 0xE0, 0x0E,
    0x00, 0xE0, 0x0E, 0x00, 0xE0, 0x0F, 0xF8, 0xFF, 0xCF, 0xFE, 0xE1, 0xEE, 0x0E, 0xE0, 0xEF, 0xFE,
    0xFF, 0xCF, 0xF8, 0x1F, 0x81, 0xFF, 0x1F, 0xFC, 0xF1, 0xF7, 0x07, 0x83, 0xFC, 0x1F, 0xE0, 0xFF,
    0x00, 0x7B, 0x83, 0xDE, 0x3C, 0xFF, 0xE3, 0xFE, 0x07, 0xE0, 0xE0, 0xFC, 0x71, 0xFF, 0x39, 0xFF,
    0xDC, 0xF1, 0xFE, 0xF0, 0x7F, 0xF8, 0x3F, 0xFC, 0x0F, 0xFE, 0x07, 0xEF, 0x07, 0xF3, 0x83, 0xF9,
    0xE3, 0xDC, 0xFF, 0xEE, 0x3F, 0xE7, 0x07, 0xC0, 0x1F, 0xF9, 0xFF, 0xDF, 0xFE, 0xF0, 0x77, 0x03,
    0xBC, 0x1D, 0xFF, 0xE7, 0xFF, 0x1F, 0xF8, 0xF1, 0xC7, 0x0E, 0x78, 0x77, 0x83, 0xBC, 0x1C, 0x1C,
    0x00, 0x70, 0x03, 0x80, 0x0E, 0x00, 0x00, 0x00, 0x00, 0x3E, 0x07, 0xFC, 0x7F, 0xF3, 0xC7, 0xBC,
    0x1F, 0xFF, 0xFF, 0xFF, 0xFF, 0xFF, 0xC0, 0x1E, 0x00, 0x78, 0xFB, 0xFF, 0x8F, 0xF8, 0x1F, 0x80,
    0x38, 0xE1, 0xC7, 0x0E, 0x38, 0x71, 0xC0, 0x00, 0x07, 0xE0, 0xFF, 0x8F, 0xFE, 0x70, 0x7F, 0x83,
    0xFF, 0xFF, 0xFF, 0xFF, 0xFF, 0xF0, 0x03, 0xC0, 0x0F, 0x0F, 0x7F, 0xF1, 0xFF, 0x03, 0xF0, 0x38,
    0x00, 0x70, 0x00, 0xE0, 0x01, 0xC0, 0x0F, 0xFE, 0x1F, 0xFC, 0x3F, 0xF8, 0x1C, 0x00, 0x39, 0xF0,
    0x7F, 0xF0, 0xFF, 0xF1, 0xF1, 0xE3, 0xC1, 0xC7, 0x83, 0x8E, 0x07, 0x1C, 0x0E, 0x38, 0x1C, 0x70,
    0x38, 0x00, 0x70, 0x00, 0xE0, 0x0F, 0xC0, 0x1F, 0x80, 0x3E, 0x00, 0x03, 0xC1, 0xE0, 0xF0, 0x38,
    0x00, 0x3F, 0xFF, 0xFF, 0xFF, 0xE0, 0x38, 0x0E, 0x03, 0x80, 0xE0, 0x38, 0x0E, 0x03, 0x80, 0xE0,
    0x38, 0x0E, 0x00, 0x0F, 0xC1, 0xFF, 0x1F, 0xFC, 0xF1, 0xEF, 0x07, 0x7F, 0x83, 0xFC, 0x1F, 0xE0,
    0xF0, 0x07, 0x83, 0x9E, 0x3C, 0xFF, 0xE3, 0xFE, 0x07, 0xC0, 0x1F, 0x81, 0xFF, 0x1F, 0xF8, 0xF1,
    0xE7, 0x80, 0x3E, 0x00, 0xFF, 0x03, 0xFE, 0x00, 0xF0, 0x03, 0x9E, 0x3C, 0xFF, 0xE3, 0xFE, 0x0F,
    0xE0, 0x6F, 0xF6, 0x07, 0x77, 0x77, 0x77, 0x77, 0x77, 0x77, 0x70, 0xE3, 0xF1, 0xF8, 0xFC, 0x70,
    0x00, 0xE0, 0x70, 0x38, 0x1C, 0x0E, 0x07, 0x03, 0x81, 0xC0, 0xE0, 0x70, 0x38, 0x1C, 0x0E, 0x07,
    0x00, 0x18, 0xF3, 0xC6, 0x00, 0x01, 0xC7, 0x1C, 0x71, 0xC7, 0x1C, 0x71, 0xC7, 0x1C, 0x71, 0xC7,
    0x3C, 0xFF, 0xFE, 0xF0, 0x3F, 0xF0, 0x03, 0xFF, 0x00, 0x3F, 0xF0, 0x03, 0x87, 0x00, 0x38, 0x7F,
    0xC3, 0x87, 0xFE, 0x38, 0x7F, 0xF3, 0x87, 0x0F, 0x38, 0x70, 0xF3, 0x87, 0x07, 0x78, 0x70, 0xFF,
    0x87, 0xFF, 0xF0, 0x7F, 0xEE, 0x07, 0xFC, 0xE0, 0x70, 0x0E, 0x07, 0x00, 0xE0, 0x70, 0x0E, 0x07,
    0x00, 0xE0, 0x70, 0x0F, 0xFF, 0xFC, 0xFF, 0xFF, 0xEF, 0xFF, 0xFF, 0xE0, 0x70, 0xFE, 0x07, 0x07,
    0xE0, 0x70, 0xFE, 0x07, 0xFF, 0xE0, 0x7F, 0xEE, 0x07, 0xFC, 0x38, 0x00, 0x70, 0x00, 0xE0, 0x01,
    0xC0, 0x0F, 0xFE, 0x1F, 0xFC, 0x3F, 0xF8, 0x1C, 0x00, 0x39, 0xF0, 0x7F, 0xF0, 0xFF, 0xF1, 0xF1,
    0xE3, 0xC1, 0xC7, 0x83, 0x8E, 0x07, 0x1C, 0x0E, 0x38, 0x1C, 0x70, 0x38, 0x01, 0xE0, 0x1E, 0x00,
    0xE0, 0x0E, 0x00, 0x00, 0x70, 0x7B, 0x83, 0x9C, 0x3C, 0xE3, 0xC7, 0x3C, 0x39, 0xE1, 0xFE, 0x0F,
    0xF0, 0x7F, 0x83, 0x9E, 0x1C, 0x78, 0xE1, 0xE7, 0x0F, 0x38, 0x3C, 0x1C, 0x00, 0xF0, 0x03, 0x80,
    0x0E, 0x00, 0x00, 0x00, 0x03, 0xC1, 0xFE, 0x1F, 0xF0, 0xFF, 0x8F, 0xFC, 0xFF, 0xE7, 0xFF, 0x77,
    0xFF, 0xBF, 0xF9, 0xFF, 0x8F, 0xFC, 0x7F, 0xC3, 0xFC, 0x1F, 0xE0, 0xF0, 0x1C, 0x70, 0x3D, 0xE0,
    0x7F, 0xC0, 0x7F, 0x00, 0x00, 0x00, 0x00, 0x3C, 0x07, 0xBC, 0x1E, 0x78, 0x3C, 0x70, 0x70, 0xF1,
    0xE0, 0xE3, 0xC1, 0xE7, 0x03, 0xDE, 0x03, 0xB8, 0x07, 0xF0, 0x07, 0xE0, 0x0F, 0x80, 0x0F, 0x00,
    0x1C, 0x00, 0x38, 0x00, 0xF0, 0x07, 0xC0, 0x0F, 0x00, 0x1C, 0x00, 0xE0, 0x7E, 0x07, 0xE0, 0x7E,
    0x07, 0xE0, 0x7E, 0x07, 0xE0, 0x7E, 0x07, 0xE0, 0x7E, 0x07, 0xE0, 0x7F, 0xFF, 0xFF, 0xFF, 0xFF,
    0x0E, 0x00, 0xE0, 0x0E, 0x00, 0xF0, 0x78, 0x3F, 0xC1, 0xE0, 0xFF, 0x07, 0x83, 0xFC, 0x1E, 0x0F,
    0xF0, 0x78, 0x3F, 0xC1, 0xE0, 0xFF, 0x07, 0x83, 0xFC, 0x1E, 0x0F, 0xF0, 0x78, 0x3F, 0xC1, 0xE0,
    0xFF, 0x07, 0x83, 0xFC, 0x1E, 0x0F, 0xF0, 0x78, 0x3F, 0xC1, 0xE0, 0xFF, 0x8F, 0xC7, 0x9F, 0xFF,
    0xFE, 0x3F, 0xFF, 0xF0, 0x7E, 0x3F, 0x00, 0xF1, 0xE1, 0xFE, 0x3C, 0x3F, 0xC7, 0x87, 0xF8, 0xF0,
    0xFF, 0x1E, 0x1F, 0xE3, 0xC3, 0xFC, 0x78, 0x7F, 0x8F, 0x0F, 0xF1, 0xE1, 0xFE, 0x3C, 0x3F, 0xC7,
    0xCF, 0xBF, 0xFF, 0xE7, 0xFB, 0xFC, 0x3E, 0x3E, 0x00, 0x1E, 0x00, 0x0F, 0x00, 0x3F, 0xF8, 0x1F,
    0xFC, 0x07, 0xFE, 0x00, 0xF0, 0x00, 0x7F, 0xE0, 0x3F, 0xFC, 0x1F, 0xFF, 0x0F, 0x07, 0xC7, 0x81,
    0xE3, 0xC0, 0xF1, 0xE0, 0x78, 0xF0, 0x3C, 0x78, 0x3E, 0x3F, 0xFE, 0x1F, 0xFE, 0x0F, 0xFC, 0x00,
    0x1E, 0x00, 0x3C, 0x00, 0x78, 0x00, 0xF0, 0x0F, 0xFE, 0x1F, 0xFC, 0x3F, 0xF8, 0x0F, 0x00, 0x1F,
    0xF0, 0x3F, 0xF8, 0x7F, 0xF0, 0xF1, 0xF1, 0xE1, 0xE3, 0xC3, 0xC7, 0x87, 0x8F, 0xFE, 0x1F, 0xFC,
    0x3F, 0xE0, 0xF0, 0x1F, 0xC1, 0xE0, 0x7F, 0xE3, 0xC3, 0xFF, 0xE7, 0x87, 0xC3, 0xEF, 0x1E, 0x03,
    0xDE, 0x3C, 0x07, 0xBC, 0xF0, 0x00, 0x7F, 0xFF, 0x80, 0xFF, 0xFF, 0x01, 0xFF, 0xFE, 0x03, 0xCF,
    0x00, 0x07, 0x9E, 0x00, 0x0F, 0x1E, 0x03, 0xDE, 0x3C, 0x07, 0xBC, 0x3E, 0x3E, 0x78, 0x7F, 0xFC,
    0xF0, 0x3F, 0xF1, 0xE0, 0x3F, 0x80, 0xF0, 0x7E, 0x3C, 0x7F, 0xEF, 0x1F, 0xFB, 0xCF, 0x8F, 0xF3,
    0xC3, 0xFD, 0xF0, 0x0F, 0xFF, 0x83, 0xFF, 0xE0, 0xF7, 0x80, 0x3C, 0xF0, 0xFF, 0x3E, 0x7F, 0xC7,
    0xFE, 0xF1, 0xFF, 0x3C, 0x1F, 0x80, 0x01, 0xF0, 0x00, 0x7F, 0x00, 0x0F, 0xE0, 0x01, 0xFC, 0x00,
    0x7B, 0xC0, 0x0F, 0x78, 0x01, 0xEF, 0x00, 0x78, 0xF0, 0x0F, 0x1E, 0x03, 0xE3, 0xC0, 0x7F, 0xFC,
    0x0F, 0xFF, 0x83, 0xEE, 0xF8, 0x79, 0xCF, 0x0F, 0x39, 0xE3, 0xE7, 0x3E, 0x78, 0xE3, 0xCF, 0x1C,
    0x78, 0x03, 0xC0, 0x0F, 0x80, 0x1F, 0x00, 0x7F, 0x00, 0xFE, 0x01, 0xDC, 0x07, 0x9C, 0x0F, 0x78,
    0x1F, 0xF8, 0x7F, 0xF0, 0xF6, 0xE3, 0xCD, 0xE7, 0x9B, 0xCE, 0x37, 0x80, 0xF0, 0x1F, 0x01, 0xE0,
    0x7F, 0x03, 0xC0, 0xFE, 0x07, 0x81, 0xFC, 0x0F, 0x07, 0xBC, 0x1E, 0x0F, 0x78, 0x3C, 0x1E, 0xF0,
    0x78, 0x78, 0xF0, 0xF0, 0xF1, 0xE1, 0xE1, 0xE3, 0xC3, 0xFF, 0xFF, 0xC7, 0xFF, 0xFF, 0x8F, 0x3E,
    0xEF, 0x9E, 0x7D, 0xCF, 0x3C, 0xF3, 0x9E, 0x79, 0xE7, 0x3E, 0xF7, 0xCE, 0x3D, 0xEF, 0x1C, 0x78,
    0xF0, 0x3C, 0x1E, 0x0F, 0x83, 0xC1, 0xF0, 0x78, 0x3F, 0x0F, 0x0F, 0xE1, 0xE1, 0xDE, 0x3C, 0x79,
    0xC7, 0xFF, 0x78, 0xFF, 0xFF, 0x9E, 0x7F, 0xF3, 0xCF, 0x6E, 0x79, 0xCD, 0xEF, 0x79, 0xBD, 0xEF,
    0x33, 0x80, 0x7F, 0xFF, 0x87, 0xFF, 0xF0, 0x7F, 0xFC, 0x0F, 0x07, 0x80, 0xE1, 0xE0, 0x1E, 0x38,
    0x01, 0xCF, 0x00, 0x3F, 0xC0, 0x1F, 0xFF, 0x07, 0xFF, 0xF1, 0xFF, 0xFF, 0x7C, 0xF1, 0xFF, 0x1E,
    0x1F, 0xE3, 0xC3, 0xFC, 0x78, 0x7F, 0x8F, 0x0F, 0xF1, 0xE1, 0xFE, 0x3C, 0x3C, 0x7F, 0xFE, 0x3F,
    0xFC, 0x1F, 0xFC, 0x1E, 0x78, 0x0E, 0x78, 0x0F, 0xF0, 0x1F, 0xF8, 0x7F, 0xFE, 0x7F, 0xFE, 0xFB,
    0xDF, 0xF3, 0xCF, 0xF3, 0xCF, 0xF3, 0xCF, 0xF3, 0xCF, 0xF0, 0x7F, 0xFF, 0x9E, 0x0F, 0xFF, 0xF3,
    0xC0, 0xFF, 0xFC, 0x78, 0x0E, 0x0F, 0x0F, 0x01, 0xE1, 0xE1, 0xE0, 0x1C, 0x78, 0x3C, 0x03, 0xCE,
    0x07, 0x80, 0x3F, 0xC0, 0xFF, 0xFF, 0xFF, 0x1F, 0xFF, 0xFF, 0xF3, 0xFF, 0xFF, 0xFF, 0x78, 0x78,
    0xF1, 0xEF, 0x1E, 0x1E, 0x1F, 0xE3, 0xC3, 0xC3, 0xFC, 0x78, 0x78, 0x7F, 0x8F, 0x0F, 0x0F, 0xF1,
    0xE1, 0xE1, 0xFE, 0x3C, 0x3C, 0x3C, 0xF0, 0xFF, 0xFD, 0xE1, 0xFF, 0xF3, 0xC1, 0xFF, 0xE7, 0x81,
    0xE7, 0x8F, 0x03, 0xCE, 0x1E, 0x03, 0xFC, 0x3F, 0xFF, 0xFC, 0x7F, 0xFF, 0xFC, 0xFF, 0xFF, 0xFD,
    0xE3, 0xCF, 0x7F, 0xCF, 0x1E, 0x7F, 0x9E, 0x3C, 0xFF, 0x3C, 0x79, 0xFE, 0x78, 0xF3, 0xC0, 0x3C,
    0xE1, 0xFC, 0x07, 0x80, 0x30, 0x00, 0x00, 0x00, 0x7F, 0x07, 0xFC, 0x3F, 0xE0, 0x1E, 0x01, 0xE0,
    0x1E, 0x03, 0xE1, 0xFC, 0x1F, 0x81, 0xFC, 0x01, 0xE0, 0x0F, 0x00, 0xF0, 0x0F, 0x01, 0xF3, 0xFE,
    0x7F, 0xCF, 0xF8, 0xF0, 0x0F, 0x00, 0xF8, 0x07, 0x80, 0x38, 0x00, 0x00, 0x71, 0xC7, 0x78, 0x7E,
    0x07, 0x80, 0x00, 0x00, 0x1F, 0xE3, 0xFE, 0x7F, 0xE0, 0x3C, 0x07, 0x8F, 0xE3, 0xF8, 0x3F, 0x80,
    0xF8, 0x0F, 0x01, 0xE7, 0xFD, 0xFF, 0x7F, 0xCF, 0x01, 0xE0, 0x3F, 0x03, 0xE0, 0x3C, 0x00, 0xF0,
    0xF1, 0xFE, 0x1E, 0x3F, 0xC3, 0xC7, 0xF8, 0x78, 0xFF, 0x0F, 0x1F, 0xE1, 0xE3, 0xFC, 0x3C, 0x7F,
    0x87, 0x8F, 0xF0, 0xF1, 0xEF, 0x9E, 0xF8, 0xFF, 0xFE, 0x0F, 0xFF, 0x80, 0x7F, 0xC0, 0x01, 0xE0,
    0x00, 0x3C, 0x00, 0x07, 0x80, 0x00, 0xF0, 0x00, 0x1E, 0x00, 0x01, 0xC0, 0x00, 0x78, 0x00, 0x1E,
    0x00, 0x07, 0x80, 0xF1, 0xE3, 0xFC, 0x78, 0xFF, 0x1E, 0x3F, 0xC7, 0x8F, 0xF1, 0xE3, 0xFC, 0x78,
    0xFF, 0x1E, 0x3F, 0xC7, 0x8F, 0xF1, 0xE3, 0xFC, 0x79, 0xE7, 0x9E, 0x79, 0xFF, 0xFE, 0x3F, 0xFF,
    0x03, 0xFF, 0x00, 0x1E, 0x00, 0x07, 0x80, 0x01, 0xE0, 0x00, 0x78, 0x00, 0x1E, 0x00, 0x07, 0xF0,
    0x0F, 0xFE, 0x0F, 0xFF, 0x8F, 0x83, 0xE7, 0x80, 0xF7, 0xC0, 0x7F, 0xC0, 0x1F, 0xFF, 0xFF, 0xFF,
    0xFF, 0xFF, 0xFF, 0xFC, 0x01, 0xFE, 0x00, 0xFF, 0x80, 0xFB, 0xC0, 0x79, 0xF0, 0x7C, 0x7F, 0xFC,
    0x1F, 0xFC, 0x03, 0xF8, 0x00, 0x0F, 0x81, 0xFF, 0x1F, 0xFC, 0xF1, 0xEF, 0x07, 0xFF, 0x3F, 0xFF,
    0xFE, 0x7F, 0xF0, 0x7F, 0x83, 0xDE, 0x3C, 0xFF, 0xE3, 0xFE, 0x07, 0xC0, 0xF8, 0x01, 0xDE, 0x01,
    0xF7, 0x80, 0x7D, 0xF0, 0x3E, 0x3C, 0x0F, 0x0F, 0x03, 0xC3, 0xE1, 0xE0, 0x78, 0x78, 0x1E, 0x1E,
    0x07, 0xCF, 0x00, 0xF3, 0xC0, 0x3C, 0xF0, 0x07, 0xF8, 0x01, 0xFE, 0x00, 0x7F, 0x80, 0x0F, 0xC0,
    0x03, 0xF0, 0x00, 0xFC, 0x00, 0xF0, 0x1E, 0xF0, 0x7D, 0xE1, 0xFB, 0xC3, 0xC3, 0xC7, 0x87, 0x8E,
    0x0F, 0x3C, 0x0E, 0x78, 0x1E, 0xE0, 0x3F, 0xC0, 0x3F, 0x80, 0x7E, 0x00, 0xFC, 0x00, 0xF0, 0x00,
    0x1E, 0xF0, 0x03, 0x9C, 0x00, 0x77, 0x00, 0x1C, 0xE0, 0x00, 0x00, 0x00, 0x00, 0x0F, 0x80, 0x1D,
    0xE0, 0x1F, 0x78, 0x07, 0xDF, 0x03, 0xE3, 0xC0, 0xF0, 0xF0, 0x3C, 0x3E, 0x1E, 0x07, 0x87, 0x81,
    0xE1, 0xE0, 0x7C, 0xF0, 0x0F, 0x3C, 0x03, 0xCF, 0x00, 0x7F, 0x80, 0x1F, 0xE0, 0x07, 0xF8, 0x00,
    0xFC, 0x00, 0x3F, 0x00, 0x0F, 0xC0, 0x7B, 0xC0, 0x73, 0x80, 0x77, 0x00, 0xE7, 0x00, 0x00, 0x00,
    0x00, 0x3C, 0x07, 0xBC, 0x1F, 0x78, 0x7E, 0xF0, 0xF0, 0xF1, 0xE1, 0xE3, 0x83, 0xCF, 0x03, 0x9E,
    0x07, 0xB8, 0x0F, 0xF0, 0x0F, 0xE0, 0x1F, 0x80, 0x3F, 0x00, 0x3C, 0x00, 0x07, 0xF0, 0x00, 0x00,
    0x0F, 0xFE, 0x00, 0x00, 0x0F, 0xFF, 0x80, 0x00, 0x0F, 0x83, 0xE0, 0x00, 0x07, 0x80, 0xF1, 0xE0,
    0x7F, 0xC0, 0x7C, 0xF0, 0x7B, 0xC0, 0x1E, 0x78, 0x3D, 0xE0, 0x0F, 0x1E, 0x1E, 0xF0, 0x07, 0x8F,
    0x1E, 0x78, 0x03, 0xC7, 0x8F, 0x3C, 0x01, 0xE1, 0xE7, 0x1E, 0x00, 0xF0, 0xF7, 0x8F, 0x80, 0xF8,
    0x3B, 0xC3, 0xC0, 0x78, 0x1D, 0xC1, 0xF0, 0x7C, 0x0F, 0xE0, 0x7F, 0xFC, 0x03, 0xF0, 0x1F, 0xFC,
    0x01, 0xF0, 0x03, 0xF8, 0x00, 0xF8, 0x00, 0x00, 0x00, 0x78, 0x00, 0x00, 0x00, 0x3C, 0x00, 0x00,
    0x00, 0xFE, 0x00, 0x00, 0x00, 0x7E, 0x00, 0x00, 0x00, 0x3E, 0x00, 0x0F, 0x83, 0xC0, 0xF1, 0xFF,
    0x1E, 0x07, 0x9F, 0xFC, 0x78, 0x78, 0xF1, 0xE3, 0xC3, 0xCF, 0x07, 0x9E, 0x1E, 0x78, 0x3C, 0x79,
    0xE3, 0xC1, 0xE3, 0xCF, 0x1E, 0x0F, 0x0E, 0x70, 0xF0, 0x78, 0x7F, 0x87, 0x83, 0xC3, 0xFC, 0x1E,
    0x3C, 0x0F, 0xC0, 0xFF, 0xE0, 0x7E, 0x03, 0xFE, 0x03, 0xF0, 0x07, 0xC0, 0x0F, 0x00, 0x00, 0x00,
    0x78, 0x00, 0x00, 0x07, 0x80, 0x00, 0x00, 0xFC, 0x00, 0x00, 0x0F, 0xC0, 0x00, 0x00, 0x7C, 0x00,
    0x07, 0xF0, 0x1F, 0xFC, 0x3F, 0xFE, 0x7C, 0x3E, 0x78, 0x1F, 0xF0, 0x0E, 0xF0, 0x00, 0xF0, 0x00,
    0xF0, 0x00, 0xF0, 0x00, 0xF0, 0x0F, 0x78, 0x1F, 0x7C, 0x3F, 0x3F, 0xFF, 0x1F, 0xEF, 0x0F, 0xCF,
    0x00, 0x0F, 0x00, 0x0F, 0x0F, 0xC1, 0xFF, 0x1F, 0xFC, 0xF1, 0xEF, 0x07, 0xF8, 0x03, 0xC0, 0x1E,
    0x00, 0xF0, 0x07, 0x80, 0x1E, 0x00, 0xFF, 0x03, 0xF8, 0x07, 0xC0, 0x1E, 0x00, 0xF0, 0x07, 0x80,
    0x3C, 0x00, 0x00, 0x18, 0x00, 0x70, 0x00, 0xC0, 0x73, 0x80, 0x7E, 0x00, 0x3C, 0x00, 0x7C, 0x00,
    0xDE, 0x03, 0x8C, 0xE6, 0x01, 0xFC, 0x00, 0xF0, 0x00, 0xF8, 0x03, 0xB8, 0x06, 0x30, 0x1C, 0x00,
    0x30, 0x00, 0x01, 0x80, 0xFF, 0xFC, 0x0C, 0x00, 0x0F, 0xBF, 0xFF, 0x0C, 0xDB, 0xB0, 0x66, 0x6C,
    0x00, 0x7E, 0x1F, 0xFF, 0x0F, 0x80, 0x00, 0x1C, 0x00, 0x00, 0x36, 0x00, 0x00, 0x22, 0x00, 0x00,
    0x00, 0x00, 0x1C, 0x00, 0x38, 0x36, 0x00, 0x6C, 0x00, 0x00, 0x00, 0x00, 0x00, 0x00, 0x00, 0x00,
    0x00, 0x00, 0x00, 0x00, 0x70, 0x00, 0x0E, 0xD8, 0x00, 0x1B, 0x00, 0x00, 0x00, 0x00, 0x00, 0x00,
    0x00, 0x00, 0x00, 0x00, 0x00, 0x00, 0x1C, 0x00, 0x38, 0x36, 0x00, 0x6C, 0x22, 0x00, 0x44, 0x00,
    0x00, 0x00, 0x00, 0x1C, 0x00, 0x00, 0x36, 0x00, 0x00, 0x22, 0x00, 0x00, 0x18, 0x00, 0x00, 0x30,
    0x00, 0x00, 0x40, 0x00, 0xC1, 0x80, 0x00, 0xC0, 0x03, 0x01, 0x80, 0x1C, 0x01, 0x00, 0x10, 0x00,
    0x00, 0x00, 0x00, 0x00, 0x00, 0x00, 0x00, 0x03, 0x00, 0x00, 0x47, 0x80, 0x00, 0xF1, 0x00, 0x00,
    0x60, 0x00, 0x00, 0x00, 0x00, 0x00, 0x00, 0x00, 0x00, 0x00, 0x00, 0x40, 0x0C, 0x00, 0xC0, 0x78,
    0x01, 0x81, 0x80, 0xC1, 0x80, 0x01, 0x03, 0x00, 0x06, 0x00, 0x00, 0x0C, 0x00, 0x00, 0x18, 0x30,
    0x07, 0x1C, 0x00, 0xFE, 0x00, 0x1F, 0x00, 0x00, 0x00, 0x00, 0x00, 0x0F, 0x01, 0xF3, 0xC0, 0x7C,
    0xF0, 0x3F, 0x3C, 0x1F, 0xCF, 0x07, 0xF3, 0xC3, 0xFC, 0xF1, 0xEF, 0x3C, 0x7B, 0xCF, 0x3C, 0xF3,
    0xDF, 0x3C, 0xF7, 0x8F, 0x3F, 0xC3, 0xCF, 0xF0, 0xF3, 0xF8, 0x3C, 0xFC, 0x0F, 0x3F, 0x03, 0xEF,
    0x80, 0xFB, 0xE0, 0x3E, 0x00, 0x07, 0x00, 0x01, 0xC0, 0x00, 0xF0, 0x00, 0x3C, 0x30, 0xC0, 0x39,
    0xC0, 0x1F, 0xC0, 0x0F, 0x00, 0x00, 0x00, 0x00, 0x00, 0xF0, 0x78, 0xF0, 0xF8, 0xF0, 0xF8, 0xF1,
    0xF8, 0xF3, 0xF8, 0xF3, 0xF8, 0xF7, 0x78, 0xFF, 0x78, 0xFE, 0x78, 0xFC, 0x78, 0xFC, 0x78, 0xF8,
    0x7E, 0xF0, 0x7E, 0xF0, 0x7C, 0x00, 0x3C, 0x00, 0x3C, 0x00, 0x38, 0x00, 0x78, 0x1E, 0x00, 0x0F,
    0x00, 0x3F, 0xF8, 0x1F, 0xFC, 0x07, 0xFE, 0x00, 0xF0, 0x00, 0x7F, 0xE0, 0x3F, 0xFC, 0x1F, 0xFF,
    0x0F, 0x07, 0xC7, 0x81, 0xE3, 0xC0, 0xF1, 0xE0, 0x78, 0xF0, 0x3C, 0x78, 0x3E, 0x3F, 0xFE, 0x1F,
    0xFE, 0x0F, 0xFC, 0x00, 0x1E, 0x00, 0x3C, 0x00, 0x78, 0x07, 0xFF, 0x0F, 0xFE, 0x1F, 0xFC, 0x07,
    0x80, 0x0F, 0xF8, 0x1F, 0xFC, 0x3F, 0xF8, 0x78, 0xF8, 0xF0, 0xF1, 0xE1, 0xE3, 0xC3, 0xC7, 0xFF,
    0x0F, 0xFE, 0x1F, 0xF0, 0xFF, 0xC3, 0xFF, 0xCF, 0xFF, 0xBC, 0x1E, 0xF0, 0x3F, 0xC0, 0xFF, 0x13,
    0xFC, 0xEF, 0xF1, 0xFB, 0xFF, 0xEF, 0xFF, 0x3F, 0xF8, 0xF0, 0x33, 0xC0, 0x8F, 0x00, 0x3C, 0x00,
    0xF0, 0x03, 0xC0, 0x00, 0xF7, 0xC7, 0xFF, 0x3F, 0xFD, 0xF1, 0xFF, 0x07, 0xF8, 0x3F, 0xC1, 0xFE,
    0x0F, 0xF0, 0x7F, 0x9F, 0xFE, 0x7D, 0xFF, 0xEF, 0xFE, 0x7B, 0xFB, 0xC0, 0xDE, 0x00, 0xF0, 0x07,
    0x80, 0x3C, 0x00, 0x00, 0xE0, 0x0E, 0x00, 0xE0, 0x0E, 0xFF, 0xEF, 0xFE, 0xFF, 0xEE, 0x00, 0xE0,
    0x0E, 0x00, 0xE0, 0x0E, 0x00, 0xE0, 0x0E, 0x00, 0xE0, 0x0E, 0x00, 0xE0, 0x0E, 0x00, 0xE0, 0x0E,
    0x00, 0xE0, 0x0E, 0x00, 0x01, 0xC0, 0x70, 0x1F, 0xFF, 0xFF, 0xFF, 0xFE, 0x03, 0x80, 0xE0, 0x38,
    0x0E, 0x03, 0x80, 0xE0, 0x38, 0x0E, 0x03, 0x80, 0xE0, 0x00, 0x3F, 0xFC, 0xFF, 0xF3, 0xFF, 0xCE,
    0x00, 0x38, 0x00, 0xE0, 0x03, 0x80, 0x3F, 0xF0, 0xFF, 0xC3, 0xFF, 0x03, 0x80, 0x0E, 0x00, 0x38,
    0x00, 0xE0, 0x03, 0x80, 0x0E, 0x00, 0x38, 0x00, 0xE0, 0x00, 0x3F, 0xF3, 0xFF, 0x3F, 0xF3, 0x80,
    0x38, 0x03, 0x80, 0xFF, 0x8F, 0xF8, 0xFF, 0x83, 0x80, 0x38, 0x03, 0x80, 0x38, 0x03, 0x80, 0xFF,
    0xF7, 0xFF, 0xBF, 0xFD, 0xC0, 0x0E, 0x00, 0x70, 0x03, 0xFF, 0x1F, 0xFE, 0xFF, 0xF7, 0x83, 0xF8,
    0x1F, 0xC0, 0x7E, 0x03, 0xF0, 0x1F, 0x80, 0xFC, 0x07, 0xE0, 0x3F, 0x01, 0xC0, 0x1E, 0x00, 0xF0,
    0x3F, 0x01, 0xF8, 0x0F, 0x00, 0xFF, 0xCF, 0xFC, 0xFF, 0xCE, 0x00, 0xE0, 0x0F, 0xF8, 0xFF, 0xEF,
    0xFE, 0xF1, 0xEE, 0x0E, 0xE0, 0xEE, 0x0E, 0xE0, 0xEE, 0x0E, 0x00, 0xE0, 0x0E, 0x07, 0xE0, 0x7E,
    0x07, 0xC0, 0x7C, 0x1C, 0x0F, 0x8F, 0x07, 0x03, 0xC1, 0xE1, 0xC1, 0xE0, 0x7C, 0x70, 0xF0, 0x0F,
    0x1C, 0x7C, 0x01, 0xE7, 0x1E, 0x00, 0x79, 0xCF, 0x00, 0x0F, 0xFF, 0xC0, 0x01, 0xFF, 0xE0, 0x00,
    0xFF, 0xFC, 0x00, 0x7D, 0xCF, 0x00, 0x1E, 0x71, 0xE0, 0x0F, 0x1C, 0x7C, 0x03, 0xC7, 0x0F, 0x01,
    0xE1, 0xC3, 0xE0, 0xF8, 0x70, 0x7E, 0x3C, 0x1C, 0x0F, 0x9E, 0x07, 0x03, 0xE0, 0x00, 0x00, 0x38,
    0x00, 0x00, 0x0E, 0x00, 0x00, 0x03, 0x80, 0x00, 0x00, 0xE0, 0x78, 0x70, 0xF1, 0xE3, 0x87, 0x0F,
    0x1C, 0x78, 0x3C, 0xE3, 0x80, 0xE7, 0x38, 0x07, 0xBB, 0xC0, 0x1F, 0xFC, 0x00, 0xFF, 0xE0, 0x07,
    0xFF, 0x80, 0x7B, 0x9C, 0x07, 0x9C, 0xF0, 0x78, 0xE3, 0xF3, 0xC7, 0x1F, 0xBC, 0x38, 0x7C, 0x00,
    0x00, 0xE0, 0x00, 0x07, 0x00, 0x00, 0x38, 0x1F, 0xE0, 0x7F, 0xF1, 0xFF, 0xF7, 0xC1, 0xEF, 0x83,
    0xC0, 0x07, 0x80, 0x0F, 0x03, 0xFC, 0x07, 0xF0, 0x0F, 0xF8, 0x00, 0xF0, 0x00, 0xEF, 0x01, 0xDF,
    0x03, 0xBF, 0x1F, 0x3F, 0xFE, 0x3F, 0xF8, 0x1F, 0xC0, 0x0E, 0x00, 0x1C, 0x00, 0x38, 0x00, 0x1F,
    0xC1, 0xFF, 0x1F, 0xFC, 0xE1, 0xE0, 0x0F, 0x03, 0xF0, 0x1F, 0x80, 0xFE, 0x00, 0xF3, 0x83, 0x9C,
    0x3C, 0xFF, 0xE3, 0xFE, 0x0F, 0xE0, 0x1C, 0x00, 0xE0, 0x07, 0x00, 0xE0, 0x3E, 0xE0, 0x3C, 0xE0,
    0x78, 0xE0, 0xF0, 0xE1, 0xE0, 0xE3, 0xC0, 0xE7, 0xC0, 0xFF, 0x80, 0xFF, 0x00, 0xFF, 0x80, 0xE7,
    0xC0, 0xE3, 0xC0, 0xE1, 0xE0, 0xE1, 0xF0, 0xE0, 0xF8, 0xE0, 0x7F, 0xE0, 0x3F, 0xE0, 0x3F, 0x00,
    0x07, 0x00, 0x07, 0x00, 0x07, 0x00, 0x07, 0xE0, 0xF7, 0x0F, 0x38, 0x79, 0xC7, 0x8E, 0x78, 0x73,
    0x83, 0xFC, 0x1F, 0xE0, 0xFF, 0x07, 0x3C, 0x38, 0xF1, 0xC7, 0xFE, 0x1F, 0xF0, 0x7C, 0x00, 0xE0,
    0x07, 0x00, 0x38, 0xE0, 0x0F, 0x70, 0x0F, 0x38, 0x07, 0x9C, 0x07, 0x8E, 0x73, 0xC7, 0x3B, 0xC3,
    0x9D, 0xE1, 0xFF, 0xE0, 0xFF, 0xF0, 0x7F, 0xF8, 0x39, 0xDE, 0x1C, 0xEF, 0x8E, 0x73, 0xC7, 0x01,
    0xF3, 0x80, 0x79, 0xC0, 0x3E, 0xE0, 0x0F, 0x70, 0x07, 0xC0, 0xE0, 0x3D, 0xC0, 0x7B, 0x81, 0xE7,
    0x03, 0xCE, 0xEF, 0x1D, 0xDE, 0x3F, 0xF8, 0x7F, 0xF0, 0xFF, 0xE1, 0xDD, 0xE3, 0xB9, 0xE7, 0x03,
    0xCE, 0x03, 0xDC, 0x07, 0xC0, 0xFE, 0x03, 0xDF, 0xC0, 0xF3, 0xF8, 0x3E, 0x07, 0x07, 0x80, 0xE1,
    0xE0, 0x1C, 0x78, 0x03, 0x9E, 0x00, 0x7F, 0x80, 0x0F, 0xF0, 0x01, 0xFF, 0x00, 0x39, 0xE0, 0x07,
    0x1E, 0x00, 0xE3, 0xE0, 0x1C, 0x3E, 0x03, 0x83, 0xC0, 0x70, 0x3C, 0x0E, 0x07, 0xC1, 0xC0, 0x7C,
    0xFC, 0x1E, 0xFC, 0x1C, 0xFC, 0x3C, 0x1C, 0x78, 0x1C, 0x70, 0x1C, 0xF0, 0x1F, 0xE0, 0x1F, 0xE0,
    0x1F, 0xE0, 0x1C, 0xF0, 0x1C, 0x78, 0x1C, 0x3C, 0x1C, 0x3E, 0x1C, 0x1E, 0xE0, 0x0E, 0x70, 0x07,
    0x38, 0x03, 0x9C, 0x01, 0xCE, 0x00, 0xE7, 0x00, 0x73, 0x80, 0x39, 0xFF, 0xFC, 0xFF, 0xFE, 0x7F,
    0xFF, 0x38, 0x03, 0x9C, 0x01, 0xCE, 0x00, 0xE7, 0x00, 0x73, 0x80, 0x39, 0xC0, 0x1F, 0xE0, 0x0F,
    0xF0, 0x07, 0xC0, 0x00, 0xE0, 0x00, 0x70, 0x00, 0x38, 0x00, 0x1C, 0xE0, 0x73, 0x81, 0xCE, 0x07,
    0x38, 0x1C, 0xE0, 0x73, 0x81, 0xCF, 0xFF, 0x3F, 0xFC, 0xFF, 0xF3, 0x81, 0xCE, 0x07, 0x38, 0x1F,
    0xE0, 0x7F, 0x81, 0xF0, 0x01, 0xC0, 0x07, 0x00, 0x1C, 0xE0, 0x0F, 0xFF, 0xC0, 0x1F, 0xFF, 0x80,
    0x3F, 0xFF, 0x00, 0x70, 0x0E, 0x00, 0xE0, 0x1C, 0x01, 0xC0, 0x38, 0x03, 0x80, 0x7F, 0xFF, 0x00,
    0xFF, 0xFE, 0x01, 0xFF, 0xFC, 0x03, 0x80, 0x38, 0x07, 0x00, 0x70, 0x0E, 0x00, 0xE0, 0x1C, 0x01,
    0xC0, 0x38, 0x03, 0x80, 0x70, 0x07, 0x00, 0xE0, 0x0E, 0x01, 0xC0, 0x1C, 0x00, 0xE0, 0x7F, 0xFC,
    0x0F, 0xFF, 0x81, 0xFF, 0xF0, 0x38, 0x0E, 0x07, 0x01, 0xC0, 0xE0, 0x3F, 0xFC, 0x07, 0xFF, 0x80,
    0xFF, 0xF0, 0x1C, 0x0E, 0x03, 0x81, 0xC0, 0x70, 0x38, 0x0E, 0x07, 0x01, 0xC0, 0xE0, 0x00, 0xFF,
    0xFF, 0x00, 0x3F, 0xFF, 0xC0, 0x0F, 0xFF, 0xF0, 0x03, 0xC0, 0x3C, 0x00, 0xF0, 0x0F, 0x00, 0x3C,
    0x03, 0xC0, 0x0F, 0x00, 0xF0, 0x03, 0xC0, 0x3D, 0xF0, 0xF0, 0x0F, 0xFF, 0x3C, 0x03, 0xFF, 0xEF,
    0x00, 0xF8, 0x7B, 0xC0, 0x3C, 0x0F, 0xF0, 0x0F, 0x03, 0xFC, 0x03, 0xC0, 0xFF, 0x00, 0xF0, 0x3F,
    0xC0, 0x3C, 0x1E, 0xF0, 0x0F, 0x7F, 0xBC, 0x03, 0xDF, 0xC0, 0x00, 0x07, 0xC0, 0xFF, 0xF0, 0x07,
    0xFF, 0x80, 0x3F, 0xFC, 0x01, 0xE1, 0xE0, 0x0F, 0x0F, 0x00, 0x78, 0x78, 0x03, 0xC3, 0xFE, 0x1E,
    0x1F, 0xFC, 0xF0, 0xFF, 0xF7, 0x87, 0x87, 0xFC, 0x3C, 0x1F, 0xE1, 0xE0, 0xFF, 0x0F, 0x07, 0xF8,
    0x78, 0x3C, 0x00, 0x07, 0xC0, 0x00, 0x3C, 0x00, 0x01, 0xC0, 0x00, 0x00, 0x00, 0x07, 0x80, 0x00,
    0x0F, 0xC3, 0xF0, 0x0F, 0xE7, 0xFC, 0x0F, 0x87, 0xFF, 0x07, 0x83, 0xC7, 0xC7, 0xC3, 0xC1, 0xE3,
    0xC1, 0xE0, 0x79, 0xE0, 0xF0, 0x3C, 0xF0, 0x78, 0x1E, 0x78, 0x3C, 0x0F, 0x3C, 0x1E, 0x0F, 0x1E,
    0x07, 0x87, 0x8F, 0x83, 0xE7, 0x83, 0xC0, 0xFF, 0xC0, 0xF8, 0x7F, 0xC0, 0x7F, 0xFF, 0xFE, 0x0F,
    0xFF, 0xFF, 0x01, 0xFE, 0x7F, 0x80, 0x0E, 0x00, 0x03, 0xE0, 0x00, 0x7E, 0x3E, 0x07, 0x8F, 0xF0,
    0xF0, 0xFF, 0x8F, 0x1E, 0x7C, 0xF1, 0xE3, 0xCF, 0x1E, 0x3C, 0xF1, 0xE3, 0xCF, 0x9F, 0x78, 0x7C,
    0xFF, 0x07, 0xFF, 0xFE, 0x3F, 0xFF, 0xE0, 0xFF, 0xFE, 0x07, 0xE0, 0x1F, 0xF8, 0x3F, 0xFC, 0x7C,
    0x7E, 0x70, 0x3E, 0xF0, 0x1E, 0xF0, 0x00, 0xF0, 0x00, 0xE0, 0x00, 0xE0, 0x00, 0xF0, 0x00, 0xF0,
    0x00, 0xF0, 0x1E, 0x78, 0x3E, 0x7C, 0x7E, 0x3F, 0xFC, 0x1F, 0xF8, 0x0F, 0xE0, 0x03, 0x80, 0x03,
    0x80, 0x03, 0x80, 0x0F, 0xC1, 0xFF, 0x1F, 0xFC, 0xF1, 0xEF, 0x07, 0xF8, 0x03, 0x80, 0x1C, 0x00,
    0xF0, 0x07, 0x83, 0xDE, 0x3C, 0xFF, 0xE3, 0xFE, 0x0F, 0xC0, 0x1C, 0x00, 0xE0, 0x07, 0x00, 0xFF,
    0xFF, 0xFF, 0xFF, 0xFF, 0xF8, 0x3C, 0x00, 0x78, 0x00, 0xF0, 0x01, 0xE0, 0x03, 0xC0, 0x07, 0x80,
    0x0F, 0x00, 0x1E, 0x00, 0x3C, 0x00, 0x78, 0x00, 0xF0, 0x01, 0xE0, 0x03, 0xF0, 0x07, 0xE0, 0x0F,
    0xC0, 0x07, 0x80, 0x0F, 0x00, 0x1E, 0x00, 0x3C, 0x00, 0xFF, 0xFF, 0xFF, 0xFF, 0xF0, 0xF0, 0x0F,
    0x00, 0xF0, 0x0F, 0x00, 0xF0, 0x0F, 0x00, 0xF0, 0x0F, 0x00, 0xFC, 0x0F, 0xC0, 0xFC, 0x03, 0xC0,
    0x3C, 0x03, 0xC0, 0x3C, 0x78, 0x0F, 0x3E, 0x07, 0x8F, 0x07, 0x87, 0xC3, 0xC1, 0xE3, 0xC0, 0x79,
    0xE0, 0x3D, 0xE0, 0x0F, 0xE0, 0x07, 0xF0, 0x01, 0xF0, 0x00, 0x78, 0x00, 0x38, 0x00, 0x1C, 0x00,
    0x0E, 0x00, 0x07, 0x00, 0x03, 0x80, 0x01, 0xC0, 0x00, 0xE0, 0x00, 0xF0, 0x1C, 0xF0, 0x79, 0xE0,
    0xF1, 0xC1, 0xC3, 0xC7, 0x87, 0x8E, 0x07, 0x9C, 0x0F, 0x78, 0x0E, 0xE0, 0x1F, 0xC0, 0x1F, 0x80,
    0x3E, 0x00, 0x7C, 0x00, 0x78, 0x00, 0xE0, 0x01, 0xC0, 0x03, 0x80, 0x07, 0x00, 0x0E, 0x00, 0x1C,
    0x00, 0x7C, 0x0F, 0x9E, 0x07, 0x8F, 0x87, 0x83, 0xE3, 0xC0, 0xF3, 0xC0, 0x7D, 0xE0, 0x1F, 0xE0,
    0x07, 0xF0, 0x03, 0xF0, 0x00, 0xF0, 0x03, 0xFF, 0x01, 0xFF, 0x80, 0xFF, 0xC0, 0x07, 0x00, 0x03,
    0x80, 0x01, 0xC0, 0x00, 0xE0, 0x00, 0x70, 0x00, 0xF0, 0x39, 0xC0, 0xE7, 0x87, 0x9E, 0x1C, 0x3C,
    0x70, 0xF1, 0xC1, 0xCE, 0x07, 0xB8, 0x1E, 0xE0, 0x3F, 0x00, 0xFC, 0x0F, 0xFC, 0x3F, 0xF0, 0xFF,
    0xC0, 0x38, 0x00, 0xE0, 0x03, 0x80, 0x0E, 0x00, 0x38, 0x00, 0xE0, 0x78, 0x0F, 0x1F, 0x07, 0xC3,
    0xC1, 0xE0, 0x78, 0xF0, 0x1F, 0x7C, 0x03, 0xFE, 0x00, 0x7F, 0x00, 0x1F, 0xC0, 0x03, 0xE0, 0x00,
    0xFC, 0x00, 0x7F, 0x00, 0x3F, 0xE0, 0x0F, 0x78, 0x07, 0x8F, 0x03, 0xE3, 0xE0, 0xF0, 0x7E, 0x78,
    0x0F, 0x9E, 0x03, 0xE0, 0x00, 0x38, 0x00, 0x0E, 0x00, 0x03, 0x80, 0x00, 0xE0, 0x78, 0x3C, 0x3C,
    0x3C, 0x1E, 0x78, 0x1E, 0xF0, 0x0F, 0xF0, 0x07, 0xE0, 0x07, 0xC0, 0x07, 0xE0, 0x0F, 0xE0, 0x0E,
    0xF0, 0x1E, 0x78, 0x3C, 0x7E, 0x3C, 0x3E, 0x78, 0x3E, 0x00, 0x0E, 0x00, 0x0E, 0x00, 0x0E, 0xFF,
    0xFE, 0x79, 0xFF, 0xFC, 0xF3, 0xFF, 0xF9, 0xE0, 0x1E, 0x03, 0xC0, 0x3C, 0x07, 0x80, 0x78, 0x0F,
    0x00, 0xF0, 0x1E, 0x01, 0xE0, 0x3C, 0x03, 0xC0, 0x78, 0x07, 0x80, 0xF0, 0x0F, 0x01, 0xE0, 0x1E,
    0x03, 0xC0, 0x3C, 0x07, 0x80, 0x78, 0x0F, 0x00, 0xF0, 0x1E, 0x01, 0xFF, 0xFF, 0x03, 0xFF, 0xFE,
    0x07, 0xFF, 0xFC, 0x00, 0x00, 0x78, 0x00, 0x00, 0xF0, 0x00, 0x01, 0xE0, 0x00, 0x03, 0xC0, 0xFF,
    0x9E, 0x7F, 0xCF, 0x3F, 0xE7, 0x83, 0xC3, 0xC1, 0xE1, 0xE0, 0xF0, 0xF0, 0x78, 0x78, 0x3C, 0x3C,
    0x1E, 0x1E, 0x0F, 0x0F, 0x07, 0x87, 0x83, 0xFF, 0xF1, 0xFF, 0xF8, 0xFF, 0xFC, 0x00, 0x1E, 0x00,
    0x0F, 0x00, 0x07, 0x80, 0x03, 0xC0, 0xE0, 0x38, 0xE0, 0x38, 0xE0, 0x38, 0xE0, 0x38, 0xE0, 0x38,
    0xE0, 0x38, 0xE0, 0x38, 0xF0, 0x38, 0xF8, 0x78, 0x7F, 0xF8, 0x7F, 0xF8, 0x1F, 0xB8, 0x00, 0x38,
    0x00, 0x38, 0x00, 0x38, 0x00, 0x3F, 0x00, 0x3F, 0x00, 0x3F, 0x00, 0x07, 0x00, 0x07, 0x00, 0x07,
    0x00, 0x07, 0xE0, 0xE7, 0x07, 0x38, 0x39, 0xC1, 0xCE, 0x0E, 0x78, 0x73, 0xC3, 0x9F, 0xFC, 0x7F,
    0xE1, 0xF7, 0x00, 0x38, 0x01, 0xF0, 0x0F, 0x80, 0x7C, 0x00, 0xE0, 0x07, 0x00, 0x38, 0xE0, 0x1D,
    0xC0, 0x3B, 0x80, 0x77, 0x00, 0xEE, 0x39, 0xDE, 0x73, 0xBC, 0xEF, 0x7F, 0xFE, 0x7F, 0xFC, 0x7F,
    0xF8, 0x1E, 0x70, 0x1C, 0xE0, 0x39, 0xC0, 0x03, 0x80, 0x07, 0x00, 0x0E, 0x00, 0x1C, 0x00, 0x38,
    0xE0, 0x77, 0x03, 0xB8, 0x1D, 0xC0, 0xEE, 0x77, 0x7B, 0xBB, 0xFF, 0xCF, 0xFE, 0x7F, 0xF0, 0xFB,
    0x81, 0xDC, 0x0E, 0xE0, 0x07, 0x00, 0x38, 0xE0, 0x03, 0x80, 0x0E, 0x00, 0x38, 0x00, 0xE0, 0x03,
    0x80, 0x0F, 0xFE, 0x3F, 0xFC, 0xFF, 0xFB, 0xC1, 0xEE, 0x03, 0xB8, 0x0E, 0xE0, 0x3B, 0x80, 0xEE,
    0x03, 0xB8, 0x0E, 0xE0, 0x3B, 0x80, 0xE0, 0xE0, 0x07, 0x00, 0x38, 0x01, 0xC0, 0x0E, 0x7C, 0x7F,
    0xF3, 0xFF, 0xDF, 0x1E, 0xF0, 0x77, 0x03, 0xB8, 0x1D, 0xC0, 0xEE, 0x07, 0x70, 0x3B, 0x81, 0xDC,
    0x0E, 0xE0, 0x77, 0x03, 0x80, 0x00, 0x7F, 0x00, 0x07, 0xFE, 0x00, 0xFF, 0xF8, 0x07, 0xC3, 0xE0,
    0x78, 0x0F, 0x7B, 0xC0, 0x3F, 0xFC, 0x01, 0xFF, 0xFF, 0xFF, 0x7F, 0xFF, 0xF9, 0xFF, 0xFF, 0xC3,
    0xC0, 0x00, 0x1E, 0x00, 0x00, 0x78, 0x0F, 0x83, 0xC0, 0x78, 0x0F, 0x87, 0xC0, 0x3F, 0xFC, 0x00,
    0xFF, 0xC0, 0x03, 0xF8, 0x00, 0x00, 0xFC, 0x00, 0x7F, 0xC0, 0x3F, 0xFB, 0x9E, 0x1E, 0xE7, 0x03,
    0xBF, 0xE1, 0xF7, 0xFF, 0xFC, 0xFF, 0xFF, 0x0F, 0x00, 0x01, 0xE0, 0x00, 0x78, 0x78, 0x0F, 0xFE,
    0x03, 0xFF, 0x00, 0x3F, 0x00, 0x00, 0x7F, 0x00, 0x07, 0xFE, 0x00, 0xFF, 0xF8, 0x07, 0xC3, 0xE0,
    0x78, 0x0F, 0x7B, 0xC0, 0x3F, 0xFC, 0x01, 0xFF, 0xFF, 0xFF, 0x7F, 0xFF, 0xF9, 0xFF, 0xFF, 0xC3,
    0xC0, 0x00, 0x1F, 0x00, 0x00, 0x78, 0x0F, 0x83, 0xE0, 0x78, 0x0F, 0xDF, 0xC0, 0x3F, 0xFC, 0x00,
    0xFF, 0xC0, 0x03, 0xF8, 0x00, 0x07, 0x80, 0x00, 0x3C, 0x00, 0x01, 0xE0, 0x00, 0x0E, 0x00, 0x00,
    0xFC, 0x00, 0x7F, 0xC0, 0x3F, 0xFB, 0x9E, 0x1E, 0xE7, 0x03, 0xBF, 0xE1, 0xF7, 0xFF, 0xFC, 0xFF,
    0xFF, 0x0F, 0x00, 0x01, 0xE0, 0x00, 0x78, 0x78, 0x0F, 0xFE, 0x03, 0xFF, 0x00, 0x3F, 0x00, 0x03,
    0x00, 0x00, 0xF0, 0x00, 0x0C, 0x00, 0x0F, 0x00, 0x07, 0x80, 0xEE, 0xEE, 0xEE, 0xEE, 0xEE, 0xEE,
    0xEE, 0xEE, 0xEE, 0x00, 0x61, 0x80, 0x00, 0x1C, 0xE0, 0x00, 0x03, 0xF0, 0x00, 0x00, 0x78, 0x00,
    0x00, 0x00, 0x00, 0x00, 0x00, 0x00, 0x07, 0xC1, 0xE0, 0xF8, 0xF0, 0x78, 0x3C, 0x3E, 0x1E, 0x1F,
    0x07, 0x87, 0x87, 0x80, 0xF1, 0xE3, 0xC0, 0x3E, 0x78, 0xF0, 0x07, 0x9E, 0x78, 0x00, 0xFF, 0xFC,
    0x00, 0x3F, 0xFF, 0x80, 0x1F, 0xFF, 0xE0, 0x07, 0x9E, 0x7C, 0x03, 0xC7, 0x8F, 0x01, 0xF1, 0xE3,
    0xE0, 0x78, 0x78, 0x78, 0x3E, 0x1E, 0x1F, 0x0F, 0x07, 0x83, 0xC7, 0xC1, 0xE0, 0xF9, 0xE0, 0x78,
    0x1F, 0x01, 0x86, 0x00, 0x07, 0x38, 0x00, 0x0F, 0xE0, 0x00, 0x1E, 0x00, 0x00, 0x00, 0x00, 0x00,
    0x00, 0x07, 0xC7, 0x87, 0x8F, 0x1E, 0x3C, 0x1E, 0x79, 0xF0, 0x79, 0xE7, 0x80, 0xF7, 0xBC, 0x01,
    0xFE, 0xF0, 0x07, 0xFF, 0x80, 0x1F, 0xFE, 0x00, 0x7F, 0xF8, 0x03, 0xFE, 0xF0, 0x1F, 0x7B, 0xE0,
    0x79, 0xE7, 0xC3, 0xC7, 0x8F, 0x1F, 0x1E, 0x3E, 0xE0, 0x3D, 0xC0, 0xF3, 0x83, 0xE7, 0x07, 0x8E,
    0x1E, 0x1C, 0x7C, 0x38, 0xF0, 0x7F, 0xF0, 0xFF, 0xF1, 0xFF, 0xF3, 0x81, 0xE7, 0x01, 0xCE, 0x03,
    0x9C, 0x07, 0x38, 0x0E, 0x70, 0x1C, 0xE0, 0x39, 0xC0, 0x70, 0x00, 0xE0, 0x03, 0xC0, 0x1F, 0x80,
    0x7E, 0x00, 0xF8, 0x00, 0xE0, 0xF7, 0x0F, 0x38, 0x71, 0xC7, 0x8E, 0x38, 0x7F, 0xC3, 0xFF, 0x1F,
    0xFC, 0xE1, 0xE7, 0x07, 0x38, 0x39, 0xC1, 0xCE, 0x0E, 0x70, 0x70, 0x03, 0x80, 0x1C, 0x03, 0xE0,
    0x1F, 0x00, 0xF0, 0x0F, 0xFF, 0x80, 0xFF, 0xF8, 0x0F, 0xFF, 0x80, 0xF0, 0x78, 0x0F, 0x07, 0x80,
    0xF0, 0x78, 0x0F, 0x07, 0x80, 0xF0, 0x78, 0x0E, 0x07, 0x80, 0xE0, 0x78, 0x1E, 0x07, 0x81, 0xE0,
    0x78, 0x1E, 0x07, 0x81, 0xE0, 0x78, 0x3E, 0x07, 0x8F, 0xC0, 0x7E, 0xF8, 0x07, 0xEF, 0x00, 0x7C,
    0x00, 0x03, 0xC0, 0x00, 0x3C, 0x00, 0x03, 0x80, 0x00, 0x38, 0x1F, 0xFC, 0x0F, 0xFE, 0x07, 0xFF,
    0x03, 0xC7, 0x81, 0xE3, 0xC0, 0xF1, 0xE0, 0x78, 0xF0, 0x3C, 0x78, 0x1E, 0x3C, 0x0F, 0x1E, 0x0F,
    0x0F, 0x1F, 0x87, 0xEF, 0x83, 0xF7, 0x81, 0xF0, 0x00, 0x78, 0x00, 0x3C, 0x00, 0x1C, 0x00, 0x1E,
    0x00, 0xE0, 0x0F, 0xC0, 0x1F, 0x80, 0x3F, 0x00, 0x7E, 0x00, 0xFC, 0x01, 0xF8, 0x03, 0xFF, 0xFF,
    0xFF, 0xFF, 0xFF, 0xFF, 0x80, 0x3F, 0x00, 0x7E, 0x00, 0xFC, 0x01, 0xF8, 0x03, 0xF0, 0x07, 0xE0,
    0x0F, 0xC0, 0x1C, 0x00, 0x78, 0x00, 0xF0, 0x07, 0xE0, 0x0F, 0x80, 0x1E, 0x00, 0xE0, 0x77, 0x03,
    0xB8, 0x1D, 0xC0, 0xEE, 0x07, 0x7F, 0xFB, 0xFF, 0xDF, 0xFE, 0xE0, 0x77, 0x03, 0xB8, 0x1D, 0xC0,
    0xEE, 0x07, 0x70, 0x38, 0x01, 0xC0, 0x0E, 0x01, 0xF0, 0x0F, 0x80, 0x78, 0xF0, 0x0F, 0x1E, 0x01,
    0xE3, 0xC0, 0x3C, 0x78, 0x07, 0x8F, 0x00, 0xF1, 0xE0, 0x1E, 0x3C, 0x03, 0xC7, 0xFF, 0xF8, 0xFF,
    0xFF, 0x1F, 0xFF, 0xE3, 0xC0, 0x3C, 0x78, 0x07, 0x8F, 0x00, 0xF1, 0xE0, 0x1E, 0x3C, 0x03, 0xC7,
    0x80, 0x7E, 0xF0, 0x0F, 0xDE, 0x01, 0xF0, 0x00, 0x1E, 0x00, 0x03, 0xC0, 0x00, 0x70, 0x00, 0x0E,
    0x00, 0xF0, 0x78, 0xF0, 0x78, 0xF0, 0x78, 0xF0, 0x78, 0xF0, 0x78, 0xFF, 0xF8, 0xFF, 0xF8, 0xFF,
    0xF8, 0xF0, 0x78, 0xF0, 0x78, 0xF0, 0x78, 0xF0, 0x7E, 0xF0, 0x7E, 0xF0, 0x7C, 0x00, 0x3C, 0x00,
    0x3C, 0x00, 0x38, 0x00, 0x78, 0xE0, 0x3B, 0x80, 0xEE, 0x03, 0xB8, 0x0E, 0xE0, 0x3B, 0x80, 0xEE,
    0x03, 0xBC, 0x0E, 0xF8, 0x79, 0xFF, 0xE7, 0xFF, 0x87, 0xEE, 0x00, 0x38, 0x00, 0xE0, 0x03, 0x80,
    0x3E, 0x00, 0xF8, 0x03, 0xE0, 0x0E, 0x00, 0x38, 0x00, 0xE0, 0x03, 0x80, 0xE0, 0xEE, 0x0E, 0xE0,
    0xEE, 0x0E, 0xE0, 0xEF, 0x0E, 0xF1, 0xEF, 0xFE, 0x7F, 0xE3, 0xEE, 0x00, 0xE0, 0x1E, 0x01, 0xE0,
    0x1E, 0x01, 0xC0, 0x1C, 0x01, 0xC0, 0xFC, 0x03, 0xF1, 0xF8, 0x07, 0xE3, 0xF8, 0x1F, 0xC7, 0xF0,
    0x3F, 0x8F, 0xE0, 0xFF, 0x1F, 0xE1, 0xFE, 0x3F, 0xC3, 0xBC, 0x7B, 0x8F, 0x78, 0xF7, 0x9E, 0xF1,
    0xEF, 0x3D, 0xE3, 0xCE, 0x73, 0xC7, 0x9F, 0xE7, 0x8F, 0x3F, 0x8F, 0x1E, 0x3F, 0x1E, 0x3C, 0x7E,
    0x3C, 0x78, 0xF8, 0x7E, 0xF0, 0xF0, 0xFD, 0xE1, 0xE1, 0xF8, 0x00, 0x00, 0xE0, 0x00, 0x03, 0xC0,
    0x00, 0x07, 0x80, 0x00, 0x0E, 0x00, 0xFC, 0x1F, 0x8F, 0xC1, 0xF8, 0xFE, 0x3F, 0x8F, 0xE3, 0xF8,
    0xFE, 0x3F, 0x8F, 0xF7, 0xF8, 0xFF, 0x7F, 0x8F, 0x77, 0x78, 0xF7, 0x77, 0x8F, 0x7F, 0x78, 0xF3,
    0xE7, 0x8F, 0x3E, 0x7E, 0xF3, 0xE7, 0xEF, 0x1C, 0x7E, 0x00, 0x01, 0xC0, 0x00, 0x3C, 0x00, 0x03,
    0xC0, 0x00, 0x38, 0xEE, 0xEE, 0xEE, 0xEE, 0xEE, 0xEE, 0xEE, 0xEE, 0xEE, 0x0E, 0x38, 0x07, 0x9C,
    0x03, 0xDE, 0x00, 0xFF, 0x00, 0x3E, 0x00, 0x00, 0x00, 0x07, 0x00, 0x07, 0xC0, 0x03, 0xE0, 0x01,
    0xF8, 0x01, 0xFC, 0x00, 0xFE, 0x00, 0xF7, 0x80, 0x7B, 0xC0, 0x39, 0xE0, 0x3C, 0x78, 0x1E, 0x3C,
    0x0F, 0xFF, 0x0F, 0xFF, 0x87, 0xFF, 0xC7, 0x80, 0xF3, 0xC0, 0x79, 0xE0, 0x3D, 0xE0, 0x0F, 0x38,
    0xE1, 0xEF, 0x0F, 0x78, 0x3F, 0x80, 0xF8, 0x00, 0x00, 0x7E, 0x07, 0xFC, 0x7F, 0xF3, 0xC7, 0x80,
    0x1C, 0x7F, 0xE7, 0xFF, 0x7F, 0xFB, 0xC1, 0xDC, 0x1E, 0xF1, 0xF7, 0xFF, 0x9F, 0xFC, 0x7C, 0xE0,
    0x06, 0x18, 0x03, 0xCF, 0x00, 0xF3, 0xC0, 0x18, 0x60, 0x00, 0x00, 0x00, 0x78, 0x00, 0x3E, 0x00,
    0x0F, 0xC0, 0x03, 0xF0, 0x01, 0xFE, 0x00, 0x7F, 0x80, 0x1D, 0xE0, 0x0F, 0x3C, 0x03, 0xCF, 0x00,
    0xE3, 0xC0, 0x78, 0x78, 0x1F, 0xFE, 0x0F, 0xFF, 0x83, 0xFF, 0xF0, 0xF0, 0x3C, 0x78, 0x0F, 0x9E,
    0x01, 0xE7, 0x80, 0x78, 0x38, 0xE1, 0xC7, 0x0E, 0x38, 0x71, 0xC0, 0x00, 0x0F, 0xC0, 0xFF, 0x8F,
    0xFE, 0x70, 0xF0, 0x03, 0x8F, 0xFC, 0xFF, 0xEF, 0xFF, 0x78, 0x3B, 0x83, 0xDE, 0x3E, 0xFF, 0xF3,
    0xFF, 0x8F, 0x9C, 0x00, 0x1F, 0xFF, 0x80, 0x1F, 0xFF, 0xC0, 0x0F, 0xFF, 0xE0, 0x0F, 0xC0, 0x00,
    0x0F, 0xE0, 0x00, 0x07, 0xF0, 0x00, 0x07, 0xB8, 0x00, 0x03, 0xDF, 0xFE, 0x03, 0xCF, 0xFF, 0x01,
    0xE7, 0xFF, 0x81, 0xE3, 0x80, 0x01, 0xFF, 0xC0, 0x00, 0xFF, 0xE0, 0x00, 0xFF, 0xF0, 0x00, 0x78,
    0x38, 0x00, 0x78, 0x1F, 0xFF, 0x3C, 0x0F, 0xFF, 0xBC, 0x07, 0xFF, 0xC0, 0x1F, 0x8F, 0xC0, 0xFF,
    0x7F, 0xC7, 0xFF, 0xFF, 0x1C, 0x3E, 0x1E, 0x00, 0x70, 0x38, 0xFF, 0xFF, 0xE7, 0xFF, 0xFF, 0xBF,
    0xFF, 0xFE, 0xF0, 0x70, 0x03, 0x83, 0xC0, 0x0F, 0x1F, 0x87, 0xBF, 0xFF, 0xFC, 0x7F, 0x9F, 0xF0,
    0xFC, 0x3F, 0x00, 0x70, 0xE7, 0x9E, 0x79, 0xE3, 0xFC, 0x1F, 0x80, 0x00, 0xFF, 0xFF, 0xFF, 0xFF,
    0xFE, 0x00, 0xE0, 0x0E, 0x00, 0xE0, 0x0F, 0xFF, 0xFF, 0xFF, 0xFF, 0xE0, 0x0E, 0x00, 0xE0, 0x0E,
    0x00, 0xE0, 0x0F, 0xFF, 0xFF, 0xFF, 0xFF, 0x38, 0xE1, 0xEF, 0x0F, 0x78, 0x3F, 0x80, 0xF8, 0x00,
    0x00, 0x3F, 0x07, 0xFC, 0x7F, 0xF3, 0x83, 0xFC, 0x1F, 0xFF, 0xFF, 0xFF, 0xFF, 0xFF, 0x80, 0x1E,
    0x00, 0x78, 0x7B, 0xFF, 0x8F, 0xF8, 0x1F, 0x80, 0x0F, 0xE0, 0x3F, 0xF8, 0x7F, 0xFC, 0x7C, 0x3E,
    0xF8, 0x1E, 0x00, 0x0F, 0x00, 0x0F, 0xFF, 0xFF, 0xFF, 0xFF, 0xFF, 0xFF, 0xF0, 0x0F, 0xF0, 0x0F,
    0xF0, 0x1F, 0x78, 0x1E, 0x7C, 0x3E, 0x3F, 0xFC, 0x1F, 0xF8, 0x0F, 0xE0, 0x1F, 0x81, 0xFF, 0x1F,
    0xFD, 0xE1, 0xE0, 0x07, 0x80, 0x1F, 0xFF, 0xFF, 0xFF, 0xFF, 0xFF, 0x83, 0xFC, 0x1C, 0xFF, 0xE3,
    0xFE, 0x0F, 0xC0, 0x0C, 0x30, 0x1E, 0x78, 0x1E, 0x78, 0x0C, 0x30, 0x00, 0x00, 0x00, 0x00, 0x0F,
    0xE0, 0x3F, 0xF8, 0x7F, 0xFC, 0x7C, 0x3E, 0xF8, 0x1E, 0x00, 0x1F, 0x00, 0x0F, 0xFF, 0xFF, 0xFF,
    0xFF, 0xFF, 0xFF, 0xF0, 0x0F, 0xF0, 0x1F, 0xF0, 0x1F, 0x78, 0x1E, 0x7C, 0x3E, 0x3F, 0xFC, 0x1F,
    0xF8, 0x0F, 0xE0, 0x38, 0xE1, 0xC7, 0x0E, 0x38, 0x71, 0xC0, 0x00, 0x0F, 0xC0, 0xFF, 0x8F, 0xFE,
    0xF0, 0xF0, 0x03, 0xC0, 0x0F, 0xFF, 0xFF, 0xFF, 0xFF, 0xFF, 0xC1, 0xFE, 0x0E, 0x7F, 0xF1, 0xFF,
    0x07, 0xE0, 0x00, 0xC3, 0x00, 0x01, 0xE7, 0x80, 0x01, 0xE7, 0x80, 0x00, 0xC3, 0x00, 0x00, 0x00,
    0x00, 0xF8, 0x1C, 0x1F, 0x78, 0x1C, 0x1E, 0x3C, 0x1C, 0x3C, 0x1E, 0x1C, 0x78, 0x1E, 0x1C, 0x78,
    0x0F, 0x1C, 0xF0, 0x07, 0x9C, 0xE0, 0x07, 0xFF, 0xE0, 0x03, 0xFF, 0xC0, 0x07, 0xFF, 0xE0, 0x07,
    0x9D, 0xE0, 0x0F, 0x1C, 0xF0, 0x1F, 0x1C, 0x78, 0x1E, 0x1C, 0x78, 0x3C, 0x1C, 0x3C, 0x7C, 0x1C,
    0x3E, 0x78, 0x1C, 0x1E, 0xF8, 0x1C, 0x1F, 0x03, 0x8E, 0x00, 0x1C, 0x70, 0x00, 0xE3, 0x80, 0x07,
    0x1C, 0x00, 0x00, 0x00, 0x3C, 0x38, 0x78, 0xE1, 0xC3, 0x87, 0x8E, 0x3C, 0x1C, 0x73, 0xC0, 0x73,
    0x9C, 0x03, 0xDD, 0xE0, 0x0F, 0xFE, 0x00, 0x7F, 0xF0, 0x07, 0xFF, 0xC0, 0x39, 0xDE, 0x03, 0xCE,
    0x78, 0x3C, 0x71, 0xE1, 0xC3, 0x87, 0x1E, 0x1C, 0x3C, 0x0C, 0x30, 0x3C, 0xF0, 0x79, 0xE0, 0x61,
    0x80, 0x00, 0x00, 0x00, 0x03, 0xFC, 0x1F, 0xFC, 0x7F, 0xFC, 0xF8, 0x79, 0xE0, 0x70, 0x00, 0xE0,
    0x03, 0xC0, 0x7F, 0x00, 0xFE, 0x01, 0xFE, 0x00, 0x3E, 0x00, 0x3D, 0xE0, 0x3B, 0xC0, 0xF7, 0xC3,
    0xEF, 0xFF, 0x8F, 0xFE, 0x07, 0xF8, 0x38, 0xE1, 0xC7, 0x0E, 0x38, 0x71, 0xC0, 0x00, 0x0F, 0xE0,
    0xFF, 0x8F, 0xFE, 0x70, 0xF0, 0x07, 0x83, 0xF8, 0x1F, 0xC0, 0xFF, 0x00, 0x79, 0xC1, 0xCE, 0x1E,
    0x7F, 0xF1, 0xFF, 0x07, 0xF0, 0x7F, 0xF9, 0xFF, 0xE7, 0xFF, 0x80, 0x3C, 0x01, 0xE0, 0x0F, 0x00,
    0x78, 0x03, 0xF0, 0x0F, 0xF0, 0x1F, 0xE0, 0x07, 0x80, 0x0F, 0x00, 0x3F, 0xC0, 0xFF, 0x87, 0x9F,
    0xFE, 0x3F, 0xF0, 0x7F, 0x00, 0x7F, 0xF9, 0xFF, 0xE7, 0xFF, 0x80, 0x3C, 0x01, 0xE0, 0x0F, 0x00,
    0x78, 0x01, 0xE0, 0x0F, 0xE0, 0x3F, 0xC0, 0x0F, 0x80, 0x1F, 0x00, 0x3C, 0x00, 0xFF, 0x03, 0xFE,
    0x1E, 0x7F, 0xF8, 0xFF, 0xC1, 0xFC, 0x00, 0x0F, 0xF0, 0x1F, 0xE0, 0x3F, 0xC0, 0x00, 0x00, 0x00,
    0x1E, 0x03, 0xFC, 0x07, 0xF8, 0x1F, 0xF0, 0x7F, 0xE0, 0xFF, 0xC3, 0xFF, 0x8F, 0xFF, 0x1E, 0xFE,
    0x79, 0xFD, 0xF3, 0xFB, 0xC7, 0xFF, 0x0F, 0xFE, 0x1F, 0xF8, 0x3F, 0xE0, 0x7F, 0xC0, 0xFF, 0x01,
    0xFC, 0x03, 0x80, 0x3F, 0xC1, 0xFE, 0x0F, 0xF0, 0x00, 0x0E, 0x07, 0x70, 0x7B, 0x83, 0xDC, 0x3E,
    0xE3, 0xF7, 0x1F, 0xB9, 0xDD, 0xDC, 0xEF, 0xE7, 0x7E, 0x3B, 0xE1, 0xDF, 0x0E, 0xF0, 0x77, 0x03,
    0x80, 0x18, 0x60, 0x79, 0xE0, 0xF3, 0xC0, 0xC3, 0x00, 0x00, 0x1C, 0x03, 0xF8, 0x07, 0xF0, 0x1F,
    0xE0, 0x7F, 0xC1, 0xFF, 0x83, 0xFF, 0x0F, 0xFE, 0x3E, 0xFC, 0x79, 0xF9, 0xE3, 0xF7, 0xC7, 0xFF,
    0x0F, 0xFC, 0x1F, 0xF0, 0x3F, 0xE0, 0x7F, 0x80, 0xFE, 0x01, 0xFC, 0x03, 0x80, 0x39, 0xC1, 0xCE,
    0x0E, 0x70, 0x73, 0x80, 0x00, 0x70, 0x3B, 0x83, 0xDC, 0x3E, 0xE1, 0xF7, 0x1F, 0xB8, 0xFD, 0xCE,
    0xEE, 0xE7, 0x7F, 0x3B, 0xF1, 0xDF, 0x0E, 0xF8, 0x77, 0x83, 0xBC, 0x1C, 0x0C, 0x30, 0x0F, 0x3C,
    0x07, 0x9E, 0x01, 0x86, 0x00, 0x00, 0x00, 0x00, 0x00, 0x1F, 0xC0, 0x3F, 0xF0, 0x3F, 0xFC, 0x3E,
    0x1F, 0x1E, 0x03, 0xDE, 0x01, 0xEF, 0x00, 0x77, 0x80, 0x3B, 0x80, 0x1D, 0xC0, 0x0E, 0xF0, 0x07,
    0x78, 0x03, 0xBC, 0x03, 0xCF, 0x01, 0xE7, 0xC3, 0xE1, 0xFF, 0xE0, 0x7F, 0xE0, 0x0F, 0xE0, 0x1C,
    0xE0, 0x73, 0x81, 0xCE, 0x07, 0x38, 0x00, 0x00, 0x3F, 0x03, 0xFE, 0x1F, 0xFC, 0x78, 0xFB, 0xC1,
    0xEF, 0x03, 0xB8, 0x0E, 0xE0, 0x3B, 0xC0, 0xEF, 0x07, 0x9E, 0x3E, 0x7F, 0xF0, 0xFF, 0x80, 0xFC,
    0x00, 0x07, 0xF0, 0x0F, 0xFE, 0x0F, 0xFF, 0x8F, 0x83, 0xE7, 0x80, 0xF7, 0xC0, 0x7F, 0xC0, 0x1F,
    0xFF, 0xFF, 0xFF, 0xFF, 0xFF, 0xFF, 0xFC, 0x01, 0xFE, 0x00, 0xFF, 0x80, 0xFB, 0xC0, 0x79, 0xF0,
    0x7C, 0x7F, 0xFC, 0x1F, 0xFC, 0x03, 0xF8, 0x00, 0x0F, 0xC0, 0xFF, 0xC7, 0xFF, 0x9E, 0x1E, 0xF0,
    0x3F, 0xFF, 0xFF, 0xFF, 0xFF, 0xFF, 0xF0, 0x3F, 0xC0, 0xF7, 0x87, 0x9F, 0xFE, 0x3F, 0xF0, 0x3F,
    0x00, 0x0C, 0x30, 0x0F, 0x3C, 0x07, 0x9E, 0x01, 0x86, 0x00, 0x00, 0x00, 0x00, 0x00, 0x1F, 0xC0,
    0x3F, 0xF8, 0x3F, 0xFE, 0x3E, 0x1F, 0x9E, 0x07, 0xDE, 0x01, 0xFF, 0x00, 0xFF, 0xFF, 0xFF, 0xFF,
    0xFF, 0xFF, 0xFF, 0xF0, 0x0F, 0xF8, 0x07, 0xFC, 0x03, 0xEF, 0x03, 0xE7, 0xC3, 0xF1, 0xFF, 0xF0,
    0x7F, 0xF0, 0x0F, 0xE0, 0x1C, 0xE0, 0x73, 0x81, 0xCE, 0x07, 0x38, 0x00, 0x00, 0x3F, 0x03, 0xFF,
    0x1F, 0xFE, 0x78, 0x7B, 0xC0, 0xFF, 0xFF, 0xFF, 0xFF, 0xFF, 0xFF, 0xC0, 0xFF, 0x07, 0xDE, 0x1E,
    0x7F, 0xF8, 0xFF, 0xC0, 0xFC, 0x00, 0x06, 0x30, 0x07, 0xBC, 0x03, 0xDE, 0x00, 0xC6, 0x00, 0x00,
    0x00, 0x00, 0x00, 0x1F, 0xC0, 0x3F, 0xF8, 0x3F, 0xFE, 0x3E, 0x0F, 0x9E, 0x03, 0xCF, 0x00, 0xF0,
    0x00, 0x78, 0x0F, 0xFC, 0x07, 0xFE, 0x03, 0xFF, 0x00, 0x07, 0xB8, 0x03, 0xDE, 0x01, 0xEF, 0x01,
    0xE3, 0xE1, 0xF1, 0xFF, 0xF0, 0x7F, 0xF0, 0x0F, 0xE0, 0x18, 0xC1, 0xEF, 0x0F, 0x78, 0x31, 0x80,
    0x00, 0x00, 0x00, 0x3E, 0x07, 0xFC, 0x7F, 0xF3, 0xC7, 0x9C, 0x1E, 0x00, 0xF0, 0x7F, 0x83, 0xFC,
    0x01, 0xEE, 0x0F, 0x78, 0xF3, 0xFF, 0x8F, 0xF8, 0x1F, 0x00, 0x07, 0xF8, 0x01, 0xFE, 0x00, 0x7F,
    0x80, 0x00, 0x00, 0x00, 0x00, 0x00, 0x00, 0x07, 0x80, 0x79, 0xF0, 0x1E, 0x3C, 0x0F, 0x0F, 0x83,
    0xC1, 0xE0, 0xF0, 0x7C, 0x78, 0x0F, 0x1E, 0x01, 0xEF, 0x00, 0x7B, 0xC0, 0x0F, 0xE0, 0x03, 0xF8,
    0x00, 0x7C, 0x00, 0x1F, 0x00, 0x03, 0xC0, 0x01, 0xE0, 0x03, 0xF8, 0x00, 0xFC, 0x00, 0x3C, 0x00,
    0x0F, 0xF0, 0x0F, 0xF0, 0x0F, 0xF0, 0x00, 0x00, 0x78, 0x0E, 0x78, 0x1E, 0x3C, 0x1C, 0x3C, 0x3C,
    0x1C, 0x3C, 0x1E, 0x38, 0x1E, 0x78, 0x0F, 0x70, 0x0F, 0xF0, 0x07, 0xF0, 0x07, 0xE0, 0x03, 0xE0,
    0x03, 0xC0, 0x03, 0xC0, 0x03, 0xC0, 0x07, 0x80, 0x1F, 0x80, 0x1F, 0x00, 0x1E, 0x00, 0x06, 0x18,
    0x03, 0xCF, 0x00, 0xF3, 0xC0, 0x18, 0x60, 0x00, 0x00, 0x00, 0x00, 0x07, 0x80, 0x79, 0xF0, 0x1E,
    0x3C, 0x0F, 0x0F, 0x83, 0xC1, 0xE0, 0xE0, 0x7C, 0x78, 0x0F, 0x1E, 0x01, 0xEF, 0x00, 0x7B, 0xC0,
    0x0F, 0xE0, 0x03, 0xF8, 0x00, 0x7C, 0x00, 0x1F, 0x00, 0x07, 0xC0, 0x01, 0xE0, 0x03, 0xF8, 0x00,
    0xFC, 0x00, 0x3C, 0x00, 0x1C, 0x70, 0x38, 0xE0, 0x71, 0xC0, 0xE3, 0x80, 0x00, 0x00, 0x00, 0x1C,
    0x07, 0x3C, 0x0E, 0x78, 0x3C, 0x78, 0x70, 0xF0, 0xE0, 0xE3, 0xC1, 0xE7, 0x03, 0xDE, 0x03, 0xF8,
    0x07, 0xF0, 0x07, 0xE0, 0x0F, 0x80, 0x1F, 0x00, 0x1E, 0x00, 0x78, 0x00, 0xF0, 0x07, 0xC0, 0x0F,
    0x80, 0x1C, 0x00, 0x00, 0xEF, 0x00, 0xEF, 0x00, 0xE7, 0x00, 0x67, 0x00, 0x00, 0x00, 0x00, 0x03,
    0xE0, 0x1E, 0xF0, 0x1E, 0x7C, 0x0F, 0x1E, 0x0F, 0x0F, 0x87, 0x83, 0xC3, 0xC0, 0xF3, 0xC0, 0x79,
    0xE0, 0x1F, 0xE0, 0x0F, 0xF0, 0x03, 0xF0, 0x01, 0xF8, 0x00, 0x7C, 0x00, 0x3C, 0x00, 0x3E, 0x00,
    0x7E, 0x00, 0x3E, 0x00, 0x1E, 0x00, 0x07, 0x1E, 0x1E, 0x78, 0x39, 0xE0, 0xE3, 0x00, 0x00, 0x00,
    0x00, 0x3C, 0x07, 0x3C, 0x1E, 0x78, 0x38, 0x70, 0xF0, 0xF1, 0xE1, 0xE3, 0x81, 0xEF, 0x03, 0xDE,
    0x03, 0xB8, 0x07, 0xF0, 0x0F, 0xC0, 0x0F, 0x80, 0x1F, 0x00, 0x1C, 0x00, 0x78, 0x00, 0xE0, 0x07,
    0xC0, 0x0F, 0x00, 0x1C, 0x00, 0x18, 0x60, 0xF3, 0xC3, 0xCF, 0x06, 0x18, 0x00, 0x03, 0x80, 0xEE,
    0x03, 0xB8, 0x0E, 0xE0, 0x3B, 0x80, 0xEE, 0x03, 0xBC, 0x0E, 0xF0, 0x3B, 0xE1, 0xE7, 0xFF, 0x9F,
    0xFE, 0x1F, 0xB8, 0x00, 0xE0, 0x03, 0x80, 0x0E, 0x00, 0x38, 0x00, 0xE0, 0x03, 0x80, 0x39, 0xC3,
    0x9C, 0x39, 0xC3, 0x9C, 0x00, 0x0E, 0x0E, 0xE0, 0xEE, 0x0E, 0xE0, 0xEE, 0x0E, 0xF0, 0xEF, 0x1E,
    0xFF, 0xE7, 0xFE, 0x3E, 0xE0, 0x0E, 0x00, 0xE0, 0x0E, 0x00, 0xE0, 0xFF, 0xFF, 0xFF, 0xFF, 0xFF,
    0x00, 0xF0, 0x0F, 0x00, 0xF0, 0x0F, 0x00, 0xF0, 0x0F, 0x00, 0xF0, 0x0F, 0x00, 0xF0, 0x0F, 0x00,
    0xF0, 0x0F, 0xC0, 0xFC, 0x0F, 0xC0, 0x3C, 0x03, 0xC0, 0x3C, 0x03, 0xC0, 0xFF, 0xFF, 0xFF, 0xFF,
    0xC0, 0xF0, 0x3C, 0x0F, 0x03, 0xC0, 0xF0, 0x3C, 0x0F, 0x03, 0xF0, 0xFC, 0x3F, 0x03, 0xC0, 0xF0,
    0x3C, 0x0F, 0x00, 0x06, 0x18, 0x01, 0xE7, 0x80, 0x3C, 0xF0, 0x03, 0x0C, 0x00, 0x00, 0x01, 0xC0,
    0x03, 0xB8, 0x00, 0x77, 0x00, 0x0E, 0xE0, 0x01, 0xDC, 0x00, 0x3B, 0x80, 0x07, 0x7F, 0xE0, 0xEF,
    0xFE, 0x1D, 0xFF, 0xE3, 0xB8, 0x3E, 0x77, 0x03, 0xCE, 0xE0, 0x39, 0xDC, 0x07, 0x3B, 0x81, 0xE7,
    0x70, 0x7C, 0xEF, 0xFF, 0x1D, 0xFF, 0xC3, 0xBF, 0xF0, 0x70, 0x0E, 0x70, 0x0E, 0x70, 0x0E, 0x70,
    0x0E, 0x70, 0x00, 0x00, 0xE0, 0x0E, 0xE0, 0x0E, 0xE0, 0x0E, 0xE0, 0x0E, 0xE0, 0x0E, 0xFF, 0x8E,
    0xFF, 0xCE, 0xFF, 0xEE, 0xE1, 0xEE, 0xE0, 0xEE, 0xE1, 0xEE, 0xFF, 0xEE, 0xFF, 0xCE, 0xFF, 0x8E,
    0x1F, 0xFE, 0x3F, 0xFC, 0x7F, 0xF8, 0xF0, 0x01, 0xE0, 0x03, 0xC0, 0x07, 0x80, 0x7F, 0xF8, 0xFF,
    0xF1, 0xFF, 0xE0, 0x78, 0x00, 0xF0, 0x01, 0xE0, 0x03, 0xC0, 0x07, 0x80, 0x0F, 0xC0, 0x1F, 0x80,
    0x3F, 0x00, 0x1E, 0x00, 0x3C, 0x03, 0xF8, 0x07, 0xE0, 0x0F, 0x80, 0x00, 0x3F, 0xF3, 0xFF, 0x3F,
    0xF3, 0xC0, 0x3C, 0x03, 0xC0, 0xFF, 0x8F, 0xF8, 0x3C, 0x03, 0xC0, 0x3C, 0x03, 0xF0, 0x3F, 0x03,
    0xF0, 0x0F, 0x00, 0xF0, 0x7F, 0x07, 0xE0, 0x7C, 0x00, 0x78, 0x0F, 0x8F, 0x83, 0xE0, 0xF8, 0x78,
    0x0F, 0x1F, 0x00, 0xF7, 0xC0, 0x1E, 0xF0, 0x01, 0xFC, 0x00, 0x1F, 0x80, 0x03, 0xE0, 0x00, 0x7E,
    0x00, 0x1F, 0xC0, 0x07, 0xFC, 0x00, 0xF7, 0xC0, 0x3C, 0x78, 0x0F, 0x8F, 0x81, 0xE0, 0xFF, 0x78,
    0x0F, 0xFF, 0x01, 0xFC, 0x00, 0x07, 0x80, 0x00, 0xF0, 0x00, 0xFC, 0x00, 0x1F, 0x80, 0x03, 0xE0,
    0xF0, 0xFB, 0xC7, 0x9E, 0x78, 0x7B, 0xC1, 0xFC, 0x0F, 0xE0, 0x3E, 0x01, 0xF0, 0x1F, 0xC0, 0xFE,
    0x0F, 0x78, 0xF3, 0xE7, 0x8F, 0x78, 0x3C, 0x01, 0xE0, 0x0F, 0x03, 0xF8, 0x1F, 0x80, 0xF8, 0x7C,
    0x0F, 0x8F, 0x03, 0xC1, 0xE1, 0xE0, 0x7C, 0xF8, 0x0F, 0x3C, 0x01, 0xFE, 0x00, 0x7F, 0x80, 0x0F,
    0xC0, 0x3F, 0xFF, 0x0F, 0xFF, 0xC0, 0x3F, 0x00, 0x1F, 0xE0, 0x0F, 0xFC, 0x03, 0xCF, 0x01, 0xE1,
    0xE0, 0xF8, 0x7C, 0x3C, 0x0F, 0x1E, 0x01, 0xE0, 0x78, 0x79, 0xF1, 0xE3, 0xCF, 0x07, 0xB8, 0x1F,
    0xE0, 0x3F, 0x07, 0xFF, 0x9F, 0xFE, 0x0F, 0xC0, 0x7F, 0x83, 0xCF, 0x0F, 0x3C, 0x78, 0x7B, 0xE1,
    0xF0, 0x03, 0xE0, 0x00, 0xFC, 0x00, 0x7F, 0x00, 0x1F, 0xE0, 0x07, 0x78, 0x03, 0xDE, 0x00, 0xF3,
    0xC0, 0x3C, 0xF0, 0x1E, 0x3C, 0x07, 0x87, 0x81, 0xFF, 0xE0, 0xFF, 0xFC, 0x3F, 0xFF, 0x0F, 0x03,
    0xC7, 0x80, 0xF9, 0xE0, 0x1E, 0x78, 0x07, 0xBE, 0x01, 0xF0, 0x00, 0x00, 0x03, 0x00, 0x01, 0xE0,
    0x00, 0x78, 0x00, 0x0C, 0x00, 0x1F, 0xC1, 0xFF, 0x1F, 0xFD, 0xF1, 0xE0, 0x0F, 0x00, 0x78, 0xFF,
    0xCF, 0xFE, 0xF0, 0xF7, 0x87, 0xBC, 0x7D, 0xFF, 0xE7, 0xFF, 0x1F, 0x78, 0x00, 0x00, 0xC0, 0x0F,
    0x00, 0x78, 0x01, 0x80, 0x03, 0xE0, 0x00, 0xF8, 0x00, 0x0E, 0x00, 0x03, 0x00, 0x00, 0x00, 0x00,
    0x00, 0x00, 0x3F, 0x00, 0x0F, 0xC0, 0x07, 0xF0, 0x01, 0xFE, 0x00, 0x7F, 0x80, 0x3D, 0xF0, 0x0F,
    0x3C, 0x03, 0xCF, 0x01, 0xE3, 0xE0, 0x78, 0x78, 0x1E, 0x1E, 0x0F, 0xFF, 0xC3, 0xFF, 0xF0, 0xFF,
    0xFC, 0x7C, 0x0F, 0x9E, 0x01, 0xE7, 0x80, 0x7B, 0xE0, 0x1F, 0x0F, 0x00, 0xF0, 0x03, 0x00, 0x70,
    0x00, 0x00, 0x00, 0x1F, 0x83, 0xFE, 0x7F, 0xFF, 0x8F, 0x00, 0xF0, 0x1F, 0x3F, 0xF7, 0xFF, 0xF0,
    0xFF, 0x0F, 0xF1, 0xFF, 0xFF, 0x7F, 0xF3, 0xEF, 0x00, 0x0E, 0x00, 0x03, 0x00, 0x01, 0xC0, 0x00,
    0x00, 0x01, 0xE0, 0x00, 0xFC, 0x00, 0x7F, 0x80, 0x3C, 0xE0, 0x00, 0x00, 0x00, 0x00, 0x00, 0x3F,
    0x00, 0x0F, 0xC0, 0x07, 0xF0, 0x01, 0xFE, 0x00, 0x7F, 0x80, 0x3D, 0xF0, 0x0F, 0x3C, 0x03, 0xCF,
    0x01, 0xE3, 0xE0, 0x78, 0x78, 0x1E, 0x1E, 0x0F, 0xFF, 0xC3, 0xFF, 0xF0, 0xFF, 0xFC, 0x7C, 0x0F,
    0x9E, 0x01, 0xE7, 0x80, 0x7B, 0xE0, 0x1F, 0x00, 0x70, 0x03, 0x80, 0x38, 0x00, 0x00, 0x70, 0x07,
    0xC0, 0x77, 0x07, 0x3C, 0x30, 0xE0, 0x00, 0x07, 0xE0, 0x7F, 0xC7, 0xFF, 0x7C, 0x78, 0x03, 0xC0,
    0x3E, 0x3F, 0xF3, 0xFF, 0xBC, 0x3D, 0xE1, 0xEF, 0x1F, 0x7F, 0xF9, 0xFF, 0xC7, 0xDE, 0x00, 0x38,
    0x00, 0x07, 0x00, 0x00, 0xC0, 0x00, 0x00, 0x01, 0xE0, 0x00, 0xFC, 0x00, 0x7F, 0x80, 0x3C, 0xE0,
    0x00, 0x00, 0x00, 0x00, 0x00, 0x3F, 0x00, 0x0F, 0xC0, 0x07, 0xF0, 0x01, 0xFE, 0x00, 0x7F, 0x80,
    0x3D, 0xF0, 0x0F, 0x3C, 0x03, 0xCF, 0x01, 0xE3, 0xE0, 0x78, 0x78, 0x1E, 0x1E, 0x0F, 0xFF, 0xC3,
    0xFF, 0xF0, 0xFF, 0xFC, 0x7C, 0x0F, 0x9E, 0x01, 0xE7, 0x80, 0x7B, 0xE0, 0x1F, 0x01, 0xC0, 0x0E,
    0x00, 0x60, 0x00, 0x07, 0x00, 0xF8, 0x1D, 0xC3, 0x9E, 0x30, 0xE0, 0x00, 0x1F, 0x83, 0xFE, 0x7F,
    0xFF, 0x8F, 0x00, 0xF0, 0x1F, 0x3F, 0xF7, 0xFF, 0xF0, 0xFF, 0x0F, 0xF1, 0xFF, 0xFF, 0x7F, 0xF3,
    0xEF, 0x00, 0x38, 0x00, 0x0F, 0x00, 0x01, 0xC0, 0x00, 0x60, 0x00, 0xC0, 0x00, 0x78, 0x00, 0x3F,
    0x00, 0x1C, 0xE0, 0x0E, 0x18, 0x00, 0x00, 0x00, 0x3F, 0x00, 0x0F, 0xC0, 0x07, 0xF0, 0x01, 0xFE,
    0x00, 0x7F, 0x80, 0x3C, 0xE0, 0x0F, 0x3C, 0x03, 0xCF, 0x01, 0xF3, 0xC0, 0x78, 0x78, 0x1E, 0x1E,
    0x0F, 0xFF, 0x83, 0xFF, 0xF0, 0xFF, 0xFC, 0x7C, 0x0F, 0x9E, 0x01, 0xE7, 0x80, 0x7B, 0xE0, 0x1F,
    0x01, 0xC0, 0x1E, 0x00, 0x60, 0x0C, 0x00, 0x00, 0xF8, 0x1F, 0x83, 0xDC, 0x38, 0xE0, 0x00, 0x1F,
    0x83, 0xFE, 0x7F, 0xFF, 0x8F, 0x00, 0xF0, 0x1F, 0x3F, 0xF7, 0xFF, 0xF0, 0xFF, 0x0F, 0xF1, 0xFF,
    0xFF, 0x7F, 0xF3, 0xEF, 0x03, 0x98, 0x01, 0xFE, 0x00, 0x67, 0x00, 0x00, 0x00, 0x01, 0xE0, 0x00,
    0xFC, 0x00, 0x7F, 0x80, 0x3C, 0xE0, 0x00, 0x00, 0x00, 0x00, 0x00, 0x3F, 0x00, 0x0F, 0xC0, 0x07,
    0xF0, 0x01, 0xFE, 0x00, 0x7F, 0x80, 0x3D, 0xF0, 0x0F, 0x3C, 0x03, 0xCF, 0x01, 0xE3, 0xE0, 0x78,
    0x78, 0x1E, 0x1E, 0x0F, 0xFF, 0xC3, 0xFF, 0xF0, 0xFF, 0xFC, 0x7C, 0x0F, 0x9E, 0x01, 0xE7, 0x80,
    0x7B, 0xE0, 0x1F, 0x1C, 0xC1, 0xEC, 0x3B, 0xC3, 0x18, 0x00, 0x00, 0xF0, 0x1F, 0x81, 0xDC, 0x38,
    0xE0, 0x00, 0x1F, 0x83, 0xFE, 0x7F, 0xF7, 0x8F, 0x00, 0xF0, 0x1F, 0x3F, 0xF7, 0xFF, 0xF0, 0xFF,
    0x0F, 0xF1, 0xFF, 0xFF, 0x7F, 0xF3, 0xEF, 0x00, 0xC0, 0x00, 0xF8, 0x00, 0x7F, 0x00, 0x3C, 0xF0,
    0x00, 0x00, 0x00, 0x00, 0x00, 0x00, 0x00, 0x0F, 0x80, 0x03, 0xF0, 0x01, 0xFC, 0x00, 0x7F, 0x80,
    0x1D, 0xE0, 0x0F, 0x78, 0x03, 0xCF, 0x00, 0xF3, 0xC0, 0x78, 0xF0, 0x1E, 0x1E, 0x07, 0xFF, 0x83,
    0xFF, 0xF0, 0xFF, 0xFC, 0x3C, 0x0F, 0x1E, 0x03, 0xE7, 0x80, 0x79, 0xE0, 0x1E, 0xF8, 0x07, 0xC0,
    0x00, 0x00, 0x0C, 0x00, 0x07, 0x80, 0x01, 0xE0, 0x00, 0x30, 0x00, 0x0F, 0x00, 0xFC, 0x0F, 0x70,
    0x71, 0xC0, 0x00, 0x00, 0x00, 0x7F, 0x07, 0xFC, 0x7F, 0xF7, 0xC7, 0x80, 0x3C, 0x01, 0xE3, 0xFF,
    0x3F, 0xFB, 0xC3, 0xDE, 0x1E, 0xF1, 0xF7, 0xFF, 0x9F, 0xFC, 0x7D, 0xE0, 0x00, 0x03, 0x00, 0x3C,
    0x01, 0xE0, 0x06, 0x00, 0x00, 0x70, 0x00, 0x18, 0x00, 0x0C, 0x00, 0x00, 0x00, 0x06, 0x18, 0x01,
    0xCE, 0x00, 0x3F, 0x00, 0x07, 0x80, 0x00, 0x00, 0x00, 0x00, 0x00, 0x3E, 0x00, 0x0F, 0xC0, 0x03,
    0xF0, 0x01, 0xFE, 0x00, 0x7F, 0x80, 0x3D, 0xE0, 0x0F, 0x3C, 0x03, 0xCF, 0x01, 0xE3, 0xC0, 0x78,
    0x78, 0x1E, 0x1E, 0x0F, 0xFF, 0xC3, 0xFF, 0xF0, 0xFF, 0xFC, 0x7C, 0x0F, 0x9E, 0x01, 0xE7, 0x80,
    0x7B, 0xE0, 0x1F, 0x01, 0xC0, 0x1C, 0x01, 0xC0, 0x00, 0x00, 0x00, 0x18, 0x30, 0xE3, 0x83, 0xF8,
    0x0F, 0x80, 0x00, 0x07, 0xF0, 0x7F, 0xC7, 0xFF, 0x7C, 0x7C, 0x01, 0xE0, 0x1F, 0x3F, 0xFB, 0xFF,
    0xFE, 0x1F, 0xE0, 0xFF, 0x0F, 0xFF, 0xFD, 0xFF, 0xE7, 0xCF, 0x03, 0x80, 0x00, 0x60, 0x00, 0x1C,
    0x00, 0x00, 0x00, 0x06, 0x18, 0x01, 0xCE, 0x00, 0x3F, 0x00, 0x07, 0x80, 0x00, 0x00, 0x00, 0x00,
    0x00, 0x3F, 0x00, 0x0F, 0xC0, 0x03, 0xF0, 0x01, 0xFE, 0x00, 0x7F, 0x80, 0x1D, 0xE0, 0x0F, 0x3C,
    0x03, 0xCF, 0x01, 0xE3, 0xC0, 0x78, 0x78, 0x1E, 0x1E, 0x0F, 0xFF, 0xC3, 0xFF, 0xF0, 0xFF, 0xFC,
    0x7C, 0x0F, 0x9E, 0x01, 0xE7, 0x80, 0x7B, 0xE0, 0x1F, 0x1C, 0x00, 0x70, 0x01, 0xC0, 0x00, 0x00,
    0x00, 0x18, 0x30, 0xE3, 0x83, 0xF8, 0x0F, 0x80, 0x00, 0x07, 0xF0, 0x7F, 0xC7, 0xFF, 0x7C, 0x7C,
    0x01, 0xE0, 0x1F, 0x3F, 0xFB, 0xFF, 0xFE, 0x1F, 0xE0, 0xFF, 0x0F, 0xFF, 0xFD, 0xFF, 0xE7, 0xCF,
    0x01, 0xC0, 0x00, 0x78, 0x00, 0x0C, 0x00, 0x00, 0x00, 0x06, 0x18, 0x01, 0xCE, 0x00, 0x3F, 0x00,
    0x07, 0x80, 0x00, 0x00, 0x00, 0x00, 0x00, 0x3E, 0x00, 0x0F, 0xC0, 0x03, 0xF0, 0x01, 0xFE, 0x00,
    0x77, 0x80, 0x3D, 0xE0, 0x0F, 0x3C, 0x03, 0xCF, 0x01, 0xE3, 0xC0, 0x78, 0x78, 0x1E, 0x1E, 0x0F,
    0xFF, 0xC3, 0xFF, 0xF0, 0xFF, 0xFC, 0x7C, 0x0F, 0x9E, 0x01, 0xE7, 0x80, 0x7B, 0xE0, 0x1F, 0x0E,
    0x00, 0x78, 0x00, 0xC0, 0x0C, 0x00, 0x00, 0x18, 0x30, 0xE3, 0x83, 0xF8, 0x0F, 0x80, 0x00, 0x07,
    0xF0, 0x7F, 0xC7, 0xFF, 0x7C, 0x7C, 0x01, 0xE0, 0x1F, 0x3F, 0xFB, 0xFF, 0xFE, 0x1F, 0xE0, 0xFF,
    0x0F, 0xFF, 0xFD, 0xFF, 0xE7, 0xCF, 0x03, 0x98, 0x01, 0xFE, 0x00, 0x67, 0x00, 0x00, 0x00, 0x06,
    0x18, 0x01, 0xCE, 0x00, 0x3F, 0x00, 0x07, 0x80, 0x00, 0x00, 0x00, 0x00, 0x00, 0x3F, 0x00, 0x0F,
    0xC0, 0x03, 0xF0, 0x01, 0xFE, 0x00, 0x7F, 0x80, 0x3D, 0xE0, 0x0F, 0x3C, 0x03, 0xCF, 0x01, 0xE3,
    0xC0, 0x78, 0x78, 0x1E, 0x1E, 0x0F, 0xFF, 0xC3, 0xFF, 0xF0, 0xFF, 0xFC, 0x7C, 0x0F, 0x9E, 0x01,
    0xE7, 0x80, 0x7B, 0xE0, 0x1F, 0x1C, 0x61, 0xF3, 0x0C, 0xF8, 0x63, 0x80, 0x00, 0x1C, 0x70, 0x7F,
    0x01, 0xF0, 0x00, 0x00, 0x00, 0x07, 0xF0, 0x7F, 0xC7, 0xFF, 0x7C, 0x7C, 0x01, 0xE0, 0x1F, 0x3F,
    0xFB, 0xFF, 0xFE, 0x1F, 0xE0, 0xFF, 0x0F, 0xFF, 0xFD, 0xFF, 0xE7, 0xCF, 0x06, 0x18, 0x01, 0xCE,
    0x00, 0x7F, 0x00, 0x07, 0x80, 0x00, 0x00, 0x00, 0x00, 0x00, 0x00, 0x00, 0x0F, 0x80, 0x03, 0xF0,
    0x00, 0xFC, 0x00, 0x7F, 0x80, 0x1D, 0xE0, 0x0F, 0x78, 0x03, 0xCF, 0x00, 0xF3, 0xC0, 0x78, 0xF0,
    0x1E, 0x1E, 0x07, 0xFF, 0x83, 0xFF, 0xF0, 0xFF, 0xFC, 0x3C, 0x0F, 0x1F, 0x03, 0xE7, 0x80, 0x79,
    0xE0, 0x1E, 0xF8, 0x07, 0xC0, 0x00, 0x00, 0x0C, 0x00, 0x07, 0x80, 0x01, 0xE0, 0x00, 0x30, 0x00,
    0x38, 0xE0, 0xFE, 0x03, 0xE0, 0x00, 0x00, 0x00, 0x0F, 0xE0, 0xFF, 0x8F, 0xFE, 0xF8, 0xF8, 0x03,
    0xC0, 0x3E, 0x7F, 0xF7, 0xFF, 0xFC, 0x3F, 0xC1, 0xFE, 0x1F, 0xFF, 0xFB, 0xFF, 0xCF, 0x9E, 0x00,
    0x00, 0x60, 0x07, 0x80, 0x3C, 0x00, 0xC0, 0xFF, 0xFF, 0xFF, 0xFF, 0xFF, 0x00, 0xF0, 0x0F, 0x00,
    0xF0, 0x0F, 0xFF, 0xFF, 0xFF, 0xFF, 0xF0, 0x0F, 0x00, 0xF0, 0x0F, 0x00, 0xF0, 0x0F, 0xFF, 0xFF,
    0xFF, 0xFF, 0x00, 0x00, 0x60, 0x0F, 0x00, 0xF0, 0x06, 0x00, 0x0F, 0x81, 0xFF, 0x1F, 0xFC, 0xF1,
    0xEF, 0x07, 0xFF, 0xFF, 0xFF, 0xFF, 0xFF, 0xF0, 0x07, 0x80, 0x1E, 0x3E, 0xFF, 0xE3, 0xFE, 0x07,
    0xE0, 0x00, 0x00, 0x60, 0x07, 0x80, 0x3C, 0x00, 0xC0, 0x0F, 0x00, 0xF0, 0x03, 0x00, 0x70, 0x00,
    0x00, 0x00, 0xFF, 0xFF, 0xFF, 0xFF, 0xFF, 0x00, 0xF0, 0x0F, 0x00, 0xF0, 0x0F, 0xFF, 0xFF, 0xFF,
    0xFF, 0xF0, 0x0F, 0x00, 0xF0, 0x0F, 0x00, 0xF0, 0x0F, 0xFF, 0xFF, 0xFF, 0xFF, 0x0F, 0x00, 0x7C,
    0x00, 0xE0, 0x06, 0x00, 0x00, 0x00, 0x00, 0x3E, 0x07, 0xFC, 0x7F, 0xF3, 0xC7, 0xBC, 0x1F, 0xFF,
    0xFF, 0xFF, 0xFF, 0xFF, 0xC0, 0x1E, 0x00, 0x78, 0xFB, 0xFF, 0x8F, 0xF8, 0x1F, 0x80, 0x1E, 0xE3,
    0xFC, 0x33, 0xC0, 0x00, 0x00, 0x00, 0x00, 0xFF, 0xFF, 0xFF, 0xFF, 0xFF, 0x00, 0xF0, 0x0F, 0x00,
    0xF0, 0x0F, 0xFF, 0xFF, 0xFF, 0xFF, 0xF0, 0x0F, 0x00, 0xF0, 0x0F, 0x00, 0xF0, 0x0F, 0xFF, 0xFF,
    0xFF, 0xFF, 0x00, 0x00, 0xF7, 0x0F, 0xF0, 0x77, 0x80, 0x00, 0x00, 0x00, 0x3E, 0x07, 0xFC, 0x7F,
    0xF3, 0xC7, 0xBC, 0x1F, 0xFF, 0xFF, 0xFF, 0xFF, 0xFF, 0xC0, 0x1E, 0x00, 0x78, 0xFB, 0xFF, 0x8F,
    0xF8, 0x1F, 0x80, 0x00, 0x70, 0x03, 0x00, 0x38, 0x00, 0x00, 0xF0, 0x0F, 0xC0, 0x7F, 0x07, 0x38,
    0x00, 0x00, 0x00, 0x3F, 0xFD, 0xFF, 0xEF, 0xFF, 0x78, 0x03, 0xC0, 0x1E, 0x00, 0xF0, 0x07, 0xFF,
    0xBF, 0xFD, 0xFF, 0xEF, 0x00, 0x78, 0x03, 0xC0, 0x1E, 0x00, 0xF0, 0x07, 0xFF, 0xBF, 0xFD, 0xFF,
    0xE0, 0x00, 0x78, 0x03, 0x80, 0x38, 0x00, 0x00, 0x70, 0x07, 0xC0, 0x77, 0x07, 0xBC, 0x38, 0xE0,
    0x00, 0x03, 0xE0, 0x7F, 0xC7, 0xFF, 0x3C, 0x7B, 0xC1, 0xFF, 0xFF, 0xFF, 0xFF, 0xFF, 0xFC, 0x01,
    0xE0, 0x07, 0x8F, 0xBF, 0xF8, 0xFF, 0x81, 0xF8, 0x01, 0xC0, 0x0E, 0x00, 0x60, 0x00, 0x0F, 0x01,
    0xF8, 0x1F, 0xC3, 0x9C, 0x00, 0x00, 0x00, 0xFF, 0xFF, 0xFF, 0xFF, 0xFF, 0x00, 0xF0, 0x0F, 0x00,
    0xF0, 0x0F, 0xFF, 0xFF, 0xFF, 0xFF, 0xF0, 0x0F, 0x00, 0xF0, 0x0F, 0x00, 0xF0, 0x0F, 0xFF, 0xFF,
    0xFF, 0xFF, 0x01, 0xC0, 0x07, 0x00, 0x18, 0x00, 0x00, 0x70, 0x07, 0xC0, 0x77, 0x07, 0xBC, 0x38,
    0xE0, 0x00, 0x03, 0xE0, 0x7F, 0xC7, 0xFF, 0x3C, 0x7B, 0xC1, 0xFF, 0xFF, 0xFF, 0xFF, 0xFF, 0xFC,
    0x01, 0xE0, 0x07, 0x8F, 0xBF, 0xF8, 0xFF, 0x81, 0xF8, 0x01, 0xC0, 0x1E, 0x00, 0xE0, 0x0C, 0x06,
    0x00, 0xF0, 0x1F, 0x83, 0x9C, 0x30, 0xC0, 0x00, 0xFF, 0xFF, 0xFF, 0xFF, 0xFF, 0x00, 0xF0, 0x0F,
    0x00, 0xF0, 0x0F, 0xFF, 0xFF, 0xFF, 0xFF, 0xF0, 0x0F, 0x00, 0xF0, 0x0F, 0x00, 0xF0, 0x0F, 0xFF,
    0xFF, 0xFF, 0xFF, 0x01, 0xC0, 0x0F, 0x00, 0x18, 0x00, 0x80, 0x00, 0x07, 0xC0, 0x7F, 0x07, 0xB8,
    0x38, 0xE0, 0x00, 0x03, 0xE0, 0x7F, 0xC7, 0xFF, 0x3C, 0x7B, 0xC1, 0xFF, 0xFF, 0xFF, 0xFF, 0xFF,
    0xFC, 0x01, 0xE0, 0x07, 0x8F, 0xBF, 0xF8, 0xFF, 0x81, 0xF8, 0x1C, 0xC3, 0xFC, 0x33, 0xC0, 0x00,
    0x0F, 0x00, 0xF8, 0x1F, 0xC3, 0x9E, 0x00, 0x00, 0x00, 0xFF, 0xFF, 0xFF, 0xFF, 0xFF, 0x00, 0xF0,
    0x0F, 0x00, 0xF0, 0x0F, 0xFF, 0xFF, 0xFF, 0xFF, 0xF0, 0x0F, 0x00, 0xF0, 0x0F, 0x00, 0xF0, 0x0F,
    0xFF, 0xFF, 0xFF, 0xFF, 0x0C, 0x60, 0xF7, 0x0E, 0xF0, 0x63, 0x00, 0x00, 0x03, 0x80, 0x3E, 0x03,
    0xB8, 0x38, 0xE0, 0x00, 0x03, 0xE0, 0x7F, 0xC7, 0xFF, 0x3C, 0x7B, 0xC1, 0xFF, 0xFF, 0xFF, 0xFF,
    0xFF, 0xFC, 0x01, 0xE0, 0x07, 0x8F, 0xBF, 0xF8, 0xFF, 0x81, 0xF8, 0x06, 0x00, 0xF8, 0x1F, 0xC3,
    0x9E, 0x00, 0x00, 0x00, 0x00, 0x0F, 0xFF, 0xFF, 0xFF, 0xFF, 0xF0, 0x0F, 0x00, 0xF0, 0x0F, 0x00,
    0xFF, 0xFF, 0xFF, 0xFF, 0xFF, 0x00, 0xF0, 0x0F, 0x00, 0xF0, 0x0F, 0x00, 0xFF, 0xFF, 0xFF, 0xFF,
    0xF0, 0x00, 0x06, 0x00, 0xF0, 0x0F, 0x00, 0x60, 0x07, 0x80, 0x7E, 0x07, 0x38, 0x70, 0xC0, 0x00,
    0x00, 0x00, 0x3E, 0x07, 0xFC, 0x7F, 0xF3, 0xC7, 0xBC, 0x1F, 0xFF, 0xFF, 0xFF, 0xFF, 0xFF, 0xC0,
    0x1E, 0x00, 0x78, 0xFB, 0xFF, 0x8F, 0xF8, 0x1F, 0x80, 0x00, 0x01, 0x80, 0x1E, 0x00, 0xF0, 0x03,
    0x00, 0xFB, 0xE3, 0x8C, 0x00, 0x07, 0x9E, 0x79, 0xE7, 0x9E, 0x79, 0xE7, 0x9E, 0x79, 0xE7, 0x9E,
    0x79, 0xE7, 0x9E, 0xFB, 0xE3, 0x8C, 0x01, 0xE7, 0x9E, 0x79, 0xE7, 0x9E, 0x79, 0xE7, 0x9E, 0x79,
    0xE7, 0x80, 0xFF, 0xFF, 0xFF, 0xFF, 0xFF, 0xFF, 0xFF, 0xFF, 0xFF, 0x06, 0xFF, 0x60, 0x6F, 0xF6,
    0x00, 0xFF, 0xFF, 0xFF, 0xFF, 0xFF, 0xFF, 0xFF, 0x06, 0xFF, 0x60, 0x07, 0xF0, 0x0F, 0xFE, 0x0F,
    0xFF, 0x8F, 0x83, 0xE7, 0x80, 0xF7, 0xC0, 0x7F, 0xC0, 0x1F, 0xE0, 0x0F, 0xF0, 0x07, 0xF8, 0x03,
    0xFC, 0x01, 0xFE, 0x00, 0xFF, 0x80, 0xFB, 0xC0, 0x79, 0xF0, 0x7C, 0x7F, 0xFC, 0x1F, 0xFC, 0x03,
    0xF8, 0x00, 0x00, 0x00, 0x18, 0x00, 0x1E, 0x00, 0x0F, 0x00, 0x03, 0x00, 0x0F, 0x81, 0xFF, 0x1F,
    0xFC, 0xF1, 0xEF, 0x07, 0xF8, 0x3F, 0xC1, 0xFE, 0x0F, 0xF0, 0x7F, 0x83, 0xDE, 0x3C, 0xFF, 0xE3,
    0xFE, 0x07, 0xC0, 0x00, 0x00, 0x60, 0x07, 0x80, 0x3C, 0x00, 0xC0, 0x03, 0xC0, 0x01, 0xF0, 0x00,
    0x38, 0x00, 0x18, 0x00, 0x00, 0x00, 0x00, 0x00, 0x1F, 0xC0, 0x3F, 0xF8, 0x3F, 0xFE, 0x3E, 0x0F,
    0x9E, 0x03, 0xDF, 0x01, 0xFF, 0x00, 0x7F, 0x80, 0x3F, 0xC0, 0x1F, 0xE0, 0x0F, 0xF0, 0x07, 0xF8,
    0x03, 0xFE, 0x03, 0xEF, 0x01, 0xE7, 0xC1, 0xF1, 0xFF, 0xF0, 0x7F, 0xF0, 0x0F, 0xE0, 0x0F, 0x00,
    0x7C, 0x00, 0xE0, 0x06, 0x00, 0x00, 0x00, 0x00, 0x3E, 0x07, 0xFC, 0x7F, 0xF3, 0xC7, 0xBC, 0x1F,
    0xE0, 0xFF, 0x07, 0xF8, 0x3F, 0xC1, 0xFE, 0x0F, 0x78, 0xF3, 0xFF, 0x8F, 0xF8, 0x1F, 0x00, 0x00,
    0x0E, 0x00, 0x0E, 0x00, 0x06, 0x00, 0x00, 0x00, 0x1C, 0x00, 0x1F, 0x00, 0x1F, 0xC0, 0x1E, 0xF0,
    0x0E, 0x38, 0x00, 0x00, 0x01, 0xFC, 0x03, 0xFF, 0x83, 0xFF, 0xE3, 0xE0, 0xF9, 0xE0, 0x3D, 0xF0,
    0x1F, 0xF0, 0x07, 0xF8, 0x03, 0xFC, 0x01, 0xFE, 0x00, 0xFF, 0x00, 0x7F, 0x80, 0x3F, 0xE0, 0x3E,
    0xF0, 0x1E, 0x7C, 0x1F, 0x1F, 0xFF, 0x07, 0xFF, 0x00, 0xFE, 0x00, 0x00, 0x70, 0x03, 0x80, 0x38,
    0x00, 0x00, 0x70, 0x07, 0xC0, 0x77, 0x07, 0xBC, 0x38, 0xE0, 0x00, 0x03, 0xE0, 0x7F, 0xC7, 0xFF,
    0x3C, 0x7B, 0xC1, 0xFE, 0x0F, 0xF0, 0x7F, 0x83, 0xFC, 0x1F, 0xE0, 0xF7, 0x8F, 0x3F, 0xF8, 0xFF,
    0x81, 0xF0, 0x00, 0x38, 0x00, 0x1C, 0x00, 0x07, 0x00, 0x00, 0x00, 0x1C, 0x00, 0x1F, 0x00, 0x1F,
    0xC0, 0x1E, 0xF0, 0x0E, 0x38, 0x00, 0x00, 0x01, 0xFC, 0x03, 0xFF, 0x83, 0xFF, 0xE3, 0xE0, 0xF9,
    0xE0, 0x3D, 0xF0, 0x1F, 0xF0, 0x07, 0xF8, 0x03, 0xFC, 0x01, 0xFE, 0x00, 0xFF, 0x00, 0x7F, 0x80,
    0x3F, 0xE0, 0x3E, 0xF0, 0x1E, 0x7C, 0x1F, 0x1F, 0xFF, 0x07, 0xFF, 0x00, 0xFE, 0x00, 0x01, 0xC0,
    0x07, 0x00, 0x18, 0x00, 0x00, 0x70, 0x07, 0xC0, 0x77, 0x07, 0xBC, 0x38, 0xE0, 0x00, 0x03, 0xE0,
    0x7F, 0xC7, 0xFF, 0x3C, 0x7B, 0xC1, 0xFE, 0x0F, 0xF0, 0x7F, 0x83, 0xFC, 0x1F, 0xE0, 0xF7, 0x8F,
    0x3F, 0xF8, 0xFF, 0x81, 0xF0, 0x00, 0x78, 0x00, 0x3C, 0x00, 0x06, 0x00, 0x02, 0x00, 0x00, 0x00,
    0x1F, 0x00, 0x1F, 0xC0, 0x1E, 0xE0, 0x0E, 0x38, 0x00, 0x00, 0x01, 0xFC, 0x03, 0xFF, 0x83, 0xFF,
    0xE3, 0xE0, 0xF9, 0xE0, 0x3D, 0xF0, 0x1F, 0xF0, 0x07, 0xF8, 0x03, 0xFC, 0x01, 0xFE, 0x00, 0xFF,
    0x00, 0x7F, 0x80, 0x3F, 0xE0, 0x3E, 0xF0, 0x1E, 0x7C, 0x1F, 0x1F, 0xFF, 0x07, 0xFF, 0x00, 0xFE,
    0x00, 0x01, 0xC0, 0x0F, 0x00, 0x18, 0x00, 0x80, 0x00, 0x07, 0xC0, 0x3E, 0x03, 0xB8, 0x38, 0xE0,
    0x00, 0x03, 0xE0, 0x7F, 0xC7, 0xFF, 0x3C, 0x7B, 0xC1, 0xFE, 0x0F, 0xF0, 0x7F, 0x83, 0xFC, 0x1F,
    0xE0, 0xF7, 0x8F, 0x3F, 0xF8, 0xFF, 0x81, 0xF0, 0x07, 0x98, 0x07, 0xFC, 0x03, 0x3C, 0x00, 0x00,
    0x00, 0x1C, 0x00, 0x1F, 0x00, 0x1F, 0xC0, 0x1E, 0xF0, 0x0E, 0x38, 0x00, 0x00, 0x01, 0xFC, 0x03,
    0xFF, 0x83, 0xFF, 0xE3, 0xE0, 0xF9, 0xE0, 0x3D, 0xF0, 0x1F, 0xF0, 0x07, 0xF8, 0x03, 0xFC, 0x01,
    0xFE, 0x00, 0xFF, 0x00, 0x7F, 0x80, 0x3F, 0xE0, 0x3E, 0xF0, 0x1E, 0x7C, 0x1F, 0x1F, 0xFF, 0x07,
    0xFF, 0x00, 0xFE, 0x00, 0x0C, 0x60, 0xF7, 0x0E, 0xF0, 0x63, 0x00, 0x00, 0x03, 0x80, 0x3E, 0x03,
    0xB8, 0x38, 0xE0, 0x00, 0x03, 0xE0, 0x7F, 0xC7, 0xFF, 0x3C, 0x7B, 0xC1, 0xFE, 0x0F, 0xF0, 0x7F,
    0x83, 0xFC, 0x1F, 0xE0, 0xF7, 0x8F, 0x3F, 0xF8, 0xFF, 0x81, 0xF0, 0x00, 0xC0, 0x01, 0xF0, 0x01,
    0xFC, 0x01, 0xE7, 0x00, 0x00, 0x00, 0x00, 0x00, 0x00, 0x00, 0x0F, 0xE0, 0x1F, 0xFC, 0x1F, 0xFF,
    0x1F, 0x07, 0xCF, 0x01, 0xEF, 0x80, 0xFF, 0x80, 0x3F, 0xC0, 0x1F, 0xE0, 0x0F, 0xF0, 0x07, 0xF8,
    0x03, 0xFC, 0x01, 0xFF, 0x01, 0xF7, 0x80, 0xF3, 0xE0, 0xF8, 0xFF, 0xF8, 0x3F, 0xF8, 0x07, 0xF0,
    0x00, 0x00, 0x00, 0x30, 0x00, 0x3C, 0x00, 0x1E, 0x00, 0x06, 0x00, 0x07, 0x80, 0x7E, 0x07, 0x30,
    0x70, 0xC0, 0x00, 0x00, 0x00, 0x3E, 0x07, 0xFC, 0x7F, 0xF3, 0xC7, 0xBC, 0x1F, 0xE0, 0xFF, 0x07,
    0xF8, 0x3F, 0xC1, 0xFE, 0x0F, 0x78, 0xF3, 0xFF, 0x8F, 0xF8, 0x1F, 0x00, 0x00, 0x01, 0x80, 0x1E,
    0x00, 0xF0, 0x03, 0x00, 0x00, 0x70, 0x00, 0x70, 0x00, 0x38, 0x00, 0x38, 0xF0, 0x00, 0x78, 0x00,
    0x3C, 0x1F, 0xFE, 0x3F, 0xFF, 0x3F, 0xFF, 0x3F, 0xFF, 0x9F, 0x07, 0xDF, 0x01, 0xFF, 0x00, 0x7F,
    0x80, 0x3F, 0xC0, 0x1F, 0xE0, 0x0F, 0xF0, 0x07, 0xF8, 0x03, 0xFC, 0x01, 0xEF, 0x01, 0xE7, 0xC1,
    0xF1, 0xFF, 0xF0, 0x7F, 0xF0, 0x0F, 0xE0, 0x01, 0xC0, 0x0E, 0x00, 0x38, 0x01, 0xC7, 0x00, 0x1C,
    0x00, 0x70, 0xFF, 0xCF, 0xFE, 0x7F, 0xF1, 0xE3, 0xCF, 0x07, 0xBC, 0x1E, 0xF0, 0x7B, 0xC1, 0xEF,
    0x07, 0xBC, 0x1E, 0x78, 0xF1, 0xFF, 0xC3, 0xFE, 0x03, 0xE0, 0x07, 0x00, 0x01, 0xC0, 0x00, 0xE0,
    0x00, 0x38, 0xF0, 0x00, 0x78, 0x00, 0x3C, 0x1F, 0xFE, 0x3F, 0xFF, 0x3F, 0xFF, 0x3F, 0xFF, 0x9F,
    0x07, 0xDF, 0x01, 0xFF, 0x00, 0x7F, 0x80, 0x3F, 0xC0, 0x1F, 0xE0, 0x0F, 0xF0, 0x07, 0xF8, 0x03,
    0xFC, 0x01, 0xEF, 0x01, 0xE7, 0xC1, 0xF1, 0xFF, 0xF0, 0x7F, 0xF0, 0x0F, 0xE0, 0x1C, 0x00, 0x38,
    0x00, 0xE0, 0x01, 0xC7, 0x00, 0x1C, 0x00, 0x70, 0xFF, 0xCF, 0xFE, 0x7F, 0xF1, 0xE3, 0xCF, 0x07,
    0xBC, 0x1E, 0xF0, 0x7B, 0xC1, 0xEF, 0x07, 0xBC, 0x1E, 0x78, 0xF1, 0xFF, 0xC3, 0xFE, 0x03, 0xE0,
    0x03, 0xC0, 0x01, 0xF0, 0x00, 0x38, 0x00, 0x18, 0xF0, 0x00, 0x78, 0x00, 0x3C, 0x1F, 0xFE, 0x3F,
    0xFF, 0x3F, 0xFF, 0x3F, 0xFF, 0x9F, 0x07, 0xDF, 0x01, 0xFF, 0x00, 0x7F, 0x80, 0x3F, 0xC0, 0x1F,
    0xE0, 0x0F, 0xF0, 0x07, 0xF8, 0x03, 0xFC, 0x01, 0xEF, 0x01, 0xE7, 0xC1, 0xF1, 0xFF, 0xF0, 0x7F,
    0xF0, 0x0F, 0xE0, 0x0F, 0x00, 0x3E, 0x00, 0x38, 0x00, 0xC7, 0x00, 0x1C, 0x00, 0x70, 0xFF, 0xCF,
    0xFE, 0x7F, 0xF1, 0xE3, 0xCF, 0x07, 0xBC, 0x1E, 0xF0, 0x7B, 0xC1, 0xEF, 0x07, 0xBC, 0x1E, 0x78,
    0xF1, 0xFF, 0xC3, 0xFE, 0x03, 0xE0, 0x00, 0x00, 0x03, 0xCC, 0x03, 0xFE, 0x01, 0xDE, 0x00, 0x00,
    0x78, 0x00, 0x3C, 0x00, 0x1E, 0x0F, 0xFF, 0x1F, 0xFF, 0x9F, 0xFF, 0x9F, 0xFF, 0xCF, 0x83, 0xEF,
    0x80, 0xFF, 0x80, 0x3F, 0xC0, 0x1F, 0xE0, 0x0F, 0xF0, 0x07, 0xF8, 0x03, 0xFC, 0x01, 0xFE, 0x00,
    0xF7, 0x80, 0xF3, 0xE0, 0xF8, 0xFF, 0xF8, 0x3F, 0xF8, 0x07, 0xF0, 0x00, 0x0F, 0xC0, 0x7E, 0x00,
    0x01, 0xC0, 0x07, 0x0F, 0xFC, 0xFF, 0xE7, 0xFF, 0x1E, 0x3C, 0xF0, 0x7B, 0xC1, 0xEF, 0x07, 0xBC,
    0x1E, 0xF0, 0x7B, 0xC1, 0xE7, 0x8F, 0x1F, 0xFC, 0x3F, 0xE0, 0x3E, 0x00, 0x00, 0x03, 0x80, 0x03,
    0xC0, 0x01, 0xE0, 0x00, 0xF0, 0x7F, 0xF8, 0xFF, 0xFC, 0xFF, 0xFC, 0xFF, 0xFE, 0x7C, 0x1F, 0x7C,
    0x07, 0xFC, 0x01, 0xFE, 0x00, 0xFF, 0x00, 0x7F, 0x80, 0x3F, 0xC0, 0x1F, 0xE0, 0x0F, 0xF0, 0x07,
    0xBC, 0x07, 0x9F, 0x07, 0xC7, 0xFF, 0xC1, 0xFF, 0xC0, 0x3F, 0x80, 0x00, 0x00, 0x01, 0x80, 0x01,
    0xE0, 0x00, 0xF0, 0x00, 0x30, 0x00, 0x00, 0x1C, 0x00, 0x70, 0x01, 0xC0, 0x07, 0x0F, 0xFC, 0xFF,
    0xE7, 0xFF, 0x1E, 0x3C, 0xF0, 0x7B, 0xC1, 0xEF, 0x07, 0xBC, 0x1E, 0xF0, 0x7B, 0xC1, 0xE7, 0x8F,
    0x1F, 0xFC, 0x3F, 0xE0, 0x3E, 0x00, 0x00, 0x00, 0xC0, 0x07, 0x80, 0x1E, 0x00, 0x30, 0x00, 0xF0,
    0x1F, 0xE0, 0x3F, 0xC0, 0x7F, 0x80, 0xFF, 0x01, 0xFE, 0x03, 0xFC, 0x07, 0xF8, 0x0F, 0xF0, 0x1F,
    0xE0, 0x3F, 0xC0, 0x7F, 0x80, 0xFF, 0x01, 0xFE, 0x03, 0xDF, 0x1F, 0x3F, 0xFE, 0x3F, 0xF8, 0x1F,
    0xC0, 0x00, 0x00, 0x0C, 0x00, 0x3C, 0x00, 0x78, 0x00, 0x60, 0x00, 0xF0, 0xF7, 0x87, 0xBC, 0x3D,
    0xE1, 0xEF, 0x0F, 0x78, 0x7B, 0xC3, 0xDE, 0x1E, 0xF0, 0xF7, 0x87, 0xBE, 0x7D, 0xFF, 0xE7, 0xFF,
    0x1F, 0x78, 0x00, 0x00, 0xC0, 0x0F, 0x00, 0x78, 0x01, 0x80, 0x07, 0x80, 0x0F, 0x80, 0x07, 0x00,
    0x1C, 0x00, 0x00, 0x00, 0x00, 0x3C, 0x07, 0xF8, 0x0F, 0xF0, 0x1F, 0xE0, 0x3F, 0xC0, 0x7F, 0x80,
    0xFF, 0x01, 0xFE, 0x03, 0xFC, 0x07, 0xF8, 0x0F, 0xF0, 0x1F, 0xE0, 0x3F, 0xC0, 0x7F, 0x80, 0xF7,
    0xC7, 0xCF, 0xFF, 0x8F, 0xFE, 0x07, 0xF0, 0x0F, 0x00, 0x7C, 0x00, 0xC0, 0x0E, 0x00, 0x00, 0x00,
    0x03, 0xC1, 0xFE, 0x0F, 0xF0, 0x7F, 0x83, 0xFC, 0x1F, 0xE0, 0xFF, 0x07, 0xF8, 0x3F, 0xC1, 0xFE,
    0x0F, 0xF8, 0xFF, 0xFF, 0xDF, 0xDE, 0x7C, 0xF0, 0x00, 0xE0, 0x00, 0x70, 0x00, 0x1C, 0x00, 0x0E,
    0x0F, 0x00, 0x03, 0xC0, 0x00, 0xFF, 0x01, 0xFF, 0xC0, 0x7E, 0xF0, 0x1F, 0xBC, 0x07, 0x8F, 0x01,
    0xE3, 0xC0, 0x78, 0xF0, 0x1E, 0x3C, 0x07, 0x8F, 0x01, 0xE3, 0xC0, 0x78, 0xF0, 0x1E, 0x3C, 0x07,
    0x8F, 0x01, 0xE3, 0xC0, 0x78, 0x7C, 0x7C, 0x1F, 0xFF, 0x03, 0xFF, 0x80, 0x3F, 0x80, 0x03, 0xC0,
    0x07, 0x00, 0x0E, 0x00, 0x38, 0x70, 0x00, 0xE0, 0x01, 0xFC, 0x1F, 0xF8, 0x3E, 0xF0, 0x79, 0xE0,
    0xF3, 0xC1, 0xE7, 0x83, 0xCF, 0x07, 0x9E, 0x0F, 0x3C, 0x1E, 0x78, 0x3C, 0xF8, 0xF9, 0xFF, 0xF1,
    0xFD, 0xE1, 0xF3, 0xC0, 0x0E, 0x00, 0x01, 0xC0, 0x00, 0x70, 0x00, 0x0E, 0x0F, 0x00, 0x03, 0xC0,
    0x00, 0xFF, 0x01, 0xFF, 0xC0, 0x7E, 0xF0, 0x1F, 0xBC, 0x07, 0x8F, 0x01, 0xE3, 0xC0, 0x78, 0xF0,
    0x1E, 0x3C, 0x07, 0x8F, 0x01, 0xE3, 0xC0, 0x78, 0xF0, 0x1E, 0x3C, 0x07, 0x8F, 0x01, 0xE3, 0xC0,
    0x78, 0x7C, 0x7C, 0x1F, 0xFF, 0x03, 0xFF, 0x80, 0x3F, 0x80, 0x1C, 0x00, 0x3C, 0x00, 0x38, 0x00,
    0x38, 0x70, 0x00, 0xE0, 0x01, 0xFC, 0x1F, 0xF8, 0x3E, 0xF0, 0x79, 0xE0, 0xF3, 0xC1, 0xE7, 0x83,
    0xCF, 0x07, 0x9E, 0x0F, 0x3C, 0x1E, 0x78, 0x3C, 0xF8, 0xF9, 0xFF, 0xF1, 0xFD, 0xE1, 0xF3, 0xC0,
    0x07, 0x80, 0x01, 0xF0, 0x00, 0x1C, 0x00, 0x0E, 0x0F, 0x00, 0x03, 0xC0, 0x00, 0xFF, 0x01, 0xFF,
    0xC0, 0x7E, 0xF0, 0x1F, 0xBC, 0x07, 0x8F, 0x01, 0xE3, 0xC0, 0x78, 0xF0, 0x1E, 0x3C, 0x07, 0x8F,
    0x01, 0xE3, 0xC0, 0x78, 0xF0, 0x1E, 0x3C, 0x07, 0x8F, 0x01, 0xE3, 0xC0, 0x78, 0x7C, 0x7C, 0x1F,
    0xFF, 0x03, 0xFF, 0x80, 0x3F, 0x80, 0x0F, 0x00, 0x1F, 0x00, 0x0C, 0x00, 0x38, 0x70, 0x00, 0xE0,
    0x01, 0xFC, 0x1F, 0xF8, 0x3E, 0xF0, 0x79, 0xE0, 0xF3, 0xC1, 0xE7, 0x83, 0xCF, 0x07, 0x9E, 0x0F,
    0x3C, 0x1E, 0x78, 0x3C, 0xF8, 0xF9, 0xFF, 0xF1, 0xFD, 0xE1, 0xF3, 0xC0, 0x00, 0x00, 0x03, 0xDC,
    0x01, 0xFF, 0x00, 0x77, 0x80, 0x00, 0x03, 0xC0, 0x00, 0xF0, 0x00, 0x3F, 0xC0, 0x7F, 0xF0, 0x1F,
    0xBC, 0x07, 0xEF, 0x01, 0xE3, 0xC0, 0x78, 0xF0, 0x1E, 0x3C, 0x07, 0x8F, 0x01, 0xE3, 0xC0, 0x78,
    0xF0, 0x1E, 0x3C, 0x07, 0x8F, 0x01, 0xE3, 0xC0, 0x78, 0xF0, 0x1E, 0x1F, 0x1F, 0x07, 0xFF, 0xC0,
    0xFF, 0xE0, 0x0F, 0xE0, 0x00, 0x00, 0x00, 0x3D, 0xC0, 0xFF, 0x81, 0x9E, 0x70, 0x00, 0xE0, 0x01,
    0xFC, 0x1F, 0xF8, 0x3E, 0xF0, 0x79, 0xE0, 0xF3, 0xC1, 0xE7, 0x83, 0xCF, 0x07, 0x9E, 0x0F, 0x3C,
    0x1E, 0x78, 0x3C, 0xF8, 0xF9, 0xFF, 0xF1, 0xFD, 0xE1, 0xF3, 0xC0, 0x00, 0x03, 0x80, 0x00, 0xF0,
    0x00, 0x3C, 0x00, 0x0F, 0xF0, 0x1F, 0xFC, 0x07, 0xEF, 0x01, 0xFB, 0xC0, 0x78, 0xF0, 0x1E, 0x3C,
    0x07, 0x8F, 0x01, 0xE3, 0xC0, 0x78, 0xF0, 0x1E, 0x3C, 0x07, 0x8F, 0x01, 0xE3, 0xC0, 0x78, 0xF0,
    0x1E, 0x3C, 0x07, 0x87, 0xC7, 0xC1, 0xFF, 0xF0, 0x3F, 0xF8, 0x03, 0xF8, 0x00, 0x00, 0x00, 0x06,
    0x00, 0x03, 0xC0, 0x00, 0xF0, 0x00, 0x18, 0x00, 0x00, 0x0E, 0x00, 0x1C, 0x00, 0x38, 0x00, 0x7F,
    0x07, 0xFE, 0x0F, 0xBC, 0x1E, 0x78, 0x3C, 0xF0, 0x79, 0xE0, 0xF3, 0xC1, 0xE7, 0x83, 0xCF, 0x07,
    0x9E, 0x0F, 0x3E, 0x3E, 0x7F, 0xFC, 0x7F, 0x78, 0x7C, 0xF0, 0x00, 0x00, 0x30, 0x00, 0xF0, 0x01,
    0xE0, 0x01, 0x80, 0x00, 0x0F, 0x00, 0x03, 0x80, 0x00, 0xE0, 0x00, 0x38, 0x00, 0x00, 0x03, 0xC0,
    0x79, 0xF0, 0x3C, 0x78, 0x3C, 0x3E, 0x1E, 0x0F, 0x1E, 0x03, 0xCF, 0x01, 0xEF, 0x00, 0x7F, 0x00,
    0x3F, 0x80, 0x0F, 0x80, 0x03, 0xC0, 0x01, 0xC0, 0x00, 0xE0, 0x00, 0x70, 0x00, 0x38, 0x00, 0x1C,
    0x00, 0x0E, 0x00, 0x07, 0x00, 0x1C, 0x00, 0x3C, 0x00, 0x38, 0x00, 0x38, 0x00, 0x30, 0x00, 0x00,
    0x3C, 0x07, 0x3C, 0x1E, 0x78, 0x38, 0x70, 0xF0, 0xF1, 0xE1, 0xE3, 0x81, 0xEF, 0x03, 0xDE, 0x03,
    0xB8, 0x07, 0xF0, 0x0F, 0xC0, 0x0F, 0x80, 0x1F, 0x00, 0x1C, 0x00, 0x78, 0x00, 0xE0, 0x07, 0xC0,
    0x0F, 0x00, 0x1C, 0x00, 0xF8, 0x07, 0x9F, 0x03, 0xE3, 0xC0, 0xF0, 0xF8, 0x78, 0x1E, 0x1E, 0x07,
    0xCF, 0x00, 0xF7, 0xC0, 0x1F, 0xE0, 0x07, 0xF0, 0x00, 0xFC, 0x00, 0x3E, 0x00, 0x07, 0x80, 0x01,
    0xE0, 0x00, 0x78, 0x00, 0x1E, 0x00, 0x07, 0x80, 0x01, 0xE0, 0x00, 0x78, 0x00, 0x00, 0x00, 0x03,
    0x00, 0x01, 0xE0, 0x00, 0x78, 0x00, 0x0C, 0x00, 0x78, 0x1E, 0xF0, 0x78, 0xF0, 0xF1, 0xE1, 0xE3,
    0xC7, 0x83, 0xCF, 0x07, 0x9C, 0x07, 0x78, 0x0E, 0xF0, 0x1F, 0xC0, 0x1F, 0x80, 0x3F, 0x00, 0x7C,
    0x00, 0x78, 0x00, 0xE0, 0x0F, 0xCC, 0x3F, 0xBC, 0x7E, 0x78, 0xF8, 0x60, 0x03, 0xC0, 0x00, 0xF8,
    0x00, 0x0E, 0x00, 0x03, 0x00, 0x00, 0x00, 0x00, 0x00, 0x07, 0x80, 0x79, 0xF0, 0x3E, 0x3C, 0x0F,
    0x0F, 0x87, 0x81, 0xE1, 0xE0, 0x7C, 0xF0, 0x0F, 0x7C, 0x01, 0xFE, 0x00, 0x7F, 0x00, 0x0F, 0xC0,
    0x03, 0xE0, 0x00, 0x78, 0x00, 0x1E, 0x00, 0x07, 0x80, 0x01, 0xE0, 0x00, 0x78, 0x00, 0x1E, 0x00,
    0x07, 0x80, 0x07, 0x80, 0x0F, 0x00, 0x06, 0x00, 0x1C, 0x00, 0x00, 0x00, 0x00, 0x3C, 0x0F, 0x3C,
    0x1E, 0x78, 0x38, 0xF0, 0xF0, 0xF1, 0xE1, 0xE3, 0x83, 0xCF, 0x03, 0x9E, 0x07, 0xB8, 0x07, 0xF0,
    0x0F, 0xE0, 0x1F, 0x80, 0x1F, 0x00, 0x3C, 0x00, 0x78, 0x00, 0xF0, 0x0F, 0xC0, 0x1F, 0x00, 0x7C,
    0x00, 0x07, 0x98, 0x01, 0xFE, 0x00, 0xEF, 0x00, 0x00, 0x00, 0x00, 0x00, 0x00, 0x00, 0x0F, 0x80,
    0x79, 0xE0, 0x3E, 0x3C, 0x0F, 0x0F, 0x87, 0x81, 0xE1, 0xE0, 0x7C, 0xF0, 0x0F, 0x7C, 0x01, 0xFE,
    0x00, 0x7F, 0x00, 0x0F, 0xC0, 0x03, 0xE0, 0x00, 0x78, 0x00, 0x1E, 0x00, 0x07, 0x80, 0x01, 0xE0,
    0x00, 0x78, 0x00, 0x1E, 0x00, 0x07, 0x80, 0x00, 0x00, 0x1E, 0xE0, 0x7F, 0x80, 0xCF, 0x00, 0x00,
    0x00, 0x00, 0x3C, 0x0F, 0x3C, 0x1E, 0x78, 0x3C, 0xF0, 0xF0, 0xF1, 0xE1, 0xE3, 0x83, 0xCF, 0x03,
    0x9E, 0x07, 0xB8, 0x0F, 0xF0, 0x0F, 0xE0, 0x1F, 0x80, 0x1F, 0x00, 0x3C, 0x00, 0x78, 0x00, 0xF0,
    0x0F, 0xC0, 0x3F, 0x00, 0x7C, 0x00, 0xFF, 0xFF, 0xFF, 0xFF, 0xFF, 0xFF, 0xFF, 0xFF, 0xFF, 0xFF,
    0xF0, 0xFF, 0xFF, 0xFF, 0xFF, 0xF0, 0xFF, 0xFF, 0xFF, 0xFF, 0xFF, 0xFF, 0xE0, 0xFF, 0xFF, 0xFF,
    0xFF, 0xFF, 0xFF, 0xFF, 0xFF, 0xFF, 0xE0, 0xF7, 0xFB, 0xFD, 0xFE, 0xFF, 0x7F, 0xBF, 0xDF, 0xEF,
    0xF7, 0xFB, 0xFD, 0xFE, 0xFF, 0x7F, 0xBF, 0xDF, 0xEF, 0xF7, 0xFB, 0xFD, 0xFE, 0xFF, 0x7F, 0xBF,
    0xDF, 0xEF, 0xF7, 0xFB, 0xFD, 0xFE, 0xFF, 0x7F, 0xBC, 0xFF, 0xFF, 0xFC, 0x00, 0x7F, 0xFF, 0xFE,
    0x31, 0x9D, 0xEE, 0x73, 0x80, 0x73, 0x9C, 0xE7, 0x73, 0x00, 0x73, 0x9C, 0xE7, 0x73, 0x00, 0xF7,
    0x9C, 0xE7, 0x3C, 0xE7, 0x31, 0x8C, 0x67, 0x3B, 0xDE, 0xE7, 0x39, 0xCE, 0x70, 0x73, 0x9C, 0xE7,
    0x39, 0xCE, 0x73, 0xB9, 0xCC, 0x60, 0x73, 0x9C, 0xE7, 0x39, 0xCE, 0x73, 0xB9, 0xCC, 0x60, 0xF3,
    0x9E, 0x79, 0xCF, 0x39, 0xE7, 0x1C, 0xF3, 0x8E, 0x71, 0xC6, 0x07, 0x00, 0x70, 0x07, 0x00, 0x70,
    0xFF, 0xFF, 0xFF, 0xFF, 0xF0, 0x70, 0x07, 0x00, 0x70, 0x07, 0x00, 0x70, 0x07, 0x00, 0x70, 0x07,
    0x00, 0x70, 0x07, 0x00, 0x70, 0x07, 0x00, 0x70, 0x07, 0x00, 0x70, 0x07, 0x00, 0x07, 0x00, 0x70,
    0x07, 0x00, 0x70, 0xFF, 0xFF, 0xFF, 0xFF, 0xF0, 0x70, 0x07, 0x00, 0x70, 0x07, 0x00, 0x70, 0x07,
    0x00, 0x70, 0x07, 0x0F, 0xFF, 0xFF, 0xFF, 0xFF, 0x07, 0x00, 0x70, 0x07, 0x00, 0x70, 0x07, 0x00,
    0x3C, 0xFB, 0xFF, 0xFF, 0xEF, 0x8F, 0x00, 0x01, 0x83, 0x87, 0xCF, 0xDF, 0x3C, 0x60, 0x00, 0x6F,
    0xF6, 0x60, 0x6F, 0x0F, 0xF0, 0xF6, 0x06, 0x60, 0x60, 0x6F, 0x0F, 0x0F, 0xF0, 0xF0, 0xF6, 0x06,
    0x06, 0x6F, 0xF6, 0x3E, 0x03, 0x80, 0x01, 0xFC, 0x1E, 0x00, 0x0F, 0xF0, 0x70, 0x00, 0x3D, 0xC3,
    0x80, 0x00, 0xF7, 0x1E, 0x00, 0x03, 0xFC, 0x70, 0x00, 0x07, 0xF3, 0x80, 0x00, 0x0F, 0x9E, 0x00,
    0x00, 0x00, 0x70, 0x00, 0x00, 0x03, 0x8F, 0x07, 0xC0, 0x1E, 0xFE, 0x3F, 0x80, 0x73, 0xFD, 0xFF,
    0x03, 0x8E, 0xF7, 0xBC, 0x1E, 0x39, 0xDC, 0x70, 0x70, 0xEF, 0x7B, 0xC3, 0x83, 0xFD, 0xFF, 0x1E,
    0x0F, 0xE3, 0xF8, 0x70, 0x0F, 0x07, 0xC0, 0x3C, 0x01, 0xC0, 0x00, 0x00, 0x7E, 0x01, 0x80, 0x00,
    0x00, 0xE7, 0x03, 0x00, 0x00, 0x00, 0xE7, 0x06, 0x00, 0x00, 0x00, 0xE7, 0x0E, 0x00, 0x00, 0x00,
    0xE7, 0x0C, 0x00, 0x00, 0x00, 0x7E, 0x18, 0x00, 0x00, 0x00, 0x3C, 0x38, 0x00, 0x00, 0x00, 0x00,
    0x30, 0x00, 0x00, 0x00, 0x00, 0x61, 0xE0, 0xF0, 0x7C, 0x00, 0xE3, 0xF1, 0xF8, 0xFE, 0x00, 0xC7,
    0xFB, 0xFD, 0xEF, 0x01, 0x87, 0x3B, 0x9D, 0xC7, 0x03, 0x07, 0x3B, 0x9D, 0xC7, 0x07, 0x07, 0x3B,
    0x9D, 0xC7, 0x06, 0x07, 0x3B, 0xDD, 0xEF, 0x0C, 0x03, 0xF1, 0xF8, 0xFE, 0x1C, 0x01, 0xE0, 0xF0,
    0x7C, 0x73, 0x9C, 0xE7, 0x73, 0x80, 0x70, 0xE7, 0x0E, 0x70, 0xE7, 0x1E, 0x71, 0xCE, 0x1C, 0xE1,
    0xC0, 0x70, 0xE1, 0xCE, 0x1C, 0x79, 0xC3, 0x8F, 0x38, 0xF1, 0xC7, 0x1C, 0x39, 0xC3, 0x87, 0x38,
    0x70, 0xE0, 0xF3, 0x9C, 0xE7, 0x18, 0xC0, 0xF1, 0xE7, 0x1E, 0x70, 0xE7, 0x0E, 0x70, 0xE3, 0x0E,
    0x30, 0x60, 0xF1, 0xE3, 0xCE, 0x3C, 0x79, 0xC3, 0x87, 0x38, 0x70, 0xE7, 0x0E, 0x1C, 0x61, 0xC3,
    0x8C, 0x18, 0x70, 0x06, 0x00, 0xF0, 0x1F, 0x83, 0x98, 0x71, 0xC7, 0x0E, 0x00, 0x31, 0xCF, 0x7B,
    0xCE, 0x38, 0xF9, 0xE3, 0xC3, 0x04, 0x00, 0x02, 0x0C, 0x38, 0xF9, 0xE3, 0xCF, 0x7B, 0xCE, 0x30,
    0x80, 0x00, 0x01, 0xC0, 0x01, 0xE0, 0x06, 0x77, 0x07, 0x87, 0x81, 0xE7, 0x80, 0x7F, 0x83, 0x9F,
    0x9D, 0xE7, 0xDE, 0xE7, 0xE7, 0x07, 0xF8, 0x07, 0x9E, 0x07, 0x87, 0x81, 0xDD, 0xC0, 0x1E, 0x40,
    0x07, 0x00, 0xF0, 0x7F, 0x83, 0xFC, 0x1F, 0xE0, 0xFF, 0x07, 0xF8, 0x3F, 0xC1, 0xFE, 0x0F, 0xF0,
    0x7F, 0x83, 0xFC, 0x1F, 0xE0, 0xF0, 0x00, 0x00, 0x01, 0x80, 0xDE, 0x0F, 0xF0, 0x7B, 0x01, 0x80,
    0x1F, 0x87, 0xFC, 0xFF, 0xEF, 0x1F, 0xF0, 0xF0, 0xCF, 0x0D, 0xE0, 0xFE, 0x0F, 0x80, 0xF0, 0x0E,
    0x00, 0xE0, 0x00, 0x00, 0x00, 0x0C, 0x01, 0xE0, 0x1E, 0x00, 0xC0, 0xFF, 0xFF, 0xFF, 0xFF, 0xF0,
    0x20, 0x00, 0x13, 0xE0, 0x0F, 0x8F, 0xFF, 0xFC, 0x3F, 0xFF, 0x80, 0x3F, 0xF0, 0x00, 0x03, 0xFE,
    0x00, 0x7F, 0xFE, 0x0F, 0xFF, 0xF8, 0xFC, 0x03, 0xE6, 0x00, 0x03, 0x00, 0x00, 0x00, 0x00, 0x80,
    0x1C, 0x07, 0x81, 0xE0, 0x38, 0x0F, 0x01, 0xC0, 0x78, 0x1F, 0x03, 0xE0, 0xFE, 0x1D, 0xC7, 0x9C,
    0x63, 0x00, 0x00, 0x01, 0x80, 0x07, 0xE0, 0x07, 0xE0, 0x0F, 0xF0, 0x0F, 0xE0, 0x07, 0xE0, 0x07,
    0xC0, 0x01, 0x80, 0x18, 0x18, 0x7E, 0x7E, 0x7E, 0x7E, 0xFF, 0xFF, 0x7E, 0xFE, 0x7E, 0x7E, 0x3C,
    0x3C, 0x00, 0x00, 0xFF, 0xFF, 0xF8, 0x00, 0x0F, 0x00, 0x1E, 0x00, 0x1C, 0x00, 0x3C, 0x00, 0x78,
    0x00, 0x70, 0x00, 0xF0, 0x01, 0xE0, 0x01, 0xC0, 0x03, 0xC0, 0x07, 0x80, 0x07, 0x00, 0x0F, 0x00,
    0x1E, 0x00, 0x1C, 0x00, 0x3C, 0x00, 0x78, 0x00, 0x70, 0x00, 0xFF, 0xFF, 0xFC, 0xF3, 0xCF, 0x3C,
    0xF3, 0xCF, 0xFF, 0xFF, 0xCF, 0x3C, 0xF3, 0xCF, 0x3C, 0xFF, 0xFF, 0xC0, 0xFF, 0xFF, 0xF8, 0xF1,
    0xE3, 0xC7, 0x8F, 0x1E, 0x3F, 0xFF, 0xFF, 0xE3, 0xC7, 0x8F, 0x1E, 0x3C, 0x78, 0xFF, 0xFF, 0xFF,
    0x80, 0x1F, 0x80, 0x7E, 0x1F, 0xF0, 0x7F, 0xC7, 0xFE, 0x1F, 0xFB, 0xE7, 0xCF, 0x9F, 0xF0, 0xF3,
    0xC3, 0xC0, 0x3C, 0x00, 0xF0, 0x1E, 0x00, 0x78, 0x0F, 0x80, 0x3E, 0x07, 0xC0, 0x1F, 0x03, 0xC0,
    0x0F, 0x00, 0xE0, 0x03, 0x80, 0x38, 0x00, 0xE0, 0x00, 0x00, 0x00, 0x00, 0x00, 0x00, 0x00, 0xC0,
    0x03, 0x00, 0x78, 0x01, 0xE0, 0x1E, 0x00, 0x78, 0x03, 0x00, 0x0C, 0x00, 0x1F, 0x81, 0xEF, 0xF8,
    0x3D, 0xFF, 0x87, 0xFC, 0xF8, 0xFF, 0x0F, 0x1E, 0x01, 0xE3, 0xC0, 0x7C, 0x78, 0x1F, 0x0F, 0x07,
    0xC1, 0xE1, 0xF0, 0x3C, 0x3C, 0x07, 0x87, 0x00, 0xF0, 0xE0, 0x1E, 0x00, 0x00, 0x03, 0x00, 0x30,
    0xF0, 0x0F, 0x1E, 0x01, 0xE1, 0x80, 0x18, 0xF0, 0x3F, 0x1E, 0x0F, 0xFB, 0xC3, 0xFF, 0xF8, 0xF8,
    0xFF, 0x1E, 0x1F, 0xE0, 0x03, 0xFC, 0x00, 0xFF, 0x80, 0x3E, 0xF0, 0x0F, 0x9E, 0x03, 0xE3, 0xC0,
    0x78, 0x78, 0x0F, 0x00, 0x00, 0x00, 0x00, 0x00, 0x18, 0x03, 0x07, 0x80, 0xF0, 0xF0, 0x1E, 0x0C,
    0x01, 0x80, 0xFF, 0xFF, 0xFF, 0xFC, 0x0F, 0x03, 0x80, 0xE0, 0x38, 0x0E, 0x03, 0x80, 0xE0, 0x38,
    0x0E, 0x07, 0x81, 0xE0, 0x70, 0x1C, 0x07, 0x01, 0xC0, 0x70, 0xFF, 0x8F, 0xFC, 0xFF, 0xEE, 0x7F,
    0xE7, 0xFE, 0x7F, 0xE7, 0xFE, 0x7F, 0xE7, 0xEE, 0x7E, 0xE7, 0xCE, 0x00, 0xE0, 0x0E, 0x00, 0xE0,
    0x0E, 0x00, 0xE0, 0x0E, 0x00, 0x1F, 0xEF, 0xFD, 0xF3, 0xFE, 0x7F, 0xCF, 0xF9, 0xFF, 0x3F, 0xE7,
    0x7C, 0xEF, 0xFC, 0x7F, 0x80, 0xFF, 0x1F, 0xFB, 0x9F, 0x73, 0xFE, 0x7F, 0xCF, 0xF9, 0xFF, 0x3F,
    0xE7, 0xDF, 0xFB, 0xFC, 0x00, 0x0C, 0x01, 0x81, 0xB7, 0x7F, 0xE3, 0xF0, 0x7E, 0x3F, 0xF3, 0x6E,
    0x0C, 0x01, 0x80, 0x67, 0xBC, 0xC0, 0x00, 0x00, 0x00, 0x3C, 0xE7, 0x39, 0xC6, 0x31, 0xC0, 0x03,
    0xFE, 0x00, 0xFF, 0xFE, 0x0F, 0xFF, 0xFC, 0xF8, 0x03, 0xE2, 0x00, 0x01, 0x00, 0x00, 0x00, 0x00,
    0x00, 0x00, 0x00, 0x00, 0x00, 0x00, 0x00, 0x00, 0x00, 0x00, 0x00, 0x00, 0x00, 0x00, 0x00, 0x00,
    0x00, 0x00, 0x00, 0x00, 0x00, 0x00, 0x00, 0x00, 0x00, 0x00, 0x00, 0x00, 0x00, 0x00, 0x00, 0x00,
    0x00, 0x00, 0x00, 0x02, 0x00, 0x01, 0x3E, 0x00, 0xF8, 0xFF, 0xFF, 0xC3, 0xFF, 0xF8, 0x03, 0xFF,
    0x00, 0x0C, 0x01, 0x81, 0xB7, 0x7F, 0xE3, 0xF0, 0x7E, 0x3F, 0xF3, 0x6E, 0x0C, 0x01, 0x80, 0x00,
    0x00, 0x00, 0xC0, 0x18, 0x1B, 0x77, 0xFE, 0x3F, 0x07, 0xE3, 0xFF, 0x36, 0xE0, 0xC0, 0x18, 0x00,
    0x00, 0x03, 0x1C, 0x01, 0xCF, 0x80, 0xE3, 0xE0, 0x70, 0xF8, 0x1C, 0x1C, 0x0E, 0x00, 0x07, 0x00,
    0x01, 0x80, 0x00, 0xE0, 0x00, 0x70, 0x00, 0x18, 0x00, 0x0E, 0x0E, 0x07, 0x07, 0xC3, 0x81, 0xF0,
    0xE0, 0x7C, 0x70, 0x0E, 0x38, 0x00, 0x0C, 0x00, 0x00, 0x1E, 0x00, 0x3F, 0xC0, 0x1F, 0xF8, 0xCC,
    0x7F, 0xE0, 0x0F, 0xF0, 0x01, 0xF0, 0x03, 0xFE, 0x00, 0xFF, 0xFE, 0x0F, 0xFF, 0xFC, 0xF8, 0x03,
    0xE2, 0x00, 0x03, 0x00, 0x07, 0x01, 0xBB, 0x1F, 0xFC, 0xFF, 0xE3, 0xFE, 0x7F, 0xFF, 0xFF, 0xFF,
    0xFF, 0x3F, 0xE3, 0xFF, 0x9F, 0xFC, 0x6E, 0xC0, 0x70, 0x00, 0x70, 0xE1, 0xC7, 0xB8, 0x71, 0xE3,
    0xDC, 0x38, 0xF1, 0xCE, 0x3C, 0x70, 0xE7, 0x1C, 0x38, 0x77, 0x0E, 0x1C, 0x3B, 0x87, 0x0E, 0x1C,
    0x00, 0x0F, 0xC7, 0xFB, 0xCF, 0xE1, 0xF8, 0x7E, 0x1F, 0x87, 0xF3, 0xDF, 0xE3, 0xF0, 0xFC, 0x7F,
    0xFF, 0xFF, 0x80, 0x0F, 0x0F, 0x87, 0xC7, 0xE7, 0x73, 0x3B, 0xFF, 0xFF, 0xFF, 0x83, 0x80, 0x00,
    0x1F, 0xE7, 0xF9, 0xC0, 0x7F, 0x1F, 0xE3, 0x3C, 0x07, 0xF3, 0xDF, 0xE3, 0xF0, 0x00, 0x0F, 0xC7,
    0xFB, 0xC7, 0xEF, 0x3F, 0xEF, 0x3F, 0x87, 0xF3, 0xDF, 0xE3, 0xF0, 0x00, 0x7F, 0xFF, 0xE0, 0xF0,
    0x70, 0x78, 0x38, 0x38, 0x3C, 0x1C, 0x1C, 0x00, 0x00, 0x1F, 0xBF, 0xFC, 0x7E, 0x3B, 0xF9, 0xFD,
    0xC7, 0xE3, 0xFF, 0xCF, 0x80, 0x3E, 0x1F, 0xEF, 0x3B, 0x87, 0xF3, 0xFF, 0xF7, 0xDC, 0x07, 0xF3,
    0x9F, 0xE3, 0xE0, 0x1C, 0x1C, 0x1C, 0xFF, 0xFF, 0x1C, 0x1C, 0x1C, 0x00, 0xFF, 0xFF, 0xFF, 0xFF,
    0x00, 0x00, 0xFF, 0xFF, 0x3B, 0x9D, 0xCE, 0x73, 0x9C, 0xE7, 0x1C, 0xE3, 0x80, 0xE3, 0x9C, 0xE3,
    0x9C, 0xE7, 0x3B, 0xDC, 0xEE, 0x00, 0xEF, 0x7F, 0xF9, 0xFC, 0x7E, 0x3F, 0x1F, 0x8F, 0xC7, 0x00,
    0x0F, 0xC7, 0xFB, 0xCF, 0xE1, 0xF8, 0x7E, 0x1F, 0x87, 0xF3, 0xDF, 0xE3, 0xF0, 0x3C, 0xFB, 0xF7,
    0xE9, 0xC3, 0x87, 0x0E, 0x1C, 0x38, 0x3E, 0x3F, 0xBF, 0xDC, 0xE0, 0xF0, 0xF0, 0xF1, 0xFE, 0xFF,
    0xFF, 0xC0, 0x3F, 0x1F, 0xE7, 0xF8, 0x0E, 0x0F, 0x03, 0xE7, 0x39, 0xFE, 0x7F, 0x8F, 0xC0, 0x0F,
    0x0F, 0x87, 0xC7, 0xE7, 0x73, 0x3B, 0xFF, 0xFF, 0xFF, 0x83, 0x80, 0x7F, 0x9F, 0xE7, 0x01, 0xFC,
    0x7F, 0x8C, 0xF0, 0x1F, 0xCF, 0x7F, 0x8F, 0xC0, 0x1F, 0x1F, 0xE7, 0x1F, 0xBC, 0xFF, 0xBC, 0xFE,
    0x1F, 0xCF, 0x7F, 0x8F, 0xC0, 0xFF, 0xFF, 0xC1, 0xE0, 0xE0, 0xF0, 0x70, 0x70, 0x78, 0x38, 0x38,
    0x00, 0x00, 0x1F, 0x3F, 0xFC, 0x7E, 0x3B, 0xF9, 0xFD, 0xC7, 0xE3, 0xFF, 0xCF, 0x80, 0x00, 0x0F,
    0xC7, 0xFB, 0xCE, 0xE1, 0xFC, 0xF7, 0xFC, 0xE7, 0xF3, 0x9F, 0xE3, 0xE0, 0x1C, 0x1C, 0x1C, 0xFF,
    0xFF, 0x1C, 0x1C, 0x1C, 0x00, 0xFF, 0xFF, 0xFF, 0xFF, 0x00, 0xFF, 0xFF, 0x00, 0x3B, 0x9D, 0xCE,
    0x73, 0x9C, 0xE3, 0x9C, 0x70, 0xE3, 0x9C, 0x73, 0x9C, 0xE7, 0x3B, 0x9D, 0xC0, 0x3E, 0x3F, 0xD8,
    0xE7, 0xF7, 0xFF, 0x1D, 0xFE, 0xFF, 0x3E, 0x3F, 0xB8, 0xFF, 0xFF, 0xFF, 0x11, 0xFE, 0x7C, 0x3E,
    0x3F, 0xBD, 0xFC, 0x7E, 0x3F, 0xBD, 0xFC, 0x7C, 0x71, 0xCF, 0x70, 0xFC, 0x0F, 0x83, 0xF0, 0x77,
    0x1C, 0xE3, 0x8E, 0x3E, 0x7F, 0x99, 0xE0, 0x7F, 0xFF, 0xFF, 0x8F, 0xCF, 0x7F, 0x1F, 0x00, 0xE0,
    0x70, 0x3B, 0xDF, 0xFE, 0x3F, 0x1F, 0x8F, 0xC7, 0xE3, 0xF1, 0xC0, 0xE0, 0x70, 0x39, 0xFD, 0xEF,
    0xE7, 0xE3, 0xF1, 0xFC, 0xEF, 0x73, 0xC0, 0xFF, 0xFF, 0xFF, 0xFC, 0xFE, 0xF3, 0xFF, 0xEE, 0x73,
    0xB9, 0xCE, 0xE7, 0x3B, 0x9C, 0xEE, 0x73, 0xB9, 0xCE, 0xEF, 0x7F, 0xF8, 0xFC, 0x7E, 0x3F, 0x1F,
    0x8F, 0xC7, 0xEF, 0x7F, 0xFD, 0xFC, 0x7E, 0x3F, 0xBF, 0xFD, 0xDC, 0xE0, 0x70, 0x00, 0x3F, 0x3F,
    0x9C, 0x0F, 0xE1, 0xF9, 0x1D, 0xFE, 0x7E, 0x38, 0x71, 0xFB, 0xF3, 0x87, 0x0E, 0x1C, 0x3E, 0x3C,
    0x1F, 0x80, 0x1F, 0xF0, 0x1F, 0xFC, 0x1F, 0x1E, 0x0F, 0x00, 0x07, 0x9F, 0xFF, 0xCF, 0xFF, 0xE7,
    0xFF, 0xF3, 0xC0, 0x7D, 0xE0, 0x1F, 0xFF, 0xC7, 0xFF, 0xE1, 0xFF, 0xF0, 0x1E, 0x00, 0x0F, 0x00,
    0x07, 0xFF, 0x03, 0xFF, 0x81, 0xFF, 0xC0, 0x00, 0x64, 0x00, 0x36, 0x00, 0x12, 0x00, 0xFF, 0x01,
    0xFF, 0xC1, 0xFF, 0xF1, 0xF2, 0xF8, 0xF3, 0x7E, 0xF9, 0x3F, 0x78, 0x90, 0x3C, 0xC8, 0x1E, 0x4C,
    0x0F, 0x24, 0x07, 0xB2, 0x03, 0xDB, 0x01, 0xF9, 0x1E, 0x7C, 0x8F, 0x3E, 0xDF, 0x0F, 0xFF, 0x83,
    0xFF, 0x81, 0xFF, 0x00, 0x98, 0x00, 0x48, 0x00, 0x07, 0xF0, 0x0F, 0xFC, 0x0F, 0xFF, 0x0F, 0x87,
    0xC7, 0x81, 0xF7, 0x80, 0x7B, 0xC0, 0x01, 0xE7, 0xBC, 0xF3, 0xFE, 0x79, 0xFE, 0x3C, 0xF8, 0x1E,
    0x78, 0x0F, 0xBC, 0xF3, 0xFE, 0xF9, 0xFF, 0xF8, 0x7F, 0xFC, 0x1F, 0xF8, 0x03, 0xF8, 0x00, 0x1F,
    0xFE, 0x3F, 0xFC, 0x7F, 0xF8, 0xF0, 0x01, 0xE0, 0x03, 0xC0, 0x07, 0x80, 0x0F, 0x00, 0x1F, 0xFC,
    0x3F, 0xF8, 0x7F, 0xF0, 0xF0, 0x01, 0xE0, 0x1F, 0xF0, 0x3F, 0xE0, 0x0F, 0x00, 0x1E, 0x00, 0x3C,
    0x00, 0x07, 0xE0, 0x3F, 0xC1, 0xFF, 0x8F, 0x8F, 0x3C, 0x38, 0xF0, 0x0F, 0xFC, 0x3F, 0xF8, 0x3C,
    0x00, 0xF0, 0x0F, 0xFE, 0x3F, 0xF0, 0x3C, 0x00, 0xF0, 0x07, 0x83, 0xFF, 0xFF, 0xFF, 0xFF, 0xFF,
    0xC0, 0x00, 0x00, 0x00, 0x03, 0x00, 0x00, 0xE0, 0x7B, 0xFF, 0xCF, 0xFF, 0xFD, 0xFF, 0xFF, 0xFE,
    0x7C, 0x7F, 0x87, 0x8F, 0xF0, 0xF1, 0xFE, 0x3E, 0x3F, 0xC7, 0xC7, 0xF8, 0xF8, 0xFF, 0x3F, 0x1F,
    0xE7, 0xE3, 0xFD, 0xFC, 0x7F, 0xBF, 0x8F, 0xF6, 0xF1, 0xE1, 0xC0, 0x00, 0x30, 0x00, 0x00, 0x3E,
    0x03, 0xC7, 0xC0, 0x78, 0xFC, 0x0F, 0x1F, 0xC1, 0xE3, 0xF8, 0x3C, 0x7F, 0x87, 0xBF, 0xFF, 0xFF,
    0xFF, 0xFF, 0x3C, 0xF3, 0xC7, 0x9E, 0x7B, 0xFF, 0xFF, 0xFF, 0xFF, 0xF3, 0xC3, 0xFC, 0x78, 0x3F,
    0x8F, 0x07, 0xF1, 0xE0, 0x7E, 0x3C, 0x07, 0xC7, 0x80, 0xF8, 0xFF, 0xC0, 0x00, 0xFF, 0xF0, 0x78,
    0xFF, 0xF8, 0x78, 0xF0, 0x78, 0x78, 0xF0, 0x3D, 0xFE, 0xF0, 0x3D, 0xFE, 0xF0, 0x3D, 0xFE, 0xF0,
    0x3C, 0x78, 0xF0, 0xF8, 0x78, 0xFF, 0xF8, 0x78, 0xFF, 0xF0, 0x78, 0xFF, 0xC0, 0x78, 0xF0, 0x00,
    0x78, 0xF0, 0x00, 0x78, 0xF0, 0x00, 0x78, 0xF0, 0x00, 0x7E, 0xF0, 0x00, 0x3E, 0xF0, 0x00, 0x1E,
    0xFF, 0xC0, 0x00, 0x1F, 0xFE, 0x00, 0x03, 0xFF, 0xE0, 0x00, 0x78, 0x3C, 0x00, 0x0F, 0x03, 0xC7,
    0xF1, 0xE0, 0x79, 0xFF, 0x3C, 0x0F, 0x7F, 0xF7, 0x83, 0xCF, 0x0E, 0xFF, 0xF9, 0xE0, 0x1F, 0xFE,
    0x3E, 0x03, 0xFF, 0x83, 0xFC, 0x78, 0xF0, 0x3F, 0xEF, 0x1F, 0x00, 0x7F, 0xE1, 0xE1, 0x83, 0xFC,
    0x3E, 0x78, 0xFF, 0x83, 0xCF, 0xFE, 0xF0, 0x7C, 0xFF, 0xDE, 0x07, 0x87, 0xE0, 0x78, 0x1E, 0x07,
    0x9E, 0x07, 0x81, 0xE7, 0x83, 0xF0, 0x78, 0xE0, 0xFC, 0x1C, 0x3C, 0x3F, 0x0F, 0x1F, 0xFF, 0xFF,
    0xE7, 0xFF, 0xFF, 0xF8, 0x71, 0xFE, 0x38, 0x7F, 0xFF, 0xFF, 0x9F, 0xFF, 0xFF, 0xE0, 0xEF, 0x3D,
    0xC0, 0x3F, 0x87, 0xF0, 0x0F, 0xE1, 0xFC, 0x03, 0xF8, 0x7F, 0x00, 0x7E, 0x1F, 0x80, 0x1F, 0x03,
    0xE0, 0x07, 0xC0, 0xF8, 0x01, 0xF0, 0x3C, 0x00, 0xFF, 0xF0, 0xFF, 0xFF, 0x8F, 0xFF, 0xFC, 0xFF,
    0x03, 0xCF, 0xF0, 0x3C, 0xFF, 0x7B, 0xCF, 0xF7, 0xBC, 0xFF, 0x7B, 0xCF, 0xF7, 0xBC, 0xFF, 0x78,
    0x0F, 0xF7, 0x80, 0xFF, 0x7F, 0xFE, 0xF7, 0xFF, 0xEF, 0x7F, 0xFC, 0x00, 0x78, 0x07, 0xFC, 0x0F,
    0xF8, 0x03, 0xC1, 0xF7, 0x87, 0xFF, 0x1F, 0xFE, 0x7C, 0x7C, 0xF0, 0x79, 0xE0, 0xF3, 0xC1, 0xE7,
    0x83, 0xCF, 0x07, 0x9E, 0x0F, 0x3E, 0x3E, 0x3F, 0xFC, 0x3F, 0xF8, 0x3E, 0xF0, 0x00, 0x00, 0x00,
    0x07, 0xFF, 0x8F, 0xFF, 0x1F, 0xFE, 0x00, 0x03, 0xF0, 0x0F, 0xFC, 0x1F, 0xFE, 0x3E, 0x1E, 0x3C,
    0x1F, 0xFF, 0xCE, 0xFF, 0xC0, 0xFF, 0xC0, 0x38, 0x00, 0xFF, 0xC0, 0xFF, 0xC0, 0xFF, 0xC0, 0x3C,
    0x0F, 0x3C, 0x1E, 0x1E, 0x3E, 0x1F, 0xFE, 0x0F, 0xFC, 0x03, 0xF0, 0x1E, 0x03, 0xE1, 0xE0, 0x7C,
    0x1E, 0x0F, 0x81, 0xE1, 0xF0, 0x1E, 0x3E, 0x01, 0xE7, 0xC0, 0x1E, 0xF8, 0x0F, 0xFF, 0xFC, 0xFF,
    0xFF, 0xCF, 0xFF, 0xFC, 0x1F, 0xF8, 0x01, 0xFF, 0xC0, 0x1F, 0x3C, 0x01, 0xE1, 0xE0, 0x1E, 0x1F,
    0x01, 0xE0, 0xF8, 0x1E, 0x07, 0xC1, 0xE0, 0x3C, 0xFF, 0xFF, 0xFF, 0xFF, 0xFF, 0xF8, 0x3C, 0x00,
    0x78, 0x00, 0xF2, 0x01, 0xFC, 0x03, 0xF0, 0x1F, 0x80, 0x3F, 0x60, 0x1F, 0xC0, 0x3E, 0x01, 0xF8,
    0x03, 0xF0, 0x01, 0xE0, 0x03, 0xC0, 0x07, 0x80, 0x0F, 0x00, 0x07, 0x80, 0x00, 0x00, 0x00, 0xF0,
    0x00, 0x00, 0x00, 0x1E, 0x00, 0x00, 0x00, 0x03, 0xFE, 0x00, 0x00, 0x03, 0xFF, 0xF0, 0x00, 0x00,
    0x7F, 0xFF, 0x00, 0x00, 0x05, 0xE1, 0xF0, 0x00, 0x00, 0x3C, 0x0F, 0x03, 0xF0, 0x07, 0x81, 0xE1,
    0xFF, 0x80, 0xF0, 0x1E, 0x3F, 0xF0, 0x1E, 0x03, 0xCF, 0x0F, 0x03, 0xC0, 0x79, 0xE1, 0xE0, 0x78,
    0x0F, 0x78, 0x1E, 0x7F, 0x01, 0xEF, 0x03, 0xDF, 0xE0, 0x3D, 0xE0, 0x7F, 0xFC, 0x0F, 0x3C, 0x0F,
    0xE7, 0xC1, 0xE7, 0xC3, 0xFC, 0xFC, 0x7C, 0xF8, 0x7B, 0xFF, 0xFF, 0x1F, 0xFF, 0x3F, 0xFF, 0xC3,
    0xDF, 0xC3, 0xC3, 0xE0, 0x79, 0xE0, 0x00, 0x00, 0x0F, 0x00, 0x00, 0x00, 0x01, 0xE0, 0x00, 0x00,
    0x00, 0x3C, 0x00, 0x00, 0x00, 0x07, 0x80, 0x00, 0x00, 0x00, 0xF0, 0x00, 0x3F, 0xF0, 0x1F, 0xFC,
    0x0F, 0xFF, 0x07, 0x87, 0x8F, 0xFF, 0xFF, 0xFF, 0xFC, 0xF0, 0x79, 0xFF, 0xFF, 0xFF, 0xFF, 0x9E,
    0x0F, 0x0F, 0x0F, 0x07, 0xFF, 0x83, 0xFF, 0x81, 0xFF, 0x00, 0xF0, 0x00, 0x78, 0x00, 0x3C, 0x00,
    0x1E, 0x00, 0x00, 0x00, 0x80, 0x00, 0x40, 0x00, 0x20, 0x00, 0xFE, 0x01, 0xFF, 0xC1, 0xFF, 0xF1,
    0xFA, 0x7C, 0xF1, 0x1E, 0xF8, 0x87, 0x78, 0x40, 0x3C, 0x20, 0x1E, 0x1F, 0xFF, 0x0F, 0xFF, 0x87,
    0xFF, 0xC2, 0x1F, 0xF1, 0x0F, 0x78, 0x8F, 0x3F, 0x4F, 0x8F, 0xFF, 0x83, 0xFF, 0x80, 0x7F, 0x00,
    0x04, 0x00, 0x02, 0x00, 0x01, 0xF0, 0x00, 0x7F, 0x00, 0x0F, 0xE0, 0x01, 0xFC, 0x00, 0x7B, 0xC0,
    0x0F, 0x78, 0x01, 0xEF, 0x00, 0x78, 0xF0, 0x7F, 0xFF, 0xCF, 0xFF, 0xF8, 0x78, 0x3C, 0x0F, 0x07,
    0x87, 0xFF, 0xFC, 0xFF, 0xFF, 0x8F, 0x01, 0xE1, 0xE0, 0x3C, 0x7C, 0x03, 0xCF, 0x00, 0x78, 0x1F,
    0x81, 0xFF, 0x1F, 0xF8, 0xF1, 0xC0, 0x0E, 0x7F, 0xFF, 0xFF, 0xFF, 0xFF, 0x00, 0x07, 0xFF, 0xFF,
    0xFF, 0xFF, 0xF7, 0x80, 0x38, 0x01, 0xE3, 0x8F, 0xFC, 0x3F, 0xE0, 0xFC, 0x00, 0x00, 0x80, 0x00,
    0x40, 0x00, 0x20, 0x00, 0xFE, 0x01, 0xFF, 0x81, 0xFF, 0xF1, 0xF2, 0xF8, 0xF1, 0x3E, 0xF8, 0x8F,
    0x78, 0x40, 0x3C, 0x20, 0x1E, 0x10, 0x0F, 0x08, 0x07, 0x84, 0x03, 0xC2, 0x01, 0xE1, 0x1E, 0x78,
    0x9F, 0x3E, 0x5F, 0x0F, 0xFF, 0x03, 0xFF, 0x00, 0x7F, 0x00, 0x04, 0x00, 0x02, 0x00, 0xFF, 0xFF,
    0xFF, 0xFF, 0xFF, 0xF8, 0x00, 0x0F, 0xFF, 0xFF, 0xFF, 0xFF, 0xFF, 0x81, 0xC0, 0x03, 0x80, 0x07,
    0x00, 0x0E, 0x00, 0x1C, 0x00, 0x38, 0x00, 0x70, 0x00, 0xE0, 0x01, 0xC0, 0x03, 0x80, 0x07, 0x00,
    0x00, 0x01, 0xFF, 0xE7, 0xFF, 0x9F, 0xF8, 0x03, 0xE0, 0xFF, 0xE7, 0xFF, 0x9F, 0xFE, 0x01, 0xE0,
    0xFF, 0x07, 0xFC, 0x1F, 0xC0, 0x3C, 0x00, 0x78, 0x01, 0xF0, 0x03, 0xE0, 0x07, 0xC0, 0x0F, 0x00,
    0x1E, 0x00, 0x3C, 0x00, 0xF0, 0x03, 0xF8, 0x1F, 0xE0, 0xFE, 0x03, 0xF0, 0x0B, 0xF8, 0x1F, 0xE0,
    0xFE, 0x03, 0xF0, 0xEB, 0xC3, 0xCF, 0x0F, 0x3C, 0x78, 0xF1, 0xE3, 0xCF, 0x8F, 0xFC, 0x3F, 0xE0,
    0xFE, 0x00, 0x00, 0x00, 0x03, 0xC0, 0x03, 0xC0, 0x03, 0xC0, 0x07, 0xE0, 0x1F, 0xF8, 0x3F, 0xFC,
    0x7F, 0xFC, 0x7B, 0xDE, 0xF3, 0xDE, 0xF3, 0xCF, 0xF3, 0xCF, 0xF3, 0xCF, 0xF3, 0xCF, 0xF3, 0xCF,
    0x1F, 0xF0, 0x3F, 0xF8, 0x7F, 0xF0, 0xE0, 0xF1, 0xC1, 0xE3, 0x81, 0xC7, 0x07, 0x8E, 0x1F, 0xFF,
    0xFD, 0xFF, 0xF3, 0xFF, 0xC0, 0xE0, 0x01, 0xC0, 0x1F, 0xFE, 0x3F, 0xFC, 0x7F, 0xF8, 0x1C, 0x00,
    0x38, 0x00, 0x06, 0xC0, 0x07, 0xE0, 0x1F, 0xF8, 0x3F, 0xFC, 0x7E, 0xFE, 0x7E, 0xDE, 0xF6, 0xDE,
    0xF6, 0xCF, 0xF6, 0xCF, 0xF0, 0x00, 0xF0, 0x00, 0xF0, 0x00, 0xF0, 0x00, 0x78, 0x00, 0x3C, 0x00,
    0xFF, 0xFF, 0xFF, 0xFF, 0xFF, 0xFF, 0x09, 0x00, 0x24, 0x00, 0x90, 0x3F, 0xF0, 0xFF, 0xF3, 0xFF,
    0xEF, 0x0F, 0xBC, 0x1E, 0xF0, 0x7B, 0xC3, 0xEF, 0xFF, 0x3F, 0xF8, 0xFF, 0xFB, 0xC1, 0xFF, 0x03,
    0xFC, 0x0F, 0xF0, 0x3F, 0xC1, 0xFF, 0xFF, 0xBF, 0xFE, 0xFF, 0xE0, 0x24, 0x00, 0x90, 0x02, 0x40,
    0x00, 0xF0, 0x00, 0x78, 0x00, 0x3C, 0x00, 0x1E, 0x00, 0x0F, 0x80, 0x07, 0xC0, 0x03, 0xE0, 0x01,
    0xFF, 0xFF, 0xFF, 0xFF, 0xDF, 0xFF, 0xF3, 0xE0, 0x00, 0x7C, 0x00, 0x0F, 0x80, 0x01, 0xF0, 0x00,
    0x3E, 0x00, 0x07, 0xC0, 0x00, 0x80, 0x01, 0xC0, 0x03, 0xE0, 0x07, 0xF0, 0x0F, 0xF8, 0x1F, 0xFC,
    0x3F, 0xFE, 0x7D, 0xDF, 0x79, 0xCF, 0x71, 0xC7, 0x61, 0xC3, 0x41, 0xC1, 0x01, 0xC0, 0x01, 0xC0,
    0x01, 0xC0, 0x01, 0xC0, 0x01, 0xC0, 0x01, 0xC0, 0x03, 0xC0, 0x00, 0x78, 0x00, 0x0F, 0x00, 0x03,
    0xE0, 0x00, 0x7C, 0x00, 0x0F, 0x80, 0x01, 0xF3, 0xFF, 0xFE, 0xFF, 0xFF, 0xFF, 0xFF, 0xE0, 0x01,
    0xF0, 0x00, 0xF8, 0x00, 0x7C, 0x00, 0x3E, 0x00, 0x1F, 0x00, 0x0F, 0x80, 0x01, 0xC0, 0x01, 0xC0,
    0x01, 0xC0, 0x01, 0xC0, 0x01, 0xC0, 0x01, 0xC0, 0x01, 0xC0, 0x41, 0xC1, 0x61, 0xC3, 0x71, 0xC7,
    0x79, 0xCF, 0x7D, 0xDE, 0x3F, 0xFC, 0x1F, 0xF8, 0x0F, 0xF0, 0x07, 0xE0, 0x03, 0xC0, 0x01, 0x80,
    0x00, 0x00, 0x00, 0x80, 0x08, 0x00, 0x07, 0x00, 0x70, 0x00, 0x3E, 0x01, 0xE0, 0x01, 0xF0, 0x03,
    0xC0, 0x0F, 0x80, 0x07, 0x80, 0x7C, 0x00, 0x0F, 0x03, 0xC0, 0x00, 0x1E, 0x1F, 0xFF, 0xFF, 0xFC,
    0x7F, 0xFF, 0xFF, 0xF9, 0xFF, 0xFF, 0xFF, 0xC3, 0xC0, 0x00, 0x1E, 0x07, 0x80, 0x00, 0xF0, 0x0F,
    0x80, 0x07, 0x80, 0x1F, 0x00, 0x3C, 0x00, 0x3C, 0x01, 0xE0, 0x00, 0x70, 0x07, 0x00, 0x00, 0x80,
    0x08, 0x00, 0x00, 0x00, 0x00, 0x40, 0x00, 0x70, 0x00, 0x7C, 0x00, 0x7F, 0x00, 0x7F, 0xC0, 0x7F,
    0x70, 0x7B, 0xBC, 0x79, 0xCF, 0x38, 0xE3, 0x88, 0x70, 0x80, 0x38, 0x00, 0x1C, 0x00, 0x0E, 0x00,
    0x07, 0x00, 0x03, 0x80, 0x01, 0xC0, 0x00, 0xE0, 0x00, 0x70, 0x04, 0x38, 0x47, 0x1C, 0x73, 0xCE,
    0x78, 0xF7, 0x78, 0x3F, 0xB8, 0x0F, 0xF8, 0x03, 0xF8, 0x00, 0xF8, 0x00, 0x38, 0x00, 0x08, 0x00,
    0x00, 0x00, 0x00, 0x00, 0x7F, 0xF0, 0x7F, 0xF8, 0x7F, 0xFC, 0x7E, 0x00, 0x7F, 0x00, 0x7F, 0x80,
    0x77, 0xC0, 0x73, 0xE0, 0x71, 0xF0, 0x70, 0xF8, 0x70, 0x7C, 0x30, 0x3E, 0x10, 0x1F, 0x00, 0x0E,
    0x00, 0x04, 0x00, 0x00, 0x1F, 0xFC, 0x7F, 0xF9, 0xFF, 0xF0, 0x07, 0xE0, 0x1F, 0xC0, 0x7F, 0x81,
    0xF7, 0x07, 0xCE, 0x1F, 0x1C, 0x7C, 0x39, 0xF0, 0x77, 0xC0, 0xDF, 0x01, 0x1C, 0x00, 0x10, 0x00,
    0x20, 0x00, 0xE0, 0x03, 0xE0, 0x23, 0xE0, 0x63, 0xE0, 0xE3, 0xE1, 0xC3, 0xE3, 0x83, 0xE7, 0x03,
    0xEE, 0x03, 0xFC, 0x03, 0xF8, 0x03, 0xF3, 0xFF, 0xE3, 0xFF, 0xC3, 0xFF, 0x80, 0x00, 0x04, 0x00,
    0x0E, 0x10, 0x1F, 0x30, 0x3E, 0x70, 0x7C, 0x70, 0xF8, 0x71, 0xF0, 0x73, 0xE0, 0x77, 0xC0, 0x7F,
    0x80, 0x7F, 0x00, 0x7E, 0x00, 0x7F, 0xFC, 0x7F, 0xF8, 0x7F, 0xF0, 0x00, 0x00, 0x78, 0x00, 0x00,
    0x3F, 0x00, 0x10, 0x1F, 0xC0, 0x1C, 0x01, 0xE0, 0x1E, 0x00, 0x78, 0x1E, 0x00, 0x1C, 0x1E, 0x00,
    0x0E, 0x1F, 0x00, 0x07, 0x1F, 0x00, 0x07, 0x9E, 0x00, 0x07, 0x8F, 0xFF, 0xFF, 0xCF, 0xFF, 0xFF,
    0xC3, 0xFF, 0xFF, 0x80, 0xF0, 0x00, 0x00, 0x3C, 0x00, 0x00, 0x0F, 0x00, 0x00, 0x03, 0xC0, 0x00,
    0x00, 0xF0, 0x00, 0x00, 0x38, 0x00, 0x00, 0x0C, 0x00, 0x00, 0x00, 0x00, 0x00, 0x0F, 0x00, 0x00,
    0x1F, 0x80, 0x00, 0x1F, 0xC0, 0x40, 0x0F, 0x00, 0x70, 0x0F, 0x00, 0x3C, 0x07, 0x00, 0x0F, 0x03,
    0x80, 0x07, 0xC1, 0xC0, 0x01, 0xF0, 0xF0, 0x00, 0x7C, 0x3C, 0x00, 0x0F, 0x1F, 0xFF, 0xFF, 0x87,
    0xFF, 0xFF, 0xE0, 0xFF, 0xFF, 0xE0, 0x00, 0x01, 0xE0, 0x00, 0x01, 0xE0, 0x00, 0x01, 0xE0, 0x00,
    0x01, 0xE0, 0x00, 0x01, 0xE0, 0x00, 0x00, 0xE0, 0x00, 0x00, 0x60, 0x00, 0x00, 0x00, 0x00, 0x00,
    0x00, 0x00, 0x08, 0x00, 0x00, 0x60, 0x00, 0x03, 0x80, 0x00, 0x1E, 0x00, 0x00, 0xFF, 0xFF, 0xE7,
    0xFF, 0xFF, 0x8F, 0xFF, 0xFE, 0x1E, 0x00, 0x38, 0x38, 0x00, 0xE0, 0x60, 0x03, 0x80, 0x80, 0x0E,
    0x00, 0x00, 0x38, 0x00, 0x00, 0xE0, 0x00, 0x03, 0x80, 0x00, 0x0E, 0x00, 0x00, 0x38, 0x00, 0x00,
    0xE0, 0x00, 0x03, 0x80, 0x00, 0x00, 0x00, 0x00, 0x00, 0x00, 0x10, 0x00, 0x00, 0xC0, 0x00, 0x07,
    0x00, 0x00, 0x3C, 0x7F, 0xFF, 0xF3, 0xFF, 0xFF, 0xDF, 0xFF, 0xFC, 0xE0, 0x03, 0xC7, 0x00, 0x1C,
    0x38, 0x00, 0xC1, 0xC0, 0x04, 0x0E, 0x00, 0x00, 0x70, 0x00, 0x03, 0x80, 0x00, 0x1C, 0x00, 0x00,
    0xE0, 0x00, 0x07, 0x00, 0x00, 0x38, 0x00, 0x00, 0x00, 0x00, 0x00, 0xE0, 0x00, 0x07, 0x00, 0x00,
    0x38, 0x00, 0x01, 0xC0, 0x00, 0x0E, 0x00, 0x00, 0x70, 0x01, 0x03, 0x80, 0x0C, 0x1C, 0x00, 0x70,
    0xE0, 0x03, 0xC7, 0xFF, 0xFF, 0x3F, 0xFF, 0xFD, 0xFF, 0xFF, 0xC0, 0x00, 0x3C, 0x00, 0x01, 0xC0,
    0x00, 0x0C, 0x00, 0x00, 0x40, 0x00, 0x00, 0x00, 0x00, 0x00, 0x3F, 0xFE, 0x0F, 0xFF, 0x83, 0xFF,
    0xE0, 0x00, 0x38, 0x00, 0x0E, 0x00, 0x03, 0x80, 0x00, 0xE0, 0x00, 0x38, 0x00, 0x0E, 0x00, 0x03,
    0x80, 0x00, 0xE0, 0x00, 0x38, 0x00, 0xFF, 0xE0, 0x1F, 0xF0, 0x03, 0xF8, 0x00, 0x7C, 0x00, 0x0E,
    0x00, 0x01, 0x00, 0x00, 0x00, 0x00, 0x00, 0x38, 0x00, 0x00, 0xE0, 0x00, 0x03, 0x80, 0x00, 0x0E,
    0x00, 0x00, 0x38, 0x08, 0x00, 0xE0, 0x60, 0x03, 0x83, 0x80, 0x0E, 0x1E, 0x00, 0x38, 0xFF, 0xFF,
    0xE7, 0xFF, 0xFF, 0x8F, 0xFF, 0xFE, 0x1E, 0x00, 0x00, 0x38, 0x00, 0x00, 0x60, 0x00, 0x00, 0x80,
    0x00, 0x00, 0x00, 0x00, 0x00, 0x00, 0x00, 0x10, 0x00, 0x0C, 0x00, 0x07, 0x00, 0x03, 0xC0, 0x03,
    0xFC, 0x00, 0xFF, 0xC0, 0x3F, 0xF8, 0x07, 0xDF, 0x00, 0xF1, 0xE0, 0x1C, 0x38, 0x03, 0x0F, 0x00,
    0x01, 0xC0, 0x00, 0x7E, 0x00, 0x1F, 0x80, 0x07, 0xF0, 0x03, 0xDC, 0x00, 0xE7, 0x80, 0x78, 0xF8,
    0x7C, 0x1F, 0xFE, 0x03, 0xFF, 0x00, 0x3F, 0x00, 0x00, 0x00, 0x00, 0x20, 0x00, 0x0C, 0x00, 0x03,
    0x80, 0x00, 0xF0, 0x00, 0xFF, 0x00, 0xFF, 0xC0, 0x7F, 0xF0, 0x3E, 0xF8, 0x1E, 0x3C, 0x07, 0x0E,
    0x03, 0xC3, 0x00, 0xE0, 0x00, 0x38, 0x00, 0x0E, 0x00, 0x1F, 0x80, 0x07, 0xF0, 0x03, 0xDC, 0x00,
    0xE7, 0x80, 0x78, 0xF8, 0x7C, 0x1F, 0xFE, 0x03, 0xFF, 0x00, 0x3F, 0x00, 0x00, 0x40, 0x00, 0x1C,
    0x00, 0x07, 0x80, 0x01, 0xE0, 0x00, 0x78, 0x00, 0x1F, 0xFF, 0xC7, 0xFF, 0xF9, 0xFF, 0xFF, 0x78,
    0x00, 0x0F, 0x00, 0x00, 0xFF, 0xFF, 0x8F, 0xFF, 0xF0, 0xFF, 0xFE, 0x0F, 0x00, 0x00, 0xF0, 0x00,
    0x0F, 0x00, 0x00, 0xE0, 0x00, 0x08, 0x00, 0x00, 0x00, 0x00, 0x08, 0x00, 0x03, 0x80, 0x00, 0x78,
    0x00, 0x07, 0x80, 0x00, 0x78, 0x3F, 0xFF, 0x87, 0xFF, 0xF8, 0xFF, 0xFF, 0x80, 0x00, 0x78, 0x00,
    0x0F, 0x7F, 0xFF, 0xCF, 0xFF, 0xF1, 0xFF, 0xFC, 0x00, 0x0F, 0x00, 0x03, 0xC0, 0x00, 0xF0, 0x00,
    0x1C, 0x00, 0x01, 0x00, 0x00, 0x00, 0x00, 0x00, 0x00, 0x00, 0x00, 0x01, 0x00, 0x60, 0x00, 0x0E,
    0x03, 0xC0, 0x00, 0x78, 0x07, 0x80, 0x03, 0xC0, 0x0F, 0x00, 0x1E, 0x00, 0x1E, 0x00, 0xFF, 0xFF,
    0xFC, 0x07, 0xFF, 0xFF, 0xF8, 0x3F, 0xFF, 0xFF, 0xF1, 0xE0, 0x00, 0x03, 0xE7, 0x80, 0x00, 0x0F,
    0x8F, 0xFF, 0xFF, 0xFC, 0x1F, 0xFF, 0xFF, 0xE0, 0x3F, 0xFF, 0xFF, 0x00, 0x78, 0x00, 0x78, 0x00,
    0xF0, 0x03, 0xC0, 0x01, 0xE0, 0x1E, 0x00, 0x03, 0x80, 0xF0, 0x00, 0x04, 0x01, 0x80, 0x00, 0x00,
    0x00, 0x00, 0x02, 0x00, 0x38, 0x03, 0xE0, 0x3F, 0x83, 0xFE, 0x3F, 0xF8, 0x1C, 0x00, 0xE0, 0x3F,
    0xE1, 0xFF, 0x0F, 0xF8, 0x0E, 0x00, 0x70, 0x1F, 0xF0, 0xFF, 0x87, 0xFC, 0x07, 0x00, 0x38, 0x01,
    0xC0, 0x00, 0x00, 0x00, 0x00, 0x38, 0x01, 0xC0, 0x0E, 0x03, 0xFE, 0x1F, 0xF0, 0xFF, 0x80, 0xE0,
    0x3F, 0xE1, 0xFF, 0x0F, 0xF8, 0x0E, 0x00, 0x70, 0x03, 0x81, 0xFF, 0xC7, 0xFC, 0x1F, 0xC0, 0x7C,
    0x01, 0xC0, 0x04, 0x00, 0xE0, 0x20, 0x03, 0x81, 0x80, 0x0E, 0x0E, 0x00, 0x38, 0x78, 0x00, 0xE3,
    0xFF, 0xFF, 0x9F, 0xFF, 0xFE, 0x7F, 0xFF, 0xF8, 0xFF, 0xFE, 0xE1, 0xE0, 0x03, 0x83, 0x80, 0x0E,
    0x06, 0x00, 0x38, 0x08, 0x00, 0x00, 0x10, 0x1C, 0x00, 0x60, 0x70, 0x01, 0xC1, 0xC0, 0x07, 0x87,
    0xFF, 0xFF, 0x1F, 0xFF, 0xFE, 0x7F, 0xFF, 0xF9, 0xDF, 0xFF, 0xC7, 0x00, 0x1E, 0x1C, 0x00, 0x70,
    0x70, 0x01, 0x81, 0xC0, 0x04, 0x07, 0x00, 0x00, 0x00, 0x00, 0x18, 0x00, 0x00, 0x3C, 0x00, 0x00,
    0x7E, 0x00, 0x00, 0xFF, 0x00, 0x01, 0xE7, 0x80, 0x03, 0xC3, 0xC0, 0x07, 0x81, 0xE0, 0x0F, 0x00,
    0xF0, 0x1E, 0x00, 0x78, 0x3F, 0x81, 0xFC, 0x7F, 0x81, 0xFE, 0x03, 0x81, 0xC0, 0x03, 0x81, 0xC0,
    0x03, 0x81, 0xC0, 0x03, 0x81, 0xC0, 0x03, 0x81, 0xC0, 0x03, 0x81, 0xC0, 0x03, 0xFF, 0xC0, 0x03,
    0xFF, 0xC0, 0x00, 0x00, 0x00, 0x00, 0x18, 0x00, 0x00, 0x3C, 0x00, 0x00, 0x7E, 0x00, 0x00, 0xFF,
    0x00, 0x01, 0xE7, 0x80, 0x03, 0xC3, 0xC0, 0x07, 0x81, 0xE0, 0x0F, 0x00, 0xF0, 0x1E, 0x00, 0x78,
    0x3F, 0x81, 0xFC, 0x7F, 0x81, 0xFE, 0x03, 0x81, 0xC0, 0x03, 0x81, 0xC0, 0x03, 0x81, 0xC0, 0x03,
    0xFF, 0xC0, 0x03, 0xFF, 0xC0, 0x00, 0x00, 0x00, 0x00, 0x00, 0x00, 0x03, 0xFF, 0xC0, 0x03, 0xFF,
    0xC0, 0x03, 0x81, 0xC0, 0x03, 0x81, 0xC0, 0x03, 0xFF, 0xC0, 0x03, 0xFF, 0xC0, 0x3F, 0x01, 0xFE,
    0x0F, 0xF8, 0x03, 0xC0, 0x0F, 0x0F, 0xB8, 0xFF, 0xCF, 0xFF, 0xF8, 0xFF, 0x83, 0xFC, 0x1F, 0xE0,
    0xFF, 0x07, 0x78, 0x79, 0xE3, 0xCF, 0xFC, 0x3F, 0xC0, 0xFC, 0x00, 0x00, 0x00, 0x07, 0xE6, 0x1F,
    0xFE, 0x3F, 0xFC, 0x3E, 0x7C, 0x78, 0x7E, 0x70, 0xFE, 0x71, 0xDE, 0x73, 0x8E, 0x77, 0x1E, 0x7E,
    0x1E, 0x7C, 0x7C, 0x3F, 0xFC, 0x7F, 0xF8, 0x67, 0xE0, 0x00, 0x00, 0x01, 0xC0, 0x01, 0xF0, 0x00,
    0xF8, 0x00, 0xFE, 0x00, 0x7F, 0x00, 0x3F, 0xC0, 0x3D, 0xE0, 0x1E, 0xF0, 0x0E, 0x3C, 0x0F, 0x1E,
    0x07, 0x8F, 0x03, 0x83, 0xC3, 0xC1, 0xE1, 0xE0, 0xF1, 0xE0, 0x3C, 0xFF, 0xFE, 0x7F, 0xFF, 0xFF,
    0xFF, 0xC0, 0xFF, 0xFF, 0xFF, 0xFF, 0xFF, 0xFC, 0x0F, 0xF0, 0x3F, 0xC0, 0xFF, 0x03, 0xFC, 0x0F,
    0xF0, 0x3F, 0xC0, 0xFF, 0x03, 0xFC, 0x0F, 0xF0, 0x3F, 0xC0, 0xFF, 0x03, 0xFC, 0x0F, 0xF0, 0x3F,
    0xC0, 0xFF, 0x03, 0xFC, 0x0F, 0xF0, 0x3C, 0x00, 0x00, 0x7F, 0xFE, 0x7F, 0xFE, 0x7F, 0xFE, 0x3C,
    0x00, 0x1E, 0x00, 0x0F, 0x00, 0x0F, 0x80, 0x07, 0xC0, 0x03, 0xC0, 0x01, 0xE0, 0x00, 0xF0, 0x01,
    0xE0, 0x03, 0xC0, 0x07, 0xC0, 0x0F, 0x80, 0x0F, 0x00, 0x1E, 0x00, 0x3C, 0x00, 0x7F, 0xFE, 0x7F,
    0xFF, 0x7F, 0xFF, 0x00, 0x07, 0xFF, 0xBF, 0xFD, 0xFF, 0xE0, 0x00, 0x70, 0x07, 0x80, 0x38, 0x03,
    0xC0, 0x1C, 0x01, 0xE0, 0x0E, 0x00, 0xF0, 0x07, 0x00, 0x78, 0x03, 0x80, 0x3C, 0x01, 0xC0, 0x1E,
    0x00, 0xE0, 0x0F, 0x00, 0x70, 0x07, 0x80, 0x00, 0x00, 0x1F, 0x00, 0x1F, 0x00, 0x3F, 0x00, 0x3C,
    0x00, 0x38, 0x00, 0x38, 0x00, 0x78, 0x00, 0x78, 0x00, 0x78, 0x00, 0x70, 0xF8, 0x70, 0xF8, 0xF0,
    0xF8, 0xF0, 0x3C, 0xE0, 0x3C, 0xE0, 0x1F, 0xE0, 0x1F, 0xE0, 0x1F, 0xC0, 0x0F, 0xC0, 0x0F, 0xC0,
    0x07, 0xC0, 0x07, 0xC0, 0x00, 0x00, 0x00, 0x00, 0x00, 0x3F, 0x07, 0xE1, 0xFF, 0x3F, 0xE3, 0xFF,
    0xFF, 0xEF, 0x1F, 0xE3, 0xDE, 0x1F, 0x83, 0xB8, 0x1E, 0x07, 0x78, 0x7E, 0x0E, 0xF9, 0xFF, 0x3C,
    0xFF, 0xFF, 0xF0, 0xFF, 0x3F, 0xE0, 0xF8, 0x1F, 0x00, 0x03, 0xC1, 0xF8, 0x3F, 0x0F, 0x81, 0xE0,
    0x3C, 0x07, 0x80, 0xF0, 0x1E, 0x03, 0xC0, 0x78, 0x0F, 0x01, 0xE0, 0x3C, 0x07, 0x80, 0xF0, 0x1E,
    0x03, 0xC0, 0x78, 0x0F, 0x01, 0xE0, 0x3C, 0x07, 0x87, 0xF0, 0xFC, 0x1F, 0x00, 0x77, 0xBD, 0xE0,
    0x00, 0x00, 0x03, 0xBD, 0xEF, 0x00, 0x1E, 0x00, 0xFC, 0x67, 0xFF, 0x9D, 0xFE, 0x01, 0xF0, 0x00,
    0x01, 0xE0, 0x0F, 0xC6, 0x7F, 0xF9, 0xDF, 0xE0, 0x1F, 0x00, 0x00, 0x01, 0xC0, 0x1C, 0xFF, 0xFF,
    0xFF, 0xFF, 0xF0, 0x70, 0x07, 0x00, 0xE0, 0xFF, 0xFF, 0xFF, 0xFF, 0xF1, 0xC0, 0x38, 0x03, 0x80,
    0x00, 0x00, 0x03, 0x80, 0x7C, 0x0F, 0xE3, 0xFE, 0x7F, 0x83, 0xF0, 0x1F, 0x80, 0xFF, 0x01, 0xFF,
    0x01, 0xFC, 0x03, 0xE0, 0x07, 0x00, 0x0B, 0xFF, 0xDF, 0xFE, 0xFF, 0xF0, 0x00, 0x00, 0x80, 0x07,
    0x00, 0x3E, 0x01, 0xFE, 0x07, 0xFC, 0x07, 0xF8, 0x0F, 0xC0, 0x3E, 0x0F, 0xF1, 0xFE, 0x3F, 0xC1,
    0xF0, 0x0E, 0x00, 0x40, 0x03, 0xFF, 0xDF, 0xFE, 0xFF, 0xF0, 0x00, 0x00, 0x00, 0x07, 0xF8, 0x00,
    0x00, 0x0F, 0xFF, 0xC0, 0x00, 0x0F, 0xFF, 0xFC, 0x00, 0x07, 0xF0, 0x3F, 0x80, 0x03, 0xE0, 0x01,
    0xF0, 0x01, 0xE0, 0x00, 0x1E, 0x00, 0xF0, 0x00, 0x03, 0xC0, 0x78, 0x00, 0x00, 0x78, 0x3C, 0x00,
    0x00, 0x0F, 0x0E, 0x00, 0x38, 0x01, 0xC7, 0x80, 0x0E, 0x00, 0x79, 0xC0, 0x03, 0x80, 0x0E, 0x70,
    0x00, 0xE0, 0x03, 0xBC, 0x00, 0x38, 0x00, 0xFE, 0x00, 0x0E, 0x00, 0x1F, 0x80, 0x03, 0x80, 0x07,
    0xE0, 0x7F, 0xFF, 0x81, 0xF8, 0x1F, 0xFF, 0xE0, 0x7E, 0x07, 0xFF, 0xF8, 0x1F, 0x80, 0x03, 0x80,
    0x07, 0xE0, 0x00, 0xE0, 0x01, 0xF8, 0x00, 0x38, 0x00, 0x77, 0x00, 0x0E, 0x00, 0x39, 0xC0, 0x03,
    0x80, 0x0E, 0x78, 0x00, 0xE0, 0x07, 0x8E, 0x00, 0x38, 0x01, 0xC3, 0xC0, 0x00, 0x00, 0xF0, 0x78,
    0x00, 0x00, 0x78, 0x0F, 0x00, 0x00, 0x3C, 0x01, 0xE0, 0x00, 0x1E, 0x00, 0x3E, 0x00, 0x1F, 0x00,
    0x07, 0xE0, 0x1F, 0x80, 0x00, 0xFF, 0xFF, 0xC0, 0x00, 0x0F, 0xFF, 0xC0, 0x00, 0x00, 0x7F, 0x80,
    0x00, 0x00, 0x07, 0xF8, 0x00, 0x00, 0x0F, 0xFF, 0xC0, 0x00, 0x0F, 0xFF, 0xFC, 0x00, 0x07, 0xF0,
    0x3F, 0x80, 0x03, 0xE0, 0x01, 0xF0, 0x01, 0xE0, 0x00, 0x1E, 0x00, 0xF0, 0x00, 0x03, 0xC0, 0x78,
    0x00, 0x00, 0x78, 0x3C, 0x00, 0x00, 0x0F, 0x0E, 0x00, 0x00, 0x01, 0xC7, 0x80, 0x00, 0x00, 0x79,
    0xC0, 0x00, 0x00, 0x0E, 0x70, 0x00, 0x00, 0x03, 0xBC, 0x00, 0x00, 0x00, 0xFE, 0x00, 0x00, 0x00,
    0x1F, 0x80, 0x00, 0x00, 0x07, 0xE0, 0x1F, 0xFE, 0x01, 0xF8, 0x07, 0xFF, 0x80, 0x7E, 0x01, 0xFF,
    0xE0, 0x1F, 0x80, 0x00, 0x00, 0x07, 0xE0, 0x00, 0x00, 0x01, 0xF8, 0x00, 0x00, 0x00, 0x77, 0x00,
    0x00, 0x00, 0x39, 0xC0, 0x00, 0x00, 0x0E, 0x78, 0x00, 0x00, 0x07, 0x8E, 0x00, 0x00, 0x01, 0xC3,
    0xC0, 0x00, 0x00, 0xF0, 0x78, 0x00, 0x00, 0x78, 0x0F, 0x00, 0x00, 0x3C, 0x01, 0xE0, 0x00, 0x1E,
    0x00, 0x3E, 0x00, 0x1F, 0x00, 0x07, 0xE0, 0x1F, 0x80, 0x00, 0xFF, 0xFF, 0xC0, 0x00, 0x0F, 0xFF,
    0xC0, 0x00, 0x00, 0x7F, 0x80, 0x00, 0x00, 0x07, 0xF8, 0x00, 0x00, 0x0F, 0xFF, 0xC0, 0x00, 0x0F,
    0xFF, 0xFC, 0x00, 0x07, 0xF0, 0x3F, 0x80, 0x03, 0xE0, 0x01, 0xF0, 0x01, 0xE0, 0x00, 0x1E, 0x00,
    0xF0, 0x00, 0x03, 0xC0, 0x78, 0x00, 0x00, 0x78, 0x3C, 0x00, 0x00, 0x0F, 0x0E, 0x00, 0x00, 0x01,
    0xC7, 0x80, 0x00, 0x00, 0x79, 0xC0, 0x00, 0x00, 0x0E, 0x70, 0x0C, 0x0C, 0x03, 0xBC, 0x07, 0x87,
    0x80, 0xFE, 0x00, 0xF3, 0xC0, 0x1F, 0x80, 0x1F, 0xE0, 0x07, 0xE0, 0x03, 0xF0, 0x01, 0xF8, 0x00,
    0xFC, 0x00, 0x7E, 0x00, 0x3F, 0x00, 0x1F, 0x80, 0x1F, 0xE0, 0x07, 0xE0, 0x0F, 0x3C, 0x01, 0xF8,
    0x07, 0x87, 0x80, 0x77, 0x01, 0xE1, 0xE0, 0x39, 0xC0, 0x30, 0x30, 0x0E, 0x78, 0x00, 0x00, 0x07,
    0x8E, 0x00, 0x00, 0x01, 0xC3, 0xC0, 0x00, 0x00, 0xF0, 0x78, 0x00, 0x00, 0x78, 0x0F, 0x00, 0x00,
    0x3C, 0x01, 0xE0, 0x00, 0x1E, 0x00, 0x3E, 0x00, 0x1F, 0x00, 0x07, 0xE0, 0x1F, 0x80, 0x00, 0xFF,
    0xFF, 0xC0, 0x00, 0x0F, 0xFF, 0xC0, 0x00, 0x00, 0x7F, 0x80, 0x00, 0x00, 0x07, 0xF8, 0x00, 0x00,
    0x0F, 0xFF, 0xC0, 0x00, 0x0F, 0xFF, 0xFC, 0x00, 0x07, 0xF0, 0x3F, 0x80, 0x03, 0xE0, 0x01, 0xF0,
    0x01, 0xE0, 0x00, 0x1E, 0x00, 0xF0, 0x00, 0x03, 0xC0, 0x78, 0x00, 0x00, 0x78, 0x3C, 0x00, 0x00,
    0x0F, 0x0E, 0x00, 0x00, 0x01, 0xC7, 0x80, 0x00, 0x40, 0x79, 0xC0, 0x00, 0x38, 0x0E, 0x70, 0x00,
    0x1E, 0x03, 0xBC, 0x00, 0x0F, 0x00, 0xFE, 0x00, 0x07, 0xC0, 0x1F, 0x80, 0x01, 0xE0, 0x07, 0xE0,
    0x00, 0xF0, 0x01, 0xF8, 0x00, 0x78, 0x00, 0x7E, 0x00, 0x3C, 0x00, 0x1F, 0x80, 0x1F, 0x00, 0x07,
    0xE0, 0x0F, 0x80, 0x01, 0xF8, 0x03, 0xC0, 0x00, 0x77, 0x01, 0xE0, 0x00, 0x39, 0xC0, 0x70, 0x00,
    0x0E, 0x78, 0x08, 0x00, 0x07, 0x8E, 0x00, 0x00, 0x01, 0xC3, 0xC0, 0x00, 0x00, 0xF0, 0x78, 0x00,
    0x00, 0x78, 0x0F, 0x00, 0x00, 0x3C, 0x01, 0xE0, 0x00, 0x1E, 0x00, 0x3E, 0x00, 0x1F, 0x00, 0x07,
    0xE0, 0x1F, 0x80, 0x00, 0xFF, 0xFF, 0xC0, 0x00, 0x0F, 0xFF, 0xC0, 0x00, 0x00, 0x7F, 0x80, 0x00,
};

static const EpdGlyph golos_ui_12_semiboldGlyphs[] = {
    { 0, 0, 0, 0, 0, 0, 0 }, // U+0000
    { 0, 0, 100, 0, 0, 0, 0 }, // U+000D
    { 0, 0, 100, 0, 0, 0, 0 }, // U+0020
    { 4, 18, 124, 2, 18, 9, 0 }, // !
    { 8, 6, 172, 1, 18, 6, 9 }, // "
    { 15, 18, 272, 1, 18, 34, 15 }, // #
    { 15, 24, 264, 1, 21, 45, 49 }, // $
    { 20, 18, 336, 1, 18, 45, 94 }, // %
    { 16, 18, 280, 1, 18, 36, 139 }, // &
    { 4, 6, 92, 1, 18, 3, 175 }, // '
    { 8, 23, 152, 2, 18, 23, 178 }, // (
    { 9, 23, 152, 0, 18, 26, 201 }, // )
    { 10, 9, 180, 1, 18, 12, 227 }, // *
    { 12, 13, 228, 1, 16, 20, 239 }, // +
    { 5, 8, 124, 1, 4, 5, 259 }, // ,
    { 8, 3, 152, 1, 9, 3, 264 }, // -
    { 4, 4, 124, 2, 4, 2, 267 }, // .
    { 12, 23, 192, 0, 18, 35, 269 }, // /
    { 14, 18, 256, 1, 18, 32, 304 }, // 0
    { 11, 18, 202, 1, 18, 25, 336 }, // 1
    { 13, 18, 240, 1, 18, 30, 361 }, // 2
    { 13, 18, 242, 1, 18, 30, 391 }, // 3
    { 14, 18, 251, 1, 18, 32, 421 }, // 4
    { 13, 18, 240, 1, 18, 30, 453 }, // 5
    { 13, 18, 250, 1, 18, 30, 483 }, // 6
    { 12, 18, 216, 1, 18, 27, 513 }, // 7
    { 14, 18, 252, 1, 18, 32, 540 }, // 8
    { 13, 18, 250, 1, 18, 30, 572 }, // 9
    { 4, 14, 124, 2, 14, 7, 602 }, // :
    { 5, 18, 124, 1, 14, 12, 609 }, // ;
    { 13, 15, 228, 1, 17, 25, 621 }, // <
    { 12, 9, 228, 1, 14, 14, 646 }, // =
    { 13, 15, 228, 1, 17, 25, 660 }, // >
    { 12, 18, 212, 1, 18, 27, 685 }, // ?
    { 22, 23, 396, 1, 18, 64, 712 }, // @
    { 17, 18, 276, 0, 18, 39, 776 }, // A
    { 14, 18, 272, 2, 18, 32, 815 }, // B
    { 16, 18, 280, 1, 18, 36, 847 }, // C
    { 14, 18, 284, 2, 18, 32, 883 }, // D
    { 12, 18, 248, 2, 18, 27, 915 }, // E
    { 12, 18, 238, 2, 18, 27, 942 }, // F
    { 16, 18, 290, 1, 18, 36, 969 }, // G
    { 15, 18, 304, 2, 18, 34, 1005 }, // H
    { 4, 18, 132, 2, 18, 9, 1039 }, // I
    { 12, 18, 230, 1, 18, 27, 1048 }, // J
    { 15, 18, 280, 2, 18, 34, 1075 }, // K
    { 12, 18, 228, 2, 18, 27, 1109 }, // L
    { 18, 18, 352, 2, 18, 41, 1136 }, // M
    { 15, 18, 304, 2, 18, 34, 1177 }, // N
    { 17, 18, 304, 1, 18, 39, 1211 }, // O
    { 14, 18, 266, 2, 18, 32, 1250 }, // P
    { 17, 19, 304, 1, 18, 41, 1282 }, // Q
    { 14, 18, 276, 2, 18, 32, 1323 }, // R
    { 15, 18, 264, 1, 18, 34, 1355 }, // S
    { 15, 18, 256, 1, 18, 34, 1389 }, // T
    { 15, 18, 292, 2, 18, 34, 1423 }, // U
    { 17, 18, 276, 0, 18, 39, 1457 }, // V
    { 24, 18, 392, 0, 18, 54, 1496 }, // W
    { 17, 18, 280, 0, 18, 39, 1550 }, // X
    { 17, 18, 272, 0, 18, 39, 1589 }, // Y
    { 14, 18, 248, 1, 18, 32, 1628 }, // Z
    { 6, 23, 152, 3, 18, 18, 1660 }, // [
    { 12, 23, 192, 0, 18, 35, 1678 }, // <backslash>
    { 7, 23, 152, 1, 18, 21, 1713 }, // ]
    { 14, 7, 228, 0, 18, 13, 1734 }, // ^
    { 13, 3, 200, 0, -1, 5, 1747 }, // _
    { 7, 4, 120, 0, 19, 4, 1752 }, // `
    { 13, 14, 230, 1, 14, 23, 1756 }, // a
    { 13, 18, 246, 2, 18, 30, 1779 }, // b
    { 13, 14, 226, 1, 14, 23, 1809 }, // c
    { 13, 18, 246, 1, 18, 30, 1832 }, // d
    { 13, 14, 232, 1, 14, 23, 1862 }, // e
    { 9, 18, 146, 1, 18, 21, 1885 }, // f
    { 13, 19, 246, 1, 14, 31, 1906 }, // g
    { 13, 18, 242, 2, 18, 30, 1937 }, // h
    { 4, 19, 108, 1, 19, 10, 1967 }, // i
    { 6, 25, 108, -1, 20, 19, 1977 }, // j
    { 13, 18, 230, 2, 18, 30, 1996 }, // k
    { 6, 18, 132, 2, 18, 14, 2026 }, // l
    { 19, 14, 350, 2, 14, 34, 2040 }, // m
    { 13, 14, 242, 2, 14, 23, 2074 }, // n
    { 14, 14, 240, 1, 14, 25, 2097 }, // o
    { 13, 19, 246, 2, 14, 31, 2122 }, // p
    { 13, 19, 246, 1, 14, 31, 2153 }, // q
    { 8, 14, 156, 2, 14, 14, 2184 }, // r
    { 13, 14, 220, 0, 14, 23, 2198 }, // s
    { 9, 17, 160, 1, 17, 20, 2221 }, // t
    { 12, 14, 238, 1, 14, 21, 2241 }, // u
    { 15, 14, 232, 0, 14, 27, 2262 }, // v
    { 21, 14, 332, 0, 14, 37, 2289 }, // w
    { 14, 14, 228, 0, 14, 25, 2326 }, // x
    { 15, 19, 232, 0, 14, 36, 2351 }, // y
    { 11, 14, 204, 1, 14, 20, 2387 }, // z
    { 7, 23, 152, 2, 18, 21, 2407 }, // {
    { 4, 23, 136, 3, 18, 12, 2428 }, // |
    { 7, 23, 152, 1, 18, 21, 2440 }, // }
    { 14, 5, 228, 0, 12, 9, 2461 }, // ~
    { 0, 0, 100, 0, 0, 0, 2470 }, // U+00A0
    { 4, 19, 124, 2, 14, 10, 2470 }, // U+00A1
    { 13, 19, 226, 1, 16, 31, 2480 }, // U+00A2
    { 14, 18, 260, 1, 18, 32, 2511 }, // U+00A3
    { 13, 14, 228, 1, 16, 23, 2543 }, // U+00A4
    { 17, 18, 260, 0, 18, 39, 2566 }, // U+00A5
    { 4, 23, 136, 3, 18, 12, 2605 }, // U+00A6
    { 12, 23, 232, 1, 18, 35, 2617 }, // U+00A7
    { 9, 4, 160, 1, 19, 5, 2652 }, // U+00A8
    { 19, 19, 336, 1, 18, 46, 2657 }, // U+00A9
    { 13, 14, 230, 1, 14, 23, 2703 }, // U+00AA
    { 12, 14, 216, 1, 14, 21, 2726 }, // U+00AB
    { 13, 8, 228, 1, 11, 13, 2747 }, // U+00AC
    { 8, 3, 152, 1, 9, 3, 2760 }, // U+00AD
    { 15, 15, 256, 1, 19, 29, 2763 }, // U+00AE
    { 8, 3, 136, 1, 19, 3, 2792 }, // U+00AF
    { 8, 9, 156, 1, 19, 9, 2795 }, // U+00B0
    { 12, 15, 228, 1, 17, 23, 2804 }, // U+00B1
    { 9, 10, 152, 1, 20, 12, 2827 }, // U+00B2
    { 10, 10, 156, 0, 20, 13, 2839 }, // U+00B3
    { 7, 4, 120, 0, 19, 4, 2852 }, // U+00B4
    { 12, 19, 240, 1, 14, 29, 2856 }, // U+00B5
    { 14, 23, 254, 0, 18, 41, 2885 }, // U+00B6
    { 4, 4, 124, 2, 9, 2, 2926 }, // U+00B7
    { 5, 6, 96, 1, 1, 4, 2928 }, // U+00B8
    { 7, 10, 108, 0, 20, 9, 2932 }, // U+00B9
    { 9, 9, 152, 1, 19, 11, 2941 }, // U+00BA
    { 12, 14, 216, 1, 14, 21, 2952 }, // U+00BB
    { 21, 20, 340, 0, 20, 53, 2973 }, // U+00BC
    { 20, 20, 332, 0, 20, 50, 3026 }, // U+00BD
    { 24, 21, 388, 0, 21, 63, 3076 }, // U+00BE
    { 12, 19, 212, 1, 14, 29, 3139 }, // U+00BF
    { 17, 23, 276, 0, 23, 49, 3168 }, // U+00C0
    { 17, 23, 276, 0, 23, 49, 3217 }, // U+00C1
    { 17, 23, 276, 0, 23, 49, 3266 }, // U+00C2
    { 17, 24, 276, 0, 24, 51, 3315 }, // U+00C3
    { 18, 23, 276, 0, 23, 52, 3366 }, // U+00C4
    { 18, 25, 276, -1, 25, 57, 3418 }, // U+00C5
    { 25, 18, 400, -1, 18, 57, 3475 }, // U+00C6
    { 16, 23, 280, 1, 18, 46, 3532 }, // U+00C7
    { 12, 23, 248, 2, 23, 35, 3578 }, // U+00C8
    { 12, 23, 248, 2, 23, 35, 3613 }, // U+00C9
    { 12, 23, 248, 2, 23, 35, 3648 }, // U+00CA
    { 12, 23, 248, 2, 23, 35, 3683 }, // U+00CB
    { 8, 23, 132, -2, 23, 23, 3718 }, // U+00CC
    { 7, 23, 132, 2, 23, 21, 3741 }, // U+00CD
    { 9, 23, 132, -1, 23, 26, 3762 }, // U+00CE
    { 10, 23, 132, -1, 23, 29, 3788 }, // U+00CF
    { 17, 18, 294, 1, 18, 39, 3817 }, // U+00D0
    { 15, 24, 304, 2, 24, 45, 3856 }, // U+00D1
    { 17, 24, 304, 1, 24, 51, 3901 }, // U+00D2
    { 17, 24, 304, 1, 24, 51, 3952 }, // U+00D3
    { 17, 24, 304, 1, 24, 51, 4003 }, // U+00D4
    { 17, 24, 304, 1, 24, 51, 4054 }, // U+00D5
    { 17, 24, 304, 1, 24, 51, 4105 }, // U+00D6
    { 12, 13, 228, 1, 16, 20, 4156 }, // U+00D7
    { 17, 18, 304, 1, 18, 39, 4176 }, // U+00D8
    { 15, 24, 292, 2, 24, 45, 4215 }, // U+00D9
    { 15, 24, 292, 2, 24, 45, 4260 }, // U+00DA
    { 15, 24, 292, 2, 24, 45, 4305 }, // U+00DB
    { 15, 24, 292, 2, 24, 45, 4350 }, // U+00DC
    { 17, 23, 272, 0, 23, 49, 4395 }, // U+00DD
    { 14, 18, 266, 2, 18, 32, 4444 }, // U+00DE
    { 13, 18, 236, 2, 18, 30, 4476 }, // U+00DF
    { 13, 19, 230, 1, 19, 31, 4506 }, // U+00E0
    { 13, 20, 230, 1, 20, 33, 4537 }, // U+00E1
    { 13, 20, 230, 1, 20, 33, 4570 }, // U+00E2
    { 13, 19, 230, 1, 19, 31, 4603 }, // U+00E3
    { 13, 19, 230, 1, 19, 31, 4634 }, // U+00E4
    { 13, 21, 230, 1, 21, 35, 4665 }, // U+00E5
    { 22, 14, 374, 1, 14, 39, 4700 }, // U+00E6
    { 13, 19, 226, 1, 14, 31, 4739 }, // U+00E7
    { 13, 20, 232, 1, 20, 33, 4770 }, // U+00E8
    { 13, 20, 232, 1, 20, 33, 4803 }, // U+00E9
    { 13, 20, 232, 1, 20, 33, 4836 }, // U+00EA
    { 13, 19, 232, 1, 19, 31, 4869 }, // U+00EB
    { 8, 19, 108, -2, 19, 19, 4900 }, // U+00EC
    { 7, 19, 108, 2, 19, 17, 4919 }, // U+00ED
    { 10, 19, 108, -1, 19, 24, 4936 }, // U+00EE
    { 9, 19, 108, -1, 19, 22, 4960 }, // U+00EF
    { 14, 21, 242, 1, 21, 37, 4982 }, // U+00F0
    { 13, 19, 242, 2, 19, 31, 5019 }, // U+00F1
    { 14, 20, 240, 1, 20, 35, 5050 }, // U+00F2
    { 14, 20, 240, 1, 20, 35, 5085 }, // U+00F3
    { 14, 20, 240, 1, 20, 35, 5120 }, // U+00F4
    { 14, 19, 240, 1, 19, 34, 5155 }, // U+00F5
    { 14, 19, 240, 1, 19, 34, 5189 }, // U+00F6
    { 12, 15, 228, 1, 17, 23, 5223 }, // U+00F7
    { 14, 14, 240, 1, 14, 25, 5246 }, // U+00F8
    { 12, 20, 238, 1, 20, 30, 5271 }, // U+00F9
    { 12, 20, 238, 1, 20, 30, 5301 }, // U+00FA
    { 12, 20, 238, 1, 20, 30, 5331 }, // U+00FB
    { 12, 19, 238, 1, 19, 29, 5361 }, // U+00FC
    { 15, 25, 232, 0, 20, 47, 5390 }, // U+00FD
    { 13, 23, 246, 2, 18, 38, 5437 }, // U+00FE
    { 15, 25, 232, 0, 20, 47, 5475 }, // U+00FF
    { 18, 23, 276, 0, 23, 52, 5522 }, // U+0100
    { 13, 18, 230, 1, 18, 30, 5574 }, // U+0101
    { 17, 24, 276, 0, 24, 51, 5604 }, // U+0102
    { 13, 20, 230, 1, 20, 33, 5655 }, // U+0103
    { 18, 23, 276, -1, 18, 52, 5688 }, // U+0104
    { 13, 19, 230, 1, 14, 31, 5740 }, // U+0105
    { 16, 24, 280, 1, 24, 48, 5771 }, // U+0106
    { 13, 20, 226, 1, 20, 33, 5819 }, // U+0107
    { 17, 25, 296, 1, 25, 54, 5852 }, // U+0108
    { 13, 20, 235, 1, 20, 33, 5906 }, // U+0109
    { 16, 24, 280, 1, 24, 48, 5939 }, // U+010A
    { 13, 19, 226, 1, 19, 31, 5987 }, // U+010B
    { 16, 24, 280, 1, 24, 48, 6018 }, // U+010C
    { 13, 19, 226, 1, 19, 31, 6066 }, // U+010D
    { 14, 23, 284, 2, 23, 41, 6097 }, // U+010E
    { 18, 18, 246, 1, 18, 41, 6138 }, // U+010F
    { 17, 18, 294, 1, 18, 39, 6179 }, // U+0110
    { 16, 18, 246, 1, 18, 36, 6218 }, // U+0111
    { 12, 23, 248, 2, 23, 35, 6254 }, // U+0112
    { 13, 18, 232, 1, 18, 30, 6289 }, // U+0113
    { 12, 24, 243, 2, 24, 36, 6319 }, // U+0114
    { 13, 20, 238, 1, 20, 33, 6355 }, // U+0115
    { 12, 23, 248, 2, 23, 35, 6388 }, // U+0116
    { 13, 19, 232, 1, 19, 31, 6423 }, // U+0117
    { 13, 23, 248, 2, 18, 38, 6454 }, // U+0118
    { 13, 19, 232, 1, 14, 31, 6492 }, // U+0119
    { 12, 23, 248, 2, 23, 35, 6523 }, // U+011A
    { 13, 20, 232, 1, 20, 33, 6558 }, // U+011B
    { 17, 25, 300, 1, 25, 54, 6591 }, // U+011C
    { 13, 25, 253, 1, 20, 41, 6645 }, // U+011D
    { 16, 18, 290, 1, 18, 36, 6686 }, // U+011E
    { 13, 19, 246, 1, 14, 31, 6722 }, // U+011F
    { 16, 24, 290, 1, 24, 48, 6753 }, // U+0120
    { 14, 25, 246, 1, 20, 44, 6801 }, // U+0121
    { 16, 24, 290, 1, 18, 48, 6845 }, // U+0122
    { 13, 26, 246, 1, 21, 43, 6893 }, // U+0123
    { 16, 24, 299, 2, 24, 48, 6936 }, // U+0124
    { 17, 24, 249, -2, 24, 51, 6984 }, // U+0125
    { 19, 18, 304, 0, 18, 43, 7035 }, // U+0126
    { 16, 18, 250, -1, 18, 36, 7078 }, // U+0127
    { 9, 24, 112, -1, 24, 27, 7114 }, // U+0128
    { 9, 20, 108, -1, 20, 23, 7141 }, // U+0129
    { 8, 23, 132, 1, 23, 23, 7164 }, // U+012A
    { 8, 18, 108, 0, 18, 18, 7187 }, // U+012B
    { 9, 24, 112, -1, 24, 27, 7205 }, // U+012C
    { 9, 20, 108, -1, 20, 23, 7232 }, // U+012D
    { 5, 23, 132, 1, 18, 15, 7255 }, // U+012E
    { 5, 25, 108, 1, 20, 16, 7270 }, // U+012F
    { 4, 23, 132, 2, 23, 12, 7286 }, // U+0130
    { 4, 14, 108, 2, 14, 7, 7298 }, // U+0131
    { 18, 18, 362, 2, 18, 41, 7305 }, // U+0132
    { 11, 25, 218, 1, 20, 35, 7346 }, // U+0133
    { 16, 25, 234, 1, 25, 50, 7381 }, // U+0134
    { 10, 25, 108, -1, 20, 32, 7431 }, // U+0135
    { 16, 24, 280, 2, 18, 48, 7463 }, // U+0136
    { 13, 24, 230, 2, 18, 39, 7511 }, // U+0137
    { 14, 14, 235, 2, 14, 25, 7550 }, // U+0138
    { 12, 23, 228, 2, 23, 35, 7575 }, // U+0139
    { 7, 23, 132, 2, 23, 21, 7610 }, // U+013A
    { 12, 24, 228, 2, 18, 36, 7631 }, // U+013B
    { 6, 24, 132, 2, 18, 18, 7667 }, // U+013C
    { 13, 18, 228, 2, 18, 30, 7685 }, // U+013D
    { 9, 18, 132, 2, 18, 21, 7715 }, // U+013E
    { 12, 18, 231, 2, 18, 27, 7736 }, // U+013F
    { 9, 18, 180, 2, 18, 21, 7763 }, // U+0140
    { 15, 18, 244, 0, 18, 34, 7784 }, // U+0141
    { 8, 18, 150, 1, 18, 18, 7818 }, // U+0142
    { 15, 23, 304, 2, 23, 44, 7836 }, // U+0143
    { 13, 19, 242, 2, 19, 31, 7880 }, // U+0144
    { 15, 24, 304, 2, 18, 45, 7911 }, // U+0145
    { 13, 20, 242, 2, 14, 33, 7956 }, // U+0146
    { 15, 23, 304, 2, 23, 44, 7989 }, // U+0147
    { 13, 19, 242, 2, 19, 31, 8033 }, // U+0148
    { 15, 23, 304, 2, 18, 44, 8064 }, // U+014A
    { 13, 19, 242, 2, 14, 31, 8108 }, // U+014B
    { 17, 24, 304, 1, 24, 51, 8139 }, // U+014C
    { 14, 18, 240, 1, 18, 32, 8190 }, // U+014D
    { 17, 24, 308, 1, 24, 51, 8222 }, // U+014E
    { 13, 20, 245, 1, 20, 33, 8273 }, // U+014F
    { 17, 24, 304, 1, 24, 51, 8306 }, // U+0150
    { 15, 19, 240, 1, 19, 36, 8357 }, // U+0151
    { 25, 18, 440, 1, 18, 57, 8393 }, // U+0152
    { 23, 14, 392, 1, 14, 41, 8450 }, // U+0153
    { 14, 23, 276, 2, 23, 41, 8491 }, // U+0154
    { 9, 19, 156, 2, 19, 22, 8532 }, // U+0155
    { 14, 24, 276, 2, 18, 42, 8554 }, // U+0156
    { 8, 20, 156, 2, 14, 20, 8596 }, // U+0157
    { 14, 23, 276, 2, 23, 41, 8616 }, // U+0158
    { 9, 19, 156, 1, 19, 22, 8657 }, // U+0159
    { 15, 24, 264, 1, 24, 45, 8679 }, // U+015A
    { 13, 19, 220, 0, 19, 31, 8724 }, // U+015B
    { 15, 25, 262, 1, 25, 47, 8755 }, // U+015C
    { 13, 20, 224, 0, 20, 33, 8802 }, // U+015D
    { 15, 23, 264, 1, 18, 44, 8835 }, // U+015E
    { 13, 19, 220, 0, 14, 31, 8879 }, // U+015F
    { 15, 24, 264, 1, 24, 45, 8910 }, // U+0160
    { 13, 19, 220, 0, 19, 31, 8955 }, // U+0161
    { 15, 23, 267, 1, 18, 44, 8986 }, // U+0162
    { 9, 23, 146, 1, 18, 26, 9030 }, // U+0163
    { 15, 23, 256, 1, 23, 44, 9056 }, // U+0164
    { 10, 21, 160, 1, 21, 27, 9100 }, // U+0165
    { 15, 18, 267, 1, 18, 34, 9127 }, // U+0166
    { 9, 18, 146, 1, 18, 21, 9161 }, // U+0167
    { 15, 25, 293, 2, 25, 47, 9182 }, // U+0168
    { 13, 20, 249, 2, 20, 33, 9229 }, // U+0169
    { 15, 24, 292, 2, 24, 45, 9262 }, // U+016A
    { 12, 18, 238, 1, 18, 27, 9307 }, // U+016B
    { 15, 18, 292, 2, 18, 34, 9334 }, // U+016C
    { 12, 20, 238, 1, 20, 30, 9368 }, // U+016D
    { 15, 26, 292, 2, 26, 49, 9398 }, // U+016E
    { 12, 21, 238, 1, 21, 32, 9447 }, // U+016F
    { 15, 24, 292, 2, 24, 45, 9479 }, // U+0170
    { 14, 19, 238, 1, 19, 34, 9524 }, // U+0171
    { 14, 23, 292, 2, 18, 41, 9558 }, // U+0172
    { 12, 19, 238, 1, 14, 29, 9599 }, // U+0173
    { 24, 23, 392, 0, 23, 69, 9628 }, // U+0174
    { 21, 19, 332, 0, 19, 50, 9697 }, // U+0175
    { 17, 23, 272, 0, 23, 49, 9747 }, // U+0176
    { 15, 25, 232, 0, 20, 47, 9796 }, // U+0177
    { 18, 23, 272, -1, 23, 52, 9843 }, // U+0178
    { 14, 23, 248, 1, 23, 41, 9895 }, // U+0179
    { 11, 19, 204, 1, 19, 27, 9936 }, // U+017A
    { 14, 23, 248, 1, 23, 41, 9963 }, // U+017B
    { 11, 19, 204, 1, 19, 27, 10004 }, // U+017C
    { 14, 23, 248, 1, 23, 41, 10031 }, // U+017D
    { 11, 19, 204, 1, 19, 27, 10072 }, // U+017E
    { 8, 19, 138, 2, 19, 19, 10099 }, // U+017F
    { 17, 22, 312, 1, 22, 47, 10118 }, // U+01A0
    { 14, 17, 245, 1, 17, 30, 10165 }, // U+01A1
    { 18, 22, 292, 2, 22, 50, 10195 }, // U+01AF
    { 15, 17, 264, 2, 17, 32, 10245 }, // U+01B0
    { 29, 20, 518, 2, 20, 73, 10277 }, // U+01C5
    { 27, 20, 481, 1, 20, 68, 10350 }, // U+01C6
    { 26, 18, 460, 2, 18, 59, 10418 }, // U+01C7
    { 18, 25, 335, 2, 20, 57, 10477 }, // U+01C8
    { 11, 25, 217, 2, 20, 35, 10534 }, // U+01C9
    { 31, 18, 538, 2, 18, 70, 10569 }, // U+01CA
    { 23, 25, 413, 2, 20, 72, 10639 }, // U+01CB
    { 19, 25, 357, 2, 20, 60, 10711 }, // U+01CC
    { 18, 24, 299, 0, 24, 54, 10771 }, // U+01CD
    { 12, 19, 232, 1, 19, 29, 10825 }, // U+01CE
    { 11, 24, 112, -2, 24, 33, 10854 }, // U+01CF
    { 11, 20, 108, -2, 20, 28, 10887 }, // U+01D0
    { 17, 25, 308, 1, 25, 54, 10915 }, // U+01D1
    { 13, 20, 245, 1, 20, 33, 10969 }, // U+01D2
    { 15, 25, 293, 2, 25, 47, 11002 }, // U+01D3
    { 13, 20, 249, 2, 20, 33, 11049 }, // U+01D4
    { 15, 27, 293, 2, 27, 51, 11082 }, // U+01D5
    { 13, 23, 249, 2, 23, 38, 11133 }, // U+01D6
    { 15, 28, 293, 2, 28, 53, 11171 }, // U+01D7
    { 13, 23, 249, 2, 23, 38, 11224 }, // U+01D8
    { 15, 29, 293, 2, 29, 55, 11262 }, // U+01D9
    { 13, 24, 249, 2, 24, 39, 11317 }, // U+01DA
    { 15, 28, 293, 2, 28, 53, 11356 }, // U+01DB
    { 13, 23, 249, 2, 23, 38, 11409 }, // U+01DC
    { 13, 14, 238, 1, 14, 23, 11447 }, // U+01DD
    { 18, 27, 299, 0, 27, 61, 11470 }, // U+01DE
    { 12, 23, 232, 1, 23, 35, 11531 }, // U+01DF
    { 18, 27, 299, 0, 27, 61, 11566 }, // U+01E0
    { 12, 23, 232, 1, 23, 35, 11627 }, // U+01E1
    { 24, 24, 409, 0, 24, 72, 11662 }, // U+01E2
    { 21, 18, 364, 1, 18, 48, 11734 }, // U+01E3
    { 18, 18, 300, 1, 18, 41, 11782 }, // U+01E4
    { 16, 19, 276, 1, 14, 38, 11823 }, // U+01E5
    { 17, 25, 300, 1, 25, 54, 11861 }, // U+01E6
    { 13, 25, 253, 1, 20, 41, 11915 }, // U+01E7
    { 16, 24, 288, 2, 24, 48, 11956 }, // U+01E8
    { 17, 24, 232, -2, 24, 51, 12004 }, // U+01E9
    { 17, 23, 308, 1, 18, 49, 12055 }, // U+01EA
    { 13, 19, 245, 1, 14, 31, 12104 }, // U+01EB
    { 17, 29, 308, 1, 24, 62, 12135 }, // U+01EC
    { 13, 23, 245, 1, 18, 38, 12197 }, // U+01ED
    { 15, 30, 275, 1, 25, 57, 12235 }, // U+01EE
    { 14, 25, 259, 1, 20, 44, 12292 }, // U+01EF
    { 10, 25, 108, -1, 20, 32, 12336 }, // U+01F0
    { 32, 18, 554, 2, 18, 72, 12368 }, // U+01F1
    { 29, 18, 518, 2, 18, 66, 12440 }, // U+01F2
    { 27, 18, 481, 1, 18, 61, 12506 }, // U+01F3
    { 17, 24, 300, 1, 24, 51, 12567 }, // U+01F4
    { 13, 25, 253, 1, 20, 41, 12618 }, // U+01F5
    { 25, 18, 450, 2, 18, 57, 12659 }, // U+01F6
    { 15, 23, 296, 2, 18, 44, 12716 }, // U+01F7
    { 16, 24, 305, 2, 24, 48, 12760 }, // U+01F8
    { 13, 20, 249, 2, 20, 33, 12808 }, // U+01F9
    { 18, 28, 299, 0, 28, 63, 12841 }, // U+01FA
    { 12, 25, 232, 1, 25, 38, 12904 }, // U+01FB
    { 24, 24, 409, 0, 24, 72, 12942 }, // U+01FC
    { 21, 20, 364, 1, 20, 53, 13014 }, // U+01FD
    { 17, 25, 308, 1, 24, 54, 13067 }, // U+01FE
    { 14, 21, 245, 0, 20, 37, 13121 }, // U+01FF
    { 18, 24, 299, 0, 24, 54, 13158 }, // U+0200
    { 12, 20, 232, 1, 20, 30, 13212 }, // U+0201
    { 18, 25, 299, 0, 25, 57, 13242 }, // U+0202
    { 13, 20, 232, 1, 20, 33, 13299 }, // U+0203
    { 13, 24, 243, 1, 24, 39, 13332 }, // U+0204
    { 13, 20, 238, 1, 20, 33, 13371 }, // U+0205
    { 12, 25, 243, 2, 25, 38, 13404 }, // U+0206
    { 13, 20, 238, 1, 20, 33, 13442 }, // U+0207
    { 11, 24, 112, -3, 24, 33, 13475 }, // U+0208
    { 11, 20, 108, -3, 20, 28, 13508 }, // U+0209
    { 9, 25, 112, -1, 25, 29, 13536 }, // U+020A
    { 9, 20, 108, -1, 20, 23, 13565 }, // U+020B
    { 17, 24, 308, 1, 24, 51, 13588 }, // U+020C
    { 13, 20, 245, 1, 20, 33, 13639 }, // U+020D
    { 17, 25, 308, 1, 25, 54, 13672 }, // U+020E
    { 13, 20, 245, 1, 20, 33, 13726 }, // U+020F
    { 15, 24, 263, 2, 24, 45, 13759 }, // U+0210
    { 11, 20, 163, -1, 20, 28, 13804 }, // U+0211
    { 15, 25, 263, 2, 25, 47, 13832 }, // U+0212
    { 9, 20, 163, 1, 20, 23, 13879 }, // U+0213
    { 15, 24, 293, 2, 24, 45, 13902 }, // U+0214
    { 14, 20, 249, 1, 20, 35, 13947 }, // U+0215
    { 15, 25, 293, 2, 25, 47, 13982 }, // U+0216
    { 13, 20, 249, 2, 20, 33, 14029 }, // U+0217
    { 15, 24, 264, 1, 18, 45, 14062 }, // U+0218
    { 13, 20, 220, 0, 14, 33, 14107 }, // U+0219
    { 15, 24, 256, 1, 18, 45, 14140 }, // U+021A
    { 9, 23, 160, 1, 17, 26, 14185 }, // U+021B
    { 13, 24, 267, 2, 18, 39, 14211 }, // U+021C
    { 12, 20, 230, 1, 14, 30, 14250 }, // U+021D
    { 16, 24, 299, 2, 24, 48, 14280 }, // U+021E
    { 17, 24, 249, -2, 24, 51, 14328 }, // U+021F
    { 7, 4, 0, 0, 19, 4, 14379 }, // U+0300
    { 7, 4, 0, 0, 19, 4, 14383 }, // U+0301
    { 10, 4, 0, 0, 19, 5, 14387 }, // U+0302
    { 9, 5, 0, 0, 19, 6, 14392 }, // U+0303
    { 8, 3, 0, 1, 19, 3, 14398 }, // U+0304
    { 9, 4, 0, 1, 19, 5, 14401 }, // U+0306
    { 4, 4, 0, 1, 19, 2, 14406 }, // U+0307
    { 9, 4, 0, 1, 19, 5, 14408 }, // U+0308
    { 5, 4, 0, 1, 20, 3, 14413 }, // U+0309
    { 7, 6, 0, 1, 21, 6, 14416 }, // U+030A
    { 13, 4, 0, 1, 19, 7, 14422 }, // U+030B
    { 10, 4, 0, 0, 19, 5, 14429 }, // U+030C
    { 11, 4, 0, 1, 20, 6, 14434 }, // U+030F
    { 4, 5, 0, -1, 21, 3, 14440 }, // U+0312
    { 5, 8, 0, 5, 12, 5, 14443 }, // U+0313
    { 5, 8, 0, 5, 12, 5, 14448 }, // U+0315
    { 4, 7, 0, -6, 19, 4, 14453 }, // U+031B
    { 4, 4, 115, 2, -2, 2, 14457 }, // U+0323
    { 4, 5, 0, 1, -1, 3, 14459 }, // U+0326
    { 5, 6, 0, 1, 1, 4, 14462 }, // U+0327
    { 5, 6, 0, 1, 1, 4, 14466 }, // U+0328
    { 11, 4, 0, 0, -2, 6, 14470 }, // U+032C
    { 12, 17, 0, -14, 15, 26, 14476 }, // U+0337
    { 15, 20, 0, -15, 19, 38, 14502 }, // U+0338
    { 9, 4, 0, -12, 20, 5, 14540 }, // U+0342
    { 5, 4, 0, 0, 15, 3, 14545 }, // U+0343
    { 9, 6, 0, -12, 21, 7, 14548 }, // U+0346
    { 8, 6, 0, -11, -2, 6, 14555 }, // U+0347
    { 7, 5, 0, -11, -1, 5, 14561 }, // U+0348
    { 6, 6, 0, -10, 0, 5, 14566 }, // U+0349
    { 10, 6, 0, -13, 20, 8, 14571 }, // U+034A
    { 10, 11, 0, -13, 25, 14, 14579 }, // U+034B
    { 10, 6, 0, -12, 21, 8, 14593 }, // U+034C
    { 13, 6, 0, -14, -1, 10, 14601 }, // U+034D
    { 6, 7, 0, -10, 0, 6, 14611 }, // U+034E
    { 0, 0, 0, 0, 0, 0, 14617 }, // U+034F
    { 10, 10, 0, -12, 25, 13, 14617 }, // U+0350
    { 4, 5, 0, -10, 19, 3, 14630 }, // U+0351
    { 9, 8, 0, -12, 22, 9, 14633 }, // U+0352
    { 7, 7, 0, -11, 0, 7, 14642 }, // U+0353
    { 7, 7, 0, -11, 0, 7, 14649 }, // U+0354
    { 7, 7, 0, -11, 0, 7, 14656 }, // U+0355
    { 14, 7, 0, -13, 0, 13, 14663 }, // U+0356
    { 4, 7, 0, 0, 22, 4, 14676 }, // U+0357
    { 4, 4, 0, 2, 19, 2, 14680 }, // U+0358
    { 7, 6, 0, -11, -1, 6, 14682 }, // U+0359
    { 10, 5, 0, -13, -1, 7, 14688 }, // U+035A
    { 7, 6, 0, -11, 21, 6, 14695 }, // U+035B
    { 20, 5, 0, -11, -1, 13, 14701 }, // U+035C
    { 19, 5, 0, -10, 19, 12, 14714 }, // U+035D
    { 15, 3, 0, -14, 19, 6, 14726 }, // U+035E
    { 15, 3, 0, -14, -2, 6, 14732 }, // U+035F
    { 26, 5, 0, -14, 20, 17, 14738 }, // U+0360
    { 19, 6, 0, -10, 19, 15, 14755 }, // U+0361
    { 22, 6, 0, -10, -1, 17, 14770 }, // U+0362
    { 7, 8, 0, -11, 22, 7, 14787 }, // U+0363
    { 6, 7, 0, -11, 22, 6, 14794 }, // U+0364
    { 2, 10, 0, -8, 25, 3, 14800 }, // U+0365
    { 7, 7, 0, -11, 22, 7, 14803 }, // U+0366
    { 6, 8, 0, -11, 22, 6, 14810 }, // U+0367
    { 6, 7, 0, -11, 22, 6, 14816 }, // U+0368
    { 6, 11, 0, -11, 25, 9, 14822 }, // U+0369
    { 6, 10, 0, -11, 24, 8, 14831 }, // U+036A
    { 10, 7, 0, -13, 21, 9, 14839 }, // U+036B
    { 4, 7, 0, -9, 21, 4, 14848 }, // U+036C
    { 5, 9, 0, 0, 24, 6, 14852 }, // U+036D
    { 8, 7, 0, -12, 22, 7, 14858 }, // U+036E
    { 7, 7, 0, -11, 22, 7, 14865 }, // U+036F
    { 12, 24, 243, 2, 24, 36, 14872 }, // U+0400
    { 12, 23, 248, 2, 23, 35, 14908 }, // U+0401
    { 19, 18, 332, 1, 18, 43, 14943 }, // U+0402
    { 12, 23, 224, 2, 23, 35, 14986 }, // U+0403
    { 16, 18, 280, 1, 18, 36, 15021 }, // U+0404
    { 15, 18, 264, 1, 18, 34, 15057 }, // U+0405
    { 4, 18, 132, 2, 18, 9, 15091 }, // U+0406
    { 10, 23, 132, -1, 23, 29, 15100 }, // U+0407
    { 12, 18, 230, 1, 18, 27, 15129 }, // U+0408
    { 25, 18, 422, 0, 18, 57, 15156 }, // U+0409
    { 25, 18, 436, 2, 18, 57, 15213 }, // U+040A
    { 19, 18, 338, 1, 18, 43, 15270 }, // U+040B
    { 15, 23, 284, 2, 23, 44, 15313 }, // U+040C
    { 16, 24, 305, 2, 24, 48, 15357 }, // U+040D
    { 17, 24, 276, 0, 24, 51, 15405 }, // U+040E
    { 15, 22, 296, 2, 18, 42, 15456 }, // U+040F
    { 17, 18, 276, 0, 18, 39, 15498 }, // U+0410
    { 14, 18, 270, 2, 18, 32, 15537 }, // U+0411
    { 14, 18, 272, 2, 18, 32, 15569 }, // U+0412
    { 12, 18, 224, 2, 18, 27, 15601 }, // U+0413
    { 18, 23, 300, 1, 18, 52, 15628 }, // U+0414
    { 12, 18, 248, 2, 18, 27, 15680 }, // U+0415
    { 25, 18, 400, 0, 18, 57, 15707 }, // U+0416
    { 15, 18, 263, 1, 18, 34, 15764 }, // U+0417
    { 15, 18, 304, 2, 18, 34, 15798 }, // U+0418
    { 15, 24, 304, 2, 24, 45, 15832 }, // U+0419
    { 15, 18, 284, 2, 18, 34, 15877 }, // U+041A
    { 16, 18, 290, 0, 18, 36, 15911 }, // U+041B
    { 18, 18, 352, 2, 18, 41, 15947 }, // U+041C
    { 15, 18, 304, 2, 18, 34, 15988 }, // U+041D
    { 17, 18, 304, 1, 18, 39, 16022 }, // U+041E
    { 15, 18, 300, 2, 18, 34, 16061 }, // U+041F
    { 14, 18, 266, 2, 18, 32, 16095 }, // U+0420
    { 16, 18, 280, 1, 18, 36, 16127 }, // U+0421
    { 15, 18, 256, 1, 18, 34, 16163 }, // U+0422
    { 17, 18, 276, 0, 18, 39, 16197 }, // U+0423
    { 20, 20, 360, 1, 19, 50, 16236 }, // U+0424
    { 17, 18, 280, 0, 18, 39, 16286 }, // U+0425
    { 17, 23, 310, 2, 18, 49, 16325 }, // U+0426
    { 14, 18, 272, 1, 18, 32, 16374 }, // U+0427
    { 21, 18, 396, 2, 18, 48, 16406 }, // U+0428
    { 23, 23, 410, 2, 18, 67, 16454 }, // U+0429
    { 18, 18, 296, 0, 18, 41, 16521 }, // U+042A
    { 19, 18, 364, 2, 18, 43, 16562 }, // U+042B
    { 14, 18, 264, 2, 18, 32, 16605 }, // U+042C
    { 16, 18, 280, 0, 18, 36, 16637 }, // U+042D
    { 21, 18, 388, 2, 18, 48, 16673 }, // U+042E
    { 15, 18, 278, 1, 18, 34, 16721 }, // U+042F
    { 13, 14, 230, 1, 14, 23, 16755 }, // U+0430
    { 13, 19, 238, 1, 19, 31, 16778 }, // U+0431
    { 12, 14, 230, 2, 14, 21, 16809 }, // U+0432
    { 10, 14, 188, 2, 14, 18, 16830 }, // U+0433
    { 16, 18, 250, 1, 14, 36, 16848 }, // U+0434
    { 13, 14, 232, 1, 14, 23, 16884 }, // U+0435
    { 21, 14, 328, 0, 14, 37, 16907 }, // U+0436
    { 12, 14, 218, 1, 14, 21, 16944 }, // U+0437
    { 13, 14, 244, 2, 14, 23, 16965 }, // U+0438
    { 13, 19, 244, 2, 19, 31, 16988 }, // U+0439
    { 13, 14, 230, 2, 14, 23, 17019 }, // U+043A
    { 13, 14, 238, 1, 14, 23, 17042 }, // U+043B
    { 15, 14, 288, 2, 14, 27, 17065 }, // U+043C
    { 13, 14, 244, 2, 14, 23, 17092 }, // U+043D
    { 14, 14, 240, 1, 14, 25, 17115 }, // U+043E
    { 12, 14, 240, 2, 14, 21, 17140 }, // U+043F
    { 13, 19, 246, 2, 14, 31, 17161 }, // U+0440
    { 13, 14, 226, 1, 14, 23, 17192 }, // U+0441
    { 12, 14, 204, 1, 14, 21, 17215 }, // U+0442
    { 15, 19, 232, 0, 14, 36, 17236 }, // U+0443
    { 18, 23, 304, 1, 18, 52, 17272 }, // U+0444
    { 14, 14, 228, 0, 14, 25, 17324 }, // U+0445
    { 14, 18, 252, 2, 14, 32, 17349 }, // U+0446
    { 12, 14, 226, 1, 14, 21, 17381 }, // U+0447
    { 18, 14, 332, 2, 14, 32, 17402 }, // U+0448
    { 20, 18, 348, 2, 14, 45, 17434 }, // U+0449
    { 15, 14, 246, 1, 14, 27, 17479 }, // U+044A
    { 16, 14, 300, 2, 14, 28, 17506 }, // U+044B
    { 12, 14, 214, 1, 14, 21, 17534 }, // U+044C
    { 13, 14, 226, 0, 14, 23, 17555 }, // U+044D
    { 17, 14, 310, 2, 14, 30, 17578 }, // U+044E
    { 13, 14, 232, 0, 14, 23, 17608 }, // U+044F
    { 13, 20, 238, 1, 20, 33, 17631 }, // U+0450
    { 13, 19, 232, 1, 19, 31, 17664 }, // U+0451
    { 15, 23, 256, 1, 18, 44, 17695 }, // U+0452
    { 10, 19, 188, 2, 19, 24, 17739 }, // U+0453
    { 13, 14, 226, 1, 14, 23, 17763 }, // U+0454
    { 13, 14, 220, 0, 14, 23, 17786 }, // U+0455
    { 4, 19, 108, 1, 19, 10, 17809 }, // U+0456
    { 9, 19, 108, -1, 19, 22, 17819 }, // U+0457
    { 6, 25, 108, -1, 20, 19, 17841 }, // U+0458
    { 20, 14, 344, 1, 14, 35, 17860 }, // U+0459
    { 20, 14, 354, 2, 14, 35, 17895 }, // U+045A
    { 15, 18, 256, 1, 18, 34, 17930 }, // U+045B
    { 13, 19, 230, 2, 19, 31, 17964 }, // U+045C
    { 13, 20, 249, 2, 20, 33, 17995 }, // U+045D
    { 15, 25, 232, 0, 20, 47, 18028 }, // U+045E
    { 12, 17, 236, 2, 14, 26, 18075 }, // U+045F
    { 22, 18, 391, 2, 18, 50, 18101 }, // U+0460
    { 19, 14, 352, 2, 14, 34, 18151 }, // U+0461
    { 17, 18, 284, 0, 18, 39, 18185 }, // U+0462
    { 15, 18, 257, 0, 18, 34, 18224 }, // U+0463
    { 23, 18, 401, 2, 18, 52, 18258 }, // U+0464
    { 18, 14, 332, 2, 14, 32, 18310 }, // U+0465
    { 19, 18, 299, 0, 18, 43, 18342 }, // U+0466
    { 15, 14, 237, 0, 14, 27, 18385 }, // U+0467
    { 23, 18, 397, 2, 18, 52, 18412 }, // U+0468
    { 19, 14, 333, 2, 14, 34, 18464 }, // U+0469
    { 19, 18, 353, 2, 18, 43, 18498 }, // U+046A
    { 16, 14, 299, 1, 14, 28, 18541 }, // U+046B
    { 27, 18, 474, 2, 18, 61, 18569 }, // U+046C
    { 23, 14, 409, 2, 14, 41, 18630 }, // U+046D
    { 12, 30, 229, 1, 24, 45, 18671 }, // U+046E
    { 11, 25, 217, 1, 20, 35, 18716 }, // U+046F
    { 19, 18, 358, 2, 18, 43, 18751 }, // U+0470
    { 18, 23, 332, 2, 18, 52, 18794 }, // U+0471
    { 17, 18, 308, 1, 18, 39, 18846 }, // U+0472
    { 13, 14, 245, 1, 14, 23, 18885 }, // U+0473
    { 18, 18, 303, 0, 18, 41, 18908 }, // U+0474
    { 15, 14, 247, 0, 14, 27, 18949 }, // U+0475
    { 18, 24, 303, 0, 24, 54, 18976 }, // U+0476
    { 15, 20, 247, 0, 20, 38, 19030 }, // U+0477
    { 33, 23, 549, 1, 18, 95, 19068 }, // U+0478
    { 29, 19, 479, 1, 14, 69, 19163 }, // U+0479
    { 16, 18, 287, 1, 18, 36, 19232 }, // U+0480
    { 13, 18, 235, 1, 14, 30, 19268 }, // U+0481
    { 15, 17, 267, 1, 17, 32, 19298 }, // U+0482
    { 9, 5, 0, -12, 20, 6, 19330 }, // U+0483
    { 10, 3, 0, -12, 19, 4, 19336 }, // U+0484
    { 3, 5, 0, -8, 20, 2, 19340 }, // U+0485
    { 4, 5, 0, -8, 20, 3, 19342 }, // U+0486
    { 11, 3, 0, -13, 19, 5, 19345 }, // U+0487
    { 24, 23, 0, -20, 18, 69, 19350 }, // U+0488
    { 23, 23, 0, -19, 18, 67, 19419 }, // U+0489
    { 18, 28, 305, 2, 24, 63, 19486 }, // U+048A
    { 16, 24, 249, 2, 20, 48, 19549 }, // U+048B
    { 17, 18, 284, 0, 18, 39, 19597 }, // U+048C
    { 15, 17, 257, 0, 17, 32, 19636 }, // U+048D
    { 14, 18, 263, 2, 18, 32, 19668 }, // U+048E
    { 13, 19, 245, 2, 14, 31, 19700 }, // U+048F
    { 12, 22, 224, 2, 22, 33, 19731 }, // U+0490
    { 10, 17, 188, 2, 17, 22, 19764 }, // U+0491
    { 14, 18, 232, 1, 18, 32, 19786 }, // U+0492
    { 12, 14, 198, 1, 14, 21, 19818 }, // U+0493
    { 13, 23, 263, 2, 18, 38, 19839 }, // U+0494
    { 12, 19, 225, 2, 14, 29, 19877 }, // U+0495
    { 26, 22, 408, 0, 18, 72, 19906 }, // U+0496
    { 21, 17, 335, 0, 14, 45, 19978 }, // U+0497
    { 15, 21, 263, 1, 18, 40, 20023 }, // U+0498
    { 13, 17, 218, 0, 14, 28, 20063 }, // U+0499
    { 16, 22, 297, 2, 18, 44, 20091 }, // U+049A
    { 13, 17, 236, 2, 14, 28, 20135 }, // U+049B
    { 17, 18, 310, 2, 18, 39, 20163 }, // U+049C
    { 15, 14, 264, 2, 14, 27, 20202 }, // U+049D
    { 19, 18, 326, 1, 18, 43, 20229 }, // U+04A0
    { 16, 14, 263, 1, 14, 28, 20272 }, // U+04A1
    { 17, 22, 313, 2, 18, 47, 20300 }, // U+04A2
    { 14, 17, 255, 2, 14, 30, 20347 }, // U+04A3
    { 23, 18, 404, 2, 18, 52, 20377 }, // U+04A4
    { 19, 14, 328, 2, 14, 34, 20429 }, // U+04A5
    { 26, 19, 451, 2, 18, 62, 20463 }, // U+04A6
    { 21, 18, 376, 2, 14, 48, 20525 }, // U+04A7
    { 25, 18, 418, 1, 18, 57, 20573 }, // U+04A8
    { 20, 14, 336, 1, 14, 35, 20630 }, // U+04A9
    { 16, 21, 280, 1, 18, 42, 20665 }, // U+04AA
    { 13, 17, 226, 1, 14, 28, 20707 }, // U+04AB
    { 15, 22, 267, 1, 18, 42, 20735 }, // U+04AC
    { 12, 18, 204, 1, 14, 27, 20777 }, // U+04AD
    { 17, 18, 272, 0, 18, 39, 20804 }, // U+04AE
    { 15, 20, 235, 0, 14, 38, 20843 }, // U+04AF
    { 17, 18, 266, 0, 18, 39, 20881 }, // U+04B0
    { 14, 20, 232, 0, 14, 35, 20920 }, // U+04B1
    { 18, 22, 288, 0, 18, 50, 20955 }, // U+04B2
    { 16, 17, 237, -1, 14, 34, 21005 }, // U+04B3
    { 23, 22, 380, 0, 18, 64, 21039 }, // U+04B4
    { 17, 18, 284, 0, 14, 39, 21103 }, // U+04B5
    { 16, 22, 285, 1, 18, 44, 21142 }, // U+04B6
    { 13, 17, 239, 1, 14, 28, 21186 }, // U+04B7
    { 15, 18, 282, 1, 18, 34, 21214 }, // U+04B8
    { 13, 14, 243, 1, 14, 23, 21248 }, // U+04B9
    { 14, 18, 266, 2, 18, 32, 21271 }, // U+04BA
    { 13, 18, 242, 2, 18, 30, 21303 }, // U+04BB
    { 21, 18, 356, 1, 18, 48, 21333 }, // U+04BC
    { 18, 14, 302, 1, 14, 32, 21381 }, // U+04BD
    { 21, 22, 356, 1, 18, 58, 21413 }, // U+04BE
    { 18, 19, 302, 1, 14, 43, 21471 }, // U+04BF
    { 4, 18, 132, 2, 18, 9, 21514 }, // U+04C0
    { 26, 24, 427, 0, 24, 78, 21523 }, // U+04C1
    { 22, 20, 346, 0, 20, 55, 21601 }, // U+04C2
    { 15, 23, 278, 2, 18, 44, 21656 }, // U+04C3
    { 13, 19, 231, 2, 14, 31, 21700 }, // U+04C4
    { 20, 22, 300, 0, 18, 55, 21731 }, // U+04C5
    { 17, 18, 242, 0, 14, 39, 21786 }, // U+04C6
    { 15, 23, 304, 2, 18, 44, 21825 }, // U+04C7
    { 13, 19, 244, 2, 14, 31, 21869 }, // U+04C8
    { 19, 22, 299, 2, 18, 53, 21900 }, // U+04C9
    { 16, 18, 248, 2, 14, 36, 21953 }, // U+04CA
    { 14, 22, 272, 1, 18, 39, 21989 }, // U+04CB
    { 12, 17, 227, 1, 14, 26, 22028 }, // U+04CC
    { 23, 22, 373, 2, 18, 64, 22054 }, // U+04CD
    { 20, 18, 325, 2, 14, 45, 22118 }, // U+04CE
    { 4, 18, 104, 2, 18, 9, 22163 }, // U+04CF
    { 17, 24, 276, 0, 24, 51, 22172 }, // U+04D0
    { 13, 20, 230, 1, 20, 33, 22223 }, // U+04D1
    { 18, 23, 276, 0, 23, 52, 22256 }, // U+04D2
    { 13, 19, 230, 1, 19, 31, 22308 }, // U+04D3
    { 25, 18, 400, -1, 18, 57, 22339 }, // U+04D4
    { 22, 14, 374, 1, 14, 39, 22396 }, // U+04D5
    { 12, 24, 248, 2, 24, 36, 22435 }, // U+04D6
    { 13, 20, 232, 1, 20, 33, 22471 }, // U+04D7
    { 16, 18, 290, 1, 18, 36, 22504 }, // U+04D8
    { 13, 14, 235, 1, 14, 23, 22540 }, // U+04D9
    { 16, 24, 290, 1, 24, 48, 22563 }, // U+04DA
    { 13, 19, 235, 1, 19, 31, 22611 }, // U+04DB
    { 24, 23, 400, 0, 23, 69, 22642 }, // U+04DC
    { 21, 19, 328, 0, 19, 50, 22711 }, // U+04DD
    { 15, 24, 263, 0, 24, 45, 22761 }, // U+04DE
    { 13, 19, 218, 0, 19, 31, 22806 }, // U+04DF
    { 14, 18, 259, 1, 18, 32, 22837 }, // U+04E0
    { 14, 19, 259, 1, 14, 34, 22869 }, // U+04E1
    { 15, 23, 304, 2, 23, 44, 22903 }, // U+04E2
    { 13, 18, 244, 2, 18, 30, 22947 }, // U+04E3
    { 15, 23, 304, 2, 23, 44, 22977 }, // U+04E4
    { 13, 19, 244, 2, 19, 31, 23021 }, // U+04E5
    { 17, 24, 304, 1, 24, 51, 23052 }, // U+04E6
    { 14, 19, 240, 1, 19, 34, 23103 }, // U+04E7
    { 17, 18, 309, 1, 18, 39, 23137 }, // U+04E8
    { 14, 14, 245, 1, 14, 25, 23176 }, // U+04E9
    { 17, 24, 309, 1, 24, 51, 23201 }, // U+04EA
    { 14, 19, 245, 1, 19, 34, 23252 }, // U+04EB
    { 17, 24, 296, 0, 24, 51, 23286 }, // U+04EC
    { 13, 20, 236, 1, 20, 33, 23337 }, // U+04ED
    { 18, 24, 276, 0, 24, 54, 23370 }, // U+04EE
    { 16, 23, 232, -1, 18, 46, 23424 }, // U+04EF
    { 18, 24, 276, 0, 24, 54, 23470 }, // U+04F0
    { 15, 25, 232, 0, 20, 47, 23524 }, // U+04F1
    { 17, 24, 276, 0, 24, 51, 23571 }, // U+04F2
    { 15, 25, 232, 0, 20, 47, 23622 }, // U+04F3
    { 14, 23, 272, 1, 23, 41, 23669 }, // U+04F4
    { 12, 19, 226, 1, 19, 29, 23710 }, // U+04F5
    { 12, 22, 233, 2, 18, 33, 23739 }, // U+04F6
    { 10, 18, 181, 2, 14, 23, 23772 }, // U+04F7
    { 19, 23, 364, 2, 23, 55, 23795 }, // U+04F8
    { 16, 19, 300, 2, 19, 38, 23850 }, // U+04F9
    { 15, 23, 248, 0, 18, 44, 23888 }, // U+04FA
    { 12, 19, 181, 0, 14, 29, 23932 }, // U+04FB
    { 19, 23, 316, 1, 18, 55, 23961 }, // U+04FC
    { 13, 19, 216, 0, 14, 31, 24016 }, // U+04FD
    { 18, 18, 295, 0, 18, 41, 24047 }, // U+04FE
    { 14, 14, 232, 0, 14, 25, 24088 }, // U+04FF
    { 18, 23, 299, 0, 18, 52, 24113 }, // U+1EA0
    { 13, 19, 232, 1, 14, 31, 24165 }, // U+1EA1
    { 18, 24, 299, 0, 24, 54, 24196 }, // U+1EA2
    { 12, 20, 232, 1, 20, 30, 24250 }, // U+1EA3
    { 18, 28, 299, 0, 28, 63, 24280 }, // U+1EA4
    { 13, 24, 232, 1, 24, 39, 24343 }, // U+1EA5
    { 18, 28, 299, 0, 28, 63, 24382 }, // U+1EA6
    { 12, 24, 232, 1, 24, 36, 24445 }, // U+1EA7
    { 18, 28, 299, 0, 28, 63, 24481 }, // U+1EA8
    { 12, 24, 232, 1, 24, 36, 24544 }, // U+1EA9
    { 18, 28, 299, 0, 28, 63, 24580 }, // U+1EAA
    { 12, 24, 232, 1, 24, 36, 24643 }, // U+1EAB
    { 18, 30, 299, 0, 25, 68, 24679 }, // U+1EAC
    { 13, 25, 232, 1, 20, 41, 24747 }, // U+1EAD
    { 18, 28, 299, 0, 28, 63, 24788 }, // U+1EAE
    { 13, 24, 232, 1, 24, 39, 24851 }, // U+1EAF
    { 18, 28, 299, 0, 28, 63, 24890 }, // U+1EB0
    { 13, 24, 232, 1, 24, 39, 24953 }, // U+1EB1
    { 18, 28, 299, 0, 28, 63, 24992 }, // U+1EB2
    { 13, 24, 232, 1, 24, 39, 25055 }, // U+1EB3
    { 18, 28, 299, 0, 28, 63, 25094 }, // U+1EB4
    { 13, 24, 232, 1, 24, 39, 25157 }, // U+1EB5
    { 18, 30, 299, 0, 25, 68, 25196 }, // U+1EB6
    { 13, 24, 232, 1, 19, 39, 25264 }, // U+1EB7
    { 12, 23, 243, 2, 18, 35, 25303 }, // U+1EB8
    { 13, 19, 238, 1, 14, 31, 25338 }, // U+1EB9
    { 12, 24, 243, 2, 24, 36, 25369 }, // U+1EBA
    { 13, 20, 238, 1, 20, 33, 25405 }, // U+1EBB
    { 12, 24, 243, 2, 24, 36, 25438 }, // U+1EBC
    { 13, 20, 238, 1, 20, 33, 25474 }, // U+1EBD
    { 13, 28, 243, 2, 28, 46, 25507 }, // U+1EBE
    { 13, 24, 238, 1, 24, 39, 25553 }, // U+1EBF
    { 12, 28, 243, 2, 28, 42, 25592 }, // U+1EC0
    { 13, 24, 238, 1, 24, 39, 25634 }, // U+1EC1
    { 12, 28, 243, 2, 28, 42, 25673 }, // U+1EC2
    { 13, 24, 238, 1, 24, 39, 25715 }, // U+1EC3
    { 12, 28, 243, 2, 28, 42, 25754 }, // U+1EC4
    { 13, 24, 238, 1, 24, 39, 25796 }, // U+1EC5
    { 12, 30, 243, 2, 25, 45, 25835 }, // U+1EC6
    { 13, 25, 238, 1, 20, 41, 25880 }, // U+1EC7
    { 6, 24, 112, 1, 24, 18, 25921 }, // U+1EC8
    { 6, 19, 108, 1, 19, 15, 25939 }, // U+1EC9
    { 4, 23, 112, 2, 18, 12, 25954 }, // U+1ECA
    { 4, 25, 108, 2, 20, 13, 25966 }, // U+1ECB
    { 17, 23, 308, 1, 18, 49, 25979 }, // U+1ECC
    { 13, 19, 245, 1, 14, 31, 26028 }, // U+1ECD
    { 17, 24, 308, 1, 24, 51, 26059 }, // U+1ECE
    { 13, 20, 245, 1, 20, 33, 26110 }, // U+1ECF
    { 17, 28, 308, 1, 28, 60, 26143 }, // U+1ED0
    { 13, 24, 245, 1, 24, 39, 26203 }, // U+1ED1
    { 17, 28, 308, 1, 28, 60, 26242 }, // U+1ED2
    { 13, 24, 245, 1, 24, 39, 26302 }, // U+1ED3
    { 17, 28, 308, 1, 28, 60, 26341 }, // U+1ED4
    { 13, 24, 245, 1, 24, 39, 26401 }, // U+1ED5
    { 17, 28, 308, 1, 28, 60, 26440 }, // U+1ED6
    { 13, 24, 245, 1, 24, 39, 26500 }, // U+1ED7
    { 17, 30, 308, 1, 25, 64, 26539 }, // U+1ED8
    { 13, 25, 245, 1, 20, 41, 26603 }, // U+1ED9
    { 17, 24, 312, 1, 24, 51, 26644 }, // U+1EDA
    { 14, 20, 245, 1, 20, 35, 26695 }, // U+1EDB
    { 17, 24, 312, 1, 24, 51, 26730 }, // U+1EDC
    { 14, 20, 245, 1, 20, 35, 26781 }, // U+1EDD
    { 17, 24, 312, 1, 24, 51, 26816 }, // U+1EDE
    { 14, 20, 245, 1, 20, 35, 26867 }, // U+1EDF
    { 17, 25, 312, 1, 25, 54, 26902 }, // U+1EE0
    { 14, 18, 245, 1, 18, 32, 26956 }, // U+1EE1
    { 17, 27, 312, 1, 22, 58, 26988 }, // U+1EE2
    { 14, 23, 245, 1, 18, 41, 27046 }, // U+1EE3
    { 15, 23, 293, 2, 18, 44, 27087 }, // U+1EE4
    { 13, 19, 249, 2, 14, 31, 27131 }, // U+1EE5
    { 15, 24, 293, 2, 24, 45, 27162 }, // U+1EE6
    { 13, 20, 249, 2, 20, 33, 27207 }, // U+1EE7
    { 18, 24, 292, 2, 24, 54, 27240 }, // U+1EE8
    { 15, 20, 264, 2, 20, 38, 27294 }, // U+1EE9
    { 18, 24, 292, 2, 24, 54, 27332 }, // U+1EEA
    { 15, 20, 264, 2, 20, 38, 27386 }, // U+1EEB
    { 18, 24, 292, 2, 24, 54, 27424 }, // U+1EEC
    { 15, 20, 264, 2, 20, 38, 27478 }, // U+1EED
    { 18, 25, 292, 2, 25, 57, 27516 }, // U+1EEE
    { 15, 20, 264, 2, 20, 38, 27573 }, // U+1EEF
    { 18, 27, 292, 2, 22, 61, 27611 }, // U+1EF0
    { 15, 23, 264, 2, 18, 44, 27672 }, // U+1EF1
    { 17, 23, 272, 0, 23, 49, 27716 }, // U+1EF2
    { 15, 25, 232, 0, 20, 47, 27765 }, // U+1EF3
    { 18, 23, 292, 0, 18, 52, 27812 }, // U+1EF4
    { 15, 19, 241, 0, 14, 36, 27864 }, // U+1EF5
    { 18, 24, 292, 0, 24, 54, 27900 }, // U+1EF6
    { 15, 25, 241, 0, 20, 47, 27954 }, // U+1EF7
    { 18, 24, 292, 0, 24, 54, 28001 }, // U+1EF8
    { 15, 25, 241, 0, 20, 47, 28055 }, // U+1EF9
    { 0, 0, 227, 0, 0, 0, 28102 }, // U+2000
    { 0, 0, 451, 0, 0, 0, 28102 }, // U+2001
    { 0, 0, 200, 0, 0, 0, 28102 }, // U+2002
    { 0, 0, 400, 0, 0, 0, 28102 }, // U+2003
    { 0, 0, 134, 0, 0, 0, 28102 }, // U+2004
    { 0, 0, 100, 0, 0, 0, 28102 }, // U+2005
    { 0, 0, 66, 0, 0, 0, 28102 }, // U+2006
    { 0, 0, 259, 0, 0, 0, 28102 }, // U+2007
    { 0, 0, 134, 0, 0, 0, 28102 }, // U+2008
    { 0, 0, 62, 0, 0, 0, 28102 }, // U+2009
    { 0, 0, 31, 0, 0, 0, 28102 }, // U+200A
    { 0, 0, 0, 0, 0, 0, 28102 }, // U+200B
    { 0, 0, 0, 0, 0, 0, 28102 }, // U+200C
    { 0, 0, 0, 0, 0, 0, 28102 }, // U+200D
    { 0, 0, 0, 0, 0, 0, 28102 }, // U+200E
    { 0, 0, 0, 0, 0, 0, 28102 }, // U+200F
    { 8, 3, 152, 1, 9, 3, 28102 }, // U+2010
    { 8, 3, 152, 1, 9, 3, 28105 }, // U+2011
    { 12, 3, 240, 1, 11, 5, 28108 }, // U+2012
    { 12, 3, 212, 1, 9, 5, 28113 }, // U+2013
    { 17, 3, 292, 1, 9, 7, 28118 }, // U+2014
    { 25, 3, 400, 0, 9, 10, 28125 }, // U+2015
    { 9, 30, 226, 3, 24, 34, 28135 }, // U+2016
    { 11, 5, 190, 1, 0, 7, 28169 }, // U+2017
    { 5, 7, 120, 2, 18, 5, 28176 }, // U+2018
    { 5, 7, 120, 1, 18, 5, 28181 }, // U+2019
    { 5, 7, 120, 1, 3, 5, 28186 }, // U+201A
    { 5, 8, 124, 1, 18, 5, 28191 }, // U+201B
    { 10, 7, 204, 2, 18, 9, 28196 }, // U+201C
    { 10, 7, 204, 1, 18, 9, 28205 }, // U+201D
    { 10, 7, 204, 1, 3, 9, 28214 }, // U+201E
    { 11, 8, 213, 1, 18, 11, 28223 }, // U+201F
    { 12, 23, 220, 1, 18, 35, 28234 }, // U+2020
    { 12, 23, 220, 1, 18, 35, 28269 }, // U+2021
    { 7, 7, 160, 2, 11, 7, 28304 }, // U+2022
    { 7, 9, 190, 3, 12, 8, 28311 }, // U+2023
    { 4, 4, 134, 2, 4, 2, 28319 }, // U+2024
    { 12, 4, 267, 2, 4, 6, 28321 }, // U+2025
    { 20, 4, 388, 2, 4, 10, 28327 }, // U+2026
    { 4, 4, 134, 2, 11, 2, 28337 }, // U+2027
    { 0, 0, 0, 0, 0, 0, 28339 }, // U+202A
    { 0, 0, 0, 0, 0, 0, 28339 }, // U+202B
    { 0, 0, 0, 0, 0, 0, 28339 }, // U+202C
    { 0, 0, 0, 0, 0, 0, 28339 }, // U+202D
    { 0, 0, 0, 0, 0, 0, 28339 }, // U+202E
    { 0, 0, 62, 0, 0, 0, 28339 }, // U+202F
    { 30, 18, 494, 1, 18, 68, 28339 }, // U+2030
    { 40, 18, 705, 2, 18, 90, 28407 }, // U+2031
    { 5, 7, 110, 1, 18, 5, 28497 }, // U+2032
    { 12, 7, 219, 1, 18, 11, 28502 }, // U+2033
    { 19, 7, 328, 1, 18, 17, 28513 }, // U+2034
    { 5, 7, 110, 1, 18, 5, 28530 }, // U+2035
    { 12, 7, 219, 1, 18, 11, 28535 }, // U+2036
    { 19, 7, 328, 1, 18, 17, 28546 }, // U+2037
    { 12, 6, 219, 1, -1, 9, 28563 }, // U+2038
    { 6, 14, 120, 1, 14, 11, 28572 }, // U+2039
    { 6, 14, 120, 1, 14, 11, 28583 }, // U+203A
    { 17, 15, 324, 2, 16, 32, 28594 }, // U+203B
    { 13, 18, 270, 2, 18, 30, 28626 }, // U+203C
    { 12, 18, 223, 1, 18, 27, 28656 }, // U+203D
    { 12, 3, 199, 1, 22, 5, 28683 }, // U+203E
    { 21, 5, 340, 0, -1, 14, 28688 }, // U+203F
    { 21, 6, 340, 0, 20, 16, 28702 }, // U+2040
    { 11, 15, 191, 0, 8, 21, 28718 }, // U+2041
    { 16, 16, 305, 1, 17, 32, 28739 }, // U+2042
    { 7, 3, 190, 2, 9, 3, 28771 }, // U+2043
    { 16, 18, 72, -6, 18, 36, 28774 }, // U+2044
    { 6, 23, 151, 2, 20, 18, 28810 }, // U+2045
    { 7, 23, 151, 1, 20, 21, 28828 }, // U+2046
    { 26, 18, 448, 1, 18, 59, 28849 }, // U+2047
    { 19, 18, 359, 1, 18, 43, 28908 }, // U+2048
    { 19, 18, 359, 2, 18, 43, 28951 }, // U+2049
    { 10, 19, 187, 1, 14, 24, 28994 }, // U+204A
    { 12, 18, 239, 2, 18, 27, 29018 }, // U+204B
    { 11, 11, 244, 2, 13, 16, 29045 }, // U+204C
    { 11, 11, 244, 2, 13, 16, 29061 }, // U+204D
    { 11, 10, 224, 2, 8, 14, 29077 }, // U+204E
    { 5, 18, 137, 2, 13, 12, 29091 }, // U+204F
    { 21, 25, 339, 0, 19, 66, 29103 }, // U+2050
    { 11, 22, 230, 3, 18, 31, 29169 }, // U+2051
    { 18, 18, 328, 1, 18, 41, 29200 }, // U+2052
    { 17, 6, 304, 1, 12, 13, 29241 }, // U+2053
    { 21, 5, 340, 0, -1, 14, 29254 }, // U+2054
    { 13, 13, 287, 2, 13, 22, 29268 }, // U+2055
    { 25, 7, 437, 1, 18, 22, 29290 }, // U+2057
    { 0, 0, 118, 0, 0, 0, 29312 }, // U+205F
    { 0, 0, 0, 0, 0, 0, 29312 }, // U+2060
    { 0, 0, 0, 0, 0, 0, 29312 }, // U+2061
    { 0, 0, 0, 0, 0, 0, 29312 }, // U+2062
    { 0, 0, 0, 0, 0, 0, 29312 }, // U+2063
    { 0, 0, 0, 0, 0, 0, 29312 }, // U+2064
    { 0, 0, 0, 0, 0, 0, 29312 }, // U+2065
    { 0, 0, 0, 0, 0, 0, 29312 }, // U+206A
    { 0, 0, 0, 0, 0, 0, 29312 }, // U+206B
    { 0, 0, 0, 0, 0, 0, 29312 }, // U+206C
    { 0, 0, 0, 0, 0, 0, 29312 }, // U+206D
    { 0, 0, 0, 0, 0, 0, 29312 }, // U+206E
    { 0, 0, 0, 0, 0, 0, 29312 }, // U+206F
    { 10, 11, 198, 1, 22, 14, 29312 }, // U+2070
    { 3, 11, 89, 1, 22, 5, 29326 }, // U+2071
    { 9, 10, 160, 1, 20, 12, 29331 }, // U+2074
    { 10, 11, 190, 1, 22, 14, 29343 }, // U+2075
    { 10, 11, 190, 1, 22, 14, 29357 }, // U+2076
    { 9, 11, 170, 1, 22, 13, 29371 }, // U+2077
    { 9, 11, 192, 1, 22, 13, 29384 }, // U+2078
    { 10, 11, 190, 1, 22, 14, 29397 }, // U+2079
    { 8, 8, 188, 2, 20, 8, 29411 }, // U+207A
    { 8, 3, 188, 2, 18, 3, 29419 }, // U+207B
    { 8, 6, 188, 2, 19, 6, 29422 }, // U+207C
    { 5, 13, 116, 2, 22, 9, 29428 }, // U+207D
    { 5, 13, 116, 1, 22, 9, 29437 }, // U+207E
    { 9, 8, 185, 1, 19, 9, 29446 }, // U+207F
    { 10, 11, 198, 1, 7, 14, 29455 }, // U+2080
    { 7, 10, 108, 0, 10, 9, 29469 }, // U+2081
    { 9, 10, 152, 1, 10, 12, 29478 }, // U+2082
    { 10, 10, 156, 0, 10, 13, 29490 }, // U+2083
    { 9, 10, 160, 1, 10, 12, 29503 }, // U+2084
    { 10, 10, 190, 1, 6, 13, 29515 }, // U+2085
    { 10, 10, 190, 1, 6, 13, 29528 }, // U+2086
    { 9, 10, 170, 1, 6, 12, 29541 }, // U+2087
    { 9, 11, 192, 1, 7, 13, 29553 }, // U+2088
    { 10, 11, 190, 1, 7, 14, 29566 }, // U+2089
    { 8, 8, 188, 2, 5, 8, 29580 }, // U+208A
    { 8, 3, 188, 2, 3, 3, 29588 }, // U+208B
    { 8, 6, 188, 2, 4, 6, 29591 }, // U+208C
    { 5, 12, 116, 2, 7, 8, 29597 }, // U+208D
    { 5, 12, 116, 1, 7, 8, 29605 }, // U+208E
    { 9, 8, 169, 0, 4, 9, 29613 }, // U+2090
    { 9, 8, 174, 1, 4, 9, 29622 }, // U+2091
    { 9, 8, 178, 1, 4, 9, 29631 }, // U+2092
    { 11, 8, 174, 0, 4, 11, 29640 }, // U+2093
    { 9, 10, 192, 1, 5, 12, 29651 }, // U+2094
    { 9, 10, 185, 1, 6, 12, 29663 }, // U+2095
    { 9, 10, 171, 1, 6, 12, 29675 }, // U+2096
    { 3, 10, 89, 1, 6, 4, 29687 }, // U+2097
    { 14, 8, 261, 1, 4, 14, 29691 }, // U+2098
    { 9, 8, 185, 1, 4, 9, 29705 }, // U+2099
    { 9, 10, 183, 1, 4, 12, 29714 }, // U+209A
    { 9, 8, 167, 0, 4, 9, 29726 }, // U+209B
    { 7, 10, 110, 0, 6, 9, 29735 }, // U+209C
    { 17, 18, 304, 1, 18, 39, 29744 }, // U+20A0
    { 17, 23, 296, 1, 21, 49, 29783 }, // U+20A1
    { 17, 18, 291, 1, 18, 39, 29832 }, // U+20A2
    { 15, 18, 246, -1, 18, 34, 29871 }, // U+20A3
    { 14, 18, 255, 1, 18, 32, 29905 }, // U+20A4
    { 19, 19, 346, 2, 17, 46, 29937 }, // U+20A5
    { 19, 18, 303, 0, 18, 43, 29983 }, // U+20A6
    { 24, 18, 406, 2, 18, 54, 30026 }, // U+20A7
    { 27, 18, 470, 2, 18, 61, 30080 }, // U+20A8
    { 26, 18, 416, 0, 18, 59, 30141 }, // U+20A9
    { 20, 14, 369, 2, 14, 35, 30200 }, // U+20AA
    { 15, 23, 252, 1, 18, 44, 30235 }, // U+20AB
    { 16, 18, 276, 1, 18, 36, 30279 }, // U+20AC
    { 20, 18, 320, 0, 18, 45, 30315 }, // U+20AD
    { 15, 18, 267, 1, 18, 34, 30360 }, // U+20AE
    { 35, 26, 584, 1, 21, 114, 30394 }, // U+20AF
    { 17, 18, 286, 1, 18, 39, 30508 }, // U+20B1
    { 17, 23, 300, 1, 21, 49, 30547 }, // U+20B2
    { 19, 18, 299, 0, 18, 43, 30596 }, // U+20B3
    { 13, 18, 244, 1, 18, 30, 30639 }, // U+20B4
    { 17, 23, 296, 1, 21, 49, 30669 }, // U+20B5
    { 15, 18, 256, 1, 18, 34, 30718 }, // U+20B8
    { 14, 19, 229, 0, 19, 34, 30752 }, // U+20B9
    { 14, 19, 258, 1, 18, 34, 30786 }, // U+20BA
    { 16, 14, 304, 2, 14, 28, 30820 }, // U+20BC
    { 15, 18, 264, 1, 18, 34, 30848 }, // U+20BD
    { 16, 18, 304, 2, 18, 36, 30882 }, // U+20BE
    { 14, 24, 265, 2, 21, 42, 30918 }, // U+20BF
    { 18, 16, 300, 0, 17, 36, 30960 }, // U+2190
    { 16, 18, 320, 1, 18, 36, 30996 }, // U+2191
    { 18, 16, 300, 1, 17, 36, 31032 }, // U+2192
    { 16, 19, 300, 1, 18, 38, 31068 }, // U+2193
    { 30, 17, 536, 2, 17, 64, 31106 }, // U+2194
    { 17, 30, 343, 2, 23, 64, 31170 }, // U+2195
    { 16, 16, 300, 1, 17, 32, 31234 }, // U+2196
    { 15, 16, 300, 2, 17, 30, 31266 }, // U+2197
    { 15, 15, 300, 2, 16, 29, 31296 }, // U+2198
    { 16, 15, 300, 1, 16, 30, 31325 }, // U+2199
    { 25, 21, 463, 2, 19, 66, 31355 }, // U+21A9
    { 25, 21, 463, 2, 19, 66, 31421 }, // U+21AA
    { 22, 20, 405, 2, 19, 55, 31487 }, // U+21B0
    { 21, 20, 405, 2, 19, 53, 31542 }, // U+21B1
    { 21, 17, 405, 2, 18, 45, 31595 }, // U+21B3
    { 18, 20, 358, 2, 19, 45, 31640 }, // U+21B4
    { 22, 17, 405, 2, 18, 47, 31685 }, // U+21B5
    { 18, 23, 382, 3, 23, 52, 31732 }, // U+21BA
    { 18, 23, 382, 3, 23, 52, 31784 }, // U+21BB
    { 19, 18, 382, 2, 17, 43, 31836 }, // U+21D0
    { 19, 20, 382, 3, 18, 48, 31879 }, // U+21D2
    { 30, 20, 536, 2, 18, 75, 31927 }, // U+21D4
    { 13, 20, 254, 1, 19, 33, 32002 }, // U+21DE
    { 13, 20, 254, 1, 19, 33, 32035 }, // U+21DF
    { 22, 12, 420, 2, 15, 33, 32068 }, // U+21E4
    { 22, 12, 420, 2, 15, 33, 32101 }, // U+21E5
    { 24, 20, 440, 2, 20, 60, 32134 }, // U+21E7
    { 24, 25, 440, 2, 20, 75, 32194 }, // U+21EA
    { 13, 18, 268, 2, 18, 30, 32269 }, // U+2202
    { 16, 16, 276, 1, 15, 32, 32299 }, // U+2205
    { 17, 18, 276, 0, 18, 39, 32331 }, // U+2206
    { 14, 22, 307, 2, 18, 39, 32370 }, // U+220F
    { 16, 21, 296, 1, 18, 42, 32409 }, // U+2211
    { 13, 4, 228, 1, 11, 7, 32451 }, // U+2212
    { 13, 18, 228, 1, 18, 30, 32458 }, // U+2215
    { 16, 23, 252, 0, 20, 46, 32488 }, // U+221A
    { 23, 12, 392, 1, 14, 35, 32534 }, // U+221E
    { 11, 26, 156, -1, 20, 36, 32569 }, // U+222B
    { 5, 14, 134, 2, 16, 9, 32605 }, // U+2236
    { 14, 12, 228, 0, 15, 21, 32614 }, // U+2248
    { 12, 14, 271, 2, 14, 21, 32635 }, // U+2260
    { 13, 18, 228, 1, 18, 30, 32656 }, // U+2264
    { 13, 18, 228, 1, 18, 30, 32686 }, // U+2265
    { 34, 35, 556, 1, 27, 149, 32716 }, // U+2295
    { 34, 35, 556, 1, 27, 149, 32865 }, // U+2296
    { 34, 35, 556, 1, 27, 149, 33014 }, // U+2297
    { 34, 35, 556, 1, 27, 149, 33163 }, // U+2298
};

static const EpdUnicodeInterval golos_ui_12_semiboldIntervals[] = {
    { 0x0, 0x0, 0x0 },
    { 0xD, 0xD, 0x1 },
    { 0x20, 0x7E, 0x2 },
    { 0xA0, 0xFF, 0x61 },
    { 0x100, 0x148, 0xC1 },
    { 0x14A, 0x17F, 0x10A },
    { 0x1A0, 0x1A1, 0x140 },
    { 0x1AF, 0x1B0, 0x142 },
    { 0x1C5, 0x21F, 0x144 },
    { 0x300, 0x304, 0x19F },
    { 0x306, 0x30C, 0x1A4 },
    { 0x30F, 0x30F, 0x1AB },
    { 0x312, 0x313, 0x1AC },
    { 0x315, 0x315, 0x1AE },
    { 0x31B, 0x31B, 0x1AF },
    { 0x323, 0x323, 0x1B0 },
    { 0x326, 0x328, 0x1B1 },
    { 0x32C, 0x32C, 0x1B4 },
    { 0x337, 0x338, 0x1B5 },
    { 0x342, 0x343, 0x1B7 },
    { 0x346, 0x36F, 0x1B9 },
    { 0x400, 0x479, 0x1E3 },
    { 0x480, 0x49D, 0x25D },
    { 0x4A0, 0x4FF, 0x27B },
    { 0x1EA0, 0x1EF9, 0x2DB },
    { 0x2000, 0x2027, 0x335 },
    { 0x202A, 0x2055, 0x35D },
    { 0x2057, 0x2057, 0x389 },
    { 0x205F, 0x2065, 0x38A },
    { 0x206A, 0x206F, 0x391 },
    { 0x2070, 0x2071, 0x397 },
    { 0x2074, 0x208E, 0x399 },
    { 0x2090, 0x209C, 0x3B4 },
    { 0x20A0, 0x20AF, 0x3C1 },
    { 0x20B1, 0x20B5, 0x3D1 },
    { 0x20B8, 0x20BA, 0x3D6 },
    { 0x20BC, 0x20BF, 0x3D9 },
    { 0x2190, 0x2199, 0x3DD },
    { 0x21A9, 0x21AA, 0x3E7 },
    { 0x21B0, 0x21B1, 0x3E9 },
    { 0x21B3, 0x21B5, 0x3EB },
    { 0x21BA, 0x21BB, 0x3EE },
    { 0x21D0, 0x21D0, 0x3F0 },
    { 0x21D2, 0x21D2, 0x3F1 },
    { 0x21D4, 0x21D4, 0x3F2 },
    { 0x21DE, 0x21DF, 0x3F3 },
    { 0x21E4, 0x21E5, 0x3F5 },
    { 0x21E7, 0x21E7, 0x3F7 },
    { 0x21EA, 0x21EA, 0x3F8 },
    { 0x2202, 0x2202, 0x3F9 },
    { 0x2205, 0x2206, 0x3FA },
    { 0x220F, 0x220F, 0x3FC },
    { 0x2211, 0x2212, 0x3FD },
    { 0x2215, 0x2215, 0x3FF },
    { 0x221A, 0x221A, 0x400 },
    { 0x221E, 0x221E, 0x401 },
    { 0x222B, 0x222B, 0x402 },
    { 0x2236, 0x2236, 0x403 },
    { 0x2248, 0x2248, 0x404 },
    { 0x2260, 0x2260, 0x405 },
    { 0x2264, 0x2265, 0x406 },
    { 0x2295, 0x2298, 0x408 },
};

static const uint16_t golos_ui_12_semiboldKernLeftCodepoints[] = {
    0x0022, 0x0027, 0x002B, 0x002C, 0x002D, 0x002E, 0x0031, 0x0034, 0x003A, 0x003B, 0x003D, 0x003E,
    0x003F, 0x0040, 0x0041, 0x0042, 0x0043, 0x0044, 0x0045, 0x0046, 0x0047, 0x0048, 0x0049, 0x004A,
    0x004B, 0x004C, 0x004D, 0x004E, 0x004F, 0x0050, 0x0051, 0x0052, 0x0053, 0x0054, 0x0055, 0x0056,
    0x0057, 0x0058, 0x0059, 0x005A, 0x0061, 0x0062, 0x0063, 0x0064, 0x0065, 0x0066, 0x0068, 0x0069,
    0x006A, 0x006B, 0x006C, 0x006D, 0x006E, 0x006F, 0x0070, 0x0072, 0x0073, 0x0074, 0x0076, 0x0077,
    0x0078, 0x0079, 0x007A, 0x00B0, 0x00B1, 0x00C0, 0x00C1, 0x00C2, 0x00C3, 0x00C4, 0x00C5, 0x00C6,
    0x00C7, 0x00C8, 0x00C9, 0x00CA, 0x00CB, 0x00CC, 0x00CD, 0x00CE, 0x00CF, 0x00D0, 0x00D1, 0x00D2,
    0x00D3, 0x00D4, 0x00D5, 0x00D6, 0x00D8, 0x00D9, 0x00DA, 0x00DB, 0x00DC, 0x00DD, 0x00DE, 0x00DF,
    0x00E0, 0x00E1, 0x00E2, 0x00E3, 0x00E4, 0x00E5, 0x00E6, 0x00E7, 0x00E8, 0x00E9, 0x00EA, 0x00EB,
    0x00EC, 0x00ED, 0x00EE, 0x00EF, 0x00F0, 0x00F1, 0x00F2, 0x00F3, 0x00F4, 0x00F5, 0x00F6, 0x00F7,
    0x00F8, 0x00FD, 0x00FE, 0x00FF, 0x0100, 0x0101, 0x0102, 0x0103, 0x0104, 0x0105, 0x0106, 0x0107,
    0x0108, 0x0109, 0x010A, 0x010B, 0x010C, 0x010D, 0x010E, 0x010F, 0x0110, 0x0111, 0x0112, 0x0113,
    0x0114, 0x0115, 0x0116, 0x0117, 0x0118, 0x0119, 0x011A, 0x011B, 0x011C, 0x011D, 0x0124, 0x0125,
    0x0127, 0x0128, 0x0129, 0x012A, 0x012C, 0x012D, 0x012E, 0x0130, 0x0132, 0x0134, 0x0135, 0x0136,
    0x0137, 0x0138, 0x0139, 0x013B, 0x013D, 0x013E, 0x013F, 0x0140, 0x0141, 0x0142, 0x0143, 0x0144,
    0x0145, 0x0146, 0x0147, 0x0148, 0x014A, 0x014B, 0x014C, 0x014D, 0x014E, 0x014F, 0x0150, 0x0151,
    0x0152, 0x0153, 0x015A, 0x015B, 0x015C, 0x015D, 0x015E, 0x015F, 0x0160, 0x0161, 0x0162, 0x0163,
    0x0166, 0x0167, 0x0168, 0x0169, 0x016A, 0x016C, 0x016E, 0x0170, 0x0172, 0x0175, 0x0176, 0x0177,
    0x0178, 0x0179, 0x017A, 0x017B, 0x017C, 0x017D, 0x017E, 0x017F, 0x01A0, 0x01AF, 0x01B0, 0x01C5,
    0x01C6, 0x01C8, 0x01C9, 0x01CB, 0x01CC, 0x01CD, 0x01CE, 0x01CF, 0x01D0, 0x01D1, 0x01D2, 0x01D3,
    0x01D4, 0x01D5, 0x01D6, 0x01D7, 0x01D8, 0x01D9, 0x01DA, 0x01DB, 0x01DC, 0x01DD, 0x01DE, 0x01DF,
    0x01E0, 0x01E1, 0x01E2, 0x01E3, 0x01E4, 0x01E5, 0x01E6, 0x01E7, 0x01E8, 0x01E9, 0x01EA, 0x01EB,
    0x01EC, 0x01ED, 0x01F0, 0x01F1, 0x01F2, 0x01F3, 0x01F4, 0x01F5, 0x01F6, 0x01F8, 0x01F9, 0x01FA,
    0x01FB, 0x01FC, 0x01FD, 0x01FE, 0x01FF, 0x0200, 0x0201, 0x0202, 0x0203, 0x0204, 0x0205, 0x0206,
    0x0207, 0x0208, 0x0209, 0x020A, 0x020B, 0x020C, 0x020D, 0x020E, 0x020F, 0x0210, 0x0211, 0x0212,
    0x0213, 0x0214, 0x0215, 0x0216, 0x0217, 0x0218, 0x0219, 0x021E, 0x021F, 0x0400, 0x0401, 0x0402,
    0x0403, 0x0404, 0x0405, 0x0406, 0x0407, 0x0408, 0x0409, 0x040A, 0x040B, 0x040C, 0x040D, 0x040E,
    0x040F, 0x0410, 0x0411, 0x0412, 0x0413, 0x0414, 0x0415, 0x0416, 0x0417, 0x0418, 0x0419, 0x041A,
    0x041B, 0x041C, 0x041D, 0x041E, 0x041F, 0x0420, 0x0421, 0x0422, 0x0423, 0x0424, 0x0425, 0x0426,
    0x0427, 0x0428, 0x0429, 0x042A, 0x042B, 0x042C, 0x042D, 0x042E, 0x042F, 0x0430, 0x0431, 0x0432,
    0x0433, 0x0434, 0x0435, 0x0436, 0x0437, 0x0438, 0x0439, 0x043A, 0x043B, 0x043C, 0x043D, 0x043E,
    0x043F, 0x0440, 0x0441, 0x0442, 0x0443, 0x0444, 0x0445, 0x0446, 0x0447, 0x0448, 0x0449, 0x044A,
    0x044B, 0x044C, 0x044D, 0x044E, 0x044F, 0x0450, 0x0451, 0x0452, 0x0453, 0x0454, 0x0455, 0x0456,
    0x0457, 0x0458, 0x0459, 0x045A, 0x045B, 0x045C, 0x045D, 0x045E, 0x045F, 0x0460, 0x0462, 0x0463,
    0x0464, 0x0465, 0x0466, 0x0467, 0x0468, 0x046E, 0x0472, 0x0473, 0x0474, 0x0475, 0x0476, 0x0477,
    0x0479, 0x0481, 0x048A, 0x048B, 0x048C, 0x048D, 0x048E, 0x048F, 0x0490, 0x0491, 0x0492, 0x0493,
    0x0496, 0x0497, 0x0498, 0x0499, 0x049A, 0x049B, 0x049C, 0x049D, 0x04A0, 0x04A1, 0x04A2, 0x04A3,
    0x04A4, 0x04A6, 0x04A7, 0x04A9, 0x04AA, 0x04AB, 0x04AC, 0x04AD, 0x04AE, 0x04AF, 0x04B0, 0x04B1,
    0x04B2, 0x04B3, 0x04B5, 0x04B6, 0x04B7, 0x04B8, 0x04B9, 0x04BA, 0x04BB, 0x04BD, 0x04BF, 0x04C0,
    0x04C1, 0x04C6, 0x04C7, 0x04C8, 0x04C9, 0x04CA, 0x04CB, 0x04CC, 0x04CD, 0x04CE, 0x04D0, 0x04D1,
    0x04D2, 0x04D3, 0x04D4, 0x04D6, 0x04D8, 0x04D9, 0x04DA, 0x04DB, 0x04DC, 0x04DD, 0x04DE, 0x04DF,
    0x04E0, 0x04E2, 0x04E3, 0x04E4, 0x04E5, 0x04E6, 0x04E7, 0x04E8, 0x04E9, 0x04EA, 0x04EB, 0x04ED,
    0x04EE, 0x04F0, 0x04F2, 0x04F4, 0x04F5, 0x04F6, 0x04F7, 0x04F8, 0x04F9, 0x04FA, 0x04FB, 0x04FC,
    0x04FD, 0x04FE, 0x04FF, 0x1EA0, 0x1EA1, 0x1EA2, 0x1EA3, 0x1EA4, 0x1EA5, 0x1EA6, 0x1EA7, 0x1EA8,
    0x1EA9, 0x1EAA, 0x1EAB, 0x1EAC, 0x1EAD, 0x1EAE, 0x1EAF, 0x1EB0, 0x1EB1, 0x1EB2, 0x1EB3, 0x1EB4,
    0x1EB5, 0x1EB6, 0x1EB7, 0x1EB8, 0x1EB9, 0x1EBA, 0x1EBB, 0x1EBC, 0x1EBD, 0x1EBE, 0x1EBF, 0x1EC0,
    0x1EC1, 0x1EC2, 0x1EC3, 0x1EC4, 0x1EC5, 0x1EC6, 0x1EC7, 0x1EC8, 0x1EC9, 0x1ECA, 0x1ECB, 0x1ECC,
    0x1ECD, 0x1ECE, 0x1ECF, 0x1ED0, 0x1ED1, 0x1ED2, 0x1ED3, 0x1ED4, 0x1ED5, 0x1ED6, 0x1ED7, 0x1ED8,
    0x1ED9, 0x1EDA, 0x1EDB, 0x1EDC, 0x1EDD, 0x1EDE, 0x1EDF, 0x1EE0, 0x1EE1, 0x1EE2, 0x1EE3, 0x1EE4,
    0x1EE5, 0x1EE6, 0x1EE7, 0x1EE8, 0x1EE9, 0x1EEA, 0x1EEB, 0x1EEC, 0x1EED, 0x1EEE, 0x1EEF, 0x1EF0,
    0x1EF1, 0x1EF2, 0x1EF3, 0x1EF4, 0x1EF5, 0x1EF6, 0x1EF7, 0x1EF8, 0x1EF9, 0x2013, 0x2014, 0x201A,
    0x201E, 0x2023, 0x2026, 0x2034, 0x203D, 0x2043, 0x204B, 0x204C, 0x204D, 0x204F, 0x2070, 0x2071,
    0x2075, 0x2076, 0x2077, 0x2078, 0x2079, 0x207A, 0x207B, 0x207D, 0x2080, 0x2085, 0x2086, 0x2088,
    0x2089, 0x208A, 0x208B, 0x208C, 0x208D, 0x208E, 0x2090, 0x2091, 0x2092, 0x2093, 0x2095, 0x2096,
    0x2097, 0x2098, 0x2099, 0x209A, 0x209B, 0x209C, 0x20A1, 0x20A7, 0x20A8, 0x20A9, 0x20AF, 0x20B2,
    0x20B5, 0x20BF, 0x21D0, 0x221E, 0x2248, 0x2260,
};

static const uint8_t golos_ui_12_semiboldKernLeftClassIds[] = {
      1,   1,   2,   3,   4,   3,   5,   6,   7,   8,   2,   2,   9,  10,  11,  12,
     13,  14,  15,  16,  14,  17,  17,  18,  19,  20,  17,  17,  14,  21,  22,  23,
     24,  25,  18,  26,  27,  19,  28,  29,  30,  31,  32,  33,  31,  34,  30,  33,
     33,  35,  36,  30,  30,  31,  31,  37,  38,  39,  40,  41,  35,  40,  42,  43,
      2,  11,  11,  11,  11,  11,  11,  15,  13,  15,  15,  15,  15,  17,  44,  45,
     46,  14,  17,  14,  14,  14,  14,  14,  47,  18,  18,  18,  18,  28,  48,  49,
     30,  30,  30,  30,  30,  30,  31,  50,  31,  31,  31,  31,  33,  51,  51,  51,
     31,  30,  31,  31,  31,  31,  31,   2,  52,  40,  31,  40,  11,  30,  11,  30,
     11,  30,  14,  32,  53,  54,  14,  32,  14,  32,  14,  55,  14,  33,  15,  31,
     56,  54,  15,  31,  15,  31,  15,  31,  57,  58,  59,  60,  30,  61,  62,  46,
     61,  63,  46,  46,  18,  64,  65,  19,  35,  66,  20,  20,  20,  67,  68,  59,
     20,  69,  17,  30,  17,  30,  17,  30,  17,  30,  14,  31,  70,  54,  14,  31,
     15,  31,  24,  38,  71,  72,  24,  38,  24,  38,  73,  74,  75,  74,  64,  76,
     18,  18,  18,  18,  18,  40,  28,  40,  28,  29,  42,  29,  42,  29,  42,  77,
     78,  79,  80,  81,  82,  83,  83,  83,  83,  84,  60,  85,  86,  70,  54,  64,
     76,  64,  76,  64,  76,  64,  76,  64,  76,  87,  84,  60,  84,  60,  56,  88,
     57,  58,  57,  58,  89,  66,  70,  54,  70,  54,  83,  90,  82,  82,  57,  58,
     91,  59,  60,  84,  60,  56,  88,  70,  54,  84,  60,  84,  60,  56,  54,  56,
     54,  92,  93,  61,  94,  70,  54,  70,  54,  95,  96,  95,  96,  64,  76,  64,
     76,  24,  38,  59,  60,  56,  97,  98,  99, 100, 101, 102, 103, 104,  98,  98,
    105, 106,  59, 107, 102, 108, 109, 110,  99, 111,  97, 106, 110, 102, 102, 106,
    102, 102, 102, 112, 102, 113, 114, 115, 107, 112, 106, 111, 102, 102, 111,  98,
    102,  98, 112, 112, 102, 116, 117, 118, 119, 120, 117, 121, 118, 122, 122, 121,
    122, 122, 122, 117, 122, 117, 123, 124, 125, 117, 121, 120, 122, 122, 120, 126,
    122, 126, 117, 117, 122,  54, 117, 116, 124, 127, 128, 102, 129, 102, 126, 126,
    116, 121,  60, 125, 122,  59,  54,  54,  53,  54,  84,  84,  84, 130,  70,  54,
    131, 132, 131, 132, 133,  54,  59,  74,  54,  54, 134,  54,  99, 135,  99, 124,
    106, 121, 110, 118, 106, 121, 106, 121, 106, 121, 111, 120,  99,  54, 136,  88,
    112, 123, 137,  96, 138, 139, 107, 125, 106, 121, 140, 111, 120, 102, 122, 141,
    142,  54,  88, 102, 143,  74, 102, 122,  74,  74, 102, 122,  59,  74, 108, 116,
    108, 116,  97,  97, 112, 117, 112, 117, 106, 121, 110, 118, 144, 102, 122, 102,
    122, 112, 117, 112, 117, 112, 117,  54, 107, 107, 107, 102, 122, 137,  96, 102,
    122, 137,  96, 143, 145, 143, 145,  84,  60,  84,  60,  84,  60,  84,  60,  84,
     60,  84,  60,  84,  60,  84,  60,  84,  60,  84,  60,  84,  60,  84,  60,  56,
     54,  56,  54,  56,  54,  56,  54,  56,  54,  56,  54,  56,  54,  56,  54,  59,
     93,  59, 146,  70,  54,  70,  54,  70,  54,  70,  54,  70, 147,  70,  54,  70,
     54,  70,  54,  70,  54,  70,  54,  70,  54,  70,  54,  64,  76,  64,  76, 148,
     76, 148,  76, 148,  80, 148,  76, 148,  76,  28,  40, 149, 132, 149, 132, 149,
    132,   4,   4, 150, 150, 151,   3, 152, 153, 151, 134,  60, 151, 154, 155, 156,
    155, 155, 157, 155, 155, 158, 158, 159, 160, 161, 160, 160, 160, 160, 160, 160,
    160, 160, 160, 160, 160, 160, 160, 160, 160, 160, 160, 160, 160, 160,  53,  74,
     72, 148,  54,  57,  53, 130, 162,  68,   2, 162,
};

static const uint16_t golos_ui_12_semiboldKernRightCodepoints[] = {
    0x0022, 0x0027, 0x002C, 0x002D, 0x002E, 0x0034, 0x0037, 0x003A, 0x003B, 0x003F, 0x0040, 0x0041,
    0x0043, 0x0047, 0x004A, 0x004F, 0x0051, 0x0053, 0x0054, 0x0055, 0x0056, 0x0057, 0x0058, 0x0059,
    0x005A, 0x0061, 0x0062, 0x0063, 0x0064, 0x0065, 0x0066, 0x0067, 0x0068, 0x0069, 0x006A, 0x006B,
    0x006C, 0x006D, 0x006E, 0x006F, 0x0070, 0x0071, 0x0072, 0x0073, 0x0074, 0x0075, 0x0076, 0x0077,
    0x0078, 0x0079, 0x007A, 0x00B0, 0x00C0, 0x00C1, 0x00C2, 0x00C3, 0x00C4, 0x00C5, 0x00C6, 0x00C7,
    0x00CC, 0x00CE, 0x00CF, 0x00D0, 0x00D2, 0x00D3, 0x00D4, 0x00D5, 0x00D6, 0x00D8, 0x00D9, 0x00DA,
    0x00DB, 0x00DC, 0x00DD, 0x00DF, 0x00E0, 0x00E1, 0x00E2, 0x00E3, 0x00E4, 0x00E5, 0x00E6, 0x00E7,
    0x00E8, 0x00E9, 0x00EA, 0x00EB, 0x00EC, 0x00ED, 0x00EE, 0x00EF, 0x00F0, 0x00F1, 0x00F2, 0x00F3,
    0x00F4, 0x00F5, 0x00F6, 0x00F8, 0x00F9, 0x00FA, 0x00FB, 0x00FC, 0x00FD, 0x00FE, 0x00FF, 0x0100,
    0x0101, 0x0102, 0x0103, 0x0104, 0x0105, 0x0106, 0x0107, 0x0108, 0x0109, 0x010A, 0x010B, 0x010C,
    0x010D, 0x010F, 0x0111, 0x0113, 0x0114, 0x0115, 0x0117, 0x0119, 0x011B, 0x011C, 0x011D, 0x011F,
    0x0121, 0x0123, 0x0124, 0x0125, 0x0128, 0x0129, 0x012A, 0x012C, 0x012D, 0x012E, 0x0130, 0x0133,
    0x0134, 0x0135, 0x0137, 0x0138, 0x013A, 0x013C, 0x0140, 0x0141, 0x0142, 0x0144, 0x0146, 0x0148,
    0x014B, 0x014C, 0x014D, 0x014E, 0x014F, 0x0150, 0x0151, 0x0152, 0x0153, 0x0155, 0x0157, 0x0159,
    0x015A, 0x015C, 0x015D, 0x015E, 0x0160, 0x0161, 0x0162, 0x0163, 0x0166, 0x0167, 0x0168, 0x0169,
    0x016A, 0x016B, 0x016C, 0x016D, 0x016E, 0x016F, 0x0170, 0x0171, 0x0172, 0x0173, 0x0175, 0x0176,
    0x0177, 0x0178, 0x0179, 0x017B, 0x017D, 0x017E, 0x017F, 0x01A0, 0x01A1, 0x01AF, 0x01B0, 0x01C5,
    0x01C6, 0x01C8, 0x01C9, 0x01CB, 0x01CC, 0x01CD, 0x01CE, 0x01CF, 0x01D0, 0x01D1, 0x01D2, 0x01D3,
    0x01D4, 0x01D5, 0x01D6, 0x01D7, 0x01D8, 0x01D9, 0x01DA, 0x01DB, 0x01DC, 0x01DD, 0x01DE, 0x01DF,
    0x01E0, 0x01E1, 0x01E2, 0x01E3, 0x01E4, 0x01E5, 0x01E6, 0x01E7, 0x01E8, 0x01E9, 0x01EA, 0x01EB,
    0x01EC, 0x01ED, 0x01EF, 0x01F0, 0x01F2, 0x01F3, 0x01F4, 0x01F5, 0x01F6, 0x01F8, 0x01F9, 0x01FA,
    0x01FB, 0x01FC, 0x01FD, 0x01FE, 0x01FF, 0x0200, 0x0201, 0x0202, 0x0203, 0x0204, 0x0205, 0x0206,
    0x0207, 0x0208, 0x0209, 0x020A, 0x020B, 0x020C, 0x020D, 0x020E, 0x020F, 0x0210, 0x0211, 0x0212,
    0x0213, 0x0214, 0x0215, 0x0216, 0x0217, 0x0218, 0x021E, 0x021F, 0x0400, 0x0402, 0x0404, 0x0405,
    0x0407, 0x0408, 0x0409, 0x040B, 0x040D, 0x040E, 0x0410, 0x0414, 0x0416, 0x0417, 0x041B, 0x041E,
    0x0421, 0x0422, 0x0423, 0x0424, 0x0425, 0x0427, 0x042A, 0x042D, 0x042F, 0x0430, 0x0431, 0x0432,
    0x0433, 0x0434, 0x0435, 0x0436, 0x0437, 0x0438, 0x0439, 0x043A, 0x043B, 0x043C, 0x043D, 0x043E,
    0x043F, 0x0440, 0x0441, 0x0442, 0x0443, 0x0444, 0x0445, 0x0446, 0x0447, 0x0448, 0x0449, 0x044A,
    0x044B, 0x044C, 0x044D, 0x044E, 0x044F, 0x0450, 0x0451, 0x0452, 0x0453, 0x0454, 0x0455, 0x0456,
    0x0457, 0x0458, 0x0459, 0x045A, 0x045B, 0x045C, 0x045D, 0x045E, 0x045F, 0x0460, 0x0463, 0x0464,
    0x0465, 0x0466, 0x0467, 0x0468, 0x046C, 0x046E, 0x0472, 0x0473, 0x0474, 0x0475, 0x0476, 0x0477,
    0x0478, 0x0479, 0x0481, 0x048A, 0x048B, 0x048D, 0x048E, 0x048F, 0x0491, 0x0495, 0x0496, 0x0497,
    0x0499, 0x049B, 0x049D, 0x04A0, 0x04A1, 0x04A3, 0x04A5, 0x04A6, 0x04A7, 0x04A9, 0x04AA, 0x04AB,
    0x04AC, 0x04AD, 0x04AE, 0x04AF, 0x04B0, 0x04B1, 0x04B2, 0x04B4, 0x04B5, 0x04B6, 0x04B7, 0x04B8,
    0x04B9, 0x04BD, 0x04C1, 0x04C4, 0x04C6, 0x04C8, 0x04C9, 0x04CA, 0x04CB, 0x04CC, 0x04CD, 0x04CE,
    0x04D0, 0x04D1, 0x04D2, 0x04D3, 0x04D4, 0x04D5, 0x04D7, 0x04D8, 0x04D9, 0x04DA, 0x04DB, 0x04DC,
    0x04DD, 0x04DF, 0x04E1, 0x04E3, 0x04E5, 0x04E6, 0x04E7, 0x04E8, 0x04E9, 0x04EA, 0x04EB, 0x04ED,
    0x04EE, 0x04F0, 0x04F2, 0x04F4, 0x04F5, 0x04F7, 0x04F9, 0x04FB, 0x04FC, 0x04FD, 0x04FE, 0x04FF,
    0x1EA0, 0x1EA1, 0x1EA2, 0x1EA3, 0x1EA4, 0x1EA5, 0x1EA6, 0x1EA7, 0x1EA8, 0x1EA9, 0x1EAA, 0x1EAB,
    0x1EAC, 0x1EAD, 0x1EAE, 0x1EAF, 0x1EB0, 0x1EB1, 0x1EB2, 0x1EB3, 0x1EB4, 0x1EB5, 0x1EB6, 0x1EB7,
    0x1EB8, 0x1EB9, 0x1EBA, 0x1EBB, 0x1EBC, 0x1EBD, 0x1EBE, 0x1EBF, 0x1EC0, 0x1EC1, 0x1EC2, 0x1EC3,
    0x1EC4, 0x1EC5, 0x1EC6, 0x1EC7, 0x1EC8, 0x1EC9, 0x1ECA, 0x1ECB, 0x1ECC, 0x1ECD, 0x1ECE, 0x1ECF,
    0x1ED0, 0x1ED1, 0x1ED2, 0x1ED3, 0x1ED4, 0x1ED5, 0x1ED6, 0x1ED7, 0x1ED8, 0x1ED9, 0x1EDA, 0x1EDB,
    0x1EDC, 0x1EDD, 0x1EDE, 0x1EDF, 0x1EE0, 0x1EE1, 0x1EE2, 0x1EE3, 0x1EE4, 0x1EE5, 0x1EE6, 0x1EE7,
    0x1EE8, 0x1EE9, 0x1EEA, 0x1EEB, 0x1EEC, 0x1EED, 0x1EEE, 0x1EEF, 0x1EF0, 0x1EF1, 0x1EF2, 0x1EF3,
    0x1EF4, 0x1EF5, 0x1EF6, 0x1EF7, 0x1EF8, 0x1EF9, 0x2013, 0x2014, 0x2018, 0x2019, 0x201C, 0x201D,
    0x2023, 0x2026, 0x2034, 0x203D, 0x2043, 0x204A, 0x204B, 0x204C, 0x204D, 0x204F, 0x2077, 0x2079,
    0x207E, 0x207F, 0x2080, 0x2086, 0x2087, 0x2088, 0x2089, 0x208A, 0x208B, 0x208C, 0x208D, 0x208E,
    0x2091, 0x2092, 0x2093, 0x2095, 0x2096, 0x2097, 0x2098, 0x2099, 0x209A, 0x209B, 0x209C, 0x20A1,
    0x20A7, 0x20A8, 0x20AB, 0x20B2, 0x20B5, 0x20BF, 0x21D2, 0x221E, 0x222B, 0x2236, 0x2260,
};

static const uint8_t golos_ui_12_semiboldKernRightClassIds[] = {
      1,   1,   2,   3,   2,   4,   5,   6,   6,   7,   8,   9,  10,  10,  11,  10,
     10,  12,  13,  14,  15,  16,  17,  18,  19,  20,  21,  22,  22,  22,  23,  22,
     21,  21,  21,  21,  24,  25,  25,  22,  25,  22,  25,  26,  27,  28,  29,  30,
     31,  29,  32,  33,   9,   9,   9,   9,   9,   9,  34,  10,  35,  36,  37,  38,
     10,  10,  10,  10,  10,  39,  14,  14,  14,  14,  18,  21,  40,  20,  40,  40,
     40,  40,  20,  22,  41,  22,  41,  41,  42,  21,  43,  42,  44,  45,  41,  22,
     41,  41,  41,  46,  47,  28,  47,  47,  29,  21,  48,   9,  20,   9,  20,   9,
     20,  10,  22,  49,  50,  10,  22,  10,  22,  22,  22,  22,  51,  50,  22,  22,
     22,  49,  50,  22,  22,  22,  51,  51,  52,  53,  37,  52,  54,  37,  37,  21,
     55,  56,  21,  57,  21,  21,  51,  58,  59,  25,  25,  25,  25,  10,  22,  49,
     50,  10,  22,  10,  22,  25,  25,  25,  12,  60,  61,  12,  12,  62,  63,  64,
     65,  64,  66,  67,  14,  28,  14,  28,  14,  28,  14,  28,  14,  28,  29,  18,
     29,  18,  19,  19,  19,  68,  51,  49,  50,  66,  69,  70,  50,  51,  51,  51,
     57,  71,  72,  51,  73,  49,  50,  66,  69,  66,  69,  66,  69,  66,  69,  66,
     69,  74,  71,  72,  71,  72,  71,  72,  49,  50,  49,  50,  51,  51,  49,  50,
     49,  50,  64,  75,  51,  74,  49,  50,  70,  51,  57,  71,  72,  71,  72,  49,
     50,  71,  72,  71,  72,  51,  50,  51,  50,  52,  76,  52,  77,  49,  50,  49,
     50,  51,  57,  51,  57,  66,  69,  66,  69,  12,  51,  51,  51,  78,  79,  80,
     81,  82,  83,  78,  51,  84,  85,  86,  87,  79,  83,  79,  79,  78,  84,  79,
     88,  89,  78,  90,  91,  92,  93,  94,  94,  95,  96,  97,  98,  94,  99,  94,
    100,  94,  94,  96,  94,  94,  96, 101, 102,  96,  97,  94, 103,  94,  94, 104,
     94,  94,  98,  94, 105,  50, 106, 107,  94,  96, 108, 109, 110, 109, 111,  94,
    107,  94,  57, 112,  94,  51,  64,  51,  57,  71,  71,  51,  51,  51,  49,  50,
    113, 114, 113, 114,  49,  50,  50,  70,  57,  64,  51,  57,  94,  94,  88,  97,
     96,  94,  94,  78, 101,  94,  94,  51,  57,  50,  79,  96,  63,  64, 115, 116,
    115, 102,  88,  63,  64,  89, 103,  89, 103,  64, 117,  94, 118,  94,  51,  57,
     89, 103,  51,  57,  85,  92,  85,  92,  85,  92,  96,  79,  96,  79,  96,  88,
     97,  96,  64,  94,  94,  79,  96,  79,  96,  79,  96,  50,  84,  84,  84,  89,
    103,  57,  94,  64, 117, 119, 117, 119,  71,  72,  71,  72,  71,  72,  71,  72,
     71,  72,  71,  72,  71,  72,  71,  72,  71,  72,  71,  72,  71,  72,  71,  72,
     51,  50,  51,  50,  51,  50,  51,  50,  51,  50,  51,  50,  51,  50,  51,  50,
     51,  73,  51,  73,  49,  50,  49,  50,  49,  50,  49,  50,  49,  50,  49,  50,
     49,  50,  49,  50,  49,  50,  49,  50,  49,  50,  49,  50,  66,  69,  66,  69,
     66,  69,  66,  69,  66,  69,  66,  69,  66,  69,  18,  29, 120, 114, 120, 114,
    120, 114,   3,   3, 121, 121, 121, 121, 122,   2, 123, 124, 122,  64,  51, 122,
     57, 125, 126, 127, 128, 129, 130, 130, 131, 130, 130, 130, 130, 130, 130, 130,
    130, 130, 130, 130, 130, 130, 130, 130, 130, 130, 130,  49,  51,  51,  50,  49,
     49,  51, 132, 133,  75, 125, 132,
};

static const uint16_t golos_ui_12_semiboldKernRowOffsets[] = {
        0,    45,    46,   100,   123,   124,   125,   131,   137,   138,   142,   178,   194,   207,   220,   238,
      262,   264,   269,   305,   339,   366,   370,   400,   413,   451,   487,   521,   561,   585,   591,   602,
      611,   613,   634,   652,   669,   687,   691,   705,   726,   747,   762,   763,   766,   769,   772,   785,
      802,   810,   819,   827,   838,   844,   855,   860,   864,   874,   878,   884,   890,   894,   909,   924,
      926,   930,   935,   940,   941,   957,   965,   972,   976,   998,  1015,  1037,  1041,  1051,  1052,  1054,
     1058,  1062,  1066,  1070,  1088,  1094,  1098,  1109,  1111,  1126,  1127,  1131,  1135,  1139,  1154,  1162,
     1184,  1203,  1228,  1259,  1273,  1281,  1282,  1283,  1290,  1295,  1326,  1363,  1396,  1415,  1436,  1467,
     1481,  1508,  1522,  1556,  1563,  1576,  1587,  1604,  1619,  1636,  1637,  1647,  1664,  1683,  1697,  1708,
     1715,  1719,  1724,  1741,  1757,  1773,  1778,  1796,  1804,  1826,  1863,  1883,  1888,  1913,  1914,  1924,
     1925,  1932,  1936,  1947,  1948,  1967,  2009,  2015,  2030,  2031,  2034,  2035,  2036,  2039,  2040,  2041,
     2048,  2049,  2057,
};

static const uint8_t golos_ui_12_semiboldKernSparseCols[] = {
      8,  10,  12,  14,  15,  17,  21,  22,  26,  28,  29,  30,  31,  33,  37,  40,
     41,  42,  43,  45,  47,  57,  67,  77,  81,  82,  83,  84,  85,  88,  94,  95,
     96,  97,  99, 100, 101, 102, 103, 105, 106, 109, 110, 111, 115,   4,   8,   9,
     10,  11,  12,  13,  14,  15,  17,  21,  22,  23,  26,  27,  28,  29,  30,  31,
     33,  37,  38,  40,  43,  45,  46,  47,  57,  58,  67,  77,  78,  79,  81,  82,
     83,  84,  85,  88,  89,  92,  94,  95,  96,  97,  99, 100, 101, 102, 103, 105,
    110, 111, 114, 115,   4,  12,  17,  28,  29,  30,  31,  47,  58,  67,  77,  83,
     94,  96,  99, 100, 101, 102, 103, 110, 111, 114, 115,  32,  32,  12,  14,  17,
     77,  83, 114,  12,  14,  17,  77,  83, 114,   1,  28,  29,  30,  47,   0,   1,
      6,   8,   9,  10,  11,  12,  13,  14,  15,  16,  17,  18,  21,  22,  23,  25,
     26,  27,  28,  29,  30,  31,  33,  37,  38,  40,  43,  45,  46,  47,  58,  61,
     67, 120,   0,   1,   8,   9,  12,  14,  15,  16,  17,  28,  29,  30,  33,  38,
     47,  57,   1,   8,  12,  14,  15,  16,  17,  18,  30,  31,  33,  58,  67,   1,
      8,  12,  14,  15,  16,  17,  18,  30,  31,  33,  58,  67,   0,   8,   9,  12,
     14,  15,  17,  21,  28,  29,  33,  38,  40,  41,  42,  43,  45,  47,   0,   1,
      8,   9,  10,  11,  12,  14,  15,  17,  19,  21,  30,  31,  33,  38,  39,  40,
     41,  42,  43,  45,  58,  67,  41,  42,   1,   8,  33,  41,  42,   6,   8,   9,
     10,  11,  14,  15,  16,  17,  19,  21,  22,  23,  25,  26,  27,  28,  29,  30,
     31,  33,  37,  38,  39,  40,  41,  42,  43,  45,  46,  47,  57,  58,  61,  67,
    120,   0,   1,   6,   8,   9,  10,  12,  13,  14,  15,  17,  18,  19,  21,  22,
     23,  26,  27,  28,  29,  30,  31,  33,  37,  38,  39,  40,  43,  45,  46,  47,
     58,  67, 120,   0,   1,   8,  10,  14,  15,  16,  17,  18,  19,  21,  22,  25,
     26,  28,  29,  33,  37,  39,  40,  41,  42,  43,  45,  47,  61, 120,   1,  30,
     33,  58,   6,   8,   9,  10,  11,  12,  13,  14,  15,  17,  19,  21,  23,  25,
     27,  30,  31,  33,  38,  39,  40,  41,  42,  43,  45,  46,  57,  58,  61,  67,
      1,   8,  12,  14,  15,  16,  17,  30,  33,  41,  42,  57,  58,   0,   1,   2,
      5,   8,   9,  10,  11,  12,  14,  15,  17,  19,  21,  22,  24,  25,  26,  27,
     28,  29,  30,  31,  33,  37,  38,  39,  40,  41,  42,  43,  44,  45,  46,  47,
     57,  58,  67,   0,   1,   5,   8,   9,  10,  11,  12,  14,  15,  16,  17,  19,
     21,  22,  24,  25,  26,  27,  30,  31,  33,  37,  38,  39,  40,  41,  42,  43,
     44,  45,  46,  57,  58,  61,  67,   0,   1,   8,   9,  10,  11,  12,  14,  15,
     16,  17,  19,  21,  22,  24,  25,  26,  27,  30,  31,  33,  38,  39,  40,  41,
     42,  43,  44,  45,  46,  57,  58,  61,  67,   0,   1,   2,   5,   8,   9,  10,
     11,  12,  14,  15,  16,  17,  19,  21,  22,  24,  25,  26,  27,  28,  29,  30,
     31,  33,  37,  38,  39,  40,  41,  42,  43,  44,  45,  46,  47,  57,  58,  61,
     67,   0,   8,   9,  18,  21,  22,  26,  27,  28,  29,  31,  33,  37,  38,  40,
     41,  42,  43,  45,  46,  47,  57,  58,  67,   0,  12,  28,  29,  47, 120,   0,
      1,  22,  28,  29,  30,  31,  47,  58,  67, 120,   0,   1,  22,  28,  29,  30,
     47,  58, 120,  41,  42,   0,   1,   2,  19,  21,  22,  26,  28,  29,  30,  31,
     39,  40,  41,  42,  43,  45,  47,  58,  67, 120,   0,   1,   2,   7,  19,  21,
     25,  26,  28,  29,  30,  39,  40,  43,  45,  47,  58,  61,   0,   1,   2,  21,
     22,  26,  28,  29,  30,  31,  40,  43,  45,  47,  58,  67, 120,   0,   1,   2,
     19,  21,  22,  26,  28,  29,  30,  31,  39,  40,  43,  45,  47,  67, 120,  28,
     29,  30,  47,   0,   1,   2,  21,  28,  29,  30,  31,  40,  43,  45,  47,  58,
     67,   0,   1,   2,   7,  19,  21,  22,  25,  26,  28,  29,  30,  31,  39,  40,
     43,  45,  47,  61,  67, 120,   0,   1,   2,   7,  19,  21,  22,  25,  26,  28,
     29,  30,  31,  39,  40,  43,  45,  47,  61,  67, 120,   0,   1,   2,  21,  22,
     26,  28,  29,  31,  40,  43,  45,  47,  58,  67,   3,  34,  35,  36,  34,  35,
     36,  34,  35,  36,   1,   8,  12,  14,  15,  16,  17,  18,  30,  31,  33,  58,
     67,   1,   6,   8,  12,  14,  15,  16,  17,  18,  19,  30,  33,  37,  39,  57,
     58, 120,   0,   1,  22,  26,  28,  29,  30,  47,   0,   1,  22,  28,  29,  30,
     47,  58, 120,   0,  20,  22,  23,  41,  42,  58, 120,   0,   1,  22,  28,  29,
     30,  31,  47,  58,  67, 120,  52,  53,  70,  76, 113, 116,  62,  64,  70,  71,
     75, 112, 113, 116, 118, 119, 122,  20,  22,  23,  24,  58,  52,  53,  75,  76,
     52,  53,  62,  64,  70,  75,  76, 112, 116, 119,  55,  62,  64,  74,  52,  53,
     63,  75,  76, 113,  62,  64, 112, 113, 119, 122,  52,  53,  75,  76,  50,  51,
     52,  53,  55,  56,  62,  63,  64,  69,  72,  74,  75,  76, 112,  50,  51,  52,
     53,  55,  56,  62,  63,  64,  69,  72,  74,  75,  76, 112,  70,  75,  52,  53,
     75,  76,  49,  62,  64,  73, 113,  20,  22,  23,  24,  58, 119,   0,   1,   2,
     21,  22,  26,  28,  29,  30,  31,  40,  43,  45,  47,  58,  67,  62,  64,  70,
     75, 112, 116, 119, 129,  52,  53,  62,  64,  70,  76, 116,  62,  64, 112, 119,
     48,  49,  52,  53,  54,  56,  59,  60,  63,  66,  68,  70,  71,  73,  75,  76,
    113, 118, 119, 121, 124, 131,  49,  50,  55,  60,  62,  63,  64,  69,  71,  73,
     74,  75, 112, 113, 119, 121, 122,  48,  49,  52,  53,  54,  56,  59,  60,  63,
     66,  68,  70,  71,  73,  75,  76, 113, 118, 119, 121, 124, 131,  62,  64, 119,
    122,  49,  56,  60,  63,  66,  68,  71,  73, 113, 118,  70,  62,  64,  49,  63,
     73, 113,  49,  62,  64,  73,  49,  62,  64,  73,  52,  53,  75,  76,  48,  49,
     59,  60,  62,  63,  64,  65,  70,  72,  73, 112, 113, 119, 121, 122, 123, 131,
     52,  53,  63,  75,  76, 113,  52,  53,  75,  76,  62,  64,  70,  71,  75, 112,
    113, 116, 118, 119, 122,  62,  64,  48,  49,  52,  53,  59,  66,  68,  72,  73,
     75,  76, 113, 121, 131, 132,  75,  62,  64, 119, 122,  52,  53,  75,  76,  52,
     53,  75,  76,  50,  51,  52,  53,  55,  56,  62,  63,  64,  69,  72,  74,  75,
     76, 112,  49,  52,  53,  71,  73,  76, 112, 119,  49,  50,  52,  53,  54,  55,
     56,  62,  63,  64,  69,  70,  71,  72,  73,  74,  75,  76, 113, 117, 118, 122,
      0,  77,  78,  82,  83,  84,  89,  92,  94,  95,  97,  99, 101, 102, 105, 109,
    110, 111, 115,   0,  77,  81,  83,  84,  86,  87,  88,  90,  91,  92,  94,  95,
     96,  97,  99, 100, 101, 103, 105, 106, 110, 111, 114, 115,   0,   1,  77,  78,
     79,  81,  82,  83,  84,  85,  89,  90,  91,  92,  93,  94,  95,  96,  97,  98,
     99, 100, 101, 102, 103, 104, 105, 109, 110, 111, 115,   1,  77,  83,  84,  85,
     86,  87,  90,  94,  96,  99, 104, 110, 114,   1,  77,  83,  84,  86,  87,  90,
     96, 109,  80,   1,  84,  85,  90,  94,  99, 110,   0,  77,  83,  88, 120,  78,
     79,  81,  82,  83,  84,  85,  86,  87,  88,  89,  91,  92,  94,  95,  96,  97,
     99, 100, 101, 102, 103, 104, 105, 106, 107, 109, 110, 111, 115, 120,   0,   1,
      2,   5,  77,  78,  79,  81,  82,  83,  84,  85,  86,  87,  89,  90,  91,  92,
     93,  94,  95,  96,  97,  98,  99, 100, 101, 102, 103, 104, 105, 106, 107, 109,
    110, 111, 115,   0,   1,  77,  78,  79,  81,  82,  83,  84,  85,  86,  87,  88,
     89,  90,  92,  94,  95,  96,  97,  99, 100, 101, 102, 103, 104, 105, 107, 110,
    111, 114, 115, 120,   0,  77,  83,  84,  86,  87,  94,  96,  99, 100, 101, 103,
    104, 106, 110, 111, 114, 115, 120,   0,   1,  77,  78,  83,  84,  86,  87,  89,
     94,  96,  99, 100, 101, 103, 104, 110, 111, 114, 115, 120,   1,  77,  78,  81,
     82,  83,  84,  85,  86,  87,  88,  89,  90,  92,  94,  95,  96,  97,  99, 100,
    101, 102, 103, 104, 105, 106, 110, 111, 114, 115, 120,   1,  77,  83,  84,  85,
     86,  87,  90,  94,  96,  99, 104, 110, 114,   0,   1,  81,  82,  83,  84,  85,
     86,  87,  91,  94,  95,  97,  99, 100, 101, 102, 103, 104, 105, 106, 109, 110,
    111, 114, 115, 120,   1,  77,  83,  84,  85,  86,  87,  90,  94,  96,  99, 104,
    110, 114,   0,   1,   2,   5,  77,  78,  79,  81,  82,  83,  84,  85,  89,  90,
     91,  92,  93,  94,  95,  96,  97,  98,  99, 100, 101, 102, 103, 104, 105, 107,
    109, 110, 111, 115,   0,  77, 100, 101, 103, 111, 115,   0,   1,  94,  96,  99,
    100, 101, 103, 106, 110, 111, 115, 120,   0,   1,   2,  96, 100, 101, 103, 106,
    111, 115, 120,   0,   1,   2,  91,  94,  95,  97,  99, 100, 101, 103, 104, 105,
    110, 111, 115, 120,   1,  91,  94,  96,  99, 100, 101, 102, 103, 104, 106, 110,
    111, 115, 120,   0,   1,   2,  91,  92,  94,  95,  96,  97,  99, 101, 102, 105,
    107, 110, 111, 115,  77,   0,   1,  94,  96, 101, 103, 110, 111, 115, 120,   0,
      1,   2,  91,  94,  95,  97,  99, 100, 101, 103, 104, 105, 110, 111, 115, 120,
      0,   1,   2,  91,  94,  95,  96,  97,  99, 100, 101, 102, 103, 104, 107, 110,
    111, 115, 120,   0,   2,  95,  96,  97,  99, 100, 101, 103, 105, 110, 111, 115,
    120,   0,   1,  94,  96,  99, 101, 103, 110, 111, 115, 120,  96, 100, 101, 103,
    106, 111, 115,   0, 108, 109, 120,  52,  53,  62,  64,  76,  48,  49,  52,  53,
     54,  56,  60,  70,  71,  73,  75,  76, 112, 121, 124, 129, 131,  49,  50,  52,
     53,  54,  62,  63,  64,  69,  70,  71,  73,  76, 117, 119, 131,  49,  52,  53,
     54,  55,  60,  63,  70,  71,  72,  73,  74,  75,  76, 119, 121,  49,  54,  70,
     71,  73,   0,   1,   2,  91,  94,  95,  97,  99, 100, 101, 103, 104, 105, 109,
    110, 111, 115, 120,  62,  63,  64, 112, 113, 116, 118, 119,  48,  49,  52,  53,
     54,  56,  59,  60,  63,  66,  68,  70,  71,  73,  75,  76, 113, 118, 119, 121,
    124, 131,   0,   1,   2,   5,  77,  78,  79,  81,  82,  83,  84,  85,  86,  87,
     89,  90,  91,  92,  93,  94,  95,  96,  97,  98,  99, 100, 101, 102, 103, 104,
    105, 106, 107, 109, 110, 111, 115,   0,   1,   2,  91,  94,  95,  96,  97,  99,
    100, 101, 102, 103, 104, 105, 107, 110, 111, 115, 120,  49,  63,  73, 113, 122,
      0,  77,  81,  83,  84,  86,  87,  88,  90,  91,  92,  94,  95,  96,  97,  99,
    100, 101, 103, 105, 106, 110, 111, 114, 115, 115,  48,  49,  59,  62,  64,  71,
     73,  75, 121, 131, 116,  49,  62,  63,  64,  71,  73, 131,  52,  53,  75,  76,
     62,  64,  70,  71,  75, 112, 113, 116, 118, 119, 122,  75,  48,  49,  54,  56,
     60,  62,  64,  66,  68,  70,  71,  72,  73,  75, 121, 124, 129, 131, 132,   8,
      9,  10,  12,  13,  14,  15,  17,  21,  22,  26,  27,  28,  29,  33,  37,  38,
     40,  43,  45,  47,  58,  77,  78,  81,  82,  83,  84,  85,  88,  89,  92,  94,
     95,  97, 100, 101, 102, 103, 105, 111, 115,  62,  64,  70, 112, 116, 119,  48,
     49,  54,  56,  60,  63,  66,  68,  70,  71,  73, 113, 117, 124, 131,  70,  62,
     64, 112, 125, 127, 125, 126, 128, 125, 128,  48,  62,  64, 112, 113, 119, 130,
    129,  62,  64,  70, 112, 113, 116, 118, 119,
};

static const int8_t golos_ui_12_semiboldKernSparseValues[] = {
     -29,  -29,   11,   11,    7,   11,   -4,    7,   11,   15,   26,    7,    7,  -36,   -7,   -4,
      29,   29,   -4,   -7,   15,   -7,    7,   11,  -29,  -25,   11,  -29,  -22,    7,  -18,   -4,
       7,   -4,  -15,   15,   15,    7,   15,   -4,   22,   29,  -15,   15,   15,  -22,    4,   -7,
       7,   -4,  -43,  -11,  -43,  -22,  -54,   -7,   -7,   -7,  -18,   -7,  -22,  -36,    4,    7,
       4,   -7,   -7,   -7,   -7,   -7,   -7,  -22,   -7,  -15,    7,  -43,   -7,   -4,    7,   15,
     -43,    4,   15,  -50,   -7,   -7,   15,   -7,    4,   -7,   15,  -36,  -22,  -22,  -36,   -7,
      15,  -22,  -48,  -22,  -22,  -11,  -15,   -7,  -11,  -15,   -7,   -7,    7,   -7,  -11,   -7,
     -11,  -15,  -15,  -29,   -7,    4,  -29,  -15,   -7,  -11,   -7,  -29,  -20,   -7,   -7,  -15,
      -7,  -11,  -14,   -7,   -7,  -15,   -7,  -11,  -29,  -40,   -7,   -4,   -4,   -7,  -29,    4,
     -28,    8,   -8,    4,   -4,  -28,  -10,  -32,  -20,    8,  -36,    4,   -4,   -8,   -6,   -2,
     -10,   -6,  -22,  -40,    8,    8,    8,   -4,  -17,   -4,   -4,   -8,   -6,  -22,   -6,   -2,
       8,  -29,   -4,   -4,   -7,   -2,   -4,   -8,   -4,   -4,  -12,   -2,   -4,   -4,  -10,   -4,
      -2,    8,   -7,   -8,   -7,   -6,   -6,   -6,  -10,   -2,   -4,   -4,  -18,    4,   -4,   -7,
      -8,   -6,   -6,   -6,   -6,  -10,   -2,   -4,   -4,  -18,    4,   -4,    7,    4,   -2,    4,
       4,    4,    4,   -2,   -4,   -6,    4,   -4,   -2,   16,   16,   -2,   -2,   -2,    7,  -43,
     -20,   -2,  -20,   -2,    6,    4,    8,    4,   -8,   -2,   -4,   -2,  -36,   -2,   -8,   -2,
      18,   18,   -2,   -2,    7,   -2,    4,    4,  -11,  -10,  -18,   12,   12,  -10,    8,   -6,
      -2,   -6,    4,    4,    4,    4,   -4,   -8,   -4,   -2,   -4,   -4,   -6,  -14,  -24,    4,
       4,    8,   -4,  -12,   -4,   -8,   20,   28,   -8,  -12,   -6,  -14,   -6,   -6,   -4,    4,
      -7,  -36,    8,  -28,   10,   -4,    4,  -32,   -4,  -32,  -24,  -40,    8,    4,   -2,   -8,
      -4,  -12,   -4,  -24,  -40,    8,    8,   10,   -4,   -8,    4,   -2,   -2,    2,   -4,  -24,
     -12,    8,  -43,    4,  -50,  -28,  -24,   -4,   -2,   -6,   -6,   -4,   -8,   -4,    4,   -2,
       4,   10,   10,  -40,    8,   -8,   -4,    8,    8,   -4,   -4,   10,   -2,    7,   -7,   -4,
      -8,    4,   -8,    2,   -2,   -4,   -2,   -4,   -6,   -4,   -2,  -10,   -8,   -6,   -8,   -4,
      -6,    6,    4,    4,   -2,   -8,   -6,    6,    6,   -6,   -6,   -6,   -4,   -4,   -4,    4,
      -4,   -4,   -2,   -6,   -4,   -6,  -10,   -6,   -8,    4,    4,    4,    4,   11,  -43,  -11,
      -7,  -28,   -6,  -32,   -2,   14,    8,    8,    8,  -32,  -32,   -4,  -32,  -12,   -4,  -32,
     -24,  -24,  -28,  -24,  -40,   -8,   -6,  -24,  -24,   24,   24,  -24,  -24,  -32,  -24,  -24,
      -4,   -8,  -16,   11,  -40,   -7,  -32,   -6,  -24,   -6,    8,    8,    8,    4,    8,  -20,
     -20,   -4,  -12,  -16,   -4,  -12,   -8,   -6,  -44,   -2,   -6,  -16,  -16,   28,   28,  -16,
     -12,  -20,  -12,   -4,   -8,  -12,   -6,    7,  -22,  -20,   -6,  -16,   -4,    8,    8,    8,
       4,    8,  -16,  -12,   -2,   -8,   -8,   -2,   -8,   -6,   -6,  -28,   -6,  -12,  -12,   24,
      24,  -12,   -8,  -12,   -8,   -2,   -8,   -8,   -2,   11,  -50,  -15,  -15,  -36,  -10,  -32,
     -10,    8,    8,    8,    4,    8,  -32,  -32,   -8,  -20,  -28,   -8,  -16,   -4,   -8,  -12,
     -14,  -50,   -4,  -20,  -24,  -24,   32,   32,  -49,  -20,  -64,  -16,   -4,   -8,  -10,  -20,
     -14,    4,    4,   -2,    4,   -4,   -4,   -4,   -6,   -6,  -12,    8,    4,   -4,   -4,   -4,
      20,   20,   -4,   -8,   -6,   -6,   -4,   -4,    8,   -4,  -32,   -4,   -8,   -4,   -4,   -4,
      -7,   -4,   -8,  -12,   -8,   -2,   -8,    4,   -2,   -4,   -4,   -7,   -4,   -7,   -7,   -4,
      -7,    4,   -4,    8,    8,   18,  -15,   -4,   -8,   -4,    8,    4,    8,    8,    4,    4,
      -8,   -4,   24,   24,   -4,   -4,    8,   -4,    4,   15,    7,    4,  -15,   -4,   -4,   -8,
      -4,    4,    4,    8,    4,   -4,   -8,   -8,  -16,    4,   -4,   -4,  -15,   18,  -15,   -4,
      -7,   -7,   -8,   -4,    4,    4,   -4,   -4,   -4,   -8,   -8,    4,   -7,   15,  -43,  -22,
      -6,   -4,    8,    8,    8,    8,    4,    4,   -6,   -4,   -4,   -4,    8,    4,    7,   -4,
      -8,   -4,   -4,    4,   11,   -7,   -2,    4,    4,    4,    4,   -2,   -2,   -2,    4,   -8,
       4,   15,  -22,   -7,   -7,  -10,   -8,    8,   -4,    8,    8,   16,    4,    4,  -10,   -8,
      -8,  -16,    8,   -4,    4,    7,   26,  -36,  -11,   -7,  -18,  -12,    8,   -4,    8,   16,
      16,    4,    4,  -18,  -12,  -12,  -12,    8,   -4,    4,   14,    7,    7,   -7,   -2,    4,
       4,    4,    8,    4,   -2,   -2,   -4,    4,   -4,    4,  -32,   72,   64,   72,   64,   72,
      72,   72,   72,   36,  -14,  -16,   -6,   -6,   -6,   -4,  -20,   -4,   -4,   -4,  -18,    4,
      -4,  -22,   -4,  -14,  -16,   -8,   -4,  -20,  -16,  -10,   -4,   -4,  -22,   14,   -4,   12,
       8,    7,   -4,   -4,   -4,   -4,   -4,   -4,   -4,   -4,   -4,   -7,   -4,   -7,  -11,   -4,
      -7,    4,   -4,   29,   12,   24,   24,   48,   48,   12,   15,   -4,  -14,   -4,  -12,  -12,
      -8,   -2,   -4,    4,   -2,   -4,   13,   13,  -11,   13,    2,   -6,  -31,  -31,  -13,    4,
      18,  -24,   -7,  -11,   -8,  -45,   -9,   60,   60,   60,   36,   60,   29,   29,   13,   29,
      13,   13,  -12,  -12,  -12,   10,   13,   -9,   -6,  -11,    4,  -20,  -20,    4,   26,   26,
       6,   13,   26,    4,  -28,  -28,  -20,   -7,  -39,  -10,   15,   15,   16,   15,   26,   15,
      63,   63,   38,    6,   36,   20,   36,   55,   40,   38,   43,   63,   34,   26,   15,   63,
      63,   38,    6,   36,   20,   36,   55,   40,   24,   20,   63,   34,   -8,   13,   40,   38,
      29,   40,   -9,  -23,  -23,   -9,    3,   40,   40,   40,   20,   40,  -13,    4,   18,  -15,
      -4,    4,    4,    8,    8,    4,    4,   -4,   -4,   -4,    8,   -4,    4,  -13,  -13,  -17,
      10,  -16,  -21,  -17,  -16,   18,   18,   -3,   -3,   -6,   18,   -5,  -29,  -29,  -18,  -29,
     -13,  -31,   36,   36,  -36,  -23,   -2,  -29,  -41,  -52,  -52,  -36,  -29,  -31,   57,   36,
     -25,  -31,    4,  -13,  -13,  -13,   -4,    1,    3,   -3,  -13,   -4,  -13,    1,    2,   -4,
       3,   18,   -2,    9,   -3,   -2,    4,  -13,  -31,   36,   36,  -84,  -23,   -2,  -29,  -41,
     -45,  -29,  -58,  -29,  -31,   57,   36,  -25,  -13,    4,  -13,  -13,  -13,  -20,  -20,  -23,
       6,  -26,  -26,  -26,  -16,  -26,  -26,  -26,  -26,  -24,  -24,  -15,   20,   20,  -22,   12,
     -22,    7,   -8,  -29,  -29,   -8,   -8,  -13,  -13,   -8,   38,   24,   34,   38,  -17,   -9,
      -6,   -4,  -36,  -11,  -58,   -8,    6,    1,   -9,  -32,  -27,  -31,  -13,  -41,  -25,  -20,
      26,   26,    6,   29,   26,    4,   38,   38,   36,   38,  -62,  -62,  -13,    4,   18,  -24,
      -7,  -11,   -8,  -45,   -9,  -32,  -32,  -16,  -16,   34,   34,   -4,  -13,  -13,    3,  -16,
      34,   34,  -16,  -13,  -13,  -13,   13,  -38,  -38,  -23,    6,   15,   15,   29,   15,   38,
      38,   34,   38,   26,   15,   63,   63,   40,    6,   36,   20,   36,   55,   38,   40,   38,
      79,   34,   -5,   18,   18,   -2,   -5,   18,   -8,  -12,  -10,    6,    6,    6,  -23,    6,
       3,  -23,    8,  -23,    6,  -16,   -5,    2,  -10,    6,   18,    6,    6,   -7,    6,    6,
       7,    4,   -2,    4,    4,    4,   -2,   -4,    4,   -2,   -2,    4,   -2,   -2,   -2,   16,
       4,   -2,   -2,  -15,  -24,    6,  -20,   -4,   -6,   -6,   -4,   -2,    4,    4,   -2,    4,
     -10,    4,   -2,   -8,  -10,   -8,    4,   -8,   -2,  -10,  -24,  -10,   11,  -50,   14,   -6,
      -2,  -40,  -12,    8,  -36,  -20,   -6,   -4,  -36,  -12,  -36,  -36,  -36,  -29,  -36,  -24,
     -36,  -24,  -24,  -36,  -24,  -36,  -24,   24,  -36,  -44,  -24,   -7,  -16,  -10,   -8,  -11,
      -6,   -6,   -2,  -10,   -4,  -10,   -2,  -10,  -10,   -4,   -2,  -12,   -4,   -6,   -6,   -2,
      -6,    4,   36,  -11,  -10,   -6,   -6,  -10,  -10,  -10,  -22,  -24,  -20,   -4,   -7,   -6,
      -6,   -2,    8,    4,    8,    8,    4,    4,   -2,   -6,   -4,   -8,    8,   -8,    4,   -8,
       8,   -8,  -14,  -16,   -8,    4,   -8,   -8,   -4,   20,    8,  -14,  -14,   -7,   11,  -58,
     -11,  -15,    8,  -10,   -8,  -32,  -20,    8,  -32,  -20,    4,    4,  -10,  -14,  -28,  -12,
     -16,  -28,  -20,  -12,  -20,  -16,  -28,   -6,   -4,   -8,   -6,  -24,  -16,   -2,  -16,   32,
     -28,   -4,   -4,  -29,    4,  -28,   -8,   -4,    4,    8,  -20,    8,   10,    8,    8,  -20,
      -8,    2,   -4,    8,   -4,    8,   -4,    8,  -20,  -22,  -16,  -20,    4,   -4,   -2,    8,
     -22,  -32,  -22,  -29,  -11,   -8,   -8,   -7,   -4,   -4,   -4,   -8,   -4,   -8,  -10,   -8,
      -4,   -4,   -4,  -10,   -8,  -10,  -15,   -4,   -4,   -4,   -2,  -12,   -7,   -8,   -4,   -2,
      -4,   -4,   -4,   -4,   -2,   -4,   -4,   -4,   -2,  -12,   -2,   -4,   15,   -4,   -4,    6,
      10,   -4,   10,   14,    8,    8,   -4,   -4,    4,   -2,   12,   -2,    4,   -2,   12,   -6,
      -6,   -6,   -6,    4,   -2,   -6,   12,   -6,   -4,   -6,   -7,   -7,   -6,  -10,   -8,  -11,
      -6,   -6,   -2,  -10,   -4,  -10,   -2,  -10,  -10,    4,  -50,  -24,  -16,   -6,  -28,  -22,
      -6,   -6,   -8,  -18,   -4,   -4,  -18,    8,   10,    4,    8,   -4,   -4,    8,    8,  -18,
      10,   -6,   10,    7,   -7,  -13,  -10,   -8,  -11,   -6,   -6,   -2,  -10,   -4,  -10,   -2,
     -10,  -10,   11,  -43,  -11,   -7,   14,   -6,   -2,  -32,  -12,    8,  -28,  -20,   -7,   -4,
     -32,  -16,  -32,  -32,  -32,  -29,  -32,  -24,  -32,  -20,  -24,  -32,  -20,  -32,  -24,  -12,
      24,  -32,  -24,  -24,   -4,  -32,   -4,   -4,   -4,   -4,   -4,   -4,   -7,   -4,   -8,   -4,
      -4,   -8,   -4,   -4,   -4,   -8,   -8,   -4,   -4,   -4,   -4,   -4,   -4,   -6,   -4,   -4,
      -6,   -6,   -4,   15,  -86,  -29,   -8,  -14,   -4,   -4,  -12,   12,    8,   12,   -4,   -4,
     -12,    8,    8,   11,   15,    4,   12,    4,    8,   -4,   -4,   -2,   -4,    4,   -4,    8,
      -4,   -4,   -4,    7,    4,  -15,   -4,   -4,    4,   -8,    4,  -12,    8,    4,   -2,   -8,
      -4,    8,    8,    4,  -32,   -4,   -7,   -4,   -4,   -7,   -7,   -4,   -7,   -7,   -4,   15,
     -36,  -29,   -8,  -14,   -4,   -4,  -12,   12,    8,   12,   -4,   -4,  -12,    8,    8,   11,
      15,  -22,   -7,  -10,  -10,   -8,    4,   -8,   -8,    8,    8,    4,    8,   -8,   -4,   -8,
       8,    8,    7,  -22,    7,    4,   -2,    4,    4,  -18,  -18,  -18,    4,    4,  -38,  -18,
     -15,   -4,   -7,   -4,   -4,   -4,   -7,   -7,   -4,   -7,   -7,   -4,   -4,   -4,   -4,   -4,
      -4,   -4,   -4,   29,    4,   48,   11,   13,   13,  -23,  -23,   13,  -16,  -24,   34,   34,
     -38,   -3,  -18,  -32,  -24,  -24,   16,   34,    6,  -16,  -25,  -54,  -25,   -7,    1,   10,
      10,  -25,  -13,    7,  -13,    1,  -27,   -4,   -7,   10,  -18,  -13,  -16,   -9,   41,   41,
     -25,    2,   -7,  -16,  -13,   -8,    3,   -9,    2,   18,   54,    2,   -7,   -3,  -38,  -33,
      -5,   -3,   15,  -36,  -29,   -8,  -14,   -4,   -4,  -12,   12,    8,   12,   -4,   -4,   20,
     -12,    8,    8,   11,  -43,  -10,  -43,  -43,  -14,  -11,   -7,  -68,  -13,  -31,   36,   36,
     -36,  -23,   -2,  -29,  -41,  -45,  -29,  -36,  -29,  -31,   57,   36,  -25,  -13,    4,  -13,
     -13,  -13,   11,  -58,  -11,  -15,    8,  -10,   -8,  -32,  -20,    8,  -64,  -20,    4,    4,
     -10,  -14,  -28,  -12,  -16,  -28,  -20,  -12,  -20,  -16,  -28,   -6,   -4,   -8,   -6,  -24,
     -16,   -2,  -20,   32,  -28,   -4,   -4,   15,  -22,   -7,  -10,  -10,   -8,    4,   -8,   -8,
       8,    8,    4,    8,   -8,   -8,   -4,   -8,    8,    8,    7,   -8,  -13,   -8,  -12,  -14,
     -15,  -24,    6,  -20,   -4,   -6,   -6,   -4,   -2,    4,    4,   -2,    4,  -10,    4,   -2,
      -8,  -10,   -8,    4,   -8,   -2,  -10,  -44,  -20,   -4,  -21,  -11,   -5,  -16,  -16,  -23,
     -11,   34,  -18,  -20,   -9,   -8,  -13,    6,  -13,   -1,   -8,  -13,   38,   24,   29,   38,
     -31,  -31,  -13,    4,   36,  -24,   -7,  -11,   -8,  -45,   -9,   16,  -17,  -44,  -13,  -16,
     -27,    4,    4,  -16,  -16,  -31,  -41,   -8,  -66,   34,  -16,  -25,  -69,  -38,  -13,    7,
      -7,    4,  -36,   -7,  -43,  -36,  -43,   -4,   -7,   -7,   -4,  -22,  -36,    7,   -7,   -7,
      -4,   -4,   -4,  -22,   -7,  -36,   -7,    4,    4,  -36,    7,   15,  -36,   -7,   -4,    7,
      -4,   -4,  -22,  -22,  -22,  -22,   -4,  -22,  -22,  -13,  -13,  -13,  -16,  -18,  -18,  -23,
     -25,  -50,  -11,  -28,    3,  -16,  -16,  -55,  -23,  -25,    3,  -25,  -23,  -23,  -25,  -13,
     -13,  -25,   -1,    9,    5,   -3,  -13,   -8,    5,  -16,  -23,  -37,  -54,   -9,  -69,   -6,
      -6,  -18,  -18,  -20,  -27,  -16,  -20,  -13,  -38,
};

static const EpdFontData golos_ui_12_semibold = {
    golos_ui_12_semiboldBitmaps,
    golos_ui_12_semiboldGlyphs,
    golos_ui_12_semiboldIntervals,
    62,
    30,
    25,
    -6,
    false,
    nullptr,
    0,
    nullptr,
    nullptr,  // kernLeftClasses: built-in fonts use the split arrays below
    nullptr,  // kernRightClasses
    golos_ui_12_semiboldKernLeftCodepoints,
    golos_ui_12_semiboldKernLeftClassIds,
    golos_ui_12_semiboldKernRightCodepoints,
    golos_ui_12_semiboldKernRightClassIds,
    nullptr,  // kernMatrix: built-in fonts use the sparse form below
    golos_ui_12_semiboldKernRowOffsets,
    golos_ui_12_semiboldKernSparseCols,
    golos_ui_12_semiboldKernSparseValues,
    666,
    599,
    162,
    133,
    nullptr,
    0,
};
