/**
 * generated by fontconvert.py
 * name: golos_ui_10_semibold
 * size: 10
 * mode: 1-bit
 * hinting: auto (FT_LOAD_FORCE_AUTOHINT — grid-fits stems to whole pixels)
 * Command used: lib/EpdFont/scripts/fontconvert.py golos_ui_10_semibold 10 GolosText-semibold.ttf lib/EpdFont/builtinFonts/source/Inter/Inter-Bold.ttf --additional-intervals 0x0000,0x007F --additional-intervals 0x0080,0x00FF --additional-intervals 0x0100,0x017F --additional-intervals 0x01A0,0x01A1 --additional-intervals 0x01AF,0x01B0 --additional-intervals 0x01C4,0x021F --additional-intervals 0x0300,0x036F --additional-intervals 0x0400,0x04FF --additional-intervals 0x1EA0,0x1EF9 --additional-intervals 0x2010,0x206F --additional-intervals 0x20A0,0x20CF --additional-intervals 0xFB00,0xFB06 --additional-intervals 0xFFFD,0xFFFD
 */
#pragma once
#include "EpdFontData.h"

static const uint8_t golos_ui_10_semiboldBitmaps[23157] = {
    0xEE, 0xEE, 0xEE, 0xEE, 0xE0, 0x0F, 0xFF, 0xEF, 0xDF, 0xBF, 0x7E, 0xE0, 0x1C, 0xE1, 0xCE, 0x1C,
    0xC7, 0xFF, 0x7F, 0xF3, 0x9C, 0x39, 0xC3, 0x9C, 0xFF, 0xEF, 0xFE, 0x73, 0x87, 0x38, 0x73, 0x87,
    0x38, 0x07, 0x00, 0x70, 0x1F, 0xC3, 0xFE, 0x70, 0xF7, 0x06, 0x70, 0x07, 0xE0, 0x3F, 0xC1, 0xFE,
    0x03, 0xF0, 0x07, 0x60, 0x77, 0x0F, 0x7F, 0xF3, 0xFE, 0x0F, 0x80, 0x70, 0x07, 0x00, 0x7C, 0x1E,
    0x7F, 0x0E, 0x3B, 0x8E, 0x1D, 0xCE, 0x0F, 0xEF, 0x03, 0xE7, 0x00, 0x07, 0x00, 0x07, 0x3C, 0x03,
    0xBF, 0x03, 0xB9, 0xC3, 0x9C, 0xE1, 0x8F, 0xF1, 0xC3, 0xF1, 0xC0, 0xF0, 0x3E, 0x01, 0xFC, 0x07,
    0x78, 0x1C, 0xE0, 0x7F, 0x00, 0xF8, 0x03, 0xE0, 0x1F, 0xDC, 0xE7, 0xF3, 0x8F, 0xCE, 0x1E, 0x3C,
    0xF8, 0x7F, 0xF0, 0xFC, 0xE0, 0xFF, 0xFE, 0x1C, 0x70, 0xE3, 0x87, 0x1C, 0x38, 0x70, 0xE1, 0xC3,
    0x87, 0x0E, 0x0E, 0x1C, 0x3C, 0x38, 0x38, 0x70, 0x70, 0xE0, 0xE1, 0xC3, 0x83, 0x87, 0x0E, 0x1C,
    0x38, 0x71, 0xC3, 0x87, 0x1C, 0x38, 0xE0, 0x0C, 0x17, 0x9F, 0xC7, 0xC7, 0xF1, 0x78, 0x30, 0x0E,
    0x03, 0x80, 0xE0, 0x38, 0xFF, 0xFF, 0xF0, 0xE0, 0x38, 0x0E, 0x03, 0x80, 0x77, 0x76, 0xEC, 0x01,
    0xFF, 0xF8, 0xFF, 0xF0, 0x01, 0x80, 0xE0, 0x38, 0x0C, 0x07, 0x01, 0xC0, 0x60, 0x38, 0x0E, 0x07,
    0x01, 0xC0, 0x60, 0x38, 0x0E, 0x03, 0x01, 0xC0, 0x70, 0x18, 0x00, 0x1F, 0x07, 0xF1, 0xEF, 0x70,
    0x7E, 0x0F, 0xC1, 0xF8, 0x3F, 0x07, 0xE0, 0xFC, 0x1F, 0xC7, 0xBD, 0xE3, 0xF8, 0x3E, 0x00, 0x1C,
    0x3E, 0x3F, 0x1F, 0x89, 0xC0, 0xE0, 0x70, 0x38, 0x1C, 0x0E, 0x07, 0x1F, 0xFF, 0xFF, 0xFC, 0x1F,
    0x0F, 0xFB, 0xE7, 0x70, 0x7E, 0x0E, 0x01, 0xC0, 0x70, 0x3C, 0x0F, 0x03, 0xC0, 0xF0, 0x7C, 0x0F,
    0xFF, 0xFF, 0xC0, 0x3F, 0x8F, 0xFB, 0xC7, 0xF0, 0x70, 0x1E, 0x1F, 0x83, 0xE0, 0x1E, 0x00, 0xFC,
    0x1F, 0x83, 0xF9, 0xE7, 0xFC, 0x7E, 0x00, 0x01, 0xC0, 0x3C, 0x07, 0xC0, 0xFC, 0x1D, 0xC1, 0xDC,
    0x39, 0xC7, 0x1C, 0xF1, 0xCF, 0xFF, 0xFF, 0xF0, 0x1C, 0x01, 0xC0, 0x1C, 0x7F, 0xCF, 0xF9, 0xC0,
    0x38, 0x07, 0xF8, 0xFF, 0x9E, 0x78, 0x07, 0x00, 0xE0, 0x1F, 0xC3, 0xBC, 0xE7, 0xFC, 0x3E, 0x00,
    0x1F, 0x87, 0xF9, 0xE7, 0x70, 0x0E, 0x01, 0xFF, 0x3F, 0xF7, 0x8F, 0xE0, 0xFC, 0x1F, 0x83, 0xBD,
    0xE7, 0xFC, 0x3E, 0x00, 0xFF, 0xFF, 0xF0, 0x3C, 0x0F, 0x03, 0x81, 0xE0, 0x70, 0x1C, 0x0F, 0x03,
    0x81, 0xE0, 0x70, 0x1C, 0x0F, 0x00, 0x3F, 0x8F, 0xFB, 0xCF, 0xF0, 0x7E, 0x0E, 0xE7, 0x8F, 0xE3,
    0xFE, 0xF1, 0xFC, 0x1F, 0x83, 0xF8, 0xF7, 0xFC, 0x7F, 0x00, 0x1F, 0x0F, 0xFB, 0xEF, 0x70, 0x7E,
    0x0F, 0xC1, 0xFE, 0xFB, 0xFF, 0x3E, 0xE0, 0x1C, 0x07, 0xF9, 0xE7, 0xF8, 0x7E, 0x00, 0xFF, 0xF0,
    0x00, 0x00, 0xFF, 0xF0, 0x7B, 0xDE, 0x00, 0x00, 0x00, 0x73, 0x9C, 0xE6, 0x60, 0x00, 0x40, 0x70,
    0x7C, 0xFE, 0xFE, 0x3C, 0x0F, 0xC1, 0xFE, 0x0F, 0xC0, 0xF0, 0x0C, 0x00, 0xFF, 0xFF, 0xF0, 0x00,
    0x00, 0x00, 0x3F, 0xFF, 0xFC, 0x80, 0x38, 0x0F, 0x81, 0xFC, 0x1F, 0xC0, 0xF0, 0xFC, 0xFE, 0xFC,
    0x3C, 0x0C, 0x00, 0x00, 0x3F, 0x1F, 0xEF, 0x3F, 0x87, 0x01, 0xC0, 0xE0, 0x78, 0x3C, 0x1E, 0x03,
    0x00, 0x00, 0x78, 0x1E, 0x07, 0x80, 0x03, 0xF8, 0x01, 0xFF, 0xC0, 0xFC, 0x7E, 0x1C, 0x03, 0xC7,
    0x3F, 0xDD, 0xEF, 0xFB, 0xBB, 0xCF, 0x3F, 0x70, 0xE7, 0xEE, 0x1C, 0xFD, 0xC3, 0x9F, 0xB8, 0x73,
    0xF7, 0x9E, 0xE7, 0x7F, 0xFC, 0xE7, 0xDF, 0x0F, 0x00, 0x00, 0xFC, 0x70, 0x0F, 0xFE, 0x00, 0x7F,
    0x00, 0x07, 0x80, 0x0F, 0x00, 0x1F, 0x00, 0x7E, 0x00, 0xFE, 0x03, 0xDC, 0x07, 0x38, 0x0E, 0x78,
    0x3F, 0xF0, 0x7F, 0xF1, 0xFF, 0xE3, 0x81, 0xC7, 0x03, 0xDE, 0x03, 0x80, 0xFF, 0x8F, 0xFC, 0xE1,
    0xEE, 0x0E, 0xE0, 0xEE, 0x1E, 0xFF, 0xCF, 0xFE, 0xE0, 0xFE, 0x07, 0xE0, 0x7E, 0x1F, 0xFF, 0xEF,
    0xFC, 0x1F, 0xC1, 0xFF, 0x1E, 0x7D, 0xE0, 0xEE, 0x07, 0x70, 0x03, 0x80, 0x1C, 0x00, 0xE0, 0x07,
    0x03, 0xBC, 0x1C, 0xF3, 0xE3, 0xFE, 0x0F, 0xE0, 0xFF, 0x0F, 0xFC, 0xE3, 0xEE, 0x0E, 0xE0, 0x7E,
    0x07, 0xE0, 0x7E, 0x07, 0xE0, 0x7E, 0x0F, 0xE0, 0xEE, 0x3E, 0xFF, 0xCF, 0xF0, 0xFF, 0xFF, 0xFE,
    0x03, 0x80, 0xE0, 0x38, 0x0F, 0xFF, 0xFF, 0xE0, 0x38, 0x0E, 0x03, 0x80, 0xFF, 0xFF, 0xF0, 0xFF,
    0xFF, 0xFE, 0x03, 0x80, 0xE0, 0x38, 0x0F, 0xFF, 0xFF, 0xE0, 0x38, 0x0E, 0x03, 0x80, 0xE0, 0x38,
    0x00, 0x0F, 0xC1, 0xFF, 0x1E, 0x7C, 0xE0, 0xFE, 0x00, 0x70, 0x03, 0x87, 0xFC, 0x3F, 0xE0, 0x3F,
    0x01, 0xDC, 0x1C, 0xFB, 0xE3, 0xFE, 0x07, 0xE0, 0xE0, 0x7E, 0x07, 0xE0, 0x7E, 0x07, 0xE0, 0x7E,
    0x07, 0xFF, 0xFF, 0xFF, 0xE0, 0x7E, 0x07, 0xE0, 0x7E, 0x07, 0xE0, 0x7E, 0x07, 0xFF, 0xFF, 0xFF,
    0xFF, 0xFF, 0xC0, 0x01, 0xC0, 0x70, 0x1C, 0x07, 0x01, 0xC0, 0x70, 0x1C, 0x07, 0x01, 0xC0, 0x7E,
    0x1F, 0xCE, 0x7F, 0x8F, 0xC0, 0xE0, 0xE7, 0x0E, 0x38, 0xE1, 0xCF, 0x0E, 0xF0, 0x7F, 0x03, 0xF8,
    0x1F, 0xE0, 0xF7, 0x07, 0x3C, 0x38, 0xF1, 0xC3, 0x8E, 0x1E, 0x70, 0x78, 0xE0, 0x38, 0x0E, 0x03,
    0x80, 0xE0, 0x38, 0x0E, 0x03, 0x80, 0xE0, 0x38, 0x0E, 0x03, 0xFF, 0xFF, 0xFF, 0xF0, 0xE0, 0x0F,
    0xE0, 0x3F, 0xC0, 0x7F, 0xC1, 0xFF, 0xC7, 0xFF, 0x8F, 0xFB, 0xBB, 0xF7, 0xF7, 0xE7, 0xCF, 0xCF,
    0x1F, 0x8E, 0x3F, 0x00, 0x7E, 0x00, 0xFC, 0x01, 0xC0, 0xE0, 0x7F, 0x07, 0xF8, 0x7F, 0x87, 0xFC,
    0x7F, 0xE7, 0xEE, 0x7E, 0x77, 0xE7, 0xFE, 0x3F, 0xE1, 0xFE, 0x1F, 0xE0, 0xFE, 0x07, 0x0F, 0xC0,
    0xFF, 0xC7, 0xCF, 0x9C, 0x0E, 0xE0, 0x1F, 0x80, 0x7E, 0x01, 0xF8, 0x07, 0xE0, 0x1F, 0x80, 0x77,
    0x03, 0x9F, 0x3E, 0x3F, 0xF0, 0x3F, 0x00, 0xFF, 0x9F, 0xFB, 0x8F, 0xF0, 0x7E, 0x0F, 0xC1, 0xF8,
    0xFF, 0xFE, 0xFF, 0x9C, 0x03, 0x80, 0x70, 0x0E, 0x01, 0xC0, 0x00, 0x0F, 0xC0, 0xFF, 0xC7, 0xCF,
    0x9C, 0x0E, 0xE0, 0x1F, 0x80, 0x7E, 0x01, 0xF8, 0x07, 0xE1, 0x9F, 0x87, 0xF7, 0x0F, 0xDF, 0x3E,
    0x3F, 0xF8, 0x3F, 0xE0, 0x00, 0x00, 0xFF, 0x8F, 0xFC, 0xE3, 0xEE, 0x0E, 0xE0, 0xEE, 0x0E, 0xE3,
    0xEF, 0xFC, 0xFF, 0x8E, 0x78, 0xE3, 0x8E, 0x3C, 0xE1, 0xEE, 0x0E, 0x1F, 0x83, 0xFE, 0x79, 0xE7,
    0x07, 0x70, 0x07, 0xE0, 0x3F, 0xC1, 0xFE, 0x01, 0xF0, 0x07, 0xF0, 0x77, 0x8F, 0x7F, 0xE1, 0xFC,
    0xFF, 0xFF, 0xFF, 0x07, 0x00, 0x70, 0x07, 0x00, 0x70, 0x07, 0x00, 0x70, 0x07, 0x00, 0x70, 0x07,
    0x00, 0x70, 0x07, 0x00, 0x70, 0xE0, 0x7E, 0x07, 0xE0, 0x7E, 0x07, 0xE0, 0x7E, 0x07, 0xE0, 0x7E,
    0x07, 0xE0, 0x7E, 0x07, 0xE0, 0x77, 0x9E, 0x7F, 0xE1, 0xF8, 0xF0, 0x1C, 0xE0, 0x79, 0xE0, 0xE3,
    0xC1, 0xC3, 0x87, 0x87, 0x8E, 0x07, 0x1C, 0x0E, 0x70, 0x1E, 0xE0, 0x1D, 0xC0, 0x3F, 0x00, 0x3E,
    0x00, 0x7C, 0x00, 0xF0, 0x00, 0xF0, 0x70, 0x77, 0x0F, 0x07, 0x70, 0xF0, 0xE7, 0x8F, 0x8E, 0x39,
    0xF8, 0xE3, 0x9F, 0x8E, 0x39, 0xDD, 0xC3, 0x99, 0xDC, 0x1F, 0x9D, 0xC1, 0xF8, 0xFC, 0x1F, 0x0F,
    0x81, 0xF0, 0xF8, 0x0F, 0x07, 0x80, 0xF0, 0x70, 0x78, 0x3C, 0x70, 0xF0, 0xF1, 0xC0, 0xF7, 0x80,
    0xFE, 0x01, 0xF8, 0x01, 0xF0, 0x03, 0xE0, 0x0F, 0xE0, 0x3D, 0xC0, 0x73, 0xC1, 0xE3, 0xC7, 0x83,
    0x8E, 0x07, 0x80, 0x78, 0x3D, 0xE0, 0xE3, 0xC7, 0x87, 0x1C, 0x1E, 0xE0, 0x3F, 0x80, 0x7C, 0x01,
    0xF0, 0x03, 0x80, 0x0E, 0x00, 0x38, 0x00, 0xE0, 0x03, 0x80, 0x0E, 0x00, 0xFF, 0xFF, 0xFC, 0x07,
    0x81, 0xE0, 0x38, 0x0E, 0x03, 0xC0, 0xF0, 0x1C, 0x07, 0x01, 0xE0, 0x78, 0x0F, 0xFF, 0xFF, 0xC0,
    0xFF, 0xF9, 0xCE, 0x73, 0x9C, 0xE7, 0x39, 0xCE, 0x73, 0x9C, 0xFF, 0xC0, 0x60, 0x1C, 0x07, 0x00,
    0xC0, 0x38, 0x0E, 0x01, 0x80, 0x70, 0x1C, 0x03, 0x80, 0xE0, 0x18, 0x07, 0x01, 0xC0, 0x30, 0x0E,
    0x03, 0x80, 0x60, 0xFF, 0xCE, 0x73, 0x9C, 0xE7, 0x39, 0xCE, 0x73, 0x9C, 0xE7, 0xFF, 0xC0, 0x06,
    0x00, 0xF0, 0x1F, 0x83, 0xBC, 0x39, 0xC7, 0x0E, 0x00, 0x3F, 0xFF, 0xFC, 0x61, 0xC3, 0x87, 0x3F,
    0x0F, 0xF1, 0xCF, 0x00, 0xE7, 0xFD, 0xFF, 0xBC, 0x77, 0x0E, 0xF7, 0xCF, 0xF8, 0xF7, 0x00, 0xE0,
    0x1C, 0x03, 0x80, 0x77, 0xCF, 0xFD, 0xF7, 0xB8, 0x3F, 0x07, 0xE0, 0xFC, 0x1F, 0x87, 0xFD, 0xEF,
    0xFD, 0xDF, 0x00, 0x1F, 0x0F, 0xF9, 0xEF, 0x70, 0xEE, 0x01, 0xC0, 0x38, 0x07, 0x0E, 0x7B, 0xCF,
    0xF0, 0x7C, 0x00, 0x00, 0xE0, 0x1C, 0x03, 0x9F, 0x77, 0xFF, 0xF7, 0xF8, 0x3F, 0x07, 0xE0, 0xFC,
    0x1F, 0x83, 0xFD, 0xF7, 0xFE, 0x7D, 0xC0, 0x1F, 0x0F, 0xF9, 0xC7, 0x70, 0x7F, 0xFF, 0xFF, 0xF8,
    0x07, 0x00, 0x79, 0xCF, 0xF8, 0x7C, 0x00, 0x3E, 0xFD, 0xE7, 0xFF, 0xEE, 0x1C, 0x38, 0x70, 0xE1,
    0xC3, 0x87, 0x0E, 0x00, 0x3E, 0xEF, 0xFF, 0xEF, 0xF0, 0x7E, 0x0F, 0xC1, 0xF8, 0x3F, 0x07, 0xFB,
    0xEF, 0xFC, 0xFB, 0x80, 0x7F, 0x3C, 0xFF, 0x8F, 0xC0, 0xE0, 0x38, 0x0E, 0x03, 0xBC, 0xFF, 0xBC,
    0xFE, 0x1F, 0x87, 0xE1, 0xF8, 0x7E, 0x1F, 0x87, 0xE1, 0xF8, 0x70, 0xFF, 0x8F, 0xFF, 0xFF, 0xFF,
    0xF8, 0x39, 0xCE, 0x03, 0x9C, 0xE7, 0x39, 0xCE, 0x73, 0x9C, 0xE7, 0x7F, 0xFC, 0xE0, 0x1C, 0x03,
    0x80, 0x71, 0xEE, 0x79, 0xCE, 0x3B, 0x87, 0xE0, 0xFC, 0x1F, 0xC3, 0x9C, 0x73, 0xCE, 0x39, 0xC3,
    0x80, 0xE7, 0x39, 0xCE, 0x73, 0x9C, 0xE7, 0x39, 0xEF, 0xBC, 0xEF, 0x3C, 0xFF, 0xFE, 0xF7, 0xDE,
    0xE3, 0x8E, 0xE3, 0x8E, 0xE3, 0x8E, 0xE3, 0x8E, 0xE3, 0x8E, 0xE3, 0x8E, 0xE3, 0x8E, 0xE3, 0x8E,
    0xEF, 0xBF, 0xEF, 0x3F, 0x87, 0xE1, 0xF8, 0x7E, 0x1F, 0x87, 0xE1, 0xF8, 0x7E, 0x1C, 0x1F, 0x0F,
    0xF9, 0xEF, 0x70, 0x7E, 0x0F, 0xC1, 0xF8, 0x3F, 0x07, 0x7B, 0xCF, 0xF8, 0x7C, 0x00, 0xEF, 0x9F,
    0xFB, 0xEF, 0x70, 0x7E, 0x0F, 0xC1, 0xF8, 0x3F, 0x0F, 0xFB, 0xDF, 0xFB, 0xBE, 0x70, 0x0E, 0x01,
    0xC0, 0x38, 0x00, 0x3E, 0xEF, 0xFF, 0xEF, 0xF0, 0x7E, 0x0F, 0xC1, 0xF8, 0x3F, 0x07, 0xFB, 0xEF,
    0xFC, 0xFB, 0x80, 0x70, 0x0E, 0x01, 0xC0, 0x38, 0xEF, 0xFF, 0xC7, 0x0E, 0x1C, 0x38, 0x70, 0xE1,
    0xC3, 0x80, 0x1F, 0x87, 0xF9, 0xEF, 0x38, 0x67, 0xE0, 0x7F, 0x80, 0xF8, 0x07, 0x79, 0xEF, 0xF8,
    0x7E, 0x00, 0x70, 0xE1, 0xC7, 0xFF, 0xEE, 0x1C, 0x38, 0x70, 0xE1, 0xC3, 0xC3, 0xE7, 0xC0, 0xE1,
    0xF8, 0x7E, 0x1F, 0x87, 0xE1, 0xF8, 0x7E, 0x1F, 0x87, 0xF3, 0xDF, 0xF3, 0xDC, 0xF0, 0x77, 0x0E,
    0x70, 0xE3, 0x8E, 0x39, 0xC3, 0xDC, 0x1D, 0x81, 0xF8, 0x0F, 0x80, 0xF0, 0x07, 0x00, 0xF1, 0xC3,
    0xB8, 0xF1, 0xDC, 0x79, 0xCE, 0x7C, 0xE3, 0xB6, 0x71, 0xDB, 0xB0, 0xFC, 0xF8, 0x7C, 0x7C, 0x1E,
    0x3E, 0x0F, 0x1E, 0x07, 0x87, 0x00, 0x70, 0xE7, 0x9C, 0x39, 0xC1, 0xF8, 0x1F, 0x00, 0xF0, 0x1F,
    0x83, 0xF8, 0x39, 0xC7, 0x1E, 0x70, 0xE0, 0x70, 0x73, 0xC3, 0x8E, 0x38, 0x71, 0xC1, 0xCE, 0x0E,
    0xE0, 0x7F, 0x01, 0xF8, 0x0F, 0x80, 0x3C, 0x01, 0xC0, 0x0E, 0x00, 0xE0, 0x0F, 0x00, 0x70, 0x00,
    0xFF, 0xFF, 0xC1, 0xE1, 0xE0, 0xE0, 0xE0, 0xE0, 0xF0, 0xF0, 0x7F, 0xFF, 0xE0, 0x1E, 0x7C, 0xE1,
    0xC3, 0x87, 0x0E, 0x3C, 0x70, 0xF0, 0xE1, 0xC3, 0x87, 0x0E, 0x1C, 0x3E, 0x3C, 0xFF, 0xFF, 0xFF,
    0xFF, 0xFF, 0xFF, 0xFC, 0xF3, 0xC7, 0x8E, 0x38, 0xE3, 0x8E, 0x3C, 0xF3, 0x8E, 0x38, 0xE3, 0x9E,
    0xF3, 0x80, 0x3C, 0x07, 0xFE, 0x6F, 0xE0, 0x3C, 0xFF, 0xF0, 0x0E, 0xEE, 0xEE, 0xEE, 0xEE, 0xE0,
    0x0E, 0x01, 0xC0, 0xFE, 0x3F, 0xEF, 0x1D, 0xC1, 0xB8, 0x07, 0x00, 0xE0, 0x1C, 0x19, 0xC7, 0x3F,
    0xE1, 0xF0, 0x1C, 0x03, 0x80, 0x0F, 0x83, 0xF8, 0xF7, 0x9C, 0x73, 0x80, 0x70, 0x3F, 0xC7, 0xF8,
    0x38, 0x07, 0x00, 0xE0, 0x1C, 0x0F, 0xFF, 0xFF, 0xC0, 0x00, 0x0C, 0x1B, 0xFF, 0x3F, 0xE7, 0x3C,
    0xE3, 0x9C, 0x73, 0xDE, 0x7F, 0xDF, 0xF9, 0x02, 0x00, 0x78, 0x3C, 0xE0, 0xE3, 0xC7, 0x87, 0x1C,
    0x1E, 0xE0, 0x3F, 0x83, 0xFF, 0x8F, 0xFE, 0x03, 0x80, 0xFF, 0xE3, 0xFF, 0x80, 0xE0, 0x03, 0x80,
    0x0E, 0x00, 0xFF, 0xFF, 0xF8, 0x03, 0xFF, 0xFF, 0xFC, 0x3E, 0x1F, 0xE7, 0x39, 0xC0, 0x78, 0x0F,
    0xC7, 0xFB, 0xCF, 0xE1, 0xF8, 0x7F, 0xFD, 0xFE, 0x1F, 0x01, 0xE7, 0x39, 0xFE, 0x3F, 0x87, 0x80,
    0xEF, 0xDF, 0xB8, 0x00, 0x00, 0x0F, 0xF0, 0x1F, 0xF8, 0x3C, 0x3C, 0x77, 0xCE, 0xEF, 0xE7, 0xFE,
    0xF7, 0xDC, 0x03, 0xDC, 0x03, 0xDC, 0x33, 0xFE, 0xF7, 0x6F, 0xE6, 0x7F, 0xCE, 0x3E, 0x7C, 0x1F,
    0xF8, 0x07, 0xE0, 0x00, 0x07, 0xF1, 0xFF, 0x38, 0xE0, 0x1C, 0x7F, 0xBF, 0xF7, 0x0E, 0xE1, 0xDC,
    0x7B, 0xFF, 0x3E, 0xE0, 0x00, 0x00, 0x06, 0x33, 0x9D, 0xCE, 0xE7, 0x31, 0x8E, 0x71, 0xCE, 0x39,
    0xC6, 0x30, 0x00, 0x00, 0x1F, 0xFF, 0xFF, 0x80, 0x70, 0x0E, 0x01, 0xC0, 0x38, 0x01, 0xFF, 0xF8,
    0x0F, 0x03, 0xFC, 0x70, 0xEF, 0xF7, 0xD9, 0xBD, 0x9B, 0xDF, 0x3D, 0xB3, 0xFB, 0x77, 0x0E, 0x3F,
    0xC1, 0xF8, 0x03, 0xFF, 0xC0, 0x38, 0xFB, 0xBE, 0x3E, 0xEF, 0x8E, 0x00, 0x0E, 0x03, 0x80, 0xE0,
    0x38, 0xFF, 0xFF, 0xF0, 0xE0, 0x38, 0x00, 0x00, 0x0F, 0xFF, 0xFF, 0x7C, 0xFE, 0xEE, 0x0E, 0x1E,
    0x3C, 0x78, 0xFE, 0xFE, 0x3E, 0x7E, 0x77, 0x1E, 0x1E, 0x07, 0xF7, 0x7F, 0x3E, 0x18, 0xE7, 0x18,
    0xE1, 0xF8, 0x7E, 0x1F, 0x87, 0xE1, 0xF8, 0x7E, 0x1F, 0x87, 0xF3, 0xFF, 0xFF, 0xDF, 0x80, 0xE0,
    0x38, 0x0E, 0x00, 0x3F, 0xEF, 0xFF, 0xF3, 0xFE, 0x7F, 0xCF, 0xF9, 0xDF, 0x39, 0xE7, 0x1C, 0xE3,
    0x9C, 0x73, 0x8E, 0x71, 0xCE, 0x39, 0xC7, 0x38, 0xE7, 0x1C, 0xE3, 0x9C, 0xFF, 0xF0, 0x66, 0x7F,
    0xE0, 0x7F, 0xFF, 0x73, 0x9C, 0xE7, 0x38, 0x00, 0xFB, 0xFF, 0x7E, 0xFD, 0xFF, 0xBE, 0x00, 0x21,
    0x0C, 0x63, 0xDE, 0x7B, 0xCE, 0x77, 0x3B, 0x9C, 0xC6, 0x21, 0x00, 0x00, 0x78, 0x00, 0x7C, 0x0C,
    0x3E, 0x0E, 0x17, 0x0E, 0x03, 0x8E, 0x01, 0xC7, 0x00, 0xE7, 0x00, 0x77, 0x0C, 0x07, 0x8F, 0x03,
    0x8F, 0x83, 0x8F, 0xC3, 0x8E, 0xE1, 0xC7, 0xF9, 0xC3, 0xFD, 0xC0, 0x1C, 0xC0, 0x0E, 0x78, 0x00,
    0xF8, 0x00, 0xF8, 0x38, 0xB8, 0x70, 0x38, 0xE0, 0x38, 0xE0, 0x39, 0xC0, 0x3B, 0x80, 0x03, 0xBE,
    0x07, 0x7F, 0x0E, 0x77, 0x0E, 0x07, 0x1C, 0x1E, 0x38, 0x3C, 0x38, 0x7F, 0x70, 0x7F, 0x3E, 0x00,
    0x07, 0xF0, 0x00, 0xFF, 0x07, 0x00, 0x70, 0xE0, 0x1E, 0x0E, 0x01, 0xF1, 0xC0, 0xE7, 0x38, 0x07,
    0xF3, 0x80, 0x3E, 0x70, 0xE0, 0x0E, 0x1E, 0x00, 0xE3, 0xE0, 0x1C, 0x7E, 0x03, 0x8E, 0xE0, 0x78,
    0xFF, 0x07, 0x0F, 0xF0, 0xE0, 0x0E, 0x0C, 0x00, 0xE0, 0x1E, 0x07, 0x81, 0xE0, 0x00, 0x1C, 0x07,
    0x01, 0xC0, 0xF0, 0x78, 0x3C, 0x0E, 0x03, 0x87, 0xF3, 0x9F, 0xE3, 0xE0, 0x1E, 0x00, 0x1C, 0x00,
    0x1C, 0x00, 0x00, 0x00, 0x78, 0x00, 0xF0, 0x01, 0xF0, 0x07, 0xE0, 0x0F, 0xE0, 0x3D, 0xC0, 0x73,
    0x80, 0xE7, 0x83, 0xFF, 0x07, 0xFF, 0x1F, 0xFE, 0x38, 0x1C, 0x70, 0x3D, 0xE0, 0x38, 0x00, 0xE0,
    0x03, 0x80, 0x0E, 0x00, 0x00, 0x00, 0x78, 0x00, 0xF0, 0x01, 0xF0, 0x07, 0xE0, 0x0F, 0xE0, 0x3D,
    0xC0, 0x73, 0x80, 0xE7, 0x83, 0xFF, 0x07, 0xFF, 0x1F, 0xFE, 0x38, 0x1C, 0x70, 0x3D, 0xE0, 0x38,
    0x07, 0x80, 0x1F, 0x80, 0x3B, 0x80, 0x00, 0x00, 0x78, 0x00, 0xF0, 0x01, 0xF0, 0x07, 0xE0, 0x0F,
    0xE0, 0x3D, 0xC0, 0x73, 0x80, 0xE7, 0x83, 0xFF, 0x07, 0xFF, 0x1F, 0xFE, 0x38, 0x1C, 0x70, 0x3D,
    0xE0, 0x38, 0x00, 0x00, 0x1E, 0xC0, 0x7F, 0x80, 0x4E, 0x00, 0x00, 0x00, 0xF0, 0x01, 0xE0, 0x03,
    0xE0, 0x0F, 0xC0, 0x1F, 0xC0, 0x7B, 0x80, 0xE7, 0x01, 0xCF, 0x07, 0xFE, 0x0F, 0xFE, 0x3F, 0xFC,
    0x70, 0x38, 0xE0, 0x7B, 0xC0, 0x70, 0x1C, 0xE0, 0x73, 0x81, 0xCE, 0x00, 0x00, 0x07, 0x80, 0x1E,
    0x00, 0xFC, 0x03, 0xF0, 0x1F, 0xE0, 0x77, 0x81, 0xCE, 0x0E, 0x3C, 0x3F, 0xF0, 0xFF, 0xC7, 0xFF,
    0x9C, 0x0E, 0x70, 0x3B, 0x80, 0xF0, 0x03, 0x80, 0x0F, 0x80, 0x1B, 0x00, 0x3E, 0x00, 0x38, 0x00,
    0x00, 0x00, 0xE0, 0x03, 0xE0, 0x07, 0xC0, 0x0F, 0x80, 0x3F, 0x80, 0x77, 0x00, 0xEE, 0x03, 0x8E,
    0x07, 0xFC, 0x1F, 0xFC, 0x3F, 0xF8, 0x70, 0x71, 0xC0, 0xF3, 0x80, 0xE0, 0x00, 0x7F, 0xF0, 0x0F,
    0xFF, 0x00, 0xF8, 0x00, 0x1F, 0x80, 0x03, 0xF8, 0x00, 0x3B, 0x80, 0x07, 0x3F, 0xF0, 0x73, 0xFF,
    0x0F, 0x38, 0x01, 0xFF, 0x80, 0x1F, 0xF8, 0x03, 0x83, 0x80, 0x78, 0x3F, 0xF7, 0x03, 0xFF, 0x1F,
    0xC1, 0xFF, 0x1E, 0x7D, 0xE0, 0xEE, 0x07, 0x70, 0x03, 0x80, 0x1C, 0x00, 0xE0, 0x07, 0x03, 0xBC,
    0x1C, 0xFF, 0xE3, 0xFE, 0x0F, 0xE0, 0x1C, 0x00, 0x60, 0x0F, 0x80, 0x78, 0x00, 0x70, 0x0E, 0x01,
    0xC0, 0x00, 0xFF, 0xFF, 0xFE, 0x03, 0x80, 0xE0, 0x38, 0x0F, 0xFF, 0xFF, 0xE0, 0x38, 0x0E, 0x03,
    0x80, 0xFF, 0xFF, 0xF0, 0x07, 0x81, 0xC0, 0xE0, 0x00, 0xFF, 0xFF, 0xFE, 0x03, 0x80, 0xE0, 0x38,
    0x0F, 0xFF, 0xFF, 0xE0, 0x38, 0x0E, 0x03, 0x80, 0xFF, 0xFF, 0xF0, 0x1E, 0x0F, 0xC7, 0x30, 0x00,
    0xFF, 0xFF, 0xFE, 0x03, 0x80, 0xE0, 0x38, 0x0F, 0xFF, 0xFF, 0xE0, 0x38, 0x0E, 0x03, 0x80, 0xFF,
    0xFF, 0xF0, 0x73, 0x9C, 0xE7, 0x38, 0x00, 0xFF, 0xFF, 0xFE, 0x03, 0x80, 0xE0, 0x38, 0x0F, 0xFF,
    0xFF, 0xE0, 0x38, 0x0E, 0x03, 0x80, 0xFF, 0xFF, 0xF0, 0x70, 0xE1, 0x80, 0x1C, 0x71, 0xC7, 0x1C,
    0x71, 0xC7, 0x1C, 0x71, 0xC7, 0x1C, 0x70, 0x39, 0xCE, 0x00, 0xE3, 0x8E, 0x38, 0xE3, 0x8E, 0x38,
    0xE3, 0x8E, 0x38, 0xE3, 0x80, 0x1C, 0x3E, 0x77, 0x00, 0x1C, 0x1C, 0x1C, 0x1C, 0x1C, 0x1C, 0x1C,
    0x1C, 0x1C, 0x1C, 0x1C, 0x1C, 0x1C, 0x1C, 0xE7, 0xE7, 0xE7, 0x00, 0x1C, 0x1C, 0x1C, 0x1C, 0x1C,
    0x1C, 0x1C, 0x1C, 0x1C, 0x1C, 0x1C, 0x1C, 0x1C, 0x1C, 0x3F, 0xC0, 0xFF, 0xC3, 0x8F, 0x8E, 0x0E,
    0x38, 0x1C, 0xE0, 0x7F, 0xF1, 0xFF, 0xC7, 0x38, 0x1C, 0xE0, 0xF3, 0x83, 0x8E, 0x3E, 0x3F, 0xF0,
    0xFF, 0x00, 0x00, 0x01, 0xEC, 0x3F, 0xC1, 0x38, 0x00, 0x0E, 0x07, 0xF0, 0x7F, 0x87, 0xF8, 0x7F,
    0xC7, 0xFE, 0x7E, 0xE7, 0xE7, 0x7E, 0x7F, 0xE3, 0xFE, 0x1F, 0xE1, 0xFE, 0x0F, 0xE0, 0x70, 0x1C,
    0x00, 0x38, 0x00, 0x70, 0x00, 0x00, 0x00, 0x00, 0x3F, 0x03, 0xFF, 0x1F, 0x3E, 0x70, 0x3B, 0x80,
    0x7E, 0x01, 0xF8, 0x07, 0xE0, 0x1F, 0x80, 0x7E, 0x01, 0xDC, 0x0E, 0x7C, 0xF8, 0xFF, 0xC0, 0xFC,
    0x00, 0x00, 0xE0, 0x07, 0x00, 0x38, 0x00, 0x00, 0x00, 0x00, 0x3F, 0x03, 0xFF, 0x1F, 0x3E, 0x70,
    0x3B, 0x80, 0x7E, 0x01, 0xF8, 0x07, 0xE0, 0x1F, 0x80, 0x7E, 0x01, 0xDC, 0x0E, 0x7C, 0xF8, 0xFF,
    0xC0, 0xFC, 0x00, 0x07, 0x80, 0x3F, 0x01, 0xCE, 0x00, 0x00, 0x00, 0x00, 0x3F, 0x03, 0xFF, 0x1F,
    0x3E, 0x70, 0x3B, 0x80, 0x7E, 0x01, 0xF8, 0x07, 0xE0, 0x1F, 0x80, 0x7E, 0x01, 0xDC, 0x0E, 0x7C,
    0xF8, 0xFF, 0xC0, 0xFC, 0x00, 0x00, 0x60, 0x7F, 0x81, 0xFE, 0x06, 0x00, 0x00, 0x00, 0x3F, 0x03,
    0xFF, 0x1F, 0x3E, 0x70, 0x3B, 0x80, 0x7E, 0x01, 0xF8, 0x07, 0xE0, 0x1F, 0x80, 0x7E, 0x01, 0xDC,
    0x0E, 0x7C, 0xF8, 0xFF, 0xC0, 0xFC, 0x00, 0x1C, 0xE0, 0x73, 0x81, 0xCE, 0x00, 0x00, 0x00, 0x00,
    0x3F, 0x03, 0xFF, 0x1F, 0x3E, 0x70, 0x3B, 0x80, 0x7E, 0x01, 0xF8, 0x07, 0xE0, 0x1F, 0x80, 0x7F,
    0x01, 0xDC, 0x0E, 0x7C, 0xF8, 0xFF, 0xC0, 0xFC, 0x00, 0x01, 0x1C, 0xE7, 0xF8, 0xFC, 0x1E, 0x0F,
    0xC7, 0xFB, 0xCE, 0x61, 0x80, 0x00, 0x0F, 0xE8, 0xFF, 0xE7, 0xCF, 0x9C, 0x1F, 0xE0, 0xFF, 0x87,
    0x7E, 0x39, 0xF9, 0xC7, 0xEE, 0x1F, 0xF0, 0x7F, 0x83, 0x9F, 0x3E, 0x7F, 0xF1, 0x7F, 0x00, 0x38,
    0x01, 0xC0, 0x0E, 0x00, 0x00, 0x00, 0x0E, 0x07, 0xE0, 0x7E, 0x07, 0xE0, 0x7E, 0x07, 0xE0, 0x7E,
    0x07, 0xE0, 0x7E, 0x07, 0xE0, 0x7E, 0x07, 0x79, 0xE7, 0xFE, 0x1F, 0x80, 0x01, 0xC0, 0x38, 0x07,
    0x00, 0x00, 0x00, 0x0E, 0x07, 0xE0, 0x7E, 0x07, 0xE0, 0x7E, 0x07, 0xE0, 0x7E, 0x07, 0xE0, 0x7E,
    0x07, 0xE0, 0x7E, 0x07, 0x79, 0xE7, 0xFE, 0x1F, 0x80, 0x0F, 0x01, 0xF8, 0x39, 0xC0, 0x00, 0x00,
    0x0E, 0x07, 0xE0, 0x7E, 0x07, 0xE0, 0x7E, 0x07, 0xE0, 0x7E, 0x07, 0xE0, 0x7E, 0x07, 0xE0, 0x7E,
    0x07, 0x79, 0xE7, 0xFE, 0x1F, 0x80, 0x39, 0xC3, 0x9C, 0x39, 0xC0, 0x00, 0x00, 0x0E, 0x07, 0xE0,
    0x7E, 0x07, 0xE0, 0x7E, 0x07, 0xE0, 0x7E, 0x07, 0xE0, 0x7E, 0x07, 0xE0, 0x7E, 0x07, 0x79, 0xE7,
    0xFE, 0x1F, 0x80, 0x00, 0xE0, 0x07, 0x00, 0x38, 0x00, 0x00, 0x78, 0x3D, 0xE0, 0xE3, 0xC7, 0x87,
    0x1C, 0x1E, 0xE0, 0x3F, 0x80, 0x7C, 0x01, 0xF0, 0x03, 0x80, 0x0E, 0x00, 0x38, 0x00, 0xE0, 0x03,
    0x80, 0x0E, 0x00, 0xE0, 0x1C, 0x03, 0xFE, 0x7F, 0xEE, 0x3F, 0xC1, 0xF8, 0x3F, 0x07, 0xE1, 0xFF,
    0xFB, 0xFE, 0x70, 0x0E, 0x01, 0xC0, 0x00, 0x3E, 0x1F, 0xEF, 0x7B, 0x8E, 0xE3, 0xBB, 0xCE, 0xFB,
    0x8F, 0xE1, 0xF8, 0x7E, 0x1F, 0x8F, 0xEF, 0xBB, 0xC0, 0x78, 0x07, 0x00, 0x70, 0x00, 0x03, 0xF0,
    0xFF, 0x1C, 0xF0, 0x0E, 0x7F, 0xDF, 0xFB, 0xC7, 0x70, 0xEF, 0x7C, 0xFF, 0x8F, 0x70, 0x01, 0x80,
    0x70, 0x1C, 0x07, 0x00, 0x00, 0x7E, 0x1F, 0xE3, 0x9E, 0x01, 0xC7, 0xFB, 0xFF, 0x70, 0xEE, 0x1D,
    0xEF, 0xBF, 0xF3, 0xEE, 0x0C, 0x03, 0xC0, 0x7C, 0x19, 0xC0, 0x00, 0x7E, 0x1F, 0xE3, 0x9E, 0x01,
    0xCF, 0xFB, 0xFF, 0x78, 0xEE, 0x1D, 0xEF, 0x9F, 0xF1, 0xEE, 0x01, 0x03, 0xF0, 0xFC, 0x18, 0x03,
    0xF0, 0xFF, 0x1C, 0xF0, 0x0E, 0x7F, 0xDF, 0xFB, 0xC7, 0x70, 0xEF, 0x7C, 0xFF, 0x8F, 0x70, 0x3B,
    0x87, 0x70, 0xEE, 0x0F, 0x87, 0xF8, 0xE7, 0x80, 0x73, 0xFE, 0xFF, 0xDE, 0x3B, 0x87, 0x7B, 0xE7,
    0xFC, 0x7B, 0x80, 0x0E, 0x03, 0xE0, 0x6C, 0x0F, 0x80, 0xE0, 0x00, 0x0F, 0xC3, 0xFC, 0x73, 0xC0,
    0x39, 0xFF, 0x7F, 0xEF, 0x1D, 0xC3, 0xBC, 0xF3, 0xFE, 0x3D, 0xC0, 0x3F, 0x3F, 0x1F, 0xFF, 0xE7,
    0x3F, 0x3C, 0x07, 0x07, 0x7F, 0xFF, 0xFF, 0xFF, 0xFF, 0x1C, 0x03, 0x87, 0x02, 0xF7, 0xF3, 0xFF,
    0xDF, 0xE3, 0xE3, 0xF0, 0x1F, 0x0F, 0xF1, 0xEF, 0x70, 0xEE, 0x01, 0xC0, 0x38, 0x07, 0x0E, 0x73,
    0xCF, 0xF0, 0x7C, 0x07, 0x00, 0x60, 0x3E, 0x07, 0x80, 0x30, 0x07, 0x00, 0x70, 0x06, 0x00, 0x00,
    0x3E, 0x1F, 0xF3, 0x9E, 0xE0, 0xFF, 0xFF, 0xFF, 0xF0, 0x0E, 0x0C, 0xF3, 0x9F, 0xF0, 0xF8, 0x01,
    0x80, 0x70, 0x1C, 0x07, 0x00, 0x00, 0x3E, 0x1F, 0xF3, 0x9E, 0xE0, 0xFF, 0xFF, 0xFF, 0xF0, 0x0E,
    0x0C, 0xF3, 0x9F, 0xF0, 0xF8, 0x0E, 0x03, 0xC0, 0x7C, 0x1D, 0xC0, 0x00, 0x3E, 0x1F, 0xF3, 0x8E,
    0xE0, 0xFF, 0xFF, 0xFF, 0xF0, 0x0E, 0x00, 0xF3, 0x9F, 0xF0, 0xF8, 0x3B, 0x87, 0x70, 0xEE, 0x0F,
    0x87, 0xFC, 0xE3, 0xB8, 0x3F, 0xFF, 0xFF, 0xFC, 0x03, 0x80, 0x3C, 0xE7, 0xFC, 0x3E, 0x00, 0xF0,
    0xC1, 0x80, 0x1C, 0x71, 0xC7, 0x1C, 0x71, 0xC7, 0x1C, 0x71, 0xC0, 0x39, 0xC6, 0x00, 0xE3, 0x8E,
    0x38, 0xE3, 0x8E, 0x38, 0xE3, 0x8E, 0x00, 0x1C, 0x1F, 0x1D, 0xC0, 0x01, 0xC0, 0xE0, 0x70, 0x38,
    0x1C, 0x0E, 0x07, 0x03, 0x81, 0xC0, 0xE0, 0x70, 0xEF, 0xDF, 0xB9, 0xC3, 0x87, 0x0E, 0x1C, 0x38,
    0x70, 0xE1, 0xC3, 0x87, 0x00, 0x00, 0x02, 0x80, 0xF0, 0x0F, 0x81, 0xF8, 0x03, 0x87, 0xF3, 0xFF,
    0x7B, 0xFC, 0x1F, 0x83, 0xF0, 0x7E, 0x0F, 0xC1, 0xDE, 0xF3, 0xFC, 0x1F, 0x00, 0x01, 0x07, 0xC3,
    0xF0, 0x80, 0xEF, 0xBF, 0xEF, 0x3F, 0x87, 0xE1, 0xF8, 0x7E, 0x1F, 0x87, 0xE1, 0xF8, 0x7E, 0x1C,
    0x30, 0x07, 0x00, 0x70, 0x06, 0x00, 0x00, 0x3E, 0x1F, 0xF3, 0xDE, 0xE0, 0xFC, 0x1F, 0x83, 0xF0,
    0x7E, 0x0E, 0xF7, 0x9F, 0xF0, 0xF8, 0x01, 0x80, 0x70, 0x1C, 0x03, 0x00, 0x00, 0x3E, 0x1F, 0xF3,
    0xDE, 0xE0, 0xFC, 0x1F, 0x83, 0xF0, 0x7E, 0x0E, 0xF7, 0x9F, 0xF0, 0xF8, 0x0E, 0x03, 0xE0, 0x7C,
    0x1D, 0xC0, 0x00, 0x3E, 0x1F, 0xF3, 0xDE, 0xE0, 0xFC, 0x1F, 0x83, 0xF0, 0x7E, 0x0E, 0xF7, 0x9F,
    0xF0, 0xF8, 0x00, 0x03, 0xF0, 0xFC, 0x18, 0x01, 0xF0, 0xFF, 0x9E, 0xF7, 0x07, 0xE0, 0xFC, 0x1F,
    0x83, 0xF0, 0x77, 0xBC, 0xFF, 0x87, 0xC0, 0x3B, 0x87, 0x70, 0xEE, 0x0F, 0x87, 0xFC, 0xF7, 0xB8,
    0x3F, 0x07, 0xE0, 0xFC, 0x1F, 0x83, 0xBD, 0xE7, 0xFC, 0x3E, 0x00, 0x1E, 0x07, 0x81, 0xE0, 0x00,
    0x00, 0x3F, 0xFF, 0xFC, 0x00, 0x00, 0x07, 0x81, 0xE0, 0x78, 0x1F, 0x4F, 0xF9, 0xEF, 0x71, 0xFE,
    0x6F, 0xC9, 0xFB, 0x3F, 0xC7, 0x7B, 0xCF, 0xF9, 0x7C, 0x00, 0x70, 0x0E, 0x03, 0x80, 0x70, 0x00,
    0x38, 0x7E, 0x1F, 0x87, 0xE1, 0xF8, 0x7E, 0x1F, 0x87, 0xE1, 0xFC, 0xF7, 0xFC, 0xF7, 0x03, 0x81,
    0xE0, 0x70, 0x38, 0x00, 0x38, 0x7E, 0x1F, 0x87, 0xE1, 0xF8, 0x7E, 0x1F, 0x87, 0xE1, 0xFC, 0xF7,
    0xFC, 0xF7, 0x0C, 0x07, 0x83, 0xF0, 0xCC, 0x00, 0x38, 0x7E, 0x1F, 0x87, 0xE1, 0xF8, 0x7E, 0x1F,
    0x87, 0xE1, 0xFC, 0xF7, 0xFC, 0xF7, 0x73, 0x9C, 0xE7, 0x3B, 0x87, 0xE1, 0xF8, 0x7E, 0x1F, 0x87,
    0xE1, 0xF8, 0x7E, 0x1F, 0xCF, 0x7F, 0xCF, 0x70, 0x00, 0xC0, 0x0E, 0x00, 0xE0, 0x06, 0x00, 0x00,
    0x38, 0x39, 0xE1, 0xC7, 0x1C, 0x38, 0xE0, 0xE7, 0x07, 0x70, 0x3F, 0x80, 0xFC, 0x07, 0xC0, 0x1E,
    0x00, 0xE0, 0x07, 0x00, 0x70, 0x07, 0x80, 0x38, 0x00, 0xE0, 0x1C, 0x03, 0x80, 0x77, 0xCF, 0xFD,
    0xF7, 0xB8, 0x3F, 0x07, 0xE0, 0xFC, 0x1F, 0x87, 0xFD, 0xEF, 0xFD, 0xDF, 0x38, 0x07, 0x00, 0xE0,
    0x1C, 0x00, 0x1D, 0xC0, 0xEE, 0x07, 0x70, 0xE0, 0xE7, 0x07, 0x1C, 0x70, 0xE3, 0x83, 0x98, 0x1D,
    0xC0, 0xFE, 0x03, 0xE0, 0x1F, 0x00, 0x78, 0x03, 0x80, 0x1C, 0x01, 0xC0, 0x1E, 0x00, 0xE0, 0x00,
    0x00, 0x00, 0x1F, 0xC0, 0x3F, 0x80, 0x00, 0x00, 0x00, 0x00, 0x70, 0x01, 0xF0, 0x03, 0xE0, 0x0F,
    0xE0, 0x1F, 0xC0, 0x3B, 0x80, 0xE7, 0x81, 0xC7, 0x07, 0xFF, 0x0F, 0xFE, 0x1F, 0xFC, 0x70, 0x3C,
    0xE0, 0x3B, 0xC0, 0x78, 0x3F, 0x07, 0xE0, 0x00, 0x1F, 0x87, 0xF8, 0xE7, 0x80, 0x73, 0xFE, 0xFF,
    0xDE, 0x3B, 0x87, 0x7B, 0xEF, 0xFC, 0xFB, 0x80, 0x0E, 0x70, 0x0E, 0x70, 0x0F, 0xF0, 0x07, 0xE0,
    0x00, 0x00, 0x03, 0xC0, 0x03, 0xC0, 0x07, 0xE0, 0x07, 0xE0, 0x07, 0xE0, 0x0E, 0xF0, 0x0E, 0x70,
    0x1E, 0x78, 0x1F, 0xF8, 0x1F, 0xF8, 0x3F, 0xFC, 0x38, 0x1C, 0x78, 0x1E, 0x70, 0x1E, 0x3B, 0x87,
    0xF0, 0x7C, 0x00, 0x03, 0xF0, 0xFF, 0x1C, 0xF0, 0x0E, 0x7F, 0xDF, 0xFB, 0xC7, 0x70, 0xEF, 0x7C,
    0xFF, 0x8F, 0x70, 0x03, 0xC0, 0x07, 0x80, 0x1F, 0x00, 0x3F, 0x00, 0xFE, 0x01, 0xDE, 0x03, 0x9C,
    0x0E, 0x38, 0x1F, 0xF8, 0x7F, 0xF0, 0xFF, 0xE1, 0xC1, 0xE7, 0x81, 0xCE, 0x03, 0xC0, 0x03, 0x00,
    0x0C, 0x00, 0x1E, 0x00, 0x3C, 0x3F, 0x0F, 0xF1, 0xCF, 0x00, 0xE7, 0xFD, 0xFF, 0xBC, 0x77, 0x0E,
    0xF7, 0xDF, 0xF9, 0xF7, 0x00, 0xE0, 0x30, 0x07, 0x80, 0x70, 0x03, 0xC0, 0x1C, 0x01, 0xC0, 0x00,
    0x00, 0x00, 0x0F, 0xE0, 0xFF, 0x8F, 0x3E, 0xF0, 0x77, 0x03, 0xB8, 0x01, 0xC0, 0x0E, 0x00, 0x70,
    0x03, 0x81, 0xDE, 0x0E, 0x79, 0xF1, 0xFF, 0x07, 0xF0, 0x03, 0x80, 0x70, 0x1C, 0x07, 0x00, 0x00,
    0x3E, 0x1F, 0xF3, 0xDE, 0xE1, 0xDC, 0x03, 0x80, 0x70, 0x0E, 0x1C, 0xF7, 0x9F, 0xE0, 0xF8, 0x07,
    0x80, 0x3F, 0x00, 0xCC, 0x06, 0x18, 0x00, 0x00, 0x3F, 0x01, 0xFF, 0x0F, 0xFC, 0x78, 0x7B, 0xC0,
    0xEF, 0x00, 0x38, 0x00, 0xE0, 0x03, 0x80, 0x0E, 0x00, 0x3C, 0x00, 0xF0, 0x39, 0xE1, 0xE3, 0xFF,
    0x07, 0xF8, 0x0F, 0xC0, 0x0E, 0x03, 0xE0, 0xEE, 0x18, 0xC0, 0x00, 0x3E, 0x0F, 0xF3, 0xFE, 0xF1,
    0xFC, 0x03, 0x80, 0x70, 0x0E, 0x01, 0xE3, 0xDF, 0xF1, 0xFC, 0x1F, 0x00, 0x0F, 0x00, 0x78, 0x03,
    0xC0, 0x00, 0x00, 0x00, 0x0F, 0xE0, 0xFF, 0x8F, 0x3E, 0xF0, 0x77, 0x03, 0xB8, 0x01, 0xC0, 0x0E,
    0x00, 0x70, 0x03, 0x81, 0xDE, 0x0E, 0x7D, 0xF1, 0xFF, 0x07, 0xF0, 0x0E, 0x01, 0xC0, 0x38, 0x00,
    0x01, 0xF0, 0xFF, 0x1E, 0xF7, 0x0E, 0xE0, 0x1C, 0x03, 0x80, 0x70, 0xE7, 0xBC, 0xFF, 0x07, 0xC0,
    0x39, 0x80, 0xFC, 0x03, 0xC0, 0x00, 0x00, 0x00, 0x0F, 0xE0, 0xFF, 0x8F, 0x3E, 0xF0, 0x77, 0x03,
    0xB8, 0x01, 0xC0, 0x0E, 0x00, 0x70, 0x03, 0x81, 0xDE, 0x0E, 0x79, 0xF1, 0xFF, 0x07, 0xF0, 0x33,
    0x87, 0xE0, 0x78, 0x00, 0x01, 0xF0, 0xFF, 0x1E, 0xF7, 0x0E, 0xE0, 0x1C, 0x03, 0x80, 0x70, 0xE7,
    0xBC, 0xFF, 0x07, 0xC0, 0x3B, 0x81, 0xF0, 0x0F, 0x00, 0x00, 0xFF, 0x0F, 0xFC, 0xE3, 0xEE, 0x0E,
    0xE0, 0x7E, 0x07, 0xE0, 0x7E, 0x07, 0xE0, 0x7E, 0x0F, 0xE0, 0xEE, 0x3E, 0xFF, 0xCF, 0xF0, 0x00,
    0xEE, 0x01, 0xDC, 0x03, 0xB1, 0xF7, 0x67, 0xFE, 0x1F, 0x7C, 0x38, 0x38, 0x70, 0x70, 0xE0, 0xE1,
    0xC1, 0xC3, 0x83, 0x87, 0xDF, 0x07, 0xFE, 0x07, 0xDC, 0x00, 0x3F, 0xC0, 0xFF, 0xC3, 0x8F, 0x8E,
    0x0E, 0x38, 0x1C, 0xE0, 0x7F, 0xF1, 0xFF, 0xC7, 0x38, 0x1C, 0xE0, 0xF3, 0x83, 0x8E, 0x3E, 0x3F,
    0xF0, 0xFF, 0x00, 0x00, 0xE0, 0x3F, 0xC0, 0x38, 0x7D, 0xC7, 0xFE, 0x7D, 0xF3, 0x83, 0x9C, 0x1C,
    0xE0, 0xE7, 0x07, 0x38, 0x39, 0xF7, 0xC7, 0xFE, 0x1F, 0x70, 0x00, 0x0F, 0xE3, 0xF8, 0x00, 0x00,
    0x3F, 0xFF, 0xFF, 0x80, 0xE0, 0x38, 0x0E, 0x03, 0xFF, 0xFF, 0xF8, 0x0E, 0x03, 0x80, 0xE0, 0x3F,
    0xFF, 0xFC, 0x3F, 0x07, 0xE0, 0x00, 0x0F, 0x87, 0xFC, 0xE3, 0xB8, 0x3F, 0xFF, 0xFF, 0xFC, 0x03,
    0x80, 0x3C, 0xE7, 0xFC, 0x3E, 0x00, 0x61, 0x9C, 0xE3, 0xF0, 0x78, 0x00, 0x3F, 0xFF, 0xFF, 0xFF,
    0xE0, 0x38, 0x0E, 0x03, 0x80, 0xFF, 0xFF, 0xFF, 0xFB, 0x80, 0xE0, 0x38, 0x0F, 0xFF, 0xFF, 0xFF,
    0xC0, 0x31, 0x87, 0x70, 0x7C, 0x07, 0x00, 0x00, 0x3E, 0x0F, 0xE3, 0xFE, 0xF1, 0xFC, 0x1F, 0xFF,
    0xFF, 0xFE, 0x01, 0xE1, 0x9F, 0xF9, 0xFE, 0x1F, 0x80, 0x1E, 0x07, 0x81, 0xE0, 0x00, 0xFF, 0xFF,
    0xFE, 0x03, 0x80, 0xE0, 0x38, 0x0F, 0xFF, 0xFF, 0xE0, 0x38, 0x0E, 0x03, 0x80, 0xFF, 0xFF, 0xF0,
    0x0E, 0x01, 0xC0, 0x38, 0x00, 0x01, 0xF0, 0xFF, 0x9C, 0x77, 0x07, 0xFF, 0xFF, 0xFF, 0x80, 0x70,
    0x07, 0x9C, 0xFF, 0x87, 0xC0, 0xFF, 0xDF, 0xFB, 0x80, 0x70, 0x0E, 0x01, 0xFF, 0xBF, 0xF7, 0x00,
    0xE0, 0x1C, 0x03, 0x80, 0x70, 0x0F, 0xFD, 0xFF, 0x80, 0x30, 0x0C, 0x01, 0xC0, 0x38, 0x1F, 0x0F,
    0xF9, 0xC7, 0x70, 0x7F, 0xFF, 0xFF, 0xF8, 0x07, 0x00, 0x79, 0xCF, 0xF8, 0x7C, 0x03, 0x00, 0xC0,
    0x1E, 0x03, 0xC0, 0x73, 0x0F, 0xC1, 0xE0, 0x00, 0xFF, 0xFF, 0xFE, 0x03, 0x80, 0xE0, 0x38, 0x0F,
    0xFF, 0xFF, 0xE0, 0x38, 0x0E, 0x03, 0x80, 0xFF, 0xFF, 0xF0, 0x31, 0x87, 0x70, 0x7C, 0x07, 0x00,
    0x00, 0x3E, 0x1F, 0xF3, 0x9E, 0xE0, 0xFF, 0xFF, 0xFF, 0xF0, 0x0E, 0x0C, 0xF3, 0x9F, 0xF0, 0xF8,
    0x07, 0x80, 0x3F, 0x00, 0xCE, 0x06, 0x18, 0x00, 0x00, 0x3F, 0x01, 0xFF, 0x0F, 0xFE, 0x78, 0x39,
    0xC0, 0xFF, 0x00, 0x38, 0x00, 0xE0, 0xFF, 0x87, 0xFE, 0x1F, 0xFC, 0x07, 0xF0, 0x3D, 0xE0, 0xE3,
    0xFF, 0x87, 0xFC, 0x0F, 0xC0, 0x0E, 0x01, 0xF0, 0x1B, 0x83, 0x98, 0x00, 0x00, 0x00, 0x1E, 0xE7,
    0xFE, 0x7F, 0xEF, 0x1E, 0xE0, 0xEE, 0x0E, 0xE0, 0xEE, 0x0E, 0xF1, 0xE7, 0xFE, 0x7F, 0xE3, 0xEE,
    0x00, 0xE7, 0xFE, 0x7F, 0xC1, 0xF8, 0x0F, 0xC1, 0xFF, 0x1E, 0x7C, 0xE0, 0xFE, 0x00, 0x70, 0x03,
    0x87, 0xFC, 0x3F, 0xE0, 0x3F, 0x01, 0xDC, 0x1C, 0xFB, 0xE3, 0xFE, 0x07, 0xE0, 0x3E, 0xEF, 0xFF,
    0xEF, 0xF0, 0x7E, 0x0F, 0xC1, 0xF8, 0x3F, 0x07, 0xFB, 0xEF, 0xFC, 0xFB, 0x80, 0x7F, 0x3C, 0xFF,
    0x8F, 0xC0, 0x07, 0x80, 0x3C, 0x01, 0xE0, 0x00, 0x00, 0x00, 0x07, 0xE0, 0xFF, 0x8F, 0x9E, 0x70,
    0x3F, 0x00, 0x38, 0x01, 0xC3, 0xFE, 0x1F, 0xF0, 0x1F, 0x80, 0xEE, 0x06, 0x7C, 0xF1, 0xFF, 0x03,
    0xF0, 0x0E, 0x00, 0xE0, 0x0E, 0x00, 0x00, 0x3E, 0xE7, 0xFE, 0xFB, 0xEE, 0x0E, 0xE0, 0xEE, 0x0E,
    0xE0, 0xEE, 0x0E, 0xFB, 0xE7, 0xFE, 0x3E, 0xE0, 0x0E, 0xF1, 0xE7, 0xFC, 0x3F, 0x80, 0x0F, 0xC1,
    0xFF, 0x1F, 0x3C, 0xE0, 0xFE, 0x00, 0x70, 0x03, 0x87, 0xFC, 0x3F, 0xE0, 0x3F, 0x01, 0xDC, 0x1C,
    0xF9, 0xE3, 0xFE, 0x07, 0xE0, 0x00, 0x00, 0xE0, 0x07, 0x00, 0x38, 0x01, 0x80, 0x06, 0x01, 0xC0,
    0x38, 0x07, 0x00, 0x00, 0x00, 0x0F, 0xBB, 0xFF, 0xFB, 0xFC, 0x1F, 0x83, 0xF0, 0x7E, 0x0F, 0xC1,
    0xFE, 0xFB, 0xFF, 0x3E, 0xE0, 0x1F, 0xCF, 0x3F, 0xE3, 0xF0, 0x07, 0x00, 0x7C, 0x07, 0x70, 0x31,
    0x80, 0x00, 0x70, 0x1F, 0x80, 0xFC, 0x07, 0xE0, 0x3F, 0x01, 0xF8, 0x0F, 0xFF, 0xFF, 0xFF, 0xFF,
    0xFF, 0x80, 0xFC, 0x07, 0xE0, 0x3F, 0x01, 0xF8, 0x0F, 0xC0, 0x7E, 0x03, 0x80, 0x1C, 0x00, 0xF8,
    0x07, 0x70, 0x18, 0xC0, 0x00, 0x00, 0x70, 0x01, 0xC0, 0x07, 0x00, 0x1C, 0x00, 0x77, 0x81, 0xFF,
    0x07, 0xFE, 0x1E, 0x38, 0x70, 0xE1, 0xC3, 0x87, 0x0E, 0x1C, 0x38, 0x70, 0xE1, 0xC3, 0x87, 0x0E,
    0x1C, 0x38, 0x38, 0x1C, 0x38, 0x1C, 0xFF, 0xFF, 0xFF, 0xFF, 0x38, 0x1C, 0x38, 0x1C, 0x3F, 0xFC,
    0x3F, 0xFC, 0x38, 0x1C, 0x38, 0x1C, 0x38, 0x1C, 0x38, 0x1C, 0x38, 0x1C, 0x38, 0x1C, 0x38, 0x0F,
    0xF0, 0x38, 0x03, 0xBC, 0x3F, 0xE3, 0xCF, 0x38, 0x73, 0x87, 0x38, 0x73, 0x87, 0x38, 0x73, 0x87,
    0x38, 0x73, 0x87, 0x67, 0xEF, 0x7E, 0x60, 0x07, 0x0E, 0x1C, 0x38, 0x70, 0xE1, 0xC3, 0x87, 0x0E,
    0x1C, 0x38, 0x70, 0xE1, 0xC3, 0x80, 0x7F, 0xF8, 0x00, 0x03, 0x87, 0x0E, 0x1C, 0x38, 0x70, 0xE1,
    0xC3, 0x87, 0x0E, 0x1C, 0x01, 0xFF, 0xF8, 0x00, 0x07, 0x0E, 0x1C, 0x38, 0x70, 0xE1, 0xC3, 0x87,
    0x0E, 0x1C, 0x38, 0x70, 0xE0, 0xFF, 0xF0, 0x0E, 0x38, 0xE3, 0x8E, 0x38, 0xE3, 0x8E, 0x38, 0xE0,
    0xC7, 0x8D, 0xF1, 0xC0, 0x07, 0x0E, 0x1C, 0x38, 0x70, 0xE1, 0xC3, 0x87, 0x0E, 0x1C, 0x38, 0x70,
    0xE1, 0xC3, 0x80, 0xC7, 0x8D, 0xF1, 0xC0, 0x07, 0x0E, 0x1C, 0x38, 0x70, 0xE1, 0xC3, 0x87, 0x0E,
    0x1C, 0x38, 0x77, 0x77, 0x77, 0x77, 0x77, 0x77, 0x77, 0x6C, 0xFF, 0x77, 0x70, 0x77, 0x77, 0x77,
    0x77, 0x77, 0x76, 0xCF, 0xF0, 0xFF, 0x8F, 0xFF, 0xFF, 0xFF, 0xFF, 0xFC, 0xFF, 0xFF, 0xFF, 0xFF,
    0x80, 0xE0, 0x0F, 0xC0, 0x1F, 0x80, 0x3F, 0x00, 0x7E, 0x00, 0xFC, 0x01, 0xF8, 0x03, 0xF0, 0x07,
    0xE0, 0x0F, 0xC0, 0x1F, 0x8E, 0x3F, 0x1E, 0xFE, 0x1F, 0xDC, 0x1F, 0x00, 0xE3, 0xF1, 0xF8, 0xE0,
    0x0E, 0x3F, 0x1F, 0x8F, 0xC7, 0xE3, 0xF1, 0xF8, 0xFC, 0x7E, 0x3F, 0x1F, 0x8E, 0x07, 0x07, 0x87,
    0x83, 0xC0, 0x01, 0xC0, 0x1F, 0x01, 0xDC, 0x0C, 0x60, 0x00, 0x00, 0xE0, 0x07, 0x00, 0x38, 0x01,
    0xC0, 0x0E, 0x00, 0x70, 0x03, 0x80, 0x1C, 0x00, 0xE0, 0x07, 0x1C, 0x38, 0xE1, 0xC7, 0x8E, 0x3F,
    0xF0, 0xFF, 0x03, 0xF0, 0x00, 0x1C, 0x1F, 0x1D, 0xC0, 0x00, 0x00, 0xE0, 0x70, 0x38, 0x1C, 0x0E,
    0x07, 0x03, 0x81, 0xC0, 0xE0, 0x70, 0x38, 0x1C, 0x0E, 0x1F, 0x0F, 0x87, 0x00, 0xE0, 0xF7, 0x0F,
    0x38, 0xF1, 0xCF, 0x0E, 0xF0, 0x7F, 0x03, 0xF8, 0x1F, 0xE0, 0xF7, 0x87, 0x1E, 0x38, 0xF1, 0xC3,
    0xCE, 0x0F, 0x70, 0x38, 0x00, 0x01, 0xC0, 0x0E, 0x00, 0x70, 0x03, 0x00, 0xE0, 0x1C, 0x03, 0x80,
    0x71, 0xEE, 0x79, 0xCE, 0x3B, 0x87, 0xE0, 0xFE, 0x1F, 0xC3, 0xBC, 0x73, 0xCE, 0x39, 0xC3, 0x80,
    0x00, 0xE0, 0x1C, 0x03, 0x80, 0x60, 0x00, 0xE1, 0xFC, 0x7B, 0x8E, 0x73, 0xCE, 0xF1, 0xFC, 0x3F,
    0x87, 0x78, 0xE7, 0x1C, 0xF3, 0x8F, 0x70, 0xF0, 0x38, 0x1C, 0x0E, 0x00, 0x00, 0xE0, 0x38, 0x0E,
    0x03, 0x80, 0xE0, 0x38, 0x0E, 0x03, 0x80, 0xE0, 0x38, 0x0E, 0x03, 0xFF, 0xFF, 0xFF, 0xF0, 0x39,
    0xCE, 0x00, 0xE3, 0x8E, 0x38, 0xE3, 0x8E, 0x38, 0xE3, 0x8E, 0x3C, 0xF9, 0xE0, 0xE0, 0x38, 0x0E,
    0x03, 0x80, 0xE0, 0x38, 0x0E, 0x03, 0x80, 0xE0, 0x38, 0x0E, 0x03, 0xFF, 0xFF, 0xFF, 0xF0, 0x00,
    0x70, 0x1C, 0x07, 0x01, 0x80, 0xE7, 0x39, 0xCE, 0x73, 0x9C, 0xE7, 0x39, 0xEF, 0xBC, 0x0E, 0x73,
    0x98, 0xE0, 0xFC, 0x1F, 0x83, 0x70, 0x6E, 0x01, 0xC0, 0x38, 0x07, 0x00, 0xE0, 0x1C, 0x03, 0x80,
    0x7F, 0xEF, 0xFD, 0xFF, 0x80, 0xEF, 0xDF, 0xB7, 0x6E, 0x1C, 0x38, 0x70, 0xE1, 0xC3, 0x87, 0x8F,
    0x8F, 0x00, 0xE0, 0x38, 0x0E, 0x03, 0x80, 0xE0, 0x39, 0xCE, 0x73, 0x9C, 0xE0, 0x38, 0x0E, 0x03,
    0x80, 0xE0, 0x3F, 0xEF, 0xFF, 0xFF, 0xE0, 0xE0, 0xE0, 0xE0, 0xE0, 0xE0, 0xE7, 0xE7, 0xE7, 0xE7,
    0xE0, 0xE0, 0xE0, 0xE0, 0xE0, 0xE0, 0x38, 0x03, 0x80, 0x38, 0x03, 0x80, 0x3B, 0x83, 0xF8, 0x3E,
    0x07, 0x80, 0xF8, 0x0F, 0x80, 0x38, 0x03, 0xFF, 0x3F, 0xF3, 0xFF, 0x38, 0x70, 0xE1, 0xD3, 0xE7,
    0xDF, 0x7C, 0xF8, 0x70, 0xE1, 0xE3, 0xE3, 0xC0, 0x01, 0xC0, 0x38, 0x07, 0x00, 0x00, 0xE0, 0x7F,
    0x07, 0xF8, 0x7F, 0x87, 0xFC, 0x7F, 0xE7, 0xEE, 0x7E, 0x77, 0xE7, 0xFE, 0x3F, 0xE1, 0xFE, 0x1F,
    0xE0, 0xFE, 0x07, 0x03, 0x81, 0xC0, 0xE0, 0x00, 0xEF, 0xBF, 0xEF, 0x3F, 0x87, 0xE1, 0xF8, 0x7E,
    0x1F, 0x87, 0xE1, 0xF8, 0x7E, 0x1C, 0xE0, 0x7F, 0x07, 0xF8, 0x7F, 0x87, 0xFC, 0x7F, 0xE7, 0xEE,
    0x7E, 0x77, 0xE7, 0xFE, 0x3F, 0xE1, 0xFE, 0x1F, 0xE0, 0xFE, 0x07, 0x00, 0x00, 0x70, 0x07, 0x00,
    0x70, 0x06, 0x00, 0xEF, 0xBF, 0xEF, 0x3F, 0x87, 0xE1, 0xF8, 0x7E, 0x1F, 0x87, 0xE1, 0xF8, 0x7E,
    0x1C, 0x00, 0x0E, 0x03, 0x80, 0xE0, 0x30, 0x19, 0x81, 0xF8, 0x0F, 0x00, 0x00, 0xE0, 0x7F, 0x07,
    0xF8, 0x7F, 0x87, 0xFC, 0x7F, 0xE7, 0xEE, 0x7E, 0x77, 0xE7, 0xFE, 0x3F, 0xE1, 0xFE, 0x1F, 0xE0,
    0xFE, 0x07, 0x33, 0x07, 0x81, 0xE0, 0x00, 0xEF, 0xBF, 0xEF, 0x3F, 0x87, 0xE1, 0xF8, 0x7E, 0x1F,
    0x87, 0xE1, 0xF8, 0x7E, 0x1C, 0xE0, 0x7F, 0x07, 0xF8, 0x7F, 0x87, 0xFC, 0x7F, 0xE7, 0xEF, 0x7E,
    0x77, 0xE7, 0xFE, 0x3F, 0xE1, 0xFE, 0x1F, 0xE0, 0xFE, 0x07, 0x00, 0x70, 0x07, 0x01, 0xF0, 0x1E,
    0xEF, 0xBF, 0xEF, 0x3F, 0x87, 0xE1, 0xF8, 0x7E, 0x1F, 0x87, 0xE1, 0xF8, 0x7E, 0x1C, 0x07, 0x01,
    0xC1, 0xF0, 0x78, 0x00, 0x00, 0x7F, 0x01, 0xFC, 0x00, 0x00, 0x00, 0x00, 0x3F, 0x03, 0xFF, 0x1F,
    0x3E, 0x70, 0x3B, 0x80, 0x7E, 0x01, 0xF8, 0x07, 0xE0, 0x1F, 0x80, 0x7E, 0x01, 0xDC, 0x0E, 0x7C,
    0xF8, 0xFF, 0xC0, 0xFC, 0x00, 0x1F, 0x83, 0xF0, 0x00, 0x0F, 0x87, 0xFC, 0xF7, 0xBC, 0x3F, 0x07,
    0xE0, 0xFC, 0x1F, 0xC3, 0xBD, 0xE7, 0xFC, 0x3E, 0x00, 0x18, 0x60, 0x39, 0xC0, 0x3F, 0x00, 0x3C,
    0x00, 0x00, 0x01, 0xF8, 0x07, 0xFC, 0x1F, 0xFC, 0x78, 0x79, 0xE0, 0x7B, 0xC0, 0x77, 0x00, 0xEE,
    0x01, 0xDC, 0x03, 0xB8, 0x07, 0x78, 0x1E, 0xF0, 0x3C, 0xF0, 0xF0, 0xFF, 0xE0, 0xFF, 0x80, 0xFC,
    0x00, 0x31, 0x83, 0xB8, 0x1F, 0x00, 0xE0, 0x00, 0x01, 0xF0, 0x3F, 0xC7, 0xFC, 0xF1, 0xEE, 0x0E,
    0xE0, 0xEE, 0x0E, 0xE0, 0xEF, 0x1E, 0x7F, 0xC3, 0xFC, 0x1F, 0x00, 0x03, 0x98, 0x1D, 0xC0, 0xEE,
    0x00, 0x00, 0x00, 0x00, 0x3F, 0x03, 0xFF, 0x1F, 0x3E, 0x70, 0x3B, 0x80, 0x7E, 0x01, 0xF8, 0x07,
    0xE0, 0x1F, 0x80, 0x7E, 0x01, 0xDC, 0x0E, 0x7C, 0xF8, 0xFF, 0xC0, 0xFC, 0x00, 0x1C, 0xE1, 0x8C,
    0x39, 0x80, 0x00, 0x1F, 0x07, 0xFC, 0x7B, 0xCE, 0x0E, 0xE0, 0xEE, 0x0E, 0xE0, 0xEE, 0x0E, 0x7B,
    0xC7, 0xFC, 0x1F, 0x00, 0x0F, 0xDF, 0xF9, 0xFF, 0xFF, 0xDF, 0x3F, 0x00, 0xE0, 0x78, 0x0E, 0x03,
    0xC0, 0x70, 0x0F, 0xFB, 0x80, 0x7F, 0xDC, 0x03, 0x80, 0xE0, 0x1C, 0x07, 0x01, 0xE0, 0x1C, 0x0F,
    0x00, 0xF9, 0xF8, 0x03, 0xFF, 0xFF, 0x87, 0xEF, 0xFC, 0x1F, 0x1F, 0x8F, 0xFF, 0xF9, 0xEF, 0xE7,
    0xF0, 0x70, 0x7E, 0x0F, 0xFF, 0xC1, 0xFF, 0xF8, 0x38, 0x07, 0x07, 0x00, 0x7B, 0xF9, 0xEF, 0xFF,
    0xF8, 0x7C, 0x7E, 0x00, 0x03, 0x80, 0x70, 0x0E, 0x00, 0x00, 0xFF, 0x8F, 0xFC, 0xE3, 0xEE, 0x0E,
    0xE0, 0xEE, 0x0E, 0xE3, 0xEF, 0xFC, 0xFF, 0x8E, 0x78, 0xE3, 0x8E, 0x3C, 0xE1, 0xEE, 0x0E, 0x0E,
    0x1C, 0x38, 0x00, 0xEE, 0xFE, 0xF0, 0xE0, 0xE0, 0xE0, 0xE0, 0xE0, 0xE0, 0xE0, 0xE0, 0xFF, 0x8F,
    0xFC, 0xE3, 0xEE, 0x0E, 0xE0, 0xEE, 0x0E, 0xE3, 0xEF, 0xFC, 0xFF, 0x8E, 0x78, 0xE3, 0x8E, 0x1C,
    0xE1, 0xEE, 0x0E, 0x00, 0x00, 0xE0, 0x0E, 0x00, 0xE0, 0x0C, 0x00, 0xEF, 0xFF, 0xC7, 0x0E, 0x1C,
    0x38, 0x70, 0xE1, 0xC3, 0x80, 0x0E, 0x1C, 0x38, 0x60, 0x3B, 0x81, 0xF0, 0x1E, 0x00, 0x00, 0xFF,
    0x8F, 0xFC, 0xE3, 0xEE, 0x0E, 0xE0, 0xEE, 0x0E, 0xE3, 0xEF, 0xFC, 0xFF, 0x8E, 0x78, 0xE3, 0x8E,
    0x3C, 0xE1, 0xEE, 0x0E, 0xE6, 0x7E, 0x3C, 0x00, 0x77, 0x7F, 0x78, 0x70, 0x70, 0x70, 0x70, 0x70,
    0x70, 0x70, 0x70, 0x01, 0xC0, 0x38, 0x07, 0x00, 0x00, 0x00, 0x01, 0xF8, 0x3F, 0xE7, 0x9E, 0x70,
    0x77, 0x00, 0x7E, 0x03, 0xFC, 0x1F, 0xE0, 0x1F, 0x00, 0x7F, 0x07, 0x78, 0xF7, 0xFE, 0x1F, 0xC0,
    0x03, 0xC0, 0x70, 0x1C, 0x00, 0x01, 0xF8, 0x7F, 0x9E, 0x73, 0x80, 0x7E, 0x07, 0xF8, 0x0F, 0xB0,
    0x77, 0x9E, 0xFF, 0x87, 0xE0, 0x07, 0x00, 0x7C, 0x07, 0x70, 0x31, 0x80, 0x00, 0x07, 0xE0, 0xFF,
    0x87, 0xFE, 0x70, 0xF3, 0x83, 0x9E, 0x00, 0xFE, 0x03, 0xFC, 0x0F, 0xF0, 0x0F, 0xC0, 0x1E, 0xF0,
    0x73, 0x83, 0x9F, 0xFC, 0x7F, 0xC1, 0xF8, 0x00, 0x0F, 0x03, 0xE0, 0xE6, 0x18, 0xE0, 0x00, 0x3F,
    0x0F, 0xF3, 0xFF, 0x70, 0xCF, 0x00, 0xFE, 0x0F, 0xE0, 0x1E, 0xE1, 0xDF, 0xF9, 0xFE, 0x1F, 0x80,
    0x1F, 0x83, 0xFE, 0x79, 0xE7, 0x07, 0x70, 0x07, 0xE0, 0x3F, 0xC1, 0xFE, 0x01, 0xF0, 0x07, 0xF0,
    0x77, 0x8F, 0x7F, 0xE1, 0xFC, 0x07, 0x00, 0x38, 0x0F, 0x80, 0xF0, 0x1F, 0x87, 0xF9, 0xEF, 0x38,
    0x67, 0xE0, 0x7F, 0x80, 0xF8, 0x07, 0x79, 0xEF, 0xF8, 0x7E, 0x03, 0x00, 0x30, 0x1E, 0x03, 0xC0,
    0x1D, 0xC0, 0xF8, 0x0F, 0x00, 0x00, 0x00, 0x01, 0xF8, 0x3F, 0xE7, 0x9E, 0x70, 0x77, 0x00, 0x7E,
    0x03, 0xFC, 0x1F, 0xE0, 0x1F, 0x00, 0x7F, 0x07, 0x78, 0xF7, 0xFE, 0x1F, 0xC0, 0x3B, 0x83, 0xE0,
    0x3C, 0x00, 0x01, 0xF8, 0x7F, 0x9E, 0x73, 0x80, 0x7E, 0x07, 0xF8, 0x0F, 0xB0, 0x77, 0x9E, 0xFF,
    0x87, 0xE0, 0xFF, 0xFF, 0xFF, 0xFF, 0xF0, 0x70, 0x07, 0x00, 0x70, 0x07, 0x00, 0x70, 0x07, 0x00,
    0x70, 0x07, 0x00, 0x70, 0x07, 0x00, 0x70, 0x07, 0x00, 0x70, 0x06, 0x00, 0x38, 0x01, 0x80, 0x70,
    0x38, 0x38, 0x38, 0xFF, 0xFF, 0x7E, 0x38, 0x38, 0x38, 0x38, 0x38, 0x38, 0x3E, 0x3F, 0x1F, 0x0C,
    0x0F, 0x03, 0x0E, 0x1D, 0xC0, 0xF8, 0x07, 0x00, 0x00, 0xFF, 0xFF, 0xFF, 0x07, 0x00, 0x70, 0x07,
    0x00, 0x70, 0x07, 0x00, 0x70, 0x07, 0x00, 0x70, 0x07, 0x00, 0x70, 0x07, 0x00, 0x70, 0x07, 0x07,
    0x07, 0x76, 0x70, 0xFE, 0xFE, 0x70, 0x70, 0x70, 0x70, 0x70, 0x70, 0x78, 0x3E, 0x3E, 0xFF, 0xFF,
    0xFF, 0xFF, 0xF0, 0x70, 0x07, 0x00, 0x70, 0x07, 0x03, 0xFE, 0x3F, 0xE3, 0xFC, 0x07, 0x00, 0x70,
    0x07, 0x00, 0x70, 0x07, 0x00, 0x70, 0x38, 0x38, 0x38, 0xFE, 0xFE, 0x7E, 0x38, 0xFE, 0xFE, 0x7E,
    0x38, 0x38, 0x3E, 0x3E, 0x1E, 0x0C, 0x80, 0xFC, 0x06, 0xE0, 0x00, 0x00, 0x00, 0x70, 0x3B, 0x81,
    0xDC, 0x0E, 0xE0, 0x77, 0x03, 0xB8, 0x1D, 0xC0, 0xEE, 0x07, 0x70, 0x3B, 0x81, 0xDC, 0x0E, 0xE0,
    0x77, 0x87, 0x9F, 0xF8, 0x7F, 0x81, 0xF8, 0x00, 0x3F, 0x07, 0xE0, 0x00, 0x00, 0x0E, 0x1D, 0xC3,
    0xB8, 0x77, 0x0E, 0xE1, 0xDC, 0x3B, 0x87, 0x70, 0xEF, 0x3D, 0xFF, 0x9F, 0xF1, 0xEE, 0x00, 0x01,
    0xFC, 0x1F, 0xC0, 0x00, 0x00, 0x0E, 0x07, 0xE0, 0x7E, 0x07, 0xE0, 0x7E, 0x07, 0xE0, 0x7E, 0x07,
    0xE0, 0x7E, 0x07, 0xE0, 0x7F, 0x07, 0x79, 0xE7, 0xFE, 0x1F, 0x80, 0x3F, 0x0F, 0xC0, 0x03, 0x87,
    0xE1, 0xF8, 0x7E, 0x1F, 0x87, 0xE1, 0xF8, 0x7E, 0x1F, 0xCF, 0x7F, 0xCF, 0x70, 0xE0, 0x7E, 0x07,
    0xE0, 0x7E, 0x07, 0xE0, 0x7E, 0x07, 0xE0, 0x7E, 0x07, 0xE0, 0x7E, 0x07, 0xE0, 0x77, 0x9E, 0x7F,
    0xE1, 0xF8, 0x73, 0x9F, 0xE3, 0xF0, 0x00, 0xE1, 0xF8, 0x7E, 0x1F, 0x87, 0xE1, 0xF8, 0x7E, 0x1F,
    0x87, 0xF3, 0xDF, 0xF3, 0xDC, 0x0F, 0x01, 0xF8, 0x19, 0x81, 0xF8, 0x0F, 0x00, 0x00, 0xE0, 0x7E,
    0x07, 0xE0, 0x7E, 0x07, 0xE0, 0x7E, 0x07, 0xE0, 0x7E, 0x07, 0xE0, 0x7E, 0x07, 0xE0, 0x77, 0x9E,
    0x7F, 0xE1, 0xF8, 0x1E, 0x0F, 0xC3, 0x30, 0xFC, 0x1E, 0x00, 0x0E, 0x1F, 0x87, 0xE1, 0xF8, 0x7E,
    0x1F, 0x87, 0xE1, 0xF8, 0x7F, 0x3D, 0xFF, 0x3D, 0xC0, 0x07, 0x70, 0x77, 0x07, 0x70, 0x00, 0x00,
    0x00, 0x70, 0x3B, 0x81, 0xDC, 0x0E, 0xE0, 0x77, 0x03, 0xB8, 0x1D, 0xC0, 0xEE, 0x07, 0x70, 0x3B,
    0x81, 0xDC, 0x0E, 0x79, 0xE3, 0xFF, 0x07, 0xE0, 0x1C, 0xE3, 0x9C, 0x33, 0x80, 0x00, 0xE1, 0xCE,
    0x1C, 0xE1, 0xCE, 0x1C, 0xE1, 0xCE, 0x1C, 0xE1, 0xCE, 0x1C, 0xF3, 0xC7, 0xFC, 0x3D, 0xC0, 0xE0,
    0x3F, 0x01, 0xF8, 0x0F, 0xC0, 0x7E, 0x03, 0xF0, 0x1F, 0x80, 0xFC, 0x07, 0xE0, 0x3F, 0x03, 0xBC,
    0x1C, 0xF3, 0xE3, 0xFE, 0x0F, 0xC0, 0x0C, 0x00, 0xC0, 0x07, 0x80, 0x3C, 0x00, 0xE1, 0xF8, 0x7E,
    0x1F, 0x87, 0xE1, 0xF8, 0x7E, 0x1F, 0x87, 0xF3, 0xDF, 0xF3, 0xDC, 0x06, 0x03, 0x00, 0xF0, 0x3C,
    0x00, 0xF0, 0x00, 0x1F, 0x80, 0x01, 0xDC, 0x00, 0x00, 0x00, 0xF0, 0x70, 0x77, 0x0F, 0x07, 0x70,
    0xF0, 0xE7, 0x8F, 0x8E, 0x39, 0xF8, 0xE3, 0x9F, 0x8E, 0x39, 0xDD, 0xC3, 0x99, 0xDC, 0x1F, 0x9D,
    0xC1, 0xF8, 0xFC, 0x1F, 0x0F, 0x81, 0xF0, 0xF8, 0x0F, 0x07, 0x80, 0xF0, 0x70, 0x01, 0xC0, 0x01,
    0xF0, 0x01, 0xDC, 0x00, 0x00, 0x0F, 0x1C, 0x3B, 0x8F, 0x1D, 0xC7, 0x9C, 0xE7, 0xCE, 0x3B, 0x67,
    0x1D, 0xBB, 0x0F, 0xCF, 0x87, 0xC7, 0xC1, 0xE3, 0xE0, 0xF1, 0xE0, 0x78, 0x70, 0x07, 0x80, 0x1F,
    0x00, 0xEC, 0x00, 0x00, 0x78, 0x3D, 0xE0, 0xE3, 0xC7, 0x87, 0x1C, 0x1E, 0xE0, 0x3F, 0x80, 0x7C,
    0x01, 0xF0, 0x03, 0x80, 0x0E, 0x00, 0x38, 0x00, 0xE0, 0x03, 0x80, 0x0E, 0x00, 0x07, 0x00, 0x7C,
    0x03, 0xE0, 0x3B, 0x80, 0x00, 0x38, 0x39, 0xE1, 0xC7, 0x1C, 0x38, 0xE0, 0xE7, 0x07, 0x70, 0x3F,
    0x80, 0xFC, 0x07, 0xC0, 0x1E, 0x00, 0xE0, 0x07, 0x00, 0x70, 0x07, 0x80, 0x38, 0x00, 0x1C, 0xE0,
    0x73, 0x81, 0xCE, 0x00, 0x00, 0x70, 0x3D, 0xE0, 0xE3, 0xC7, 0x0F, 0x3C, 0x1E, 0xE0, 0x3F, 0x80,
    0xFC, 0x01, 0xF0, 0x03, 0x80, 0x0E, 0x00, 0x38, 0x00, 0xE0, 0x03, 0x80, 0x0E, 0x00, 0x03, 0x80,
    0xE0, 0x18, 0x00, 0x0F, 0xFF, 0xFF, 0xC0, 0x78, 0x1E, 0x03, 0x80, 0xE0, 0x3C, 0x0F, 0x01, 0xC0,
    0x70, 0x1E, 0x07, 0x80, 0xFF, 0xFF, 0xFC, 0x07, 0x03, 0x03, 0x00, 0x0F, 0xFF, 0xFC, 0x1E, 0x1E,
    0x0E, 0x0E, 0x0E, 0x0F, 0x0F, 0x07, 0xFF, 0xFE, 0x0F, 0x01, 0xE0, 0x3C, 0x00, 0x0F, 0xFF, 0xFF,
    0xC0, 0x78, 0x0E, 0x03, 0x80, 0xF0, 0x3C, 0x07, 0x01, 0xC0, 0x78, 0x1E, 0x07, 0x80, 0xFF, 0xFF,
    0xFC, 0x1C, 0x0E, 0x07, 0x00, 0x0F, 0xFF, 0xFC, 0x1E, 0x1E, 0x0E, 0x0E, 0x0E, 0x0F, 0x0F, 0x07,
    0xFF, 0xFE, 0x3B, 0x83, 0xE0, 0x3C, 0x00, 0x0F, 0xFF, 0xFF, 0xC0, 0x78, 0x1E, 0x03, 0x80, 0xE0,
    0x3C, 0x0F, 0x01, 0xC0, 0x70, 0x1E, 0x07, 0x80, 0xFF, 0xFF, 0xFC, 0x77, 0x1F, 0x07, 0x00, 0x0F,
    0xFF, 0xFC, 0x1E, 0x1E, 0x0E, 0x0E, 0x0E, 0x0F, 0x0F, 0x07, 0xFF, 0xFE, 0x19, 0xFF, 0xF8, 0xE3,
    0x8E, 0x38, 0xE3, 0x8E, 0x38, 0xE3, 0x8E, 0x38, 0xE0, 0x00, 0x1C, 0x00, 0x38, 0x3F, 0xF0, 0xFF,
    0xE3, 0xFF, 0x8F, 0x9F, 0x3C, 0x0F, 0x78, 0x1E, 0xE0, 0x1D, 0xC0, 0x3B, 0x80, 0x77, 0x00, 0xEE,
    0x01, 0xDE, 0x07, 0x9E, 0x1E, 0x1F, 0xFC, 0x1F, 0xF0, 0x1F, 0x80, 0x00, 0x30, 0x03, 0x00, 0x31,
    0xFF, 0x3F, 0xE7, 0xFC, 0xF1, 0xEE, 0x0E, 0xE0, 0xEE, 0x0E, 0xE0, 0xEF, 0x1E, 0x7F, 0xC3, 0xFC,
    0x1F, 0x00, 0x00, 0x1C, 0x00, 0x7E, 0x07, 0xF8, 0x1F, 0xE0, 0x7B, 0x81, 0xCE, 0x07, 0x38, 0x1C,
    0xE0, 0x73, 0x81, 0xCE, 0x07, 0x38, 0x1C, 0xE0, 0x73, 0x81, 0xCF, 0x0F, 0x1F, 0xF8, 0x3F, 0xC0,
    0x7E, 0x00, 0x00, 0x30, 0x03, 0x00, 0x3E, 0x1F, 0xE1, 0xFE, 0x1E, 0xE1, 0xCE, 0x1C, 0xE1, 0xCE,
    0x1C, 0xE1, 0xCF, 0x3C, 0xFF, 0xC7, 0xFC, 0x3D, 0xC0, 0x00, 0x00, 0xC6, 0xFF, 0x80, 0x7E, 0xFF,
    0xC0, 0x38, 0xFF, 0xE0, 0x00, 0xE0, 0xF0, 0x00, 0xE0, 0x79, 0xFF, 0xE0, 0x79, 0xFF, 0xE0, 0x39,
    0xFF, 0xE0, 0x38, 0x0E, 0xE0, 0x38, 0x1C, 0xE0, 0x38, 0x3C, 0xE0, 0x78, 0x78, 0xE0, 0x78, 0x70,
    0xE0, 0xF0, 0xE0, 0xFF, 0xE1, 0xFF, 0xFF, 0xC1, 0xFF, 0xFF, 0x81, 0xFF, 0x00, 0x01, 0xDC, 0x01,
    0xC1, 0xB0, 0x03, 0x81, 0xE0, 0x07, 0x01, 0x80, 0x0E, 0x00, 0x07, 0xDC, 0x7F, 0xDF, 0xF8, 0xFF,
    0xBF, 0xF1, 0xFF, 0xF1, 0xE0, 0x1D, 0xC1, 0xC0, 0x73, 0x83, 0x81, 0xE7, 0x07, 0x07, 0x8E, 0x0E,
    0x0E, 0x1E, 0x3C, 0x38, 0x1F, 0xF8, 0xFF, 0xBF, 0xF1, 0xFF, 0x3E, 0xE3, 0xFE, 0xE0, 0x00, 0x3B,
    0x80, 0x00, 0xEE, 0x00, 0x03, 0xB8, 0x00, 0x0E, 0xE0, 0x00, 0x3B, 0x80, 0x00, 0xEE, 0x00, 0x03,
    0xB8, 0x00, 0x0E, 0xE0, 0x00, 0x3B, 0x80, 0x00, 0xEE, 0x01, 0xC3, 0xB8, 0x07, 0x0E, 0xE0, 0x1C,
    0x3B, 0xFE, 0x7F, 0xEF, 0xFC, 0xFF, 0x3F, 0xF1, 0xF8, 0x00, 0x0F, 0xC0, 0x1F, 0x80, 0x3F, 0x00,
    0x0E, 0x00, 0x1C, 0x01, 0xF8, 0x03, 0xF0, 0x07, 0xE0, 0x0F, 0xC0, 0x1F, 0x80, 0x3F, 0x00, 0x7E,
    0x00, 0xFC, 0x01, 0xFF, 0xF3, 0xFF, 0xE7, 0xFF, 0xCE, 0x00, 0x1C, 0x00, 0xF8, 0x01, 0xE0, 0x03,
    0x80, 0x03, 0xF1, 0xF8, 0xFC, 0x0E, 0x07, 0x1F, 0x8F, 0xC7, 0xE3, 0xF1, 0xF8, 0xFC, 0x7E, 0x3F,
    0x1F, 0x8F, 0xC7, 0xE3, 0x81, 0xC3, 0xE1, 0xE0, 0xE0, 0xF0, 0x38, 0x03, 0xBE, 0x0E, 0x00, 0xEF,
    0x83, 0x80, 0x3B, 0xF0, 0xE0, 0x0E, 0xFC, 0x38, 0x03, 0xBB, 0x8E, 0x00, 0xEE, 0xE3, 0x80, 0x3B,
    0x9C, 0xE0, 0x0E, 0xE7, 0xB8, 0x03, 0xB8, 0xEE, 0x00, 0xEE, 0x3F, 0x9C, 0x3B, 0x87, 0xE7, 0x0E,
    0xE1, 0xF9, 0xC3, 0xB8, 0x3E, 0x7F, 0xEE, 0x07, 0x8F, 0xF3, 0x81, 0xE1, 0xF8, 0x00, 0x00, 0xFE,
    0x07, 0x1F, 0xE0, 0xE3, 0xFC, 0x1C, 0x0F, 0xC3, 0x81, 0xF8, 0x71, 0xFB, 0x8E, 0x3F, 0x71, 0xC7,
    0xE7, 0x38, 0xFC, 0xF7, 0x1F, 0x8E, 0xE3, 0xF1, 0xFC, 0x7E, 0x1F, 0x8F, 0xC3, 0xF1, 0xF8, 0x3E,
    0x3F, 0x03, 0xC7, 0xE0, 0x78, 0xE0, 0x00, 0x1C, 0x00, 0x0F, 0x80, 0x01, 0xE0, 0x00, 0x38, 0x00,
    0x07, 0x00, 0x07, 0x00, 0x07, 0x00, 0x00, 0x00, 0x00, 0xEF, 0x07, 0xFF, 0x87, 0xFF, 0xC7, 0xF1,
    0xC7, 0xE1, 0xC7, 0xE1, 0xC7, 0xE1, 0xC7, 0xE1, 0xC7, 0xE1, 0xC7, 0xE1, 0xC7, 0xE1, 0xC7, 0xE1,
    0xC7, 0x00, 0x07, 0x00, 0x1F, 0x00, 0x1E, 0x00, 0x1C, 0x0C, 0x70, 0x06, 0xE0, 0x03, 0xC0, 0x01,
    0x80, 0x00, 0x00, 0x03, 0xC0, 0x07, 0xE0, 0x07, 0xE0, 0x07, 0xE0, 0x0F, 0xF0, 0x0E, 0x70, 0x0E,
    0x70, 0x1E, 0x78, 0x1E, 0x78, 0x1C, 0x38, 0x3F, 0xFC, 0x3F, 0xFC, 0x3F, 0xFC, 0x78, 0x1E, 0x78,
    0x1E, 0x70, 0x0E, 0x33, 0x87, 0xE0, 0x78, 0x06, 0x00, 0x00, 0x3E, 0x1F, 0xE3, 0xFE, 0x71, 0xC0,
    0x38, 0xFF, 0x3F, 0xEF, 0x1D, 0xC3, 0xBC, 0xF7, 0xFE, 0x7D, 0xC0, 0x63, 0x3B, 0x8F, 0x83, 0x80,
    0x00, 0xE0, 0x70, 0x38, 0x1C, 0x0E, 0x07, 0x03, 0x81, 0xC0, 0xE0, 0x70, 0x38, 0x1C, 0x0E, 0x07,
    0x03, 0x81, 0xC0, 0x63, 0x3B, 0x8F, 0x83, 0x80, 0x00, 0xE0, 0x70, 0x38, 0x1C, 0x0E, 0x07, 0x03,
    0x81, 0xC0, 0xE0, 0x70, 0x38, 0x1C, 0x00, 0x1C, 0xE0, 0x1F, 0x80, 0x1E, 0x00, 0x18, 0x00, 0x00,
    0x01, 0xF8, 0x07, 0xFC, 0x1F, 0xFC, 0x78, 0x79, 0xE0, 0x7B, 0xC0, 0x77, 0x00, 0xEE, 0x01, 0xDC,
    0x03, 0xB8, 0x07, 0x78, 0x1E, 0xF0, 0x3C, 0xF0, 0xF0, 0xFF, 0xE0, 0xFF, 0x80, 0xFC, 0x00, 0x39,
    0x81, 0xB8, 0x1F, 0x00, 0xE0, 0x00, 0x01, 0xF0, 0x3F, 0xC7, 0xFC, 0xF1, 0xEE, 0x0E, 0xE0, 0xEE,
    0x0E, 0xE0, 0xEF, 0x1E, 0x7F, 0xC3, 0xFC, 0x1F, 0x00, 0x39, 0xC0, 0xFC, 0x03, 0xC0, 0x0C, 0x00,
    0x00, 0x70, 0x3B, 0x81, 0xDC, 0x0E, 0xE0, 0x77, 0x03, 0xB8, 0x1D, 0xC0, 0xEE, 0x07, 0x70, 0x3B,
    0x81, 0xDC, 0x0E, 0xF0, 0x77, 0x87, 0x9F, 0xF8, 0x7F, 0x81, 0xF8, 0x00, 0x73, 0x87, 0xE0, 0x78,
    0x06, 0x00, 0x01, 0xC3, 0xB8, 0x77, 0x0E, 0xE1, 0xDC, 0x3B, 0x87, 0x70, 0xEE, 0x1D, 0xE7, 0xBF,
    0xF3, 0xFE, 0x3D, 0xC0, 0x1F, 0x80, 0xFC, 0x00, 0x00, 0x00, 0x01, 0xDC, 0x0E, 0xE0, 0x22, 0x00,
    0x00, 0xE0, 0x77, 0x03, 0xB8, 0x1D, 0xC0, 0xEE, 0x07, 0x70, 0x3B, 0x81, 0xDC, 0x0E, 0xE0, 0x77,
    0x03, 0xB8, 0x1D, 0xC0, 0xEF, 0x0F, 0x3F, 0xF0, 0xFF, 0x03, 0xF0, 0x3F, 0x07, 0xE0, 0x00, 0x00,
    0x07, 0x38, 0xE7, 0x08, 0x40, 0x00, 0xE1, 0xDC, 0x3B, 0x87, 0x70, 0xEE, 0x1D, 0xC3, 0xB8, 0x77,
    0x0E, 0xF3, 0xDF, 0xF9, 0xFF, 0x1E, 0xE0, 0x03, 0x00, 0x18, 0x00, 0x80, 0x00, 0x01, 0xDC, 0x0E,
    0xE0, 0x22, 0x00, 0x00, 0xE0, 0x77, 0x03, 0xB8, 0x1D, 0xC0, 0xEE, 0x07, 0x70, 0x3B, 0x81, 0xDC,
    0x0E, 0xE0, 0x77, 0x03, 0xB8, 0x1D, 0xC0, 0xEF, 0x0F, 0x3F, 0xF0, 0xFF, 0x03, 0xF0, 0x07, 0x01,
    0xC0, 0x30, 0x00, 0x07, 0x38, 0xE7, 0x08, 0x40, 0x00, 0xE1, 0xDC, 0x3B, 0x87, 0x70, 0xEE, 0x1D,
    0xC3, 0xB8, 0x77, 0x0E, 0xF3, 0xDF, 0xF9, 0xFF, 0x1E, 0xE0, 0x1D, 0x80, 0x78, 0x00, 0x80, 0x00,
    0x01, 0xDC, 0x0E, 0xE0, 0x22, 0x00, 0x00, 0xE0, 0x77, 0x03, 0xB8, 0x1D, 0xC0, 0xEE, 0x07, 0x70,
    0x3B, 0x81, 0xDC, 0x0E, 0xE0, 0x77, 0x03, 0xB8, 0x1D, 0xC0, 0xEF, 0x0F, 0x3F, 0xF0, 0xFF, 0x03,
    0xF0, 0x33, 0x03, 0xC0, 0x30, 0x00, 0x07, 0x38, 0xE7, 0x08, 0x40, 0x00, 0xE1, 0xDC, 0x3B, 0x87,
    0x70, 0xEE, 0x1D, 0xC3, 0xB8, 0x77, 0x0E, 0xF3, 0xDF, 0xF9, 0xFF, 0x1E, 0xE0, 0x0C, 0x00, 0x30,
    0x00, 0x80, 0x00, 0x01, 0xDC, 0x0E, 0xE0, 0x22, 0x00, 0x00, 0xE0, 0x77, 0x03, 0xB8, 0x1D, 0xC0,
    0xEE, 0x07, 0x70, 0x3B, 0x81, 0xDC, 0x0E, 0xE0, 0x77, 0x03, 0xB8, 0x1D, 0xC0, 0xEF, 0x0F, 0x3F,
    0xF0, 0xFF, 0x03, 0xF0, 0x38, 0x03, 0x00, 0x30, 0x00, 0x07, 0x38, 0xE7, 0x08, 0x40, 0x00, 0xE1,
    0xDC, 0x3B, 0x87, 0x70, 0xEE, 0x1D, 0xC3, 0xB8, 0x77, 0x0E, 0xF3, 0xDF, 0xF9, 0xFF, 0x1E, 0xE0,
    0x3F, 0x0F, 0xF3, 0xFF, 0x30, 0xF0, 0x0F, 0xFF, 0xFF, 0xFF, 0xFF, 0xF1, 0xEF, 0xF8, 0xFE, 0x0F,
    0x80, 0x07, 0xE0, 0x07, 0xE0, 0x00, 0x00, 0x0E, 0x70, 0x0E, 0x70, 0x04, 0x20, 0x00, 0x00, 0x03,
    0xC0, 0x07, 0xE0, 0x07, 0xE0, 0x07, 0xE0, 0x0F, 0xF0, 0x0E, 0xF0, 0x0E, 0x70, 0x1E, 0x78, 0x1C,
    0x78, 0x1C, 0x38, 0x3F, 0xFC, 0x3F, 0xFC, 0x3F, 0xFC, 0x78, 0x1E, 0x78, 0x1E, 0x70, 0x0E, 0x3F,
    0x07, 0xE0, 0x00, 0x00, 0x03, 0xB8, 0x77, 0x04, 0x40, 0x00, 0x1F, 0x0F, 0xF1, 0xFF, 0x38, 0xE0,
    0x1C, 0x7F, 0x9F, 0xF7, 0x8E, 0xE1, 0xDF, 0xFB, 0xFF, 0x3E, 0xE0, 0x07, 0xE0, 0x07, 0xE0, 0x00,
    0x00, 0x01, 0xC0, 0x01, 0xC0, 0x01, 0xC0, 0x00, 0x00, 0x03, 0xC0, 0x03, 0xE0, 0x07, 0xE0, 0x07,
    0xE0, 0x07, 0x70, 0x0F, 0x70, 0x0E, 0x70, 0x0E, 0x78, 0x1E, 0x38, 0x1C, 0x38, 0x1F, 0xFC, 0x3F,
    0xFC, 0x3F, 0xFC, 0x38, 0x1E, 0x78, 0x1E, 0x70, 0x0E, 0x3F, 0x07, 0xE0, 0x00, 0x00, 0x00, 0xE0,
    0x1C, 0x03, 0x80, 0x00, 0x1F, 0x0F, 0xF1, 0xFF, 0x38, 0xE0, 0x1C, 0x7F, 0x9F, 0xF7, 0x8E, 0xE1,
    0xDF, 0xFB, 0xFF, 0x3E, 0xE0, 0x00, 0x3F, 0x00, 0x03, 0xF0, 0x00, 0x3F, 0x00, 0x00, 0x00, 0x01,
    0xFF, 0xF0, 0x3F, 0xFF, 0x03, 0xBF, 0xF0, 0x7B, 0x80, 0x07, 0x38, 0x00, 0x73, 0x80, 0x0F, 0x38,
    0x00, 0xE3, 0xFF, 0x1E, 0x3F, 0xF1, 0xC3, 0xFE, 0x1F, 0xF8, 0x03, 0xFF, 0x80, 0x3F, 0xF8, 0x07,
    0x83, 0xFF, 0x78, 0x3F, 0xF7, 0x03, 0xFF, 0x03, 0xF0, 0x00, 0xFC, 0x00, 0x3F, 0x00, 0x00, 0x00,
    0x3E, 0x7E, 0x1F, 0xFF, 0xC7, 0xFF, 0xF8, 0x8F, 0x0E, 0x0F, 0xFF, 0x9F, 0xFF, 0xFF, 0xFF, 0xFF,
    0xCF, 0x00, 0xE3, 0xC3, 0xBF, 0xFF, 0xEF, 0xFF, 0xF1, 0xF1, 0xF8, 0x0F, 0xC0, 0x3F, 0xE0, 0xFF,
    0xE3, 0xC1, 0xC7, 0x03, 0xDE, 0x00, 0x38, 0x00, 0x70, 0x7E, 0xE1, 0xFD, 0xC3, 0xFB, 0xC0, 0x77,
    0x8F, 0xF7, 0x83, 0xC7, 0xFF, 0x07, 0xFC, 0x07, 0xE0, 0x1E, 0xE3, 0xFF, 0x1F, 0xF9, 0xE3, 0xCE,
    0x0E, 0x71, 0xFF, 0x83, 0x9C, 0x1C, 0xF1, 0xE3, 0xFF, 0x1F, 0xF8, 0x7D, 0xC0, 0x0E, 0x3F, 0xF1,
    0xFF, 0x03, 0xF0, 0x1C, 0xE0, 0x3F, 0x00, 0x78, 0x00, 0xC0, 0x00, 0x00, 0x3F, 0x01, 0xFF, 0x0F,
    0xFE, 0x78, 0x39, 0xC0, 0xFF, 0x00, 0x38, 0x00, 0xE0, 0xFF, 0x87, 0xFE, 0x1F, 0xFC, 0x07, 0xF0,
    0x3D, 0xE1, 0xE3, 0xFF, 0x87, 0xFC, 0x0F, 0xC0, 0x39, 0xC3, 0xB8, 0x1F, 0x00, 0xE0, 0x00, 0x00,
    0x00, 0x1E, 0xE7, 0xFE, 0x7F, 0xEF, 0x1E, 0xE0, 0xEE, 0x0E, 0xE0, 0xEE, 0x0E, 0xF1, 0xE7, 0xFE,
    0x7E, 0xE3, 0xCE, 0x00, 0xE7, 0xFE, 0x7F, 0xC1, 0xF8, 0x38, 0xC0, 0x76, 0x00, 0xF0, 0x01, 0x80,
    0x00, 0x03, 0x81, 0xEE, 0x0F, 0x38, 0x78, 0xE3, 0xC3, 0x9E, 0x0E, 0x78, 0x3B, 0xC0, 0xFF, 0x03,
    0xFC, 0x0F, 0xF8, 0x3C, 0xF0, 0xE1, 0xC3, 0x87, 0x8E, 0x0F, 0x38, 0x3C, 0xE0, 0x78, 0x73, 0x00,
    0xFC, 0x01, 0xE0, 0x00, 0x00, 0x00, 0x00, 0x70, 0x01, 0xC0, 0x07, 0x00, 0x1C, 0x00, 0x70, 0xE1,
    0xC7, 0x07, 0x3C, 0x1D, 0xE0, 0x7F, 0x01, 0xF8, 0x07, 0xF0, 0x1F, 0xE0, 0x73, 0x81, 0xCF, 0x07,
    0x1E, 0x1C, 0x38, 0x0F, 0xC0, 0x3F, 0xE0, 0xFF, 0xE3, 0xC3, 0xCF, 0x03, 0xDE, 0x03, 0xB8, 0x07,
    0x70, 0x0E, 0xE0, 0x1D, 0xC0, 0x3B, 0xC0, 0x77, 0x81, 0xE7, 0x87, 0x87, 0xFF, 0x07, 0xFC, 0x07,
    0xE0, 0x07, 0x00, 0x0F, 0x00, 0x1F, 0x00, 0x1E, 0x00, 0x1F, 0x03, 0xFC, 0x7F, 0xCF, 0x1E, 0xE0,
    0xEE, 0x0E, 0xE0, 0xEE, 0x0E, 0xF1, 0xE7, 0xFC, 0x3F, 0xC1, 0xF0, 0x0C, 0x01, 0xF0, 0x1F, 0x00,
    0xF0, 0x0F, 0xC0, 0x1F, 0x80, 0x3F, 0x00, 0x00, 0x00, 0x00, 0x01, 0xF8, 0x07, 0xFC, 0x1F, 0xFC,
    0x78, 0x79, 0xE0, 0x7B, 0xC0, 0x77, 0x00, 0xEE, 0x01, 0xDC, 0x03, 0xB8, 0x07, 0x78, 0x0E, 0xF0,
    0x3C, 0xF0, 0xF0, 0xFF, 0xE0, 0xFF, 0x80, 0xFC, 0x00, 0xE0, 0x01, 0xE0, 0x03, 0xE0, 0x03, 0xC0,
    0x1F, 0x81, 0xF8, 0x1F, 0x80, 0x00, 0x1F, 0x03, 0xFC, 0x7F, 0xCF, 0x1E, 0xE0, 0xEE, 0x0E, 0xE0,
    0xEE, 0x0E, 0xF1, 0xE7, 0xFC, 0x3F, 0xC1, 0xF0, 0x0C, 0x01, 0xF0, 0x1F, 0x00, 0xF0, 0x18, 0xC0,
    0xEE, 0x03, 0xE0, 0x0E, 0x00, 0x00, 0x00, 0x01, 0xFF, 0xEF, 0xFF, 0x7F, 0xF8, 0x07, 0x80, 0x70,
    0x07, 0x00, 0xF0, 0x07, 0xE0, 0x3F, 0x80, 0x3E, 0x00, 0x78, 0x03, 0xC0, 0x0E, 0x00, 0x7E, 0x03,
    0xF0, 0x3F, 0xC1, 0xCF, 0xFE, 0x3F, 0xE0, 0xFC, 0x00, 0x39, 0xC1, 0xF8, 0x0F, 0x00, 0x60, 0x00,
    0x07, 0xFE, 0x7F, 0xE7, 0xFE, 0x01, 0xC0, 0x38, 0x07, 0x00, 0xF0, 0x0F, 0xC0, 0x3E, 0x00, 0xF0,
    0x07, 0x60, 0x77, 0x0F, 0x7F, 0xE3, 0xFE, 0x1F, 0x80, 0x77, 0x1F, 0x07, 0x00, 0x00, 0x00, 0xE0,
    0x70, 0x38, 0x1C, 0x0E, 0x07, 0x03, 0x81, 0xC0, 0xE0, 0x70, 0x38, 0x1C, 0x0E, 0x1F, 0x0F, 0x87,
    0x00, 0xFF, 0x81, 0xFF, 0xFF, 0xF0, 0x7F, 0xFF, 0xFE, 0x1F, 0xFF, 0x83, 0xC0, 0x0E, 0xE0, 0x78,
    0x07, 0x38, 0x1E, 0x03, 0xCE, 0x03, 0x80, 0xE3, 0x80, 0xE0, 0x78, 0xE0, 0x38, 0x3C, 0x38, 0x0E,
    0x0E, 0x0E, 0x07, 0x87, 0x83, 0x81, 0xE1, 0xC0, 0xE0, 0xF0, 0xE0, 0x3F, 0xF8, 0x7F, 0xFF, 0xFC,
    0x1F, 0xFF, 0xFE, 0x07, 0xFF, 0xFF, 0x80, 0x00, 0xFF, 0xC0, 0x00, 0xFF, 0xE0, 0x00, 0xE0, 0xF0,
    0x00, 0xE0, 0x79, 0xFF, 0xE0, 0x79, 0xFF, 0xE0, 0x39, 0xFF, 0xE0, 0x38, 0x0E, 0xE0, 0x38, 0x1C,
    0xE0, 0x38, 0x3C, 0xE0, 0x78, 0x38, 0xE0, 0x78, 0x70, 0xE0, 0xF0, 0xF0, 0xFF, 0xE1, 0xFF, 0xFF,
    0xC1, 0xFF, 0xFF, 0x81, 0xFF, 0x00, 0xE0, 0x00, 0x01, 0xC0, 0x00, 0x03, 0x80, 0x00, 0x07, 0x00,
    0x03, 0xEE, 0x3F, 0xEF, 0xFC, 0x7F, 0xDF, 0xF8, 0xFF, 0xF8, 0xF0, 0x0E, 0xE0, 0xE0, 0x39, 0xC1,
    0xC0, 0xF3, 0x83, 0x83, 0xC7, 0x07, 0x07, 0x0F, 0x1E, 0x1E, 0x0F, 0xFC, 0x7F, 0xDF, 0xF8, 0xFF,
    0x9F, 0x71, 0xFF, 0x01, 0xC0, 0x06, 0x00, 0x38, 0x00, 0x00, 0x00, 0x00, 0x3F, 0x01, 0xFF, 0x0F,
    0xFE, 0x78, 0x39, 0xC0, 0xFF, 0x00, 0x38, 0x00, 0xE0, 0xFF, 0x87, 0xFE, 0x1F, 0xFC, 0x07, 0xF0,
    0x3D, 0xE0, 0xE3, 0xFF, 0x87, 0xFC, 0x0F, 0xC0, 0x03, 0x00, 0x70, 0x06, 0x00, 0x00, 0x00, 0x01,
    0xEE, 0x7F, 0xE7, 0xFE, 0xF1, 0xEE, 0x0E, 0xE0, 0xEE, 0x0E, 0xE0, 0xEF, 0x1E, 0x7F, 0xE7, 0xFE,
    0x3E, 0xE0, 0x0E, 0x7F, 0xE7, 0xFC, 0x1F, 0x80, 0xE0, 0x38, 0x07, 0x01, 0xC0, 0x38, 0x0E, 0x01,
    0xC0, 0x70, 0x0E, 0x03, 0x83, 0xF0, 0x1C, 0x1F, 0xFF, 0xE0, 0xFF, 0xFF, 0x07, 0xFF, 0xF8, 0x3F,
    0x01, 0xC1, 0xF8, 0x0E, 0x0F, 0xC0, 0x70, 0x7E, 0x03, 0xC7, 0xF0, 0x0F, 0xFB, 0x80, 0x7F, 0xDC,
    0x00, 0xF8, 0xFF, 0x8F, 0xFC, 0xFF, 0xEE, 0x0E, 0xE0, 0xFE, 0x07, 0xE0, 0x7E, 0x07, 0xE0, 0x7E,
    0x0F, 0xE0, 0xFE, 0x1E, 0xE3, 0xCE, 0x7C, 0xFF, 0x0F, 0xE0, 0xF8, 0x0E, 0x00, 0xE0, 0x0E, 0x00,
    0x0E, 0x00, 0x38, 0x00, 0x70, 0x00, 0x00, 0xF0, 0x3B, 0xE0, 0xEF, 0x83, 0xBF, 0x0E, 0xFC, 0x3B,
    0xB8, 0xEE, 0xE3, 0xB9, 0xCE, 0xE7, 0xBB, 0x8E, 0xEE, 0x3F, 0xB8, 0x7E, 0xE1, 0xFB, 0x83, 0xEE,
    0x07, 0xB8, 0x1E, 0x38, 0x03, 0x80, 0x30, 0x00, 0x00, 0x01, 0xDE, 0x3F, 0xE7, 0xFE, 0xF1, 0xDC,
    0x3B, 0x87, 0x70, 0xEE, 0x1D, 0xC3, 0xB8, 0x77, 0x0E, 0xE1, 0xC0, 0x00, 0x60, 0x00, 0xC0, 0x01,
    0xC0, 0x00, 0x00, 0x03, 0xC0, 0x06, 0x60, 0x06, 0x60, 0x03, 0xC0, 0x00, 0x00, 0x03, 0xC0, 0x07,
    0xE0, 0x07, 0xE0, 0x07, 0xE0, 0x0F, 0xF0, 0x0E, 0x70, 0x0E, 0x70, 0x1E, 0x78, 0x1E, 0x78, 0x1C,
    0x38, 0x3F, 0xFC, 0x3F, 0xFC, 0x3F, 0xFC, 0x78, 0x1E, 0x78, 0x1E, 0x70, 0x0E, 0x03, 0x00, 0xC0,
    0x38, 0x00, 0x01, 0xE0, 0x76, 0x0C, 0xC1, 0x98, 0x1E, 0x00, 0x00, 0x7C, 0x3F, 0xC7, 0xFC, 0xC3,
    0x80, 0x71, 0xFE, 0x7F, 0xDE, 0x3B, 0x87, 0x7F, 0xEF, 0xFC, 0xFB, 0x80, 0x00, 0x03, 0x00, 0x00,
    0x70, 0x00, 0x06, 0x00, 0x00, 0x00, 0x01, 0xFF, 0xF0, 0x3F, 0xFF, 0x03, 0xBF, 0xF0, 0x7B, 0x80,
    0x07, 0x38, 0x00, 0x73, 0x80, 0x0F, 0x38, 0x00, 0xE3, 0xFF, 0x1E, 0x3F, 0xF1, 0xC3, 0xFE, 0x1F,
    0xF8, 0x03, 0xFF, 0x80, 0x3F, 0xF8, 0x07, 0x83, 0xFF, 0x78, 0x3F, 0xF7, 0x03, 0xFF, 0x00, 0xE0,
    0x00, 0x38, 0x00, 0x1C, 0x00, 0x00, 0x00, 0x00, 0x00, 0x0F, 0x9F, 0x87, 0xFF, 0xF1, 0xFF, 0xFE,
    0x23, 0xC3, 0x83, 0xFF, 0xE7, 0xFF, 0xFF, 0xFF, 0xFF, 0xF3, 0xC0, 0x38, 0xF0, 0xEF, 0xFF, 0xFB,
    0xFF, 0xFC, 0x7C, 0x7E, 0x00, 0x01, 0xC0, 0x03, 0x00, 0x0E, 0x00, 0x00, 0x00, 0x00, 0x01, 0xFB,
    0x07, 0xFE, 0x1F, 0xFC, 0x78, 0x79, 0xE1, 0xFB, 0xC7, 0x77, 0x0C, 0xEE, 0x39, 0xDC, 0xE3, 0xB9,
    0x87, 0x7F, 0x0E, 0xFC, 0x3C, 0xF0, 0xF0, 0xFF, 0xE3, 0xFF, 0x86, 0xFC, 0x00, 0x00, 0x00, 0x01,
    0x80, 0x1C, 0x00, 0xC0, 0x00, 0x00, 0x00, 0x07, 0xD8, 0x7F, 0x87, 0xFC, 0x78, 0xF3, 0x8F, 0x9C,
    0xDC, 0xEC, 0xE7, 0xC7, 0x3C, 0x78, 0xFF, 0x87, 0xFC, 0x6F, 0x80, 0x00, 0x00, 0x1D, 0xC0, 0x0E,
    0xC0, 0x06, 0xE0, 0x00, 0x00, 0x03, 0xC0, 0x07, 0xE0, 0x07, 0xE0, 0x07, 0xE0, 0x0F, 0xF0, 0x0E,
    0x70, 0x0E, 0x70, 0x1E, 0x78, 0x1E, 0x78, 0x1C, 0x38, 0x3F, 0xFC, 0x3F, 0xFC, 0x3F, 0xFC, 0x78,
    0x1E, 0x78, 0x1E, 0x70, 0x0E, 0xE6, 0x0E, 0xE0, 0xCC, 0x00, 0x00, 0x00, 0x3E, 0x1F, 0xE3, 0xFE,
    0x61, 0xC0, 0x38, 0xFF, 0x3F, 0xEF, 0x1D, 0xC3, 0xBF, 0xF7, 0xFE, 0x7D, 0xC0, 0x03, 0xC0, 0x07,
    0xE0, 0x0E, 0x70, 0x0C, 0x30, 0x00, 0x00, 0x07, 0xC0, 0x07, 0xE0, 0x07, 0xE0, 0x07, 0xE0, 0x0F,
    0xF0, 0x0E, 0x70, 0x0E, 0x70, 0x1E, 0x78, 0x1E, 0x78, 0x1C, 0x38, 0x3F, 0xFC, 0x3F, 0xFC, 0x3F,
    0xFC, 0x78, 0x1E, 0x78, 0x1E, 0x70, 0x0E, 0x0E, 0x03, 0xE0, 0xC6, 0x18, 0xC0, 0x00, 0x3E, 0x1F,
    0xE3, 0xFE, 0x71, 0xC0, 0x38, 0xFF, 0x3F, 0xEF, 0x1D, 0xC3, 0xBF, 0xF7, 0xFE, 0x7D, 0xC0, 0x77,
    0x07, 0x60, 0x6E, 0x00, 0x07, 0xFE, 0xFF, 0xDF, 0xFB, 0x80, 0x70, 0x0E, 0x01, 0xC0, 0x3F, 0xF7,
    0xFE, 0xFF, 0x9C, 0x03, 0x80, 0x70, 0x0F, 0xFD, 0xFF, 0xBF, 0xF0, 0xF6, 0x0E, 0xE0, 0xEC, 0x00,
    0x00, 0x00, 0x3E, 0x0F, 0xE3, 0xFE, 0xF1, 0xFF, 0xFF, 0xFF, 0xFF, 0xFE, 0x01, 0xE1, 0x9F, 0xF9,
    0xFE, 0x1F, 0x80, 0x1E, 0x0F, 0xC7, 0x39, 0x86, 0x00, 0x3F, 0xFF, 0xFF, 0xFF, 0xE0, 0x38, 0x0E,
    0x03, 0x80, 0xFF, 0xFF, 0xFF, 0xFB, 0x80, 0xE0, 0x38, 0x0F, 0xFF, 0xFF, 0xFF, 0xC0, 0x0E, 0x03,
    0xE0, 0xC6, 0x18, 0xC0, 0x00, 0x3E, 0x0F, 0xE3, 0xFE, 0xF1, 0xFF, 0xFF, 0xFF, 0xFF, 0xFE, 0x01,
    0xE1, 0x9F, 0xF9, 0xFE, 0x1F, 0x80, 0x77, 0x3B, 0x8E, 0xC0, 0x00, 0xE0, 0x70, 0x38, 0x1C, 0x0E,
    0x07, 0x03, 0x81, 0xC0, 0xE0, 0x70, 0x38, 0x1C, 0x0E, 0x07, 0x03, 0x81, 0xC0, 0x77, 0x3B, 0x8E,
    0xC0, 0x00, 0x00, 0x70, 0x38, 0x1C, 0x0E, 0x07, 0x03, 0x81, 0xC0, 0xE0, 0x70, 0x38, 0x1C, 0x0E,
    0x00, 0x38, 0xFB, 0x1E, 0x30, 0x07, 0x0E, 0x1C, 0x38, 0x70, 0xE1, 0xC3, 0x87, 0x0E, 0x1C, 0x38,
    0x70, 0xE1, 0xC3, 0x80, 0x38, 0xFB, 0x1E, 0x30, 0x07, 0x0E, 0x1C, 0x38, 0x70, 0xE1, 0xC3, 0x87,
    0x0E, 0x1C, 0x38, 0x3B, 0x80, 0x3B, 0x00, 0x37, 0x00, 0x00, 0x00, 0x00, 0x01, 0xF8, 0x07, 0xFC,
    0x1F, 0xFC, 0x78, 0x79, 0xE0, 0x7B, 0xC0, 0x77, 0x00, 0xEE, 0x01, 0xDC, 0x03, 0xB8, 0x07, 0x78,
    0x0E, 0xF0, 0x3C, 0xF0, 0xF0, 0xFF, 0xE0, 0xFF, 0x80, 0xFC, 0x00, 0x77, 0x07, 0x70, 0x3B, 0x00,
    0x00, 0x00, 0x01, 0xF0, 0x3F, 0xC7, 0xFC, 0xF1, 0xEE, 0x0E, 0xE0, 0xEE, 0x0E, 0xE0, 0xEF, 0x1E,
    0x7F, 0xC3, 0xFC, 0x1F, 0x00, 0x07, 0x80, 0x1F, 0x80, 0x73, 0x80, 0xC3, 0x00, 0x00, 0x01, 0xF8,
    0x07, 0xFC, 0x1F, 0xFC, 0x78, 0x79, 0xE0, 0x7B, 0xC0, 0x77, 0x00, 0xEE, 0x01, 0xDC, 0x03, 0xB8,
    0x07, 0x78, 0x0E, 0xF0, 0x3C, 0xF0, 0xF0, 0xFF, 0xE0, 0xFF, 0x80, 0xFC, 0x00, 0x0E, 0x01, 0xF0,
    0x31, 0x83, 0x18, 0x00, 0x01, 0xF0, 0x3F, 0xC7, 0xFC, 0xF1, 0xEE, 0x0E, 0xE0, 0xEE, 0x0E, 0xE0,
    0xEF, 0x1E, 0x7F, 0xC3, 0xFC, 0x1F, 0x00, 0xE6, 0x07, 0x70, 0x33, 0x00, 0x00, 0xFF, 0x8F, 0xFC,
    0xFF, 0xEE, 0x1E, 0xE0, 0xEE, 0x0E, 0xE0, 0xEE, 0x1E, 0xFF, 0xCF, 0xF8, 0xFF, 0x8E, 0x38, 0xE3,
    0xCE, 0x1C, 0xE1, 0xEE, 0x0E, 0xE7, 0x3B, 0x8E, 0xC0, 0x00, 0x01, 0xDC, 0xFE, 0x7F, 0x3C, 0x1C,
    0x0E, 0x07, 0x03, 0x81, 0xC0, 0xE0, 0x70, 0x38, 0x00, 0x0E, 0x01, 0xF0, 0x31, 0x83, 0x18, 0x00,
    0x0F, 0xF8, 0xFF, 0xCF, 0xFE, 0xE1, 0xEE, 0x0E, 0xE0, 0xEE, 0x0E, 0xE1, 0xEF, 0xFC, 0xFF, 0x8F,
    0xF8, 0xE3, 0x8E, 0x1C, 0xE1, 0xCE, 0x0E, 0xE0, 0xE0, 0x38, 0xFB, 0x3E, 0x30, 0x1D, 0xFF, 0xFF,
    0xF1, 0xC3, 0x87, 0x0E, 0x1C, 0x38, 0x70, 0xE0, 0x77, 0x01, 0xD8, 0x06, 0xE0, 0x00, 0x00, 0x00,
    0x70, 0x3B, 0x81, 0xDC, 0x0E, 0xE0, 0x77, 0x03, 0xB8, 0x1D, 0xC0, 0xEE, 0x07, 0x70, 0x3B, 0x81,
    0xDC, 0x0E, 0xE0, 0x77, 0x87, 0x9F, 0xF8, 0x7F, 0x81, 0xF8, 0x00, 0x77, 0x03, 0xB0, 0x1B, 0x80,
    0x00, 0x00, 0x07, 0x0E, 0x70, 0xE7, 0x0E, 0x70, 0xE7, 0x0E, 0x70, 0xE7, 0x0E, 0x70, 0xE7, 0x9E,
    0x7F, 0xE3, 0xFE, 0x1E, 0xE0, 0x0F, 0x00, 0xFC, 0x06, 0x30, 0x21, 0x00, 0x00, 0x70, 0x3B, 0x81,
    0xDC, 0x0E, 0xE0, 0x77, 0x03, 0xB8, 0x1D, 0xC0, 0xEE, 0x07, 0x70, 0x3B, 0x81, 0xDC, 0x0E, 0xE0,
    0x77, 0x87, 0x9F, 0xF8, 0x7F, 0x81, 0xF8, 0x00, 0x1E, 0x07, 0xE1, 0xCE, 0x10, 0x80, 0x01, 0xC3,
    0xB8, 0x77, 0x0E, 0xE1, 0xDC, 0x3B, 0x87, 0x70, 0xEE, 0x1D, 0xE7, 0xBF, 0xF3, 0xFE, 0x3D, 0xC0,
    0x1F, 0x83, 0xFE, 0x79, 0xE7, 0x07, 0x70, 0x07, 0xE0, 0x3F, 0xC1, 0xFE, 0x01, 0xF0, 0x07, 0xF0,
    0x77, 0x8F, 0x7F, 0xE1, 0xFC, 0x00, 0x00, 0x70, 0x07, 0x00, 0x70, 0x06, 0x00, 0x1F, 0x87, 0xF9,
    0xE7, 0x38, 0x67, 0xE0, 0x7F, 0x80, 0xF8, 0x07, 0x79, 0xEF, 0xF8, 0x7E, 0x00, 0x00, 0xE0, 0x1C,
    0x03, 0x80, 0x60, 0xFF, 0xFF, 0xFF, 0x07, 0x00, 0x70, 0x07, 0x00, 0x70, 0x07, 0x00, 0x70, 0x07,
    0x00, 0x70, 0x07, 0x00, 0x70, 0x07, 0x00, 0x70, 0x00, 0x00, 0x70, 0x07, 0x00, 0x70, 0x06, 0x00,
    0x70, 0xE1, 0xC7, 0xFF, 0xEE, 0x1C, 0x38, 0x70, 0xE1, 0xC3, 0xC3, 0xE7, 0xC0, 0x1C, 0x38, 0x70,
    0xC0, 0x3F, 0x87, 0xFC, 0xFF, 0xEE, 0x0E, 0x00, 0xE0, 0x0E, 0x00, 0xE0, 0x1C, 0x07, 0xC1, 0xFE,
    0x7F, 0xE7, 0x8E, 0x40, 0xE0, 0x0E, 0x01, 0xE0, 0x1C, 0x07, 0xC1, 0xF8, 0x7E, 0x07, 0xC0, 0x40,
    0x00, 0x3E, 0x1F, 0xEF, 0xFB, 0x8E, 0x03, 0x80, 0xE0, 0x70, 0x7C, 0x7F, 0x9C, 0xE0, 0x38, 0x0E,
    0x07, 0x87, 0xC7, 0xE1, 0xF0, 0x60, 0x00, 0x18, 0xC0, 0xEE, 0x03, 0xE0, 0x0E, 0x00, 0x00, 0x70,
    0x1F, 0x80, 0xFC, 0x07, 0xE0, 0x3F, 0x01, 0xF8, 0x0F, 0xFF, 0xFF, 0xFF, 0xFF, 0xFF, 0x80, 0xFC,
    0x07, 0xE0, 0x3F, 0x01, 0xF8, 0x0F, 0xC0, 0x7E, 0x03, 0x80, 0x63, 0x01, 0xDC, 0x03, 0xE0, 0x07,
    0x00, 0x00, 0x00, 0x70, 0x01, 0xC0, 0x07, 0x00, 0x1C, 0x00, 0x77, 0x81, 0xFF, 0x07, 0xFE, 0x1E,
    0x38, 0x70, 0xE1, 0xC3, 0x87, 0x0E, 0x1C, 0x38, 0x70, 0xE1, 0xC3, 0x87, 0x0E, 0x1C, 0x38, 0x61,
    0xC3, 0x87, 0x18, 0xE7, 0x18, 0x18, 0x3C, 0x7E, 0x66, 0x00, 0x7A, 0x7E, 0x5E, 0x00, 0x03, 0xFF,
    0xC0, 0xEF, 0xFD, 0xF0, 0xFF, 0x80, 0xEF, 0xDF, 0xB8, 0xEF, 0x76, 0x77, 0xF7, 0xF7, 0x00, 0x39,
    0xCE, 0x71, 0x98, 0x00, 0x66, 0x7E, 0x3E, 0x3C, 0x77, 0x1D, 0x86, 0xE0, 0x7F, 0xF0, 0x73, 0x9C,
    0xEE, 0x70, 0x00, 0x73, 0x9C, 0xEE, 0x70, 0x00, 0x73, 0x9D, 0xEE, 0x00, 0xEE, 0xE0, 0xFF, 0xE0,
    0x66, 0x7F, 0xE0, 0x26, 0xCF, 0x70, 0x73, 0x9F, 0x87, 0x80, 0x01, 0x01, 0x80, 0xC0, 0xC0, 0x60,
    0x60, 0x30, 0x10, 0x18, 0x08, 0x0C, 0x06, 0x06, 0x03, 0x03, 0x00, 0x00, 0x30, 0x01, 0x80, 0x18,
    0x00, 0x80, 0x0C, 0x00, 0x40, 0x06, 0x00, 0x60, 0x02, 0x00, 0x30, 0x01, 0x00, 0x18, 0x01, 0x80,
    0x08, 0x00, 0xC0, 0x04, 0x00, 0x60, 0x00, 0x77, 0xFF, 0x70, 0x73, 0x99, 0xC0, 0xFF, 0xFF, 0x1E,
    0x3C, 0x60, 0xFF, 0xFF, 0xFF, 0xFF, 0xFF, 0xC0, 0xCF, 0x3C, 0xF3, 0xCC, 0x7F, 0xFE, 0x31, 0x8C,
    0x00, 0x7F, 0xFF, 0xFE, 0x10, 0x1C, 0x0E, 0x0E, 0x4F, 0xE7, 0xF7, 0x70, 0x20, 0x38, 0x1C, 0x00,
    0x73, 0xFE, 0x73, 0xFF, 0xCE, 0x33, 0x18, 0x6F, 0xFD, 0x86, 0x31, 0x00, 0x23, 0xBE, 0x42, 0x00,
    0x00, 0xC0, 0xF8, 0x7F, 0x0F, 0x1F, 0xFC, 0xF0, 0x80, 0x69, 0x3C, 0x7E, 0xEE, 0xC7, 0x10, 0x38,
    0x38, 0x03, 0x67, 0x1C, 0xF8, 0x00, 0x00, 0x7F, 0xB8, 0x78, 0x20, 0x03, 0x87, 0x8F, 0xF2, 0x00,
    0x00, 0x0C, 0x18, 0xF9, 0xC1, 0xDC, 0xFB, 0x6C, 0x26, 0xDD, 0xBC, 0x00, 0xEE, 0xE0, 0x25, 0x1C,
    0xE5, 0x00, 0x7F, 0x44, 0x62, 0x2F, 0xE0, 0x63, 0x3E, 0x63, 0x00, 0x60, 0x07, 0x78, 0x1E, 0x3F,
    0xFC, 0x0F, 0xF0, 0x70, 0x07, 0x1C, 0x07, 0x07, 0xFF, 0x00, 0xFE, 0x00, 0xFF, 0xFF, 0xFF, 0xFF,
    0xFF, 0xFF, 0x00, 0x00, 0x00, 0xFF, 0x80, 0x37, 0xFF, 0xFF, 0xD8, 0x07, 0xFE, 0x00, 0x00, 0x00,
    0x07, 0xF0, 0x0F, 0xFE, 0x0F, 0x07, 0x8E, 0x00, 0xE0, 0x00, 0x06, 0x00, 0x00, 0xCF, 0xFF, 0xF8,
    0x00, 0x1C, 0x00, 0x06, 0x00, 0x73, 0x67, 0xB6, 0xDB, 0xE0, 0x73, 0x6C, 0xFF, 0xC9, 0xE0, 0x00,
    0xFF, 0xFF, 0x7B, 0x7C, 0xF3, 0xCD, 0xE0, 0x00, 0xDE, 0xF7, 0xBD, 0xFC, 0x00, 0x76, 0xF1, 0x8C,
    0xBC, 0x00, 0x18, 0xDF, 0xBD, 0xEF, 0x6F, 0xC6, 0x3D, 0xBD, 0xEF, 0x7B, 0xFF, 0x6C, 0xF6, 0x7B,
    0x3D, 0x9E, 0xCC, 0xFF, 0xCC, 0xCC, 0x06, 0xF6, 0x66, 0x67, 0x00, 0x6C, 0xD9, 0xB1, 0xC3, 0x87,
    0x00, 0x6C, 0x78, 0xE1, 0xC3, 0xCD, 0x80, 0x38, 0x07, 0x00, 0xC0, 0x00, 0xFF, 0xFF, 0xFF, 0xFF,
    0x80, 0xE0, 0x38, 0x0E, 0x03, 0xFF, 0xFF, 0xFF, 0xEE, 0x03, 0x80, 0xE0, 0x3F, 0xFF, 0xFF, 0xFF,
    0x73, 0x9C, 0xE7, 0x38, 0x00, 0xFF, 0xFF, 0xFE, 0x03, 0x80, 0xE0, 0x38, 0x0F, 0xFF, 0xFF, 0xE0,
    0x38, 0x0E, 0x03, 0x80, 0xFF, 0xFF, 0xF0, 0xFF, 0xF0, 0xFF, 0xF0, 0x07, 0x00, 0x07, 0x00, 0x07,
    0x00, 0x07, 0xFC, 0x07, 0xFE, 0x07, 0x8F, 0x07, 0x07, 0x07, 0x07, 0x07, 0x07, 0x07, 0x1F, 0x07,
    0x7E, 0x07, 0x7C, 0x07, 0x83, 0xC0, 0xE0, 0x00, 0xFF, 0xFF, 0xFE, 0x03, 0x80, 0xE0, 0x38, 0x0E,
    0x03, 0x80, 0xE0, 0x38, 0x0E, 0x03, 0x80, 0xE0, 0x38, 0x00, 0x1F, 0xC1, 0xFF, 0x1E, 0x7D, 0xE0,
    0xEF, 0x07, 0x78, 0x03, 0xFC, 0x1F, 0xE0, 0xE0, 0x07, 0x83, 0xBC, 0x1C, 0xFB, 0xE3, 0xFE, 0x0F,
    0xE0, 0x1F, 0x83, 0xFE, 0x79, 0xE7, 0x07, 0x70, 0x07, 0xE0, 0x3F, 0xC1, 0xFE, 0x01, 0xF0, 0x07,
    0xF0, 0x77, 0x8F, 0x7F, 0xE1, 0xFC, 0xFF, 0xFF, 0xFF, 0xFF, 0xFF, 0xC0, 0xE7, 0xE7, 0xE7, 0x00,
    0x1C, 0x1C, 0x1C, 0x1C, 0x1C, 0x1C, 0x1C, 0x1C, 0x1C, 0x1C, 0x1C, 0x1C, 0x1C, 0x1C, 0x01, 0xC0,
    0x70, 0x1C, 0x07, 0x01, 0xC0, 0x70, 0x1C, 0x07, 0x01, 0xC0, 0x7E, 0x1F, 0xCE, 0x7F, 0x8F, 0xC0,
    0x3F, 0xF0, 0x01, 0xFF, 0x80, 0x0E, 0x1C, 0x00, 0x70, 0xE0, 0x03, 0x87, 0x00, 0x1C, 0x3F, 0xF0,
    0xE1, 0xFF, 0xC7, 0x0E, 0x0F, 0x38, 0x70, 0x39, 0xC3, 0x81, 0xCC, 0x1C, 0x0E, 0xE0, 0xE1, 0xFF,
    0x07, 0xFF, 0x70, 0x3F, 0xE0, 0xE0, 0x70, 0x0E, 0x07, 0x00, 0xE0, 0x70, 0x0E, 0x07, 0x00, 0xE0,
    0x70, 0x0F, 0xFF, 0xFC, 0xFF, 0xFF, 0xEE, 0x07, 0x0F, 0xE0, 0x70, 0x7E, 0x07, 0x07, 0xE0, 0x70,
    0x7E, 0x07, 0xFF, 0xE0, 0x7F, 0xEE, 0x07, 0xFC, 0xFF, 0xF0, 0xFF, 0xF0, 0x07, 0x00, 0x07, 0x00,
    0x07, 0x00, 0x07, 0xFE, 0x07, 0xFE, 0x07, 0x8F, 0x07, 0x07, 0x07, 0x07, 0x07, 0x07, 0x07, 0x07,
    0x07, 0x07, 0x07, 0x07, 0x03, 0xC0, 0x3C, 0x01, 0xC0, 0x00, 0x0E, 0x0F, 0x70, 0xF3, 0x87, 0x1C,
    0x70, 0xE7, 0x07, 0x78, 0x3F, 0x81, 0xFC, 0x0E, 0xF0, 0x73, 0xC3, 0x8F, 0x1C, 0x38, 0xE1, 0xE7,
    0x07, 0x80, 0x1C, 0x00, 0x38, 0x00, 0x60, 0x00, 0x00, 0xE0, 0x7B, 0x81, 0xEE, 0x0F, 0xB8, 0x7E,
    0xE1, 0xFB, 0x8E, 0xEE, 0x3B, 0xB9, 0xCE, 0xE7, 0x3B, 0xB8, 0xEF, 0xE3, 0xBF, 0x0E, 0xFC, 0x3B,
    0xE0, 0xEF, 0x03, 0xBC, 0x0E, 0x0E, 0x60, 0x1D, 0xE0, 0x3F, 0x80, 0x3E, 0x00, 0x00, 0x0F, 0x03,
    0xCE, 0x07, 0x1E, 0x1E, 0x1C, 0x38, 0x3C, 0xF0, 0x39, 0xC0, 0x3B, 0x80, 0x7E, 0x00, 0x7C, 0x00,
    0xF0, 0x00, 0xE0, 0x0F, 0x80, 0x1F, 0x00, 0x3C, 0x00, 0xE0, 0x7E, 0x07, 0xE0, 0x7E, 0x07, 0xE0,
    0x7E, 0x07, 0xE0, 0x7E, 0x07, 0xE0, 0x7E, 0x07, 0xE0, 0x7F, 0xFF, 0xFF, 0xFF, 0xFF, 0x07, 0x00,
    0x70, 0x07, 0x00, 0x07, 0x80, 0x0F, 0x00, 0x1F, 0x00, 0x7E, 0x00, 0xFE, 0x03, 0xDC, 0x07, 0x38,
    0x0E, 0x78, 0x3F, 0xF0, 0x7F, 0xF1, 0xFF, 0xE3, 0x81, 0xC7, 0x03, 0xDE, 0x03, 0x80, 0xFF, 0xEF,
    0xFE, 0xE0, 0x0E, 0x00, 0xE0, 0x0F, 0xF8, 0xFF, 0xEE, 0x1E, 0xE0, 0x7E, 0x07, 0xE0, 0x7E, 0x1E,
    0xFF, 0xEF, 0xF8, 0xFF, 0x8F, 0xFC, 0xE1, 0xEE, 0x0E, 0xE0, 0xEE, 0x1E, 0xFF, 0xCF, 0xFE, 0xE0,
    0xFE, 0x07, 0xE0, 0x7E, 0x1F, 0xFF, 0xEF, 0xFC, 0xFF, 0xFF, 0xFE, 0x03, 0x80, 0xE0, 0x38, 0x0E,
    0x03, 0x80, 0xE0, 0x38, 0x0E, 0x03, 0x80, 0xE0, 0x38, 0x00, 0x1F, 0xF8, 0x3F, 0xF0, 0x70, 0xE0,
    0xE1, 0xC1, 0xC3, 0x83, 0x87, 0x07, 0x0E, 0x0E, 0x1C, 0x1C, 0x38, 0x70, 0x70, 0xE0, 0xE1, 0xC1,
    0xCF, 0xFF, 0xFF, 0xFF, 0xF8, 0x03, 0xF0, 0x07, 0xE0, 0x0E, 0xFF, 0xFF, 0xFE, 0x03, 0x80, 0xE0,
    0x38, 0x0F, 0xFF, 0xFF, 0xE0, 0x38, 0x0E, 0x03, 0x80, 0xFF, 0xFF, 0xF0, 0x78, 0x70, 0xF1, 0xC3,
    0x87, 0x0F, 0x1C, 0x70, 0x3C, 0xE7, 0x80, 0xE7, 0x38, 0x03, 0xBB, 0x80, 0x1F, 0xFC, 0x00, 0xFF,
    0xE0, 0x0F, 0x77, 0x80, 0x73, 0x9C, 0x07, 0x1C, 0xF0, 0x78, 0xE3, 0xC7, 0x87, 0x0E, 0x38, 0x38,
    0x78, 0x1F, 0xC3, 0xFF, 0x1F, 0x3C, 0xE0, 0xE0, 0x0F, 0x03, 0xF0, 0x1F, 0xC0, 0x1E, 0x00, 0x3B,
    0x81, 0xDC, 0x0E, 0xF9, 0xE3, 0xFF, 0x0F, 0xE0, 0xE0, 0x7E, 0x0F, 0xE1, 0xFE, 0x1F, 0xE3, 0xFE,
    0x7F, 0xE7, 0x7E, 0xE7, 0xFE, 0x7F, 0xC7, 0xF8, 0x7F, 0x87, 0xF0, 0x7E, 0x07, 0x19, 0xC3, 0x9C,
    0x3F, 0xC1, 0xF8, 0x00, 0x0E, 0x07, 0xE0, 0xFE, 0x1F, 0xE1, 0xFE, 0x3F, 0xE7, 0xFE, 0x77, 0xEE,
    0x7F, 0xE7, 0xFC, 0x7F, 0x87, 0xF8, 0x7F, 0x07, 0xE0, 0x70, 0xE0, 0xF7, 0x0F, 0x38, 0x71, 0xC7,
    0x0E, 0x70, 0x77, 0x83, 0xF8, 0x1F, 0xC0, 0xEF, 0x07, 0x3C, 0x38, 0xF1, 0xC3, 0x8E, 0x1E, 0x70,
    0x78, 0x3F, 0xF9, 0xFF, 0xCE, 0x0E, 0x70, 0x73, 0x83, 0x9C, 0x1C, 0xE0, 0xE7, 0x07, 0x38, 0x39,
    0xC1, 0xCC, 0x0E, 0xE0, 0x7F, 0x03, 0xF0, 0x1C, 0xE0, 0x0F, 0xE0, 0x3F, 0xC0, 0x7F, 0xC1, 0xFF,
    0xC7, 0xFF, 0x8F, 0xFB, 0xBB, 0xF7, 0xF7, 0xE7, 0xCF, 0xCF, 0x1F, 0x8E, 0x3F, 0x00, 0x7E, 0x00,
    0xFC, 0x01, 0xC0, 0xE0, 0x7E, 0x07, 0xE0, 0x7E, 0x07, 0xE0, 0x7E, 0x07, 0xFF, 0xFF, 0xFF, 0xE0,
    0x7E, 0x07, 0xE0, 0x7E, 0x07, 0xE0, 0x7E, 0x07, 0x0F, 0xC0, 0xFF, 0xC7, 0xCF, 0x9C, 0x0E, 0xE0,
    0x1F, 0x80, 0x7E, 0x01, 0xF8, 0x07, 0xE0, 0x1F, 0x80, 0x77, 0x03, 0x9F, 0x3E, 0x3F, 0xF0, 0x3F,
    0x00, 0xFF, 0xFF, 0xFF, 0xE0, 0x7E, 0x07, 0xE0, 0x7E, 0x07, 0xE0, 0x7E, 0x07, 0xE0, 0x7E, 0x07,
    0xE0, 0x7E, 0x07, 0xE0, 0x7E, 0x07, 0xFF, 0x9F, 0xFB, 0x8F, 0xF0, 0x7E, 0x0F, 0xC1, 0xF8, 0xFF,
    0xFE, 0xFF, 0x9C, 0x03, 0x80, 0x70, 0x0E, 0x01, 0xC0, 0x00, 0x1F, 0xC1, 0xFF, 0x1E, 0x7D, 0xE0,
    0xEE, 0x07, 0x70, 0x03, 0x80, 0x1C, 0x00, 0xE0, 0x07, 0x03, 0xBC, 0x1C, 0xF3, 0xE3, 0xFE, 0x0F,
    0xE0, 0xFF, 0xFF, 0xFF, 0x07, 0x00, 0x70, 0x07, 0x00, 0x70, 0x07, 0x00, 0x70, 0x07, 0x00, 0x70,
    0x07, 0x00, 0x70, 0x07, 0x00, 0x70, 0x78, 0x1E, 0x70, 0x38, 0xF0, 0xF0, 0xE1, 0xC1, 0xE7, 0x81,
    0xCE, 0x03, 0xDC, 0x03, 0xF0, 0x03, 0xE0, 0x07, 0x80, 0x0F, 0x00, 0x1C, 0x00, 0xF8, 0x01, 0xE0,
    0x00, 0x01, 0xC0, 0x07, 0xFC, 0x0F, 0xFF, 0x8F, 0xBB, 0xEF, 0x1C, 0x77, 0x0E, 0x1F, 0x87, 0x0F,
    0xC3, 0x87, 0xE1, 0xC3, 0xF0, 0xE3, 0x9E, 0x73, 0xC7, 0xFF, 0xC1, 0xFF, 0xC0, 0x0E, 0x00, 0x07,
    0x00, 0x78, 0x3C, 0x70, 0xF0, 0xF1, 0xC0, 0xF7, 0x80, 0xFE, 0x01, 0xF8, 0x01, 0xF0, 0x03, 0xE0,
    0x0F, 0xE0, 0x3D, 0xC0, 0x73, 0xC1, 0xE3, 0xC7, 0x83, 0x8E, 0x07, 0x80, 0xE0, 0x73, 0x81, 0xCE,
    0x07, 0x38, 0x1C, 0xE0, 0x73, 0x81, 0xCE, 0x07, 0x38, 0x1C, 0xE0, 0x73, 0x81, 0xCE, 0x07, 0x3F,
    0xFF, 0xFF, 0xFF, 0xFF, 0xF0, 0x01, 0xC0, 0x07, 0x00, 0x18, 0xE0, 0xFC, 0x1F, 0x83, 0xF0, 0x7E,
    0x0F, 0xC1, 0xFF, 0xFB, 0xFF, 0x3F, 0xE0, 0x1C, 0x03, 0x80, 0x70, 0x0E, 0x01, 0xC0, 0xE1, 0xC3,
    0xB8, 0x70, 0xEE, 0x1C, 0x3B, 0x87, 0x0E, 0xE1, 0xC3, 0xB8, 0x70, 0xEE, 0x1C, 0x3B, 0x87, 0x0E,
    0xE1, 0xC3, 0xB8, 0x70, 0xEE, 0x1C, 0x3B, 0xFF, 0xFE, 0xFF, 0xFF, 0xBF, 0xFF, 0xE0, 0xE1, 0xC3,
    0x9C, 0x38, 0x73, 0x87, 0x0E, 0x70, 0xE1, 0xCE, 0x1C, 0x39, 0xC3, 0x87, 0x38, 0x70, 0xE7, 0x0E,
    0x1C, 0xE1, 0xC3, 0x9C, 0x38, 0x73, 0x87, 0x0E, 0x7F, 0xFF, 0xFF, 0xFF, 0xFF, 0xFF, 0xFF, 0xC0,
    0x00, 0x38, 0x00, 0x07, 0x00, 0x00, 0x60, 0xFC, 0x03, 0xF0, 0x01, 0xC0, 0x07, 0x00, 0x1C, 0x00,
    0x7F, 0xC1, 0xFF, 0x87, 0x1F, 0x1C, 0x1C, 0x70, 0x71, 0xC1, 0xC7, 0x1F, 0x1F, 0xF8, 0x7F, 0xC0,
    0xE0, 0x07, 0xE0, 0x07, 0xE0, 0x07, 0xE0, 0x07, 0xE0, 0x07, 0xFF, 0x07, 0xFF, 0xC7, 0xE3, 0xC7,
    0xE0, 0xE7, 0xE0, 0xE7, 0xE0, 0xE7, 0xFF, 0xC7, 0xFF, 0xC7, 0xFF, 0x07, 0xE0, 0x1C, 0x03, 0x80,
    0x70, 0x0E, 0x01, 0xFF, 0x3F, 0xF7, 0x1F, 0xE0, 0xFC, 0x1F, 0x83, 0xFF, 0xFF, 0xFD, 0xFF, 0x00,
    0x1F, 0xC1, 0xFF, 0x1F, 0x7C, 0xE0, 0xF7, 0x07, 0x80, 0x3C, 0x1F, 0xE0, 0xFF, 0x00, 0x3B, 0x83,
    0xDC, 0x1E, 0xFB, 0xE3, 0xFE, 0x0F, 0xE0, 0xE0, 0xFC, 0x71, 0xFF, 0x39, 0xF3, 0xDC, 0xF0, 0xFE,
    0x70, 0x3F, 0xF8, 0x1F, 0xFC, 0x0F, 0xDE, 0x07, 0xE7, 0x03, 0xF3, 0x81, 0xF9, 0xE1, 0xFC, 0x79,
    0xEE, 0x1F, 0xE7, 0x07, 0xE0, 0x1F, 0xF3, 0xFF, 0x7C, 0x77, 0x07, 0x70, 0x77, 0x07, 0x7C, 0x73,
    0xFF, 0x1F, 0xF1, 0xE7, 0x1C, 0x73, 0x87, 0x78, 0x77, 0x07, 0x3F, 0x0F, 0xF1, 0xCF, 0x00, 0xE7,
    0xFD, 0xFF, 0xBC, 0x77, 0x0E, 0xF7, 0xCF, 0xF8, 0xF7, 0x00, 0x00, 0x03, 0xF8, 0xFF, 0x3C, 0x0E,
    0xF9, 0xFF, 0xBE, 0xF7, 0x07, 0xE0, 0xFC, 0x1F, 0x83, 0xF0, 0xF7, 0xBC, 0x7F, 0x07, 0xC0, 0xFF,
    0x3F, 0xEE, 0x3F, 0x87, 0xE3, 0xFF, 0xEF, 0xFB, 0x87, 0xE3, 0xFF, 0xFF, 0xF8, 0xFF, 0xFF, 0xE0,
    0xE0, 0xE0, 0xE0, 0xE0, 0xE0, 0xE0, 0xE0, 0xE0, 0x3F, 0xE3, 0xFE, 0x38, 0xE3, 0x8E, 0x38, 0xE3,
    0x8E, 0x38, 0xE3, 0x8E, 0x78, 0xEF, 0xFF, 0xFF, 0xFE, 0x07, 0xE0, 0x7E, 0x07, 0x1F, 0x0F, 0xF9,
    0xC7, 0x70, 0x7F, 0xFF, 0xFF, 0xF8, 0x07, 0x00, 0x79, 0xCF, 0xF8, 0x7C, 0x00, 0x71, 0xC7, 0x38,
    0xE3, 0x8E, 0x73, 0x83, 0xBB, 0x81, 0xDD, 0xC0, 0x7F, 0xC0, 0x7F, 0xE0, 0x3B, 0xB8, 0x39, 0xCE,
    0x38, 0xE7, 0xBC, 0x71, 0xC0, 0x3F, 0x1F, 0xE7, 0x3C, 0x07, 0x0F, 0x83, 0xE0, 0x3D, 0x87, 0x73,
    0xDF, 0xE3, 0xF0, 0xE1, 0xF8, 0xFE, 0x3F, 0x9F, 0xEF, 0xFB, 0x7F, 0xDF, 0xE7, 0xF1, 0xFC, 0x7E,
    0x1C, 0x73, 0x9F, 0xE3, 0xF0, 0x00, 0xE1, 0xF8, 0xFE, 0x3F, 0x9F, 0xEF, 0xFB, 0x7F, 0xDF, 0xE7,
    0xF1, 0xFC, 0x7E, 0x1C, 0xE1, 0xDC, 0x73, 0x9E, 0x73, 0x8E, 0xE1, 0xF8, 0x3F, 0x87, 0x78, 0xE7,
    0x9C, 0x73, 0x87, 0x00, 0x3F, 0xE7, 0xFC, 0xE3, 0x9C, 0x73, 0x8E, 0x71, 0xCE, 0x39, 0xC7, 0x70,
    0xFE, 0x1F, 0x83, 0x80, 0xF0, 0x7F, 0x83, 0xFE, 0x3F, 0xF1, 0xFF, 0xDF, 0xF7, 0xDF, 0xBE, 0xFC,
    0xE7, 0xE7, 0x3F, 0x01, 0xF8, 0x0E, 0xE1, 0xF8, 0x7E, 0x1F, 0x87, 0xE1, 0xFF, 0xFF, 0xFF, 0x87,
    0xE1, 0xF8, 0x7E, 0x1C, 0x1F, 0x0F, 0xF9, 0xEF, 0x70, 0x7E, 0x0F, 0xC1, 0xF8, 0x3F, 0x07, 0x7B,
    0xCF, 0xF8, 0x7C, 0x00, 0xFF, 0xFF, 0xFE, 0x1F, 0x87, 0xE1, 0xF8, 0x7E, 0x1F, 0x87, 0xE1, 0xF8,
    0x7E, 0x1C, 0xEF, 0x9F, 0xFB, 0xEF, 0x70, 0x7E, 0x0F, 0xC1, 0xF8, 0x3F, 0x0F, 0xFB, 0xDF, 0xFB,
    0xBE, 0x70, 0x0E, 0x01, 0xC0, 0x38, 0x00, 0x1F, 0x0F, 0xF9, 0xEF, 0x70, 0xEE, 0x01, 0xC0, 0x38,
    0x07, 0x0E, 0x7B, 0xCF, 0xF0, 0x7C, 0x00, 0xFF, 0xFF, 0xF1, 0xC0, 0x70, 0x1C, 0x07, 0x01, 0xC0,
    0x70, 0x1C, 0x07, 0x01, 0xC0, 0x70, 0x73, 0xC3, 0x8E, 0x38, 0x71, 0xC1, 0xCE, 0x0E, 0xE0, 0x7F,
    0x01, 0xF8, 0x0F, 0x80, 0x3C, 0x01, 0xC0, 0x0E, 0x00, 0xE0, 0x0F, 0x00, 0x70, 0x00, 0x03, 0x80,
    0x07, 0x00, 0x0E, 0x00, 0xFF, 0x87, 0xFF, 0xCF, 0x77, 0xB8, 0xE7, 0xF1, 0xC7, 0xE3, 0x8F, 0xC7,
    0x1F, 0x8E, 0x7B, 0xDD, 0xE7, 0xFF, 0x83, 0xFE, 0x00, 0xE0, 0x01, 0xC0, 0x03, 0x80, 0x07, 0x00,
    0x70, 0xE7, 0x9C, 0x39, 0xC1, 0xF8, 0x1F, 0x00, 0xF0, 0x1F, 0x83, 0xF8, 0x39, 0xC7, 0x1E, 0x70,
    0xE0, 0xE1, 0xCE, 0x1C, 0xE1, 0xCE, 0x1C, 0xE1, 0xCE, 0x1C, 0xE1, 0xCE, 0x1C, 0xE1, 0xCF, 0xFF,
    0xFF, 0xF0, 0x07, 0x00, 0x70, 0x07, 0xE1, 0xF8, 0x7E, 0x1F, 0x87, 0xE1, 0xFC, 0xF7, 0xFC, 0xFF,
    0x01, 0xC0, 0x70, 0x1C, 0xE3, 0x8F, 0xC7, 0x1F, 0x8E, 0x3F, 0x1C, 0x7E, 0x38, 0xFC, 0x71, 0xF8,
    0xE3, 0xF1, 0xC7, 0xE3, 0x8F, 0xFF, 0xFF, 0xFF, 0xF8, 0xE3, 0x8E, 0x71, 0xC7, 0x38, 0xE3, 0x9C,
    0x71, 0xCE, 0x38, 0xE7, 0x1C, 0x73, 0x8E, 0x39, 0xC7, 0x1C, 0xE3, 0x8E, 0x7F, 0xFF, 0xFF, 0xFF,
    0xE0, 0x00, 0x70, 0x00, 0x38, 0x00, 0x1C, 0xFC, 0x0F, 0xC0, 0x1C, 0x01, 0xC0, 0x1F, 0xE1, 0xFF,
    0x1C, 0x71, 0xC7, 0x1C, 0xF1, 0xFF, 0x1F, 0xC0, 0xE0, 0x3F, 0x01, 0xF8, 0x0F, 0xC0, 0x7F, 0xF3,
    0xFF, 0xDF, 0x8E, 0xFC, 0x77, 0xE3, 0xBF, 0xF9, 0xFF, 0x8E, 0xE0, 0x38, 0x0E, 0x03, 0x80, 0xFF,
    0xBF, 0xEE, 0x3F, 0x87, 0xE3, 0xFF, 0xEF, 0xF0, 0x3F, 0x0F, 0xFB, 0xCF, 0x30, 0x70, 0xFE, 0x1F,
    0xC0, 0x3F, 0x07, 0x7B, 0xCF, 0xF8, 0x7C, 0x00, 0xE3, 0xE3, 0x9F, 0xEE, 0xF7, 0xFB, 0x87, 0xFC,
    0x1F, 0xF0, 0x7F, 0xC1, 0xFB, 0x87, 0xEF, 0x7B, 0x9F, 0xEE, 0x3E, 0x00, 0x1F, 0xE7, 0xFD, 0xE3,
    0xB8, 0x77, 0x0E, 0xFF, 0xCF, 0xF8, 0xE7, 0x38, 0xE7, 0x1D, 0xC3, 0x80, 0x18, 0x03, 0x80, 0x30,
    0x00, 0x00, 0x00, 0x3E, 0x0F, 0xE3, 0xFE, 0xF1, 0xFF, 0xFF, 0xFF, 0xFF, 0xFE, 0x01, 0xE1, 0x9F,
    0xF9, 0xFE, 0x1F, 0x80, 0x3B, 0x87, 0x70, 0xEE, 0x0F, 0x87, 0xFC, 0xE3, 0xB8, 0x3F, 0xFF, 0xFF,
    0xFC, 0x03, 0x80, 0x3C, 0xE7, 0xFC, 0x3E, 0x00, 0x38, 0x03, 0x80, 0x38, 0x0F, 0xF8, 0xFF, 0x83,
    0x80, 0x3B, 0xC3, 0xFE, 0x3C, 0xF3, 0x87, 0x38, 0x73, 0x87, 0x38, 0x73, 0x87, 0x00, 0x70, 0x0F,
    0x01, 0xF0, 0x1E, 0x07, 0x07, 0x07, 0x00, 0x0F, 0xF7, 0xFB, 0x81, 0xC0, 0xE0, 0x70, 0x38, 0x1C,
    0x0E, 0x07, 0x03, 0x80, 0x1F, 0x8F, 0xF9, 0xE7, 0xF0, 0x6F, 0xE1, 0xFC, 0x38, 0x07, 0x07, 0x7B,
    0xCF, 0xF8, 0x7C, 0x00, 0x1F, 0x87, 0xF9, 0xEF, 0x38, 0x67, 0xE0, 0x7F, 0x80, 0xF8, 0x07, 0x79,
    0xEF, 0xF8, 0x7E, 0x00, 0xFF, 0x8F, 0xFF, 0xFF, 0xFF, 0xF8, 0xEF, 0xDF, 0xB9, 0xC3, 0x87, 0x0E,
    0x1C, 0x38, 0x70, 0xE1, 0xC3, 0x87, 0x00, 0x39, 0xCE, 0x03, 0x9C, 0xE7, 0x39, 0xCE, 0x73, 0x9C,
    0xE7, 0x7F, 0xFC, 0x3F, 0xE0, 0x1F, 0xF0, 0x0E, 0x38, 0x07, 0x1C, 0x03, 0x8F, 0xF1, 0xC7, 0xFC,
    0xE3, 0x8E, 0x71, 0xC7, 0x70, 0xE7, 0xF8, 0x7F, 0xB8, 0x3F, 0x80, 0xE1, 0xC0, 0x70, 0xE0, 0x38,
    0x70, 0x1C, 0x38, 0x0F, 0xFF, 0xE7, 0xFF, 0xFB, 0x87, 0x1F, 0xC3, 0x87, 0xE1, 0xC7, 0xF0, 0xFF,
    0xB8, 0x7F, 0x80, 0x38, 0x03, 0x80, 0x38, 0x0F, 0xFC, 0xFF, 0xC3, 0x80, 0x3B, 0xC3, 0xFE, 0x3C,
    0xF3, 0x87, 0x38, 0x73, 0x87, 0x38, 0x73, 0x87, 0x03, 0x80, 0xE0, 0x38, 0x00, 0x0E, 0x1D, 0xC7,
    0x39, 0xE7, 0x38, 0xEE, 0x1F, 0x83, 0xF8, 0x77, 0x8E, 0x79, 0xC7, 0x38, 0x70, 0x38, 0x03, 0x80,
    0x30, 0x00, 0x00, 0x01, 0xC3, 0xB8, 0xF7, 0x1E, 0xE7, 0xDC, 0xFB, 0xBF, 0x7E, 0xEF, 0x9D, 0xF3,
    0xBC, 0x77, 0x8E, 0xE1, 0xC0, 0x1D, 0xC0, 0xFE, 0x01, 0xC0, 0x00, 0x07, 0x07, 0x3C, 0x38, 0xE3,
    0x87, 0x1C, 0x1C, 0xE0, 0xEE, 0x03, 0x70, 0x1F, 0x00, 0xF8, 0x03, 0xC0, 0x1C, 0x00, 0xE0, 0x0E,
    0x00, 0xF0, 0x07, 0x00, 0xE1, 0xF8, 0x7E, 0x1F, 0x87, 0xE1, 0xF8, 0x7E, 0x1F, 0x87, 0xE1, 0xFF,
    0xFF, 0xFC, 0x70, 0x1C, 0x07, 0x00, 0xE1, 0xC3, 0xB8, 0x70, 0xEE, 0x1C, 0x3B, 0x87, 0x0E, 0xE1,
    0xC3, 0xB8, 0x70, 0xEE, 0x1C, 0x3B, 0x87, 0x0E, 0xE1, 0xC3, 0xB8, 0x70, 0xEE, 0x1C, 0x3B, 0x87,
    0x0E, 0xF1, 0xE3, 0xBF, 0xFF, 0xE7, 0xFF, 0xF0, 0xF8, 0xF8, 0xE3, 0x87, 0xE3, 0x87, 0xE3, 0x87,
    0xE3, 0x87, 0xE3, 0x87, 0xE3, 0x87, 0xE3, 0x87, 0xE3, 0x87, 0xE3, 0x87, 0xFF, 0xFF, 0x7E, 0xFE,
    0x3C, 0x7C, 0x38, 0x00, 0xE0, 0x0F, 0xF8, 0x3F, 0xE0, 0x38, 0x00, 0xE0, 0x03, 0xFE, 0x0F, 0xFE,
    0x3F, 0xF8, 0xE0, 0xF3, 0x81, 0xCE, 0x07, 0x38, 0x3C, 0xFF, 0xE3, 0xFF, 0x8F, 0xF8, 0x38, 0x01,
    0xC0, 0x0E, 0x00, 0x70, 0x0F, 0xF8, 0x7F, 0xC3, 0xFE, 0x07, 0x00, 0x3F, 0xC1, 0xFF, 0x0F, 0xFC,
    0x70, 0xE3, 0x87, 0x1F, 0xF8, 0xFF, 0x87, 0xF8, 0xE0, 0x7E, 0x1C, 0x1F, 0xF3, 0x87, 0xFE, 0x71,
    0xE1, 0xEE, 0x78, 0x1D, 0xCF, 0x00, 0x3F, 0xFE, 0x07, 0xFF, 0xC0, 0xFF, 0xF8, 0x1C, 0xE0, 0x03,
    0x9E, 0x00, 0x73, 0xC0, 0xFE, 0x3C, 0x3D, 0xC3, 0xFF, 0x38, 0x3F, 0xE7, 0x03, 0xF0, 0xE0, 0xF9,
    0xC7, 0xFB, 0x8F, 0xFF, 0x3C, 0x7E, 0x70, 0x7F, 0xFC, 0x3F, 0xF8, 0x73, 0x80, 0xE7, 0x8F, 0xC7,
    0xFF, 0x8F, 0xF7, 0x07, 0xC0, 0x03, 0xE0, 0x03, 0xE0, 0x07, 0xF0, 0x07, 0xF0, 0x07, 0x70, 0x0F,
    0x78, 0x0F, 0x78, 0x1E, 0x38, 0x1E, 0x38, 0x1F, 0xFC, 0x3F, 0xFC, 0x3D, 0xDC, 0x3D, 0xDE, 0x79,
    0xDE, 0x79, 0xCE, 0x71, 0xCF, 0x0F, 0x00, 0xF0, 0x0F, 0x01, 0xF8, 0x1F, 0x81, 0x98, 0x3F, 0xC3,
    0xFC, 0x7F, 0xE7, 0x6E, 0x76, 0xEF, 0x6F, 0xE0, 0x7C, 0x1C, 0x0F, 0x83, 0x83, 0xF8, 0x70, 0x7F,
    0x0E, 0x0E, 0xE1, 0xC3, 0xDE, 0x38, 0x73, 0xC7, 0x0E, 0x78, 0xE3, 0xC7, 0x1F, 0xFF, 0xF3, 0xFF,
    0xFE, 0x73, 0xDD, 0xCE, 0x7B, 0xBD, 0xCE, 0x77, 0xB9, 0xCE, 0x77, 0x79, 0xCF, 0xE0, 0xF0, 0xE0,
    0xF0, 0xE1, 0xF0, 0xE1, 0xF8, 0xE1, 0xF8, 0xE3, 0x98, 0xFF, 0xFC, 0xFF, 0xFC, 0xE7, 0xFE, 0xE7,
    0x6E, 0xE7, 0x6E, 0xEF, 0x6F, 0x7F, 0xFE, 0x3F, 0xFC, 0x3F, 0xFC, 0x1C, 0x78, 0x1C, 0x70, 0x0E,
    0xF0, 0x0E, 0xE0, 0x0F, 0xF0, 0x3F, 0xFC, 0x7F, 0xFE, 0xF3, 0x8F, 0xE3, 0x87, 0xE3, 0x87, 0xE3,
    0x87, 0xE3, 0x87, 0xE3, 0x87, 0x7F, 0xF1, 0xFF, 0x8F, 0xF8, 0x3B, 0xC1, 0xDC, 0x0F, 0xE1, 0xFF,
    0xDF, 0xFF, 0xF7, 0x7F, 0x39, 0xF9, 0xCF, 0xCE, 0x70, 0xE1, 0xFF, 0xFB, 0x83, 0xFF, 0xCE, 0x0F,
    0xFF, 0x38, 0x1E, 0x38, 0xE0, 0x38, 0xE3, 0x80, 0xF7, 0x0E, 0x01, 0xDC, 0x3F, 0xFF, 0xF0, 0xFF,
    0xFF, 0xF3, 0xFF, 0xFF, 0xEE, 0x3C, 0x73, 0xF8, 0xE1, 0xC7, 0xE3, 0x87, 0x1F, 0x8E, 0x1C, 0x7E,
    0x38, 0x71, 0xF8, 0xE1, 0xC7, 0xE3, 0xFF, 0xDC, 0x3F, 0xF3, 0x87, 0xFE, 0x70, 0x7B, 0x8E, 0x07,
    0x71, 0xC0, 0xFE, 0x3F, 0xFF, 0xE7, 0xFF, 0xFE, 0xE7, 0x9D, 0xFC, 0xE3, 0x9F, 0x9C, 0x73, 0xF3,
    0x8E, 0x70, 0x31, 0x86, 0xE0, 0xF0, 0x10, 0x00, 0x1F, 0x87, 0xF0, 0xFE, 0x03, 0x80, 0xE0, 0x78,
    0x7C, 0x1F, 0x07, 0xE0, 0x3C, 0x07, 0x01, 0xC0, 0xF1, 0xFD, 0xFE, 0xFF, 0x38, 0x0E, 0x03, 0xC0,
    0x70, 0x00, 0x00, 0x73, 0x8F, 0xC1, 0xC0, 0x00, 0x00, 0x1F, 0x87, 0xF9, 0xFE, 0x03, 0x8F, 0xE3,
    0xF0, 0xFE, 0x03, 0x80, 0xE1, 0xF9, 0xFC, 0xFE, 0x38, 0x0F, 0x01, 0xE0, 0x38, 0x00, 0xE3, 0x8E,
    0xE3, 0x8E, 0xE3, 0x8E, 0xE3, 0x8E, 0xE3, 0x8E, 0xE3, 0x8E, 0xE3, 0x8E, 0xF3, 0x8E, 0x73, 0x9C,
    0x7F, 0xFC, 0x3F, 0xF8, 0x0F, 0xF0, 0x03, 0x80, 0x03, 0x80, 0x03, 0x80, 0x03, 0x80, 0x03, 0x80,
    0x07, 0x00, 0x0E, 0x07, 0x1C, 0x7E, 0x38, 0xFC, 0x71, 0xF8, 0xE3, 0xF1, 0xC7, 0xE3, 0x8F, 0xC7,
    0x1F, 0x8E, 0x7F, 0x9C, 0xF7, 0xFF, 0xC7, 0xFF, 0x07, 0xFC, 0x01, 0xC0, 0x03, 0x80, 0x07, 0x00,
    0x0E, 0x00, 0x0F, 0xC0, 0x3F, 0xE0, 0xFF, 0xE3, 0xC3, 0xCF, 0x03, 0xDE, 0x03, 0xBF, 0xFF, 0x7F,
    0xFE, 0xFF, 0xFD, 0xC0, 0x3B, 0xC0, 0x77, 0x81, 0xE7, 0x87, 0x87, 0xFF, 0x07, 0xFC, 0x07, 0xE0,
    0x1F, 0x03, 0xFC, 0x7F, 0xCF, 0x1E, 0xFC, 0xEF, 0xFE, 0xF7, 0xEE, 0x0E, 0xF1, 0xE7, 0xFC, 0x3F,
    0xC1, 0xF0, 0xF0, 0x0E, 0xE0, 0x3D, 0xE0, 0x7B, 0xC1, 0xE3, 0x83, 0x87, 0x07, 0x0F, 0x1E, 0x0E,
    0x38, 0x1C, 0x70, 0x3D, 0xE0, 0x3B, 0x80, 0x7F, 0x00, 0xFE, 0x00, 0xF8, 0x01, 0xF0, 0x03, 0xE0,
    0x70, 0x3B, 0xC3, 0xDE, 0x3E, 0x71, 0xC3, 0x8E, 0x1E, 0xE0, 0x77, 0x03, 0xB8, 0x1F, 0x80, 0x7C,
    0x03, 0xE0, 0x1E, 0x00, 0x1D, 0xC0, 0x3B, 0x80, 0x3B, 0x00, 0x00, 0x0F, 0x00, 0xEE, 0x03, 0xDE,
    0x07, 0xBC, 0x1E, 0x38, 0x38, 0x70, 0x70, 0xF1, 0xE0, 0xE3, 0x81, 0xC7, 0x03, 0xDE, 0x03, 0xB8,
    0x07, 0xF0, 0x0F, 0xE0, 0x0F, 0x80, 0x1F, 0x00, 0x3E, 0x00, 0x73, 0x81, 0xDC, 0x07, 0x60, 0x00,
    0x00, 0x00, 0x38, 0x1D, 0xE1, 0xEF, 0x1F, 0x38, 0xE1, 0xC7, 0x0F, 0x70, 0x3B, 0x81, 0xDC, 0x0F,
    0xC0, 0x3E, 0x01, 0xF0, 0x0F, 0x00, 0x0F, 0xC0, 0x00, 0x01, 0xFF, 0x00, 0x00, 0x3F, 0xF8, 0x00,
    0x07, 0x87, 0x80, 0x00, 0xF0, 0x3D, 0xE0, 0xEF, 0x01, 0xCE, 0x1E, 0xE0, 0x1C, 0xF1, 0xCE, 0x01,
    0xC7, 0x1C, 0xE0, 0x1C, 0x71, 0xCE, 0x01, 0xC7, 0x38, 0xF0, 0x1C, 0x3B, 0x8F, 0x03, 0xC3, 0xB8,
    0x78, 0x78, 0x3F, 0x03, 0xFF, 0x81, 0xF0, 0x1F, 0xF0, 0x1E, 0x00, 0xFC, 0x01, 0xE0, 0x00, 0x00,
    0x1E, 0x00, 0x00, 0x05, 0xC0, 0x00, 0x00, 0x7C, 0x00, 0x00, 0x0F, 0x80, 0x1F, 0x0E, 0x0F, 0x3F,
    0xCF, 0x0E, 0x7F, 0xC7, 0x0E, 0xF1, 0xE7, 0x1E, 0xE0, 0xE7, 0x9C, 0xE0, 0xE3, 0x9C, 0xE0, 0xE3,
    0xB8, 0xE0, 0xE3, 0xB8, 0xF1, 0xE1, 0xF8, 0x7F, 0xC1, 0xF0, 0x3F, 0xC0, 0xF0, 0x1F, 0x00, 0xF0,
    0x00, 0x00, 0xE0, 0x00, 0x01, 0xE0, 0x00, 0x07, 0xC0, 0x00, 0x07, 0x80, 0x0F, 0xC0, 0xFF, 0x87,
    0xFF, 0x1C, 0x1E, 0xF0, 0x3B, 0x80, 0x0E, 0x00, 0x38, 0x00, 0xE0, 0x03, 0xC0, 0xEF, 0x07, 0x9E,
    0x3E, 0x3F, 0xF8, 0x7E, 0xE0, 0x63, 0x80, 0x0E, 0x1F, 0x07, 0xF1, 0xFF, 0x78, 0xFE, 0x0D, 0xC0,
    0x38, 0x07, 0x00, 0xF0, 0x0F, 0xC0, 0xF8, 0x0F, 0x00, 0xE0, 0x1C, 0x03, 0x80, 0x70, 0x00, 0x60,
    0x0C, 0x1C, 0xC0, 0xF8, 0x03, 0x80, 0x3E, 0x06, 0x66, 0x60, 0x7C, 0x01, 0xC0, 0x1F, 0x03, 0x30,
    0x30, 0x06, 0x00, 0x00, 0x03, 0xFF, 0xC0, 0xC0, 0x1E, 0xFB, 0x00, 0xD9, 0x00, 0x6D, 0x00, 0x7C,
    0x67, 0xC0, 0x00, 0x00, 0x60, 0x00, 0x09, 0x00, 0x00, 0x00, 0x01, 0x80, 0x18, 0x2C, 0x03, 0x40,
    0x00, 0x00, 0x00, 0x00, 0x00, 0x00, 0x00, 0x00, 0x00, 0x06, 0x00, 0x06, 0xD0, 0x00, 0x90, 0x00,
    0x00, 0x00, 0x00, 0x00, 0x00, 0x00, 0x18, 0x01, 0x82, 0xC0, 0x24, 0x00, 0x00, 0x00, 0x06, 0x00,
    0x00, 0x90, 0x00, 0x00, 0x60, 0x00, 0x06, 0x00, 0x00, 0x40, 0x01, 0x0C, 0x00, 0x18, 0x03, 0x81,
    0x80, 0x30, 0x08, 0x00, 0x00, 0x00, 0x00, 0x00, 0x00, 0x0E, 0x00, 0x0C, 0x60, 0x00, 0xE0, 0x00,
    0x00, 0x00, 0x00, 0x00, 0x00, 0x00, 0x08, 0x02, 0x01, 0x80, 0x30, 0x30, 0x61, 0x00, 0x04, 0x00,
    0x00, 0x40, 0x00, 0x0C, 0x00, 0x18, 0xC0, 0x33, 0x80, 0x3E, 0x00, 0x38, 0x00, 0x00, 0x1C, 0x0F,
    0x38, 0x1E, 0x70, 0x7C, 0xE0, 0xF9, 0xC3, 0xF3, 0x8F, 0xE7, 0x1D, 0xCE, 0x7B, 0x9C, 0xE7, 0x3B,
    0x8E, 0x77, 0x1C, 0xFC, 0x39, 0xF8, 0x73, 0xE0, 0xF7, 0xC1, 0xEF, 0x03, 0xC0, 0x03, 0x80, 0x0E,
    0x00, 0x1C, 0x00, 0x38, 0x31, 0x81, 0x9C, 0x07, 0xC0, 0x1C, 0x00, 0x00, 0x70, 0xE3, 0x8F, 0x1C,
    0x78, 0xE7, 0xC7, 0x3E, 0x3B, 0xF1, 0xFB, 0x8F, 0xDC, 0x7C, 0xE3, 0xC7, 0xDE, 0x3E, 0xE1, 0xF0,
    0x03, 0x00, 0x38, 0x01, 0xC0, 0x0C, 0x00, 0x38, 0x00, 0xE0, 0x0F, 0xF8, 0x3F, 0xE0, 0x38, 0x00,
    0xE0, 0x03, 0xFE, 0x0F, 0xFE, 0x3F, 0xF8, 0xE0, 0xF3, 0x81, 0xCE, 0x07, 0x38, 0x3C, 0xFF, 0xE3,
    0xFF, 0x8F, 0xF8, 0x38, 0x01, 0xC0, 0x0E, 0x01, 0xFF, 0x0F, 0xF8, 0x7F, 0xC0, 0xE0, 0x07, 0xF8,
    0x3F, 0xE1, 0xFF, 0x8E, 0x1C, 0x70, 0xE3, 0xFF, 0x1F, 0xF0, 0xFF, 0x00, 0xFF, 0x0F, 0xFC, 0xFF,
    0xCE, 0x1E, 0xE0, 0xEE, 0x0E, 0xE6, 0xEE, 0x7E, 0xFF, 0xCF, 0xFC, 0xFF, 0x8E, 0x0C, 0xE0, 0x0E,
    0x00, 0xE0, 0x0E, 0x00, 0xEF, 0x9F, 0xFB, 0xFF, 0x78, 0xFE, 0x0F, 0xC1, 0xF8, 0x3F, 0x17, 0xF3,
    0xFF, 0xFB, 0xFF, 0x77, 0xEE, 0x05, 0xC0, 0x38, 0x07, 0x00, 0x01, 0xC0, 0x70, 0x1F, 0xFF, 0xFF,
    0xF8, 0x0E, 0x03, 0x80, 0xE0, 0x38, 0x0E, 0x03, 0x80, 0xE0, 0x38, 0x0E, 0x03, 0x80, 0xE0, 0x00,
    0x07, 0x07, 0x07, 0xFF, 0xFF, 0xE0, 0xE0, 0xE0, 0xE0, 0xE0, 0xE0, 0xE0, 0xE0, 0xE0, 0x3F, 0xE7,
    0xFC, 0xE0, 0x1C, 0x03, 0x80, 0x70, 0x3F, 0xC7, 0xF8, 0x38, 0x07, 0x00, 0xE0, 0x1C, 0x03, 0x80,
    0x70, 0x00, 0x7F, 0xDF, 0xF7, 0x01, 0xC0, 0x70, 0x3F, 0x8F, 0xE1, 0xC0, 0x70, 0x1C, 0x07, 0x00,
    0xFF, 0xDF, 0xFB, 0x80, 0x70, 0x0E, 0x01, 0xFF, 0x3F, 0xF7, 0x0F, 0xE0, 0xFC, 0x1F, 0x83, 0xF0,
    0x7E, 0x0F, 0xC1, 0xC0, 0x38, 0x0F, 0x07, 0xC0, 0xF0, 0xFF, 0x3F, 0xCE, 0x03, 0x80, 0xFF, 0xBF,
    0xEE, 0x3F, 0x87, 0xE1, 0xF8, 0x7E, 0x1C, 0x07, 0x03, 0xC1, 0xE0, 0x78, 0x78, 0x70, 0x71, 0xC3,
    0x87, 0x0F, 0x1C, 0x78, 0x3C, 0xE7, 0x80, 0xE7, 0x38, 0x07, 0xBB, 0x80, 0x1F, 0xFC, 0x00, 0xFF,
    0xE0, 0x0F, 0x77, 0x80, 0x73, 0x9C, 0x07, 0x1C, 0xF0, 0x78, 0xE3, 0xC7, 0x87, 0x0F, 0xB8, 0x38,
    0x3C, 0x00, 0x00, 0xE0, 0x00, 0x07, 0x00, 0x00, 0x38, 0x71, 0xC7, 0x38, 0xE7, 0x0E, 0x73, 0x87,
    0xBB, 0x81, 0xDF, 0x80, 0x7F, 0xC0, 0x7F, 0xE0, 0x3B, 0xB8, 0x39, 0xDE, 0x38, 0xE7, 0xFC, 0x71,
    0xE0, 0x00, 0x70, 0x00, 0x38, 0x00, 0x1C, 0x3F, 0xC7, 0xFE, 0xF8, 0xFF, 0x07, 0x00, 0xF0, 0xFE,
    0x0F, 0xE0, 0x1F, 0x00, 0x7E, 0x07, 0xF0, 0x7F, 0xFF, 0x7F, 0xE1, 0xF8, 0x07, 0x00, 0x70, 0x07,
    0x00, 0x3F, 0x3F, 0xEF, 0x3C, 0x07, 0x0F, 0x83, 0xE0, 0x3F, 0x87, 0xF3, 0xDF, 0xE3, 0xF0, 0x38,
    0x0E, 0x03, 0x80, 0xE0, 0xF7, 0x0F, 0x38, 0x71, 0xC7, 0x0E, 0x70, 0x77, 0x83, 0xF8, 0x1F, 0xC0,
    0xEF, 0x07, 0x3C, 0x38, 0xE1, 0xC3, 0x8E, 0x1F, 0xF0, 0x7C, 0x00, 0xE0, 0x07, 0x00, 0x38, 0xE1,
    0xDC, 0x73, 0x9C, 0x77, 0x8E, 0xE1, 0xF8, 0x3F, 0x87, 0x70, 0xE7, 0x1C, 0x7F, 0x8F, 0x80, 0x70,
    0x0E, 0x01, 0xC0, 0xE0, 0x39, 0xC0, 0xF3, 0x81, 0xC7, 0x77, 0x8E, 0xEE, 0x1D, 0xF8, 0x3F, 0xF0,
    0x7F, 0xE0, 0xEF, 0xE1, 0xDD, 0xE3, 0x81, 0xC7, 0x03, 0xCE, 0x03, 0x9C, 0x07, 0x80, 0xE0, 0xF7,
    0x07, 0x38, 0x71, 0xFB, 0x8F, 0xF8, 0x7F, 0xC3, 0xFE, 0x1F, 0xB8, 0xFD, 0xE7, 0x07, 0x38, 0x1C,
    0xFC, 0x1E, 0xFC, 0x3C, 0x1C, 0x38, 0x1C, 0x70, 0x1C, 0xE0, 0x1D, 0xE0, 0x1F, 0xC0, 0x1F, 0xC0,
    0x1D, 0xE0, 0x1C, 0xF0, 0x1C, 0x78, 0x1C, 0x38, 0x1C, 0x3C, 0x1C, 0x1E, 0xFC, 0x3B, 0xF1, 0xC1,
    0xCF, 0x07, 0x38, 0x1D, 0xC0, 0x7E, 0x01, 0xFC, 0x07, 0x78, 0x1C, 0xF0, 0x71, 0xC1, 0xC3, 0x80,
    0xE0, 0x73, 0x81, 0xCE, 0x07, 0x38, 0x1C, 0xE0, 0x73, 0x81, 0xCF, 0xFF, 0x3F, 0xFC, 0xE0, 0x73,
    0x81, 0xCE, 0x07, 0x38, 0x1C, 0xE0, 0x7F, 0x81, 0xF0, 0x01, 0xC0, 0x07, 0x00, 0x1C, 0xE1, 0xCE,
    0x1C, 0xE1, 0xCE, 0x1C, 0xE1, 0xCF, 0xFC, 0xFF, 0xCE, 0x1C, 0xE1, 0xCE, 0x1F, 0xE1, 0xF0, 0x07,
    0x00, 0x70, 0x07, 0xE0, 0x7F, 0xFC, 0x0F, 0xFF, 0x81, 0xC0, 0x70, 0x38, 0x0E, 0x07, 0x01, 0xC0,
    0xE0, 0x3F, 0xFC, 0x07, 0xFF, 0x80, 0xE0, 0x70, 0x1C, 0x0E, 0x03, 0x81, 0xC0, 0x70, 0x38, 0x0E,
    0x07, 0x01, 0xC0, 0xE0, 0x00, 0xE1, 0xFF, 0xE1, 0xFF, 0xE1, 0xC0, 0xE1, 0xC0, 0xE1, 0xC0, 0xFF,
    0xC0, 0xFF, 0xC0, 0xE1, 0xC0, 0xE1, 0xC0, 0xE1, 0xC0, 0xE1, 0xC0, 0xFF, 0xF8, 0x03, 0xFF, 0xE0,
    0x0F, 0xFF, 0x80, 0x38, 0x0E, 0x00, 0xE0, 0x38, 0x03, 0x80, 0xE0, 0x0E, 0x03, 0x98, 0x38, 0x0F,
    0xF8, 0xE0, 0x3F, 0xF3, 0x80, 0xF1, 0xEE, 0x03, 0x83, 0xB8, 0x0E, 0x0E, 0xE0, 0x38, 0x3B, 0x80,
    0xE1, 0xEE, 0x03, 0x9F, 0x38, 0x0E, 0xFC, 0x00, 0x03, 0xC0, 0xFF, 0xC0, 0x1F, 0xF8, 0x03, 0xFF,
    0x00, 0x70, 0xE0, 0x0E, 0x1C, 0x01, 0xC3, 0xFC, 0x38, 0x7F, 0xE7, 0x0F, 0xFE, 0xE1, 0xC3, 0xDC,
    0x38, 0x3B, 0x87, 0x07, 0x70, 0xE1, 0xE0, 0x00, 0x78, 0x00, 0x0F, 0x00, 0x01, 0x80, 0x0F, 0x00,
    0x00, 0xF8, 0x70, 0x0F, 0x8F, 0xE0, 0xF0, 0xFF, 0x87, 0x0F, 0x1E, 0x78, 0x70, 0xF3, 0x83, 0x83,
    0x9C, 0x1C, 0x1C, 0xE0, 0xE0, 0xE7, 0x07, 0x0F, 0x3C, 0x3C, 0x70, 0xE0, 0xF7, 0x87, 0x87, 0xF8,
    0x1F, 0xFF, 0xF8, 0x7F, 0xFF, 0xC0, 0xFE, 0x7E, 0x1C, 0x00, 0x1E, 0x30, 0x1F, 0x7F, 0x1E, 0x7F,
    0x8E, 0x3D, 0xE7, 0x1C, 0x73, 0x8E, 0x39, 0xC7, 0x3C, 0xF3, 0xFC, 0x3F, 0xFF, 0x8F, 0xFF, 0xC3,
    0xFF, 0xE0, 0x1F, 0xC1, 0xFF, 0x1E, 0x7C, 0xE0, 0xEE, 0x07, 0x70, 0x03, 0x80, 0x1C, 0x00, 0xE0,
    0x07, 0x00, 0x3C, 0x1E, 0xF1, 0xE7, 0xFF, 0x1F, 0xF0, 0x1C, 0x00, 0xE0, 0x07, 0x00, 0x1F, 0x0F,
    0xF9, 0xEF, 0x70, 0x7E, 0x01, 0xC0, 0x38, 0x07, 0x06, 0xF1, 0xCF, 0xF8, 0xFE, 0x07, 0x00, 0xE0,
    0x1C, 0x00, 0xFF, 0xFF, 0xFF, 0xFF, 0xF0, 0x70, 0x07, 0x00, 0x70, 0x07, 0x00, 0x70, 0x07, 0x00,
    0x70, 0x07, 0x00, 0x70, 0x07, 0x00, 0x78, 0x07, 0x80, 0x78, 0x03, 0x80, 0x38, 0x03, 0x80, 0x38,
    0xFF, 0xFF, 0xFF, 0xFC, 0x38, 0x0E, 0x03, 0x80, 0xE0, 0x38, 0x0E, 0x03, 0xC0, 0xF0, 0x3C, 0x07,
    0x01, 0xC0, 0x70, 0x1C, 0x78, 0x3D, 0xE0, 0xE3, 0xC7, 0x87, 0x1C, 0x1E, 0xE0, 0x3F, 0x80, 0x7C,
    0x01, 0xF0, 0x03, 0x80, 0x0E, 0x00, 0x38, 0x00, 0xE0, 0x03, 0x80, 0x0E, 0x00, 0xF0, 0x77, 0x07,
    0x70, 0xE3, 0x8E, 0x39, 0xC1, 0xDC, 0x1D, 0xC1, 0xF8, 0x0F, 0x80, 0xF0, 0x07, 0x00, 0x70, 0x07,
    0x00, 0x70, 0x07, 0x00, 0x70, 0x78, 0x39, 0xE1, 0xE3, 0xC7, 0x07, 0x38, 0x1E, 0xE0, 0x3F, 0x00,
    0x7C, 0x01, 0xE0, 0x1F, 0xE0, 0x7F, 0x81, 0xFE, 0x00, 0xE0, 0x03, 0x80, 0x0E, 0x00, 0xF0, 0x73,
    0x83, 0x9E, 0x38, 0x71, 0xC3, 0x9C, 0x0E, 0xE0, 0x77, 0x01, 0xF0, 0x0F, 0x81, 0xFF, 0x0F, 0xF8,
    0x0E, 0x00, 0x70, 0x03, 0x80, 0x1C, 0x00, 0xE0, 0x78, 0x3C, 0x70, 0x70, 0xF1, 0xE0, 0xF7, 0x80,
    0xFE, 0x01, 0xFC, 0x01, 0xF0, 0x03, 0xE0, 0x0F, 0xE0, 0x1F, 0xC0, 0x7B, 0xC1, 0xE3, 0x83, 0x83,
    0xEF, 0x07, 0xC0, 0x03, 0x80, 0x07, 0x00, 0x0E, 0x78, 0xF1, 0xC7, 0x07, 0x70, 0x3F, 0x80, 0xF8,
    0x07, 0xC0, 0x3E, 0x03, 0xF8, 0x3D, 0xE1, 0xC7, 0xDC, 0x1E, 0x00, 0x70, 0x03, 0x80, 0x1C, 0xFF,
    0xF3, 0x9F, 0xFE, 0x71, 0xFF, 0xCE, 0x03, 0x81, 0xC0, 0x70, 0x38, 0x0E, 0x07, 0x01, 0xC0, 0xE0,
    0x38, 0x1C, 0x07, 0x03, 0x80, 0xE0, 0x70, 0x1C, 0x0E, 0x03, 0x81, 0xC0, 0x70, 0x38, 0x0F, 0xFF,
    0xC1, 0xFF, 0xF8, 0x3F, 0xFF, 0x00, 0x00, 0xE0, 0x00, 0x1C, 0x00, 0x03, 0x80, 0x00, 0x70, 0xFE,
    0x73, 0xF9, 0xCF, 0xE7, 0x0E, 0x1C, 0x38, 0x70, 0xE1, 0xC3, 0x87, 0x0E, 0x1C, 0x38, 0x70, 0xFF,
    0xF3, 0xFF, 0xCF, 0xFF, 0x00, 0x1C, 0x00, 0x70, 0x01, 0xC0, 0x07, 0xE0, 0xE7, 0x07, 0x38, 0x39,
    0xC1, 0xCE, 0x0E, 0x70, 0x73, 0xFF, 0x8F, 0xFC, 0x3F, 0xE0, 0x07, 0x00, 0x38, 0x01, 0xC0, 0x0F,
    0x80, 0x7C, 0x00, 0xE0, 0x07, 0x00, 0x38, 0xE1, 0xDC, 0x3B, 0x87, 0x70, 0xEE, 0x1D, 0xE7, 0x9F,
    0xF1, 0xFE, 0x01, 0xC0, 0x3C, 0x07, 0x80, 0x70, 0x0E, 0x01, 0xC0, 0xE0, 0x7E, 0x07, 0xE0, 0x7E,
    0x77, 0xE7, 0x7F, 0xFF, 0x7F, 0xF3, 0xFF, 0x07, 0x70, 0x77, 0x00, 0x70, 0x07, 0x00, 0x70, 0x07,
    0xE0, 0xFC, 0x1F, 0x83, 0xF7, 0x7E, 0xEF, 0xFF, 0xDF, 0xF8, 0x77, 0x0E, 0xE0, 0x1C, 0x03, 0x80,
    0xE0, 0x1C, 0x03, 0x80, 0x70, 0x0E, 0x01, 0xFF, 0xBF, 0xF7, 0x8F, 0xE0, 0xFC, 0x1F, 0x83, 0xF0,
    0x7E, 0x0F, 0xC1, 0xC0, 0xE0, 0x38, 0x0E, 0x03, 0xBC, 0xFF, 0xBC, 0xFE, 0x1F, 0x87, 0xE1, 0xF8,
    0x7E, 0x1F, 0x87, 0xE1, 0xF8, 0x70, 0x00, 0xFC, 0x00, 0xFF, 0x80, 0x7F, 0xF0, 0x1E, 0x1C, 0xEF,
    0x07, 0xBB, 0x80, 0xEF, 0xFF, 0xFB, 0xFF, 0xFE, 0x7F, 0xFF, 0x83, 0x80, 0x00, 0xE0, 0x00, 0x3C,
    0x1E, 0x07, 0x87, 0x81, 0xFF, 0xC0, 0x3F, 0xE0, 0x03, 0xF0, 0x01, 0xF0, 0x0F, 0xF0, 0x1F, 0xF6,
    0x78, 0xFE, 0xE0, 0xEF, 0xFF, 0xCF, 0xFF, 0x87, 0x00, 0x0F, 0x0C, 0x0F, 0xFC, 0x1F, 0xF0, 0x0F,
    0x80, 0x00, 0xFC, 0x00, 0xFF, 0x80, 0x7F, 0xF0, 0x1C, 0x1C, 0xEF, 0x07, 0xBB, 0x80, 0xEF, 0xFF,
    0xFB, 0xFF, 0xFE, 0x7F, 0xFF, 0x83, 0x80, 0x00, 0xF0, 0x00, 0x3C, 0x1E, 0x07, 0x8F, 0x81, 0xFF,
    0xC0, 0x3F, 0xE0, 0x03, 0xE0, 0x00, 0x70, 0x00, 0x1C, 0x00, 0x07, 0x00, 0x01, 0xF0, 0x0F, 0xF8,
    0x1F, 0xF7, 0x78, 0x7F, 0xFF, 0xEF, 0xFF, 0xC3, 0x80, 0x07, 0x00, 0x0F, 0x1E, 0x0F, 0xF8, 0x1F,
    0xF0, 0x0F, 0x80, 0x0C, 0x00, 0x0E, 0x00, 0x0C, 0x00, 0x78, 0xFF, 0xFF, 0xFF, 0xFF, 0xFF, 0xC0,
    0x00, 0xC6, 0x00, 0x01, 0x8C, 0x00, 0x01, 0xF0, 0x00, 0x01, 0xC0, 0x00, 0x00, 0x00, 0x0F, 0x07,
    0x07, 0x8F, 0x0E, 0x1E, 0x1E, 0x1C, 0x3C, 0x1E, 0x38, 0xF0, 0x1C, 0x71, 0xC0, 0x3C, 0xE7, 0x80,
    0x39, 0xCE, 0x00, 0x7F, 0xFC, 0x00, 0xFF, 0xF8, 0x01, 0xFF, 0xF8, 0x07, 0x9C, 0xF0, 0x1E, 0x38,
    0xF0, 0x3C, 0x71, 0xE0, 0xF0, 0xE1, 0xE1, 0xC1, 0xC1, 0xC7, 0x83, 0x83, 0xC0, 0x03, 0x18, 0x00,
    0x63, 0x00, 0x07, 0xC0, 0x00, 0x70, 0x00, 0x00, 0x00, 0xF1, 0xC7, 0x8E, 0x38, 0xE0, 0xE7, 0x38,
    0x1E, 0xEF, 0x01, 0xDD, 0xC0, 0x1F, 0xF8, 0x03, 0xFE, 0x00, 0xFF, 0xE0, 0x3D, 0xDE, 0x07, 0x39,
    0xC1, 0xE7, 0x3C, 0x78, 0xE3, 0xC0, 0xE0, 0xEE, 0x1E, 0xE3, 0xCE, 0x38, 0xE7, 0x0F, 0xF8, 0xFF,
    0xCE, 0x1E, 0xE0, 0xEE, 0x0E, 0xE0, 0xEE, 0x0E, 0xE0, 0xEE, 0x0E, 0x00, 0xE0, 0x1E, 0x07, 0xC0,
    0x78, 0xE1, 0xDC, 0x73, 0x9E, 0x73, 0x8F, 0xF1, 0xFF, 0x38, 0xF7, 0x0E, 0xE1, 0xDC, 0x3B, 0x87,
    0x00, 0xE0, 0x3C, 0x0F, 0x01, 0xE0, 0x0F, 0xFC, 0x07, 0xFE, 0x07, 0xFF, 0x03, 0xC3, 0x81, 0xE1,
    0xC0, 0xE0, 0xE0, 0x70, 0x70, 0x38, 0x38, 0x1C, 0x1C, 0x0E, 0x0E, 0x07, 0x07, 0x03, 0x83, 0x83,
    0xC1, 0xC3, 0xC0, 0xFB, 0xE0, 0x7D, 0xE0, 0x3E, 0x00, 0x0E, 0x00, 0x07, 0x00, 0x03, 0x80, 0x01,
    0x80, 0x3F, 0xE1, 0xFF, 0x0F, 0xF8, 0x71, 0xC3, 0x8E, 0x1C, 0x70, 0xE3, 0x87, 0x1C, 0x38, 0xE7,
    0xC7, 0xFC, 0x3F, 0xC1, 0xE0, 0x07, 0x00, 0x38, 0x03, 0xC0, 0x0C, 0xE0, 0x7E, 0x07, 0xE0, 0x7E,
    0x07, 0xE0, 0x7F, 0xFF, 0xFF, 0xFE, 0x07, 0xE0, 0x7E, 0x07, 0xE0, 0x7E, 0x07, 0xE0, 0x7E, 0x07,
    0x00, 0x70, 0x0F, 0x01, 0xE0, 0x1C, 0xE1, 0xF8, 0x7E, 0x1F, 0x87, 0xFF, 0xFF, 0xFE, 0x1F, 0x87,
    0xE1, 0xF8, 0x7E, 0x1C, 0x07, 0x03, 0xC1, 0xF0, 0x78, 0xE0, 0x39, 0xC0, 0x73, 0x80, 0xE7, 0x01,
    0xCE, 0x03, 0x9C, 0x07, 0x3F, 0xFE, 0x7F, 0xFC, 0xFF, 0xF9, 0xC0, 0x73, 0x80, 0xE7, 0x01, 0xCE,
    0x03, 0x9C, 0x07, 0xF8, 0x0F, 0xF0, 0x1E, 0x00, 0x1C, 0x00, 0x38, 0x00, 0x70, 0x00, 0xC0, 0xE1,
    0xC7, 0x0E, 0x38, 0x71, 0xC3, 0x8F, 0xFC, 0x7F, 0xE3, 0xFF, 0x1C, 0x38, 0xE1, 0xC7, 0x0F, 0xB8,
    0x7D, 0xC3, 0xE0, 0x0E, 0x00, 0x70, 0x03, 0x80, 0x18, 0xE0, 0xFC, 0x1F, 0x83, 0xF0, 0x7E, 0x0F,
    0xC1, 0xFF, 0xFB, 0xFF, 0x3F, 0xE0, 0x1C, 0x03, 0x80, 0x70, 0x1E, 0x03, 0xC0, 0x70, 0x0E, 0x01,
    0xC0, 0xE1, 0xF8, 0x7E, 0x1F, 0x87, 0xE1, 0xFF, 0xF7, 0xFC, 0x07, 0x01, 0xC1, 0xF0, 0x7C, 0x1C,
    0x07, 0x01, 0xC0, 0xF8, 0x0F, 0x9F, 0x03, 0xF3, 0xF0, 0x7E, 0x7E, 0x0F, 0xCF, 0xC3, 0xF9, 0xFC,
    0x77, 0x3B, 0x8E, 0xE7, 0x7B, 0xDC, 0xEF, 0x73, 0x9C, 0xEE, 0x73, 0x9D, 0xCE, 0x71, 0xF1, 0xCE,
    0x3E, 0x39, 0xC7, 0xC7, 0xF8, 0x70, 0xFF, 0x0E, 0x1E, 0x00, 0x01, 0xC0, 0x00, 0x38, 0x00, 0x0F,
    0x00, 0x00, 0xC0, 0xF8, 0x7C, 0x7C, 0x3E, 0x3F, 0x3F, 0x1F, 0x9F, 0x8F, 0xCF, 0xC7, 0x76, 0xE3,
    0xBF, 0x71, 0xDF, 0xB8, 0xE7, 0x9C, 0x73, 0xCF, 0xB9, 0xE7, 0xDC, 0x73, 0xE0, 0x00, 0xE0, 0x00,
    0x70, 0x00, 0x78, 0x00, 0x18, 0xFF, 0xFF, 0xFF, 0xFF, 0xFF, 0xC0, 0x0E, 0x70, 0x1C, 0xE0, 0x3F,
    0xC0, 0x3F, 0x00, 0x00, 0x00, 0x78, 0x00, 0xF0, 0x03, 0xE0, 0x07, 0xE0, 0x0F, 0xC0, 0x3B, 0xC0,
    0x73, 0x81, 0xE7, 0x03, 0xFF, 0x07, 0xFE, 0x1F, 0xFE, 0x38, 0x1C, 0xF0, 0x39, 0xC0, 0x78, 0x73,
    0x8F, 0xF0, 0xFC, 0x00, 0x03, 0xF0, 0xFF, 0x3C, 0xF0, 0x0E, 0x7F, 0xDF, 0xFB, 0xC7, 0x70, 0xEF,
    0x7C, 0xFF, 0x8F, 0x70, 0x1C, 0xE0, 0x73, 0x81, 0xCE, 0x00, 0x00, 0x07, 0x80, 0x1E, 0x00, 0xFC,
    0x03, 0xF0, 0x1F, 0xE0, 0x77, 0x81, 0xCE, 0x0E, 0x3C, 0x3F, 0xF0, 0xFF, 0xC7, 0xFF, 0x9C, 0x0E,
    0x70, 0x3B, 0x80, 0xF0, 0x3B, 0x87, 0x70, 0xEE, 0x0F, 0x87, 0xF8, 0xE7, 0x80, 0x73, 0xFE, 0xFF,
    0xDE, 0x3B, 0x87, 0x7B, 0xE7, 0xFC, 0x7B, 0x80, 0x00, 0x7F, 0xF0, 0x0F, 0xFF, 0x00, 0xF8, 0x00,
    0x1F, 0x80, 0x03, 0xF8, 0x00, 0x3B, 0x80, 0x07, 0x3F, 0xF0, 0x73, 0xFF, 0x0F, 0x38, 0x01, 0xFF,
    0x80, 0x1F, 0xF8, 0x03, 0x83, 0x80, 0x78, 0x3F, 0xF7, 0x03, 0xFF, 0x3F, 0x3F, 0x1F, 0xFF, 0xE7,
    0x3F, 0x3C, 0x07, 0x07, 0x7F, 0xFF, 0xFF, 0xFF, 0xFF, 0x1C, 0x03, 0x87, 0x02, 0xF7, 0xF3, 0xFF,
    0xDF, 0xE3, 0xE3, 0xF0, 0x73, 0x9C, 0xE7, 0xF8, 0xFC, 0x00, 0x3F, 0xFF, 0xFF, 0x80, 0xE0, 0x38,
    0x0E, 0x03, 0xFF, 0xFF, 0xF8, 0x0E, 0x03, 0x80, 0xE0, 0x3F, 0xFF, 0xFC, 0x3B, 0x87, 0xF0, 0x7C,
    0x00, 0x01, 0xF0, 0xFF, 0x9C, 0x77, 0x07, 0xFF, 0xFF, 0xFF, 0x80, 0x70, 0x07, 0x9C, 0xFF, 0x87,
    0xC0, 0x1F, 0x81, 0xFF, 0x1F, 0x7D, 0xE0, 0xE0, 0x07, 0x80, 0x3F, 0xFF, 0xFF, 0xFF, 0xE0, 0x3F,
    0x03, 0xFC, 0x1C, 0xF3, 0xE3, 0xFE, 0x0F, 0xC0, 0x3F, 0x0F, 0xF3, 0xCF, 0x30, 0x70, 0x0F, 0xFF,
    0xFF, 0xFF, 0x07, 0xF3, 0xCF, 0xF0, 0xFC, 0x00, 0x1C, 0xE0, 0xE7, 0x07, 0x38, 0x00, 0x00, 0x00,
    0x0F, 0xC0, 0xFF, 0x8F, 0x9E, 0xF8, 0x70, 0x01, 0xC0, 0x0F, 0xFF, 0xFF, 0xFF, 0xF8, 0x1F, 0xC0,
    0xFE, 0x0E, 0x7C, 0xF1, 0xFF, 0x07, 0xE0, 0x3B, 0x87, 0x70, 0xEE, 0x1F, 0x87, 0xF9, 0xE7, 0x98,
    0x38, 0x07, 0xFF, 0xFF, 0xFF, 0x83, 0xF9, 0xE7, 0xF8, 0x7E, 0x00, 0x03, 0x9C, 0x00, 0x39, 0xC0,
    0x03, 0x9C, 0x00, 0x00, 0x00, 0x70, 0x70, 0xE7, 0x87, 0x1E, 0x3C, 0x71, 0xC1, 0xC7, 0x38, 0x1E,
    0x77, 0x00, 0xF7, 0x70, 0x07, 0xFE, 0x00, 0x7F, 0xF0, 0x0F, 0x77, 0x01, 0xE7, 0x78, 0x3C, 0x73,
    0xC3, 0x87, 0x1C, 0x78, 0x71, 0xEF, 0x07, 0x0F, 0x07, 0x70, 0x03, 0xB8, 0x01, 0xDC, 0x0E, 0x38,
    0xE3, 0x9C, 0xE1, 0xCE, 0x70, 0x77, 0x70, 0x1F, 0xB0, 0x0F, 0xF8, 0x07, 0xFC, 0x07, 0x77, 0x07,
    0x39, 0xC3, 0x9C, 0xF3, 0x8E, 0x38, 0x39, 0xC3, 0x9C, 0x39, 0xC0, 0x00, 0x00, 0x03, 0xF8, 0x7F,
    0xCF, 0x9E, 0xE0, 0xE0, 0x1E, 0x0F, 0xC0, 0xFE, 0x01, 0xF0, 0x07, 0xE0, 0x7F, 0x07, 0xF9, 0xF7,
    0xFE, 0x1F, 0x80, 0x3B, 0x87, 0x70, 0xEE, 0x1F, 0xC7, 0xFC, 0xE7, 0x80, 0x70, 0x7C, 0x0F, 0xC0,
    0x3D, 0x83, 0xBC, 0xF7, 0xFC, 0x7F, 0x00, 0x7F, 0xE7, 0xFE, 0x7F, 0xE0, 0x1C, 0x03, 0x80, 0x70,
    0x0F, 0x00, 0xFC, 0x0F, 0xE0, 0x0F, 0x00, 0x76, 0x07, 0x70, 0xF7, 0xFE, 0x3F, 0xE1, 0xF8, 0x7F,
    0xE7, 0xFE, 0x7F, 0xE0, 0x1C, 0x03, 0x80, 0x70, 0x0F, 0x00, 0xFC, 0x0F, 0xE0, 0x0F, 0x00, 0x76,
    0x07, 0x70, 0xF7, 0xFE, 0x3F, 0xE1, 0xF8, 0x00, 0x01, 0xFC, 0x1F, 0xC0, 0x00, 0x00, 0x0E, 0x07,
    0xE0, 0xFE, 0x0F, 0xE1, 0xFE, 0x3F, 0xE3, 0xFE, 0x77, 0xEE, 0x7F, 0xE7, 0xFC, 0x7F, 0x87, 0xF8,
    0x7F, 0x07, 0xE0, 0x70, 0x3F, 0x0F, 0xC0, 0x03, 0x87, 0xE3, 0xF8, 0xFE, 0x7F, 0xBF, 0xED, 0xFF,
    0x7F, 0x9F, 0xC7, 0xF1, 0xF8, 0x70, 0x39, 0xC3, 0x9C, 0x39, 0xC0, 0x00, 0xE0, 0x7E, 0x0F, 0xE1,
    0xFE, 0x1F, 0xE3, 0xFE, 0x7F, 0xE7, 0x7E, 0xE7, 0xFE, 0x7F, 0xC7, 0xF8, 0x7F, 0x87, 0xF0, 0x7E,
    0x07, 0x73, 0x9C, 0xE7, 0x3B, 0x87, 0xE3, 0xF8, 0xFE, 0x7F, 0xBF, 0xED, 0xFF, 0x7F, 0x9F, 0xC7,
    0xF1, 0xF8, 0x70, 0x1C, 0xE0, 0x73, 0x81, 0xCE, 0x00, 0x00, 0x00, 0x00, 0x3F, 0x03, 0xFF, 0x1F,
    0x3E, 0x70, 0x3B, 0x80, 0x7E, 0x01, 0xF8, 0x07, 0xE0, 0x1F, 0x80, 0x7F, 0x01, 0xDC, 0x0E, 0x7C,
    0xF8, 0xFF, 0xC0, 0xFC, 0x00, 0x3B, 0x87, 0x70, 0xEE, 0x0F, 0x87, 0xFC, 0xF7, 0xB8, 0x3F, 0x07,
    0xE0, 0xFC, 0x1F, 0x83, 0xBD, 0xE7, 0xFC, 0x3E, 0x00, 0x0F, 0xC0, 0xFF, 0xC7, 0xCF, 0x9C, 0x0E,
    0xF0, 0x3F, 0xC0, 0xFF, 0xFF, 0xFF, 0xFF, 0xE0, 0x3F, 0xC0, 0xF7, 0x03, 0x9F, 0x3E, 0x3F, 0xF0,
    0x3F, 0x00, 0x1F, 0x0F, 0xF9, 0xEF, 0x70, 0x7F, 0xFF, 0xFF, 0xF8, 0x3F, 0x07, 0x7B, 0xCF, 0xF8,
    0x7C, 0x00, 0x1C, 0xE0, 0x73, 0x81, 0xCE, 0x00, 0x00, 0x00, 0x00, 0x3F, 0x03, 0xFF, 0x1F, 0x3E,
    0x78, 0x3B, 0xC0, 0xFF, 0x03, 0xFF, 0xFF, 0xFF, 0xFF, 0xC0, 0xFF, 0x03, 0xDE, 0x0E, 0x7C, 0xF8,
    0xFF, 0xC0, 0xFC, 0x00, 0x3B, 0x87, 0x70, 0xEE, 0x0F, 0x87, 0xFC, 0xF7, 0xB8, 0x3F, 0xFF, 0xFF,
    0xFC, 0x1F, 0x83, 0xBD, 0xE7, 0xFC, 0x3E, 0x00, 0x08, 0x40, 0x73, 0x81, 0xCE, 0x00, 0x00, 0x00,
    0x00, 0x3F, 0x03, 0xFE, 0x1F, 0xFC, 0x70, 0x7B, 0xC0, 0xF6, 0x01, 0xC0, 0xFF, 0x07, 0xFC, 0x1F,
    0xF0, 0x01, 0xD8, 0x07, 0xF0, 0x3D, 0xE1, 0xE7, 0xFF, 0x0F, 0xF8, 0x0F, 0xC0, 0x10, 0x83, 0x9C,
    0x39, 0xC0, 0x00, 0x00, 0x01, 0xF0, 0x3F, 0xC7, 0xFC, 0x71, 0xE0, 0x7E, 0x07, 0xE0, 0x7E, 0x00,
    0xE7, 0x1E, 0x7F, 0xC3, 0xFC, 0x1F, 0x00, 0x00, 0x00, 0x1F, 0xC0, 0x3F, 0x80, 0x00, 0x00, 0x00,
    0x1E, 0x03, 0xDE, 0x07, 0x1C, 0x1E, 0x3C, 0x38, 0x38, 0xF0, 0x79, 0xC0, 0x7F, 0x80, 0x7E, 0x00,
    0xFC, 0x00, 0xF0, 0x01, 0xE0, 0x07, 0x80, 0x3E, 0x00, 0x78, 0x00, 0x1F, 0x81, 0xF8, 0x00, 0x0F,
    0x07, 0x70, 0xE7, 0x0E, 0x38, 0xC3, 0x9C, 0x1D, 0xC1, 0xF8, 0x1F, 0x80, 0xF0, 0x0F, 0x00, 0x70,
    0x0E, 0x00, 0xE0, 0x3C, 0x03, 0x80, 0x1C, 0xE0, 0x73, 0x81, 0xCE, 0x00, 0x00, 0x00, 0x03, 0xC0,
    0xF7, 0x03, 0x9E, 0x0E, 0x3C, 0x70, 0xF1, 0xC1, 0xEE, 0x07, 0xB8, 0x0F, 0xC0, 0x1F, 0x00, 0x7C,
    0x01, 0xE0, 0x07, 0x80, 0x7C, 0x01, 0xE0, 0x00, 0x1D, 0xC0, 0xEE, 0x07, 0x70, 0xE0, 0xE7, 0x07,
    0x1C, 0x70, 0xE3, 0x83, 0x98, 0x1D, 0xC0, 0xFE, 0x03, 0xE0, 0x1F, 0x00, 0x78, 0x03, 0x80, 0x1C,
    0x01, 0xC0, 0x1E, 0x00, 0xE0, 0x00, 0x01, 0xDC, 0x07, 0x60, 0x1D, 0x80, 0x00, 0x00, 0x00, 0x0F,
    0x03, 0xCE, 0x07, 0x1E, 0x1E, 0x1C, 0x38, 0x3C, 0xF0, 0x39, 0xC0, 0x7B, 0x80, 0x7E, 0x00, 0x7C,
    0x00, 0xF0, 0x01, 0xE0, 0x03, 0x80, 0x1F, 0x00, 0x3C, 0x00, 0x0E, 0x78, 0x73, 0x07, 0x30, 0x00,
    0x07, 0x07, 0x3C, 0x38, 0xE3, 0x87, 0x1C, 0x1C, 0xE0, 0xEE, 0x07, 0xF0, 0x1F, 0x80, 0xF8, 0x03,
    0xC0, 0x1C, 0x00, 0xE0, 0x0E, 0x00, 0xF0, 0x07, 0x00, 0x39, 0xC7, 0x38, 0xE7, 0x00, 0x0E, 0x0F,
    0xC1, 0xF8, 0x3F, 0x07, 0xE0, 0xFC, 0x1F, 0xFF, 0xBF, 0xF3, 0xFE, 0x01, 0xC0, 0x38, 0x07, 0x00,
    0xE0, 0x1C, 0x73, 0x9C, 0xE7, 0x3B, 0x87, 0xE1, 0xF8, 0x7E, 0x1F, 0x87, 0xF3, 0xDF, 0xF3, 0xFC,
    0x07, 0x01, 0xC0, 0x70, 0xFF, 0xFF, 0xFF, 0xFF, 0x80, 0xE0, 0x38, 0x0E, 0x03, 0x80, 0xE0, 0x38,
    0x0E, 0x03, 0x80, 0xE0, 0x3E, 0x0F, 0x83, 0xE0, 0x38, 0x0E, 0x03, 0x80, 0xE0, 0xFF, 0xFF, 0xFF,
    0xE0, 0xE0, 0xE0, 0xE0, 0xE0, 0xE0, 0xF8, 0xF8, 0xF8, 0x38, 0x38, 0x38, 0x38, 0x0E, 0x70, 0x0E,
    0x70, 0x0E, 0x70, 0x00, 0x00, 0xE0, 0x07, 0xE0, 0x07, 0xE0, 0x07, 0xE0, 0x07, 0xE0, 0x07, 0xFF,
    0x07, 0xFF, 0xC7, 0xE3, 0xC7, 0xE0, 0xE7, 0xE0, 0xE7, 0xE0, 0xE7, 0xFF, 0xC7, 0xFF, 0xC7, 0xFF,
    0x07, 0x1D, 0xC0, 0xEE, 0x07, 0x71, 0xC0, 0x7E, 0x03, 0xF0, 0x1F, 0x80, 0xFF, 0xE7, 0xFF, 0xBF,
    0x1D, 0xF8, 0xEF, 0xC7, 0x7F, 0xF3, 0xFF, 0x1C, 0x3F, 0xF3, 0xFF, 0x3F, 0xF3, 0x80, 0x38, 0x03,
    0x80, 0xFF, 0x8F, 0xF8, 0xFF, 0x83, 0x80, 0x38, 0x03, 0x80, 0x38, 0x03, 0xE0, 0x3E, 0x03, 0xE0,
    0x0E, 0x03, 0xE0, 0x7C, 0x07, 0x80, 0x3F, 0xCF, 0xF3, 0xFC, 0xE0, 0x38, 0x3F, 0xCF, 0xF1, 0xFC,
    0x38, 0x0F, 0x83, 0xE0, 0xF8, 0x0E, 0x0F, 0x87, 0xC1, 0xE0, 0x78, 0x1C, 0x1E, 0x1E, 0x07, 0x1E,
    0x03, 0xCE, 0x00, 0xFF, 0x00, 0x3F, 0x00, 0x1F, 0x80, 0x07, 0x80, 0x03, 0xC0, 0x03, 0xF0, 0x03,
    0xFC, 0x01, 0xDE, 0x01, 0xE7, 0x81, 0xE1, 0xE0, 0xE0, 0xFC, 0xF0, 0x3E, 0x00, 0x07, 0x00, 0x0F,
    0x80, 0x07, 0xC0, 0x03, 0xC0, 0x71, 0xE7, 0x9C, 0x3B, 0xC3, 0xF8, 0x1F, 0x81, 0xF0, 0x1F, 0x01,
    0xF8, 0x3F, 0x83, 0xBC, 0x79, 0xE7, 0x0E, 0x00, 0xE0, 0x3E, 0x07, 0xE0, 0x7C, 0x38, 0x1E, 0x3C,
    0x3C, 0x1C, 0x38, 0x1E, 0x78, 0x0F, 0xF0, 0x07, 0xE0, 0x07, 0xE0, 0x3F, 0xFC, 0x3F, 0xFC, 0x07,
    0xE0, 0x0F, 0xF0, 0x0E, 0x70, 0x1E, 0x78, 0x3C, 0x3C, 0x38, 0x3C, 0x78, 0x1E, 0x70, 0xE7, 0x9E,
    0x39, 0xC1, 0xF8, 0x1F, 0x87, 0xFE, 0x1F, 0x81, 0xF8, 0x3F, 0xC3, 0x9C, 0x79, 0xE7, 0x0E, 0x03,
    0xE0, 0x03, 0xE0, 0x07, 0xE0, 0x07, 0xE0, 0x07, 0x70, 0x0F, 0x70, 0x0E, 0x70, 0x0E, 0x78, 0x1E,
    0x38, 0x1F, 0xF8, 0x1F, 0xFC, 0x3F, 0xFC, 0x38, 0x1C, 0x38, 0x1E, 0x78, 0x1E, 0x78, 0x0E, 0x00,
    0x00, 0x01, 0xC0, 0x01, 0xC0, 0x01, 0xC0, 0x1F, 0x8F, 0xF9, 0xFF, 0xB8, 0xF0, 0x1E, 0x7F, 0xDF,
    0xFF, 0x87, 0xE1, 0xFF, 0xFF, 0xFF, 0x9E, 0x70, 0x00, 0x1C, 0x03, 0x80, 0x70, 0x03, 0x80, 0x03,
    0xC0, 0x00, 0xC0, 0x01, 0x80, 0x00, 0x00, 0x03, 0xC0, 0x07, 0xE0, 0x07, 0xE0, 0x07, 0xE0, 0x0F,
    0xF0, 0x0E, 0x70, 0x0E, 0x70, 0x1E, 0x78, 0x1E, 0x78, 0x1C, 0x38, 0x3F, 0xFC, 0x3F, 0xFC, 0x3F,
    0xFC, 0x78, 0x1E, 0x78, 0x1E, 0x70, 0x0E, 0x1E, 0x03, 0xC0, 0x18, 0x02, 0x00, 0x00, 0x3E, 0x1F,
    0xE3, 0xFE, 0x61, 0xC0, 0x38, 0xFF, 0x3F, 0xEF, 0x1D, 0xC3, 0xBF, 0xF7, 0xFE, 0x7D, 0xC0, 0x00,
    0x38, 0x00, 0x30, 0x00, 0x20, 0x01, 0x80, 0x03, 0xC0, 0x07, 0xE0, 0x0E, 0x70, 0x00, 0x00, 0x03,
    0xC0, 0x07, 0xE0, 0x07, 0xE0, 0x07, 0xE0, 0x0F, 0xF0, 0x0E, 0x70, 0x0E, 0x70, 0x1E, 0x78, 0x1E,
    0x78, 0x1C, 0x38, 0x3F, 0xFC, 0x3F, 0xFC, 0x3F, 0xFC, 0x78, 0x1E, 0x78, 0x1E, 0x70, 0x0E, 0x00,
    0xC0, 0x38, 0x06, 0x06, 0x01, 0xE0, 0x76, 0x0C, 0xE0, 0x00, 0x1F, 0x0F, 0xF1, 0xFF, 0x30, 0xE0,
    0x1C, 0x7F, 0x9F, 0xF7, 0x8E, 0xE1, 0xDF, 0xFB, 0xFF, 0x3E, 0xE0, 0x00, 0x60, 0x00, 0x30, 0x00,
    0x10, 0x01, 0x80, 0x03, 0xC0, 0x07, 0xE0, 0x0E, 0x70, 0x00, 0x00, 0x03, 0xC0, 0x07, 0xE0, 0x07,
    0xE0, 0x07, 0xE0, 0x0F, 0xF0, 0x0E, 0x70, 0x0E, 0x70, 0x1E, 0x78, 0x1E, 0x78, 0x1C, 0x38, 0x3F,
    0xFC, 0x3F, 0xFC, 0x3F, 0xFC, 0x78, 0x1E, 0x78, 0x1E, 0x70, 0x0E, 0x03, 0x80, 0x30, 0x02, 0x06,
    0x01, 0xE0, 0x76, 0x0C, 0xE0, 0x00, 0x1F, 0x0F, 0xF1, 0xFF, 0x30, 0xE0, 0x1C, 0x7F, 0x9F, 0xF7,
    0x8E, 0xE1, 0xDF, 0xFB, 0xFF, 0x3E, 0xE0, 0x00, 0x70, 0x00, 0x30, 0x00, 0x20, 0x01, 0x80, 0x03,
    0xC0, 0x07, 0x60, 0x0E, 0x70, 0x00, 0x00, 0x03, 0xC0, 0x07, 0xE0, 0x07, 0xE0, 0x07, 0xE0, 0x0F,
    0xF0, 0x0F, 0x70, 0x0E, 0x70, 0x1E, 0x78, 0x1E, 0x78, 0x1C, 0x38, 0x3F, 0xFC, 0x3F, 0xFC, 0x3F,
    0xFC, 0x78, 0x1E, 0x78, 0x1E, 0x70, 0x0E, 0x03, 0x80, 0x30, 0x04, 0x06, 0x01, 0xE0, 0x76, 0x0C,
    0xE0, 0x00, 0x1F, 0x0F, 0xF1, 0xFF, 0x30, 0xE0, 0x1C, 0x7F, 0x9F, 0xF7, 0x8E, 0xE1, 0xDF, 0xFB,
    0xFF, 0x3E, 0xE0, 0x07, 0x30, 0x07, 0xE0, 0x04, 0xC0, 0x01, 0x80, 0x03, 0xC0, 0x07, 0xE0, 0x0E,
    0x70, 0x00, 0x00, 0x03, 0xC0, 0x07, 0xE0, 0x07, 0xE0, 0x07, 0xE0, 0x0F, 0xF0, 0x0E, 0x70, 0x0E,
    0x70, 0x1E, 0x78, 0x1E, 0x78, 0x1C, 0x38, 0x3F, 0xFC, 0x3F, 0xFC, 0x3F, 0xFC, 0x78, 0x1E, 0x78,
    0x1E, 0x70, 0x0E, 0x19, 0x87, 0xF0, 0x88, 0x06, 0x01, 0xE0, 0x76, 0x0C, 0xE0, 0x00, 0x1F, 0x0F,
    0xF1, 0xFF, 0x30, 0xE0, 0x1C, 0x7F, 0x9F, 0xF7, 0x8E, 0xE1, 0xDF, 0xFB, 0xFF, 0x3E, 0xE0, 0x01,
    0x80, 0x03, 0xC0, 0x07, 0xE0, 0x0F, 0x70, 0x00, 0x00, 0x00, 0x00, 0x03, 0xE0, 0x03, 0xE0, 0x07,
    0xE0, 0x07, 0xE0, 0x07, 0x70, 0x0F, 0x70, 0x0E, 0x70, 0x0E, 0x78, 0x1E, 0x38, 0x1F, 0xF8, 0x1F,
    0xFC, 0x3F, 0xFC, 0x38, 0x1C, 0x38, 0x1E, 0x78, 0x1E, 0x78, 0x0E, 0x00, 0x00, 0x01, 0xC0, 0x01,
    0xC0, 0x01, 0xC0, 0x0E, 0x03, 0xE0, 0xEE, 0x18, 0xE0, 0x00, 0x00, 0x07, 0xE3, 0xFE, 0x7F, 0xEE,
    0x3C, 0x07, 0x9F, 0xF7, 0xFF, 0xE1, 0xF8, 0x7F, 0xFF, 0xFF, 0xE7, 0x9C, 0x00, 0x07, 0x00, 0xE0,
    0x1C, 0x00, 0x00, 0xE0, 0x01, 0xC0, 0x01, 0x80, 0x0C, 0x30, 0x0E, 0x70, 0x07, 0xE0, 0x03, 0xC0,
    0x00, 0x00, 0x07, 0xE0, 0x07, 0xE0, 0x07, 0xE0, 0x0F, 0xE0, 0x0F, 0xF0, 0x0E, 0x70, 0x0E, 0x70,
    0x1E, 0x78, 0x1E, 0x78, 0x1C, 0x38, 0x3F, 0xFC, 0x3F, 0xFC, 0x3F, 0xFC, 0x78, 0x1E, 0x78, 0x1E,
    0x70, 0x0E, 0x07, 0x00, 0xC0, 0x10, 0x00, 0x03, 0x18, 0x7F, 0x03, 0x80, 0x00, 0x1F, 0x0F, 0xF1,
    0xFF, 0x38, 0xE0, 0x1C, 0x7F, 0x9F, 0xF7, 0x8E, 0xE1, 0xDE, 0x7B, 0xFF, 0x3E, 0xE0, 0x07, 0x00,
    0x03, 0x80, 0x01, 0x80, 0x0C, 0x30, 0x0E, 0x70, 0x07, 0xE0, 0x03, 0xC0, 0x00, 0x00, 0x07, 0xE0,
    0x07, 0xE0, 0x07, 0xE0, 0x0F, 0xE0, 0x0F, 0xF0, 0x0E, 0x70, 0x0E, 0x70, 0x1E, 0x78, 0x1E, 0x78,
    0x1C, 0x38, 0x3F, 0xFC, 0x3F, 0xFC, 0x3F, 0xFC, 0x78, 0x1E, 0x78, 0x1E, 0x70, 0x0E, 0x18, 0x01,
    0x80, 0x10, 0x00, 0x03, 0x18, 0x7F, 0x03, 0x80, 0x00, 0x1F, 0x0F, 0xF1, 0xFF, 0x38, 0xE0, 0x1C,
    0x7F, 0x9F, 0xF7, 0x8E, 0xE1, 0xDE, 0x7B, 0xFF, 0x3E, 0xE0, 0x01, 0xC0, 0x00, 0xC0, 0x00, 0x80,
    0x04, 0x20, 0x0E, 0x70, 0x07, 0xE0, 0x03, 0xC0, 0x00, 0x00, 0x07, 0xE0, 0x07, 0xE0, 0x07, 0xE0,
    0x0F, 0xE0, 0x0F, 0x70, 0x0F, 0x70, 0x0E, 0x70, 0x1E, 0x78, 0x1E, 0x38, 0x1C, 0x38, 0x3F, 0xFC,
    0x3F, 0xFC, 0x3F, 0xFC, 0x78, 0x1E, 0x78, 0x1E, 0x70, 0x0E, 0x0E, 0x00, 0xC0, 0x18, 0x00, 0x03,
    0x18, 0x7F, 0x03, 0x80, 0x00, 0x1F, 0x0F, 0xF1, 0xFF, 0x38, 0xE0, 0x1C, 0x7F, 0x9F, 0xF7, 0x8E,
    0xE1, 0xDE, 0x7B, 0xFF, 0x3E, 0xE0, 0x07, 0x30, 0x0F, 0xF0, 0x0C, 0xC0, 0x04, 0x20, 0x0E, 0x70,
    0x07, 0xE0, 0x03, 0xC0, 0x00, 0x00, 0x07, 0xE0, 0x07, 0xE0, 0x07, 0xE0, 0x0F, 0xE0, 0x0F, 0xF0,
    0x0E, 0x70, 0x0E, 0x70, 0x1E, 0x78, 0x1E, 0x78, 0x1C, 0x38, 0x3F, 0xFC, 0x3F, 0xFC, 0x3F, 0xFC,
    0x78, 0x1E, 0x78, 0x1E, 0x70, 0x0E, 0x1D, 0x87, 0xF0, 0xCC, 0x18, 0xC3, 0xB8, 0x3E, 0x03, 0x80,
    0x00, 0x1F, 0x0F, 0xF1, 0xFF, 0x38, 0xE0, 0x1C, 0x7F, 0x9F, 0xF7, 0x8E, 0xE1, 0xDE, 0x7B, 0xFF,
    0x3E, 0xE0, 0x0C, 0x30, 0x0E, 0x70, 0x07, 0xE0, 0x03, 0xC0, 0x00, 0x00, 0x00, 0x00, 0x07, 0xE0,
    0x07, 0xE0, 0x07, 0xE0, 0x0F, 0xE0, 0x0F, 0x70, 0x0F, 0x70, 0x0E, 0x70, 0x1E, 0x78, 0x1E, 0x38,
    0x1F, 0xF8, 0x3F, 0xFC, 0x3F, 0xFC, 0x38, 0x1C, 0x78, 0x1E, 0x78, 0x1E, 0x70, 0x0E, 0x00, 0x00,
    0x01, 0xC0, 0x01, 0xC0, 0x01, 0xC0, 0x31, 0x87, 0xF0, 0x7C, 0x00, 0x00, 0x00, 0x3E, 0x1F, 0xE3,
    0xFE, 0x71, 0xC0, 0x38, 0xFF, 0x3F, 0xEF, 0x1D, 0xC3, 0xBC, 0xF7, 0xFE, 0x7D, 0xC0, 0x00, 0x38,
    0x07, 0x00, 0xE0, 0xFF, 0xFF, 0xFF, 0xFF, 0x80, 0xE0, 0x38, 0x0F, 0xFF, 0xFF, 0xFF, 0xB8, 0x0E,
    0x03, 0x80, 0xE0, 0x3F, 0xFF, 0xFF, 0xFF, 0x00, 0x03, 0x80, 0xE0, 0x38, 0x1F, 0x07, 0xF9, 0xFF,
    0x78, 0xFF, 0xFF, 0xFF, 0xFF, 0xFF, 0x00, 0xF0, 0xCF, 0xFC, 0xFF, 0x0F, 0x80, 0x00, 0x1C, 0x03,
    0x80, 0x70, 0x1C, 0x07, 0x80, 0xE0, 0x30, 0x00, 0x3F, 0xFF, 0xFF, 0xFF, 0xE0, 0x38, 0x0E, 0x03,
    0x80, 0xFF, 0xFF, 0xFF, 0xFB, 0x80, 0xE0, 0x38, 0x0F, 0xFF, 0xFF, 0xFF, 0xC0, 0x1E, 0x01, 0xC0,
    0x18, 0x02, 0x00, 0x00, 0x3E, 0x0F, 0xE3, 0xFE, 0xF1, 0xFF, 0xFF, 0xFF, 0xFF, 0xFE, 0x01, 0xE1,
    0x9F, 0xF9, 0xFE, 0x1F, 0x80, 0x19, 0x8F, 0x43, 0xF0, 0x98, 0x00, 0x3F, 0xFF, 0xFF, 0xFF, 0xE0,
    0x38, 0x0E, 0x03, 0x80, 0xFF, 0xFF, 0xFF, 0xFB, 0x80, 0xE0, 0x38, 0x0F, 0xFF, 0xFF, 0xFF, 0xC0,
    0x3F, 0x87, 0xE0, 0x00, 0x00, 0x01, 0xF0, 0x7F, 0x1F, 0xF7, 0x8F, 0xFF, 0xFF, 0xFF, 0xFF, 0xF0,
    0x0F, 0x0C, 0xFF, 0xCF, 0xF0, 0xFC, 0x00, 0xC0, 0x30, 0x04, 0x06, 0x01, 0xE0, 0x76, 0x1C, 0xE0,
    0x00, 0xFF, 0xDF, 0xFB, 0xFF, 0x70, 0x0E, 0x01, 0xC0, 0x38, 0x07, 0xFE, 0xFF, 0xDF, 0xF3, 0x80,
    0x70, 0x0E, 0x01, 0xFF, 0xBF, 0xF7, 0xFE, 0x00, 0xE0, 0x38, 0x06, 0x07, 0x01, 0xF0, 0x77, 0x0C,
    0x60, 0x00, 0x1F, 0x07, 0xF1, 0xFF, 0x78, 0xFF, 0xFF, 0xFF, 0xFF, 0xFF, 0x00, 0xF0, 0xCF, 0xFC,
    0xFF, 0x0F, 0xC0, 0x03, 0x00, 0x60, 0x08, 0x30, 0x1E, 0x0E, 0xC7, 0x38, 0x00, 0xFF, 0xFF, 0xFF,
    0xFF, 0x80, 0xE0, 0x38, 0x0E, 0x03, 0xFF, 0xFF, 0xFF, 0xEE, 0x03, 0x80, 0xE0, 0x3F, 0xFF, 0xFF,
    0xFF, 0x03, 0x80, 0x30, 0x02, 0x07, 0x01, 0xF0, 0x77, 0x0C, 0x60, 0x00, 0x1F, 0x07, 0xF1, 0xFF,
    0x78, 0xFF, 0xFF, 0xFF, 0xFF, 0xFF, 0x00, 0xF0, 0xCF, 0xFC, 0xFF, 0x0F, 0xC0, 0x03, 0x80, 0x60,
    0x10, 0x30, 0x1E, 0x0E, 0xC7, 0x38, 0x00, 0xFF, 0xFF, 0xFF, 0xFF, 0x80, 0xE0, 0x38, 0x0E, 0x03,
    0xFF, 0xFF, 0xFF, 0xEE, 0x03, 0x80, 0xE0, 0x3F, 0xFF, 0xFF, 0xFF, 0x03, 0x80, 0x30, 0x06, 0x06,
    0x01, 0xE0, 0x76, 0x0C, 0x60, 0x00, 0x1F, 0x07, 0xF1, 0xFF, 0x78, 0xFF, 0xFF, 0xFF, 0xFF, 0xFF,
    0x00, 0xF0, 0xCF, 0xFC, 0xFF, 0x0F, 0x80, 0x39, 0x8F, 0xC2, 0x60, 0x30, 0x1E, 0x0F, 0xC7, 0x38,
    0x00, 0xFF, 0xFF, 0xFF, 0xFF, 0x80, 0xE0, 0x38, 0x0E, 0x03, 0xFF, 0xFF, 0xFF, 0xEE, 0x03, 0x80,
    0xE0, 0x3F, 0xFF, 0xFF, 0xFF, 0x1D, 0x87, 0xF0, 0xCC, 0x02, 0x01, 0xF0, 0x77, 0x0C, 0x60, 0x00,
    0x1F, 0x07, 0xF1, 0xFF, 0x78, 0xFF, 0xFF, 0xFF, 0xFF, 0xFF, 0x00, 0xF0, 0xCF, 0xFC, 0xFF, 0x0F,
    0xC0, 0x0C, 0x07, 0x83, 0xF1, 0xEE, 0x00, 0x00, 0x0F, 0xFF, 0xFF, 0xFF, 0xF8, 0x0E, 0x03, 0x80,
    0xFF, 0xFF, 0xFF, 0xFB, 0x80, 0xE0, 0x38, 0x0E, 0x03, 0xFF, 0xFF, 0xFF, 0xF0, 0x00, 0x38, 0x0E,
    0x03, 0x80, 0x0C, 0x03, 0xE0, 0xEE, 0x18, 0xC0, 0x00, 0x00, 0x07, 0xC1, 0xFE, 0x7F, 0xDE, 0x3F,
    0xFF, 0xFF, 0xFF, 0xFF, 0xC0, 0x3C, 0x33, 0xFF, 0x3F, 0xC3, 0xE0, 0x00, 0x07, 0x00, 0xE0, 0x1C,
    0x00, 0xF7, 0x8C, 0x40, 0x39, 0xCE, 0x73, 0x9C, 0xE7, 0x39, 0xCE, 0x73, 0x9C, 0xE7, 0x00, 0xF7,
    0x8C, 0x40, 0x39, 0xCE, 0x73, 0x9C, 0xE7, 0x39, 0xCE, 0x70, 0xEE, 0xEE, 0xEE, 0xEE, 0xEE, 0xEE,
    0xEE, 0xEE, 0x0E, 0xEE, 0xEE, 0xE0, 0x0E, 0xEE, 0xEE, 0xEE, 0xEE, 0xEE, 0xE0, 0xEE, 0xE0, 0x0F,
    0xC0, 0x3F, 0xE0, 0xFF, 0xE3, 0xC3, 0xCF, 0x03, 0xDE, 0x03, 0xB8, 0x07, 0x70, 0x0E, 0xE0, 0x1D,
    0xC0, 0x3B, 0xC0, 0x77, 0x81, 0xE7, 0x87, 0x87, 0xFF, 0x07, 0xFC, 0x07, 0xE0, 0x00, 0x00, 0x07,
    0x00, 0x0E, 0x00, 0x1C, 0x00, 0x1F, 0x03, 0xFC, 0x7F, 0xCF, 0x1E, 0xE0, 0xEE, 0x0E, 0xE0, 0xEE,
    0x0E, 0xF1, 0xE7, 0xFC, 0x3F, 0xC1, 0xF0, 0x00, 0x00, 0xE0, 0x0E, 0x00, 0xE0, 0x07, 0x00, 0x0F,
    0x00, 0x06, 0x00, 0x18, 0x00, 0x00, 0x01, 0xF8, 0x07, 0xFC, 0x1F, 0xFC, 0x78, 0x79, 0xE0, 0x7B,
    0xC0, 0x77, 0x00, 0xEE, 0x01, 0xDC, 0x03, 0xB8, 0x07, 0x78, 0x0E, 0xF0, 0x3C, 0xF0, 0xF0, 0xFF,
    0xE0, 0xFF, 0x80, 0xFC, 0x00, 0x1E, 0x00, 0xE0, 0x06, 0x00, 0x40, 0x00, 0x01, 0xF0, 0x3F, 0xC7,
    0xFC, 0xF1, 0xEE, 0x0E, 0xE0, 0xEE, 0x0E, 0xE0, 0xEF, 0x1E, 0x7F, 0xC3, 0xFC, 0x1F, 0x00, 0x00,
    0x30, 0x00, 0xC0, 0x01, 0x00, 0x18, 0x00, 0x78, 0x01, 0xF8, 0x07, 0x38, 0x00, 0x00, 0x0F, 0xC0,
    0x3F, 0xE0, 0xFF, 0xE3, 0xC3, 0xCF, 0x03, 0xDE, 0x03, 0xB8, 0x07, 0x70, 0x0E, 0xE0, 0x1D, 0xC0,
    0x3B, 0xC0, 0x77, 0x81, 0xE7, 0x87, 0x87, 0xFF, 0x07, 0xFC, 0x07, 0xE0, 0x00, 0xE0, 0x0C, 0x00,
    0x80, 0xE0, 0x1F, 0x03, 0xB8, 0x31, 0x80, 0x00, 0x1F, 0x03, 0xFC, 0x7F, 0xCF, 0x1E, 0xE0, 0xEE,
    0x0E, 0xE0, 0xEE, 0x0E, 0xF1, 0xE7, 0xFC, 0x3F, 0xC1, 0xF0, 0x00, 0xE0, 0x00, 0xC0, 0x00, 0x80,
    0x18, 0x00, 0x78, 0x01, 0xF8, 0x07, 0x38, 0x00, 0x00, 0x0F, 0xC0, 0x3F, 0xE0, 0xFF, 0xE3, 0xC3,
    0xCF, 0x03, 0xDE, 0x03, 0xB8, 0x07, 0x70, 0x0E, 0xE0, 0x1D, 0xC0, 0x3B, 0xC0, 0x77, 0x81, 0xE7,
    0x87, 0x87, 0xFF, 0x07, 0xFC, 0x07, 0xE0, 0x03, 0x80, 0x18, 0x00, 0x80, 0xE0, 0x1F, 0x03, 0xB8,
    0x31, 0x80, 0x00, 0x1F, 0x03, 0xFC, 0x7F, 0xCF, 0x1E, 0xE0, 0xEE, 0x0E, 0xE0, 0xEE, 0x0E, 0xF1,
    0xE7, 0xFC, 0x3F, 0xC1, 0xF0, 0x00, 0xE0, 0x00, 0xC0, 0x01, 0x00, 0x18, 0x00, 0x78, 0x01, 0xF8,
    0x07, 0x38, 0x00, 0x00, 0x0F, 0xC0, 0x3F, 0xE0, 0xFF, 0xE3, 0xC3, 0xCF, 0x03, 0xDE, 0x03, 0xB8,
    0x07, 0x70, 0x0E, 0xE0, 0x1D, 0xC0, 0x3B, 0xC0, 0x77, 0x81, 0xE7, 0x87, 0x87, 0xFF, 0x07, 0xFC,
    0x07, 0xE0, 0x03, 0x80, 0x18, 0x01, 0x80, 0xC0, 0x1F, 0x03, 0xB0, 0x31, 0x80, 0x00, 0x1F, 0x03,
    0xFC, 0x7F, 0xCF, 0x1E, 0xE0, 0xEE, 0x0E, 0xE0, 0xEE, 0x0E, 0xF1, 0xE7, 0xFC, 0x3F, 0xC1, 0xF0,
    0x0E, 0x60, 0x1F, 0x80, 0x26, 0x00, 0x18, 0x00, 0x78, 0x01, 0xF8, 0x07, 0x38, 0x00, 0x00, 0x0F,
    0xC0, 0x3F, 0xE0, 0xFF, 0xE3, 0xC3, 0xCF, 0x03, 0xDE, 0x03, 0xB8, 0x07, 0x70, 0x0E, 0xE0, 0x1D,
    0xC0, 0x3B, 0xC0, 0x77, 0x81, 0xE7, 0x87, 0x87, 0xFF, 0x07, 0xFC, 0x07, 0xE0, 0x1D, 0x83, 0xF8,
    0x33, 0x00, 0x60, 0x1F, 0x01, 0xB8, 0x31, 0x80, 0x00, 0x1F, 0x03, 0xFC, 0x7F, 0xCF, 0x1E, 0xE0,
    0xEE, 0x0E, 0xE0, 0xEE, 0x0E, 0xF1, 0xE7, 0xFC, 0x3F, 0xC1, 0xF0, 0x03, 0x00, 0x0F, 0x00, 0x3F,
    0x00, 0xF7, 0x00, 0x00, 0x00, 0x00, 0x03, 0xF0, 0x0F, 0xF8, 0x3F, 0xF8, 0xF0, 0xF3, 0xC0, 0xF7,
    0x80, 0xEE, 0x01, 0xDC, 0x03, 0xB8, 0x07, 0x70, 0x0E, 0xF0, 0x1D, 0xE0, 0x79, 0xE1, 0xE1, 0xFF,
    0xC1, 0xFF, 0x01, 0xF8, 0x00, 0x00, 0x01, 0xC0, 0x03, 0x80, 0x07, 0x00, 0x0E, 0x01, 0xF0, 0x3B,
    0x83, 0x18, 0x00, 0x00, 0x00, 0x1F, 0x03, 0xFC, 0x7F, 0xCF, 0x1E, 0xE0, 0xEE, 0x0E, 0xE0, 0xEE,
    0x0E, 0xF1, 0xE7, 0xFC, 0x3F, 0xC1, 0xF0, 0x00, 0x00, 0xE0, 0x0E, 0x00, 0xE0, 0x01, 0xC0, 0x03,
    0x00, 0x0E, 0x70, 0x00, 0xE0, 0x01, 0xC1, 0xFF, 0x87, 0xFF, 0x1F, 0xFC, 0x7C, 0xF9, 0xE0, 0x7B,
    0xC0, 0xF7, 0x00, 0xEE, 0x01, 0xDC, 0x03, 0xB8, 0x07, 0x70, 0x0E, 0xF0, 0x3C, 0xF0, 0xF0, 0xFF,
    0xE0, 0xFF, 0x80, 0xFC, 0x00, 0x03, 0x80, 0x70, 0x06, 0x30, 0x03, 0x00, 0x31, 0xFF, 0x3F, 0xE7,
    0xFC, 0xF1, 0xEE, 0x0E, 0xE0, 0xEE, 0x0E, 0xE0, 0xEF, 0x1E, 0x7F, 0xC3, 0xFC, 0x1F, 0x00, 0x0E,
    0x00, 0x0E, 0x00, 0x0C, 0x70, 0x00, 0xE0, 0x01, 0xC1, 0xFF, 0x87, 0xFF, 0x1F, 0xFC, 0x7C, 0xF9,
    0xE0, 0x7B, 0xC0, 0xF7, 0x00, 0xEE, 0x01, 0xDC, 0x03, 0xB8, 0x07, 0x70, 0x0E, 0xF0, 0x3C, 0xF0,
    0xF0, 0xFF, 0xE0, 0xFF, 0x80, 0xFC, 0x00, 0x1C, 0x01, 0xC0, 0x0E, 0x30, 0x03, 0x00, 0x31, 0xFF,
    0x3F, 0xE7, 0xFC, 0xF1, 0xEE, 0x0E, 0xE0, 0xEE, 0x0E, 0xE0, 0xEF, 0x1E, 0x7F, 0xC3, 0xFC, 0x1F,
    0x00, 0x07, 0x00, 0x0F, 0x00, 0x06, 0x00, 0x18, 0xE0, 0x01, 0xC1, 0xFF, 0x87, 0xFF, 0x1F, 0xFC,
    0x7C, 0xF9, 0xE0, 0x7B, 0xC0, 0xF7, 0x00, 0xEE, 0x01, 0xDC, 0x03, 0xB8, 0x07, 0x70, 0x0E, 0xF0,
    0x3C, 0xF0, 0xF0, 0xFF, 0xE0, 0xFF, 0x80, 0xFC, 0x00, 0x1E, 0x00, 0xE0, 0x06, 0x30, 0x43, 0x00,
    0x31, 0xFF, 0x3F, 0xE7, 0xFC, 0xF1, 0xEE, 0x0E, 0xE0, 0xEE, 0x0E, 0xE0, 0xEF, 0x1E, 0x7F, 0xC3,
    0xFC, 0x1F, 0x00, 0x0E, 0x60, 0x1F, 0x80, 0x67, 0x70, 0x00, 0xE0, 0x01, 0xC1, 0xFF, 0x87, 0xFF,
    0x1F, 0xFC, 0x7C, 0xF9, 0xE0, 0x7B, 0xC0, 0xF7, 0x00, 0xEE, 0x01, 0xDC, 0x03, 0xB8, 0x07, 0x70,
    0x0E, 0xF0, 0x3C, 0xF0, 0xF0, 0xFF, 0xE0, 0xFF, 0x80, 0xFC, 0x00, 0x1D, 0x81, 0x73, 0x00, 0x30,
    0x03, 0x1F, 0xF3, 0xFE, 0x7F, 0xCF, 0x1E, 0xE0, 0xEE, 0x0E, 0xE0, 0xEE, 0x0E, 0xF1, 0xE7, 0xFC,
    0x3F, 0xC1, 0xF0, 0x00, 0x1C, 0x00, 0x38, 0x00, 0x70, 0x7F, 0xE1, 0xFF, 0xC7, 0xFF, 0x1F, 0x3E,
    0x78, 0x1E, 0xF0, 0x3D, 0xC0, 0x3B, 0x80, 0x77, 0x00, 0xEE, 0x01, 0xDC, 0x03, 0xBC, 0x0F, 0x3C,
    0x3C, 0x3F, 0xF8, 0x3F, 0xE0, 0x3F, 0x00, 0x00, 0x00, 0x38, 0x00, 0x70, 0x00, 0xE0, 0x00, 0x00,
    0x30, 0x03, 0x00, 0x30, 0x03, 0x1F, 0xF3, 0xFE, 0x7F, 0xCF, 0x1E, 0xE0, 0xEE, 0x0E, 0xE0, 0xEE,
    0x0E, 0xF1, 0xE7, 0xFC, 0x3F, 0xC1, 0xF0, 0x00, 0x00, 0xE0, 0x0E, 0x00, 0xE0, 0xE0, 0x77, 0x03,
    0xB8, 0x1D, 0xC0, 0xEE, 0x07, 0x70, 0x3B, 0x81, 0xDC, 0x0E, 0xE0, 0x77, 0x03, 0xB8, 0x1D, 0xC0,
    0xEF, 0x0F, 0x3F, 0xF0, 0xFF, 0x03, 0xF0, 0x00, 0x00, 0x38, 0x01, 0xC0, 0x0E, 0x00, 0xE0, 0xFC,
    0x1F, 0x83, 0xF0, 0x7E, 0x0F, 0xC1, 0xF8, 0x3F, 0x07, 0xF1, 0xFF, 0xFD, 0xFB, 0x9E, 0x70, 0x00,
    0x1C, 0x03, 0x80, 0x70, 0x0E, 0x00, 0x78, 0x00, 0xC0, 0x04, 0x00, 0x00, 0x70, 0x3B, 0x81, 0xDC,
    0x0E, 0xE0, 0x77, 0x03, 0xB8, 0x1D, 0xC0, 0xEE, 0x07, 0x70, 0x3B, 0x81, 0xDC, 0x0E, 0xE0, 0x77,
    0x87, 0x9F, 0xF8, 0x7F, 0x81, 0xF8, 0x00, 0x1C, 0x03, 0xC0, 0x18, 0x06, 0x00, 0x01, 0xC3, 0xB8,
    0x77, 0x0E, 0xE1, 0xDC, 0x3B, 0x87, 0x70, 0xEE, 0x1D, 0xE7, 0xBF, 0xF3, 0xFE, 0x3D, 0xC0, 0x03,
    0x80, 0x0C, 0x00, 0x61, 0xC0, 0x07, 0x00, 0x1F, 0x81, 0xFE, 0x07, 0xF8, 0x1E, 0xE0, 0x73, 0x81,
    0xCE, 0x07, 0x38, 0x1C, 0xE0, 0x73, 0x81, 0xCE, 0x07, 0x38, 0x1C, 0xE0, 0x73, 0xC3, 0xC7, 0xFE,
    0x0F, 0xF0, 0x1F, 0x80, 0x07, 0x00, 0x60, 0x0C, 0x30, 0x03, 0x00, 0x3E, 0x1F, 0xE1, 0xFE, 0x1E,
    0xE1, 0xCE, 0x1C, 0xE1, 0xCE, 0x1C, 0xE1, 0xCF, 0x3C, 0xFF, 0xC7, 0xFC, 0x3D, 0xC0, 0x1C, 0x00,
    0x38, 0x00, 0x61, 0xC0, 0x07, 0x00, 0x1F, 0x81, 0xFE, 0x07, 0xF8, 0x1E, 0xE0, 0x73, 0x81, 0xCE,
    0x07, 0x38, 0x1C, 0xE0, 0x73, 0x81, 0xCE, 0x07, 0x38, 0x1C, 0xE0, 0x73, 0xC3, 0xC7, 0xFE, 0x0F,
    0xF0, 0x1F, 0x80, 0x38, 0x01, 0xC0, 0x0C, 0x30, 0x03, 0x00, 0x3E, 0x1F, 0xE1, 0xFE, 0x1E, 0xE1,
    0xCE, 0x1C, 0xE1, 0xCE, 0x1C, 0xE1, 0xCF, 0x3C, 0xFF, 0xC7, 0xFC, 0x3D, 0xC0, 0x0E, 0x00, 0x3C,
    0x00, 0x30, 0x00, 0x87, 0x00, 0x1F, 0x81, 0xFE, 0x07, 0xF8, 0x1E, 0xE0, 0x73, 0x81, 0xCE, 0x07,
    0x38, 0x1C, 0xE0, 0x73, 0x81, 0xCE, 0x07, 0x38, 0x1C, 0xE0, 0x73, 0xC3, 0xC7, 0xFE, 0x0F, 0xF0,
    0x1F, 0x80, 0x1C, 0x01, 0xE0, 0x06, 0x30, 0xC3, 0x00, 0x3E, 0x1F, 0xE1, 0xFE, 0x1E, 0xE1, 0xCE,
    0x1C, 0xE1, 0xCE, 0x1C, 0xE1, 0xCF, 0x3C, 0xFF, 0xC7, 0xFC, 0x3D, 0xC0, 0x0C, 0x80, 0x7E, 0x01,
    0xB9, 0xC0, 0x07, 0x00, 0x1F, 0x81, 0xFE, 0x07, 0xF8, 0x1E, 0xE0, 0x73, 0x81, 0xCE, 0x07, 0x38,
    0x1C, 0xE0, 0x73, 0x81, 0xCE, 0x07, 0x38, 0x1C, 0xE0, 0x73, 0xC3, 0xC7, 0xFE, 0x0F, 0xF0, 0x1F,
    0x80, 0x3F, 0x83, 0xF0, 0x00, 0x30, 0x03, 0xE1, 0xFE, 0x1F, 0xE1, 0xEE, 0x1C, 0xE1, 0xCE, 0x1C,
    0xE1, 0xCE, 0x1C, 0xF3, 0xCF, 0xFC, 0x7F, 0xC3, 0xDC, 0x00, 0x1C, 0x00, 0x70, 0x01, 0xF8, 0x1F,
    0xE0, 0x7F, 0x81, 0xEE, 0x07, 0x38, 0x1C, 0xE0, 0x73, 0x81, 0xCE, 0x07, 0x38, 0x1C, 0xE0, 0x73,
    0x81, 0xCE, 0x07, 0x3C, 0x3C, 0x7F, 0xE0, 0xFF, 0x01, 0xF8, 0x00, 0x00, 0x07, 0x00, 0x1C, 0x00,
    0x70, 0x00, 0x00, 0x30, 0x03, 0x00, 0x30, 0x03, 0xE1, 0xFE, 0x1F, 0xE1, 0xEE, 0x1C, 0xE1, 0xCE,
    0x1C, 0xE1, 0xCE, 0x1C, 0xF3, 0xCF, 0xFC, 0x7F, 0xC3, 0xDC, 0x00, 0x00, 0xE0, 0x0E, 0x00, 0xE0,
    0x1E, 0x00, 0x38, 0x00, 0x70, 0x00, 0x00, 0x78, 0x3D, 0xE0, 0xE3, 0xC7, 0x87, 0x1C, 0x1E, 0xE0,
    0x3F, 0x80, 0x7C, 0x01, 0xF0, 0x03, 0x80, 0x0E, 0x00, 0x38, 0x00, 0xE0, 0x03, 0x80, 0x0E, 0x00,
    0x18, 0x00, 0xE0, 0x03, 0x80, 0x0C, 0x00, 0x00, 0x38, 0x39, 0xE1, 0xC7, 0x1C, 0x38, 0xE0, 0xE7,
    0x07, 0x70, 0x3F, 0x80, 0xFC, 0x07, 0xC0, 0x1E, 0x00, 0xE0, 0x07, 0x00, 0x70, 0x07, 0x80, 0x38,
    0x00, 0x70, 0x1C, 0xF0, 0x78, 0xE0, 0xE1, 0xE3, 0xC1, 0xC7, 0x03, 0xDE, 0x03, 0xF8, 0x07, 0xF0,
    0x07, 0xC0, 0x07, 0x00, 0x0E, 0x00, 0x1C, 0x00, 0x38, 0x00, 0x70, 0x00, 0xE0, 0x01, 0xC0, 0x00,
    0x00, 0x07, 0x00, 0x0E, 0x00, 0x1C, 0x00, 0xF0, 0x77, 0x0F, 0x70, 0xE7, 0x8E, 0x39, 0xC3, 0x9C,
    0x1D, 0xC1, 0xF8, 0x1F, 0x80, 0xF8, 0x0F, 0x00, 0xF0, 0x0F, 0x03, 0xEE, 0x7C, 0xE7, 0x8E, 0x07,
    0x80, 0x0F, 0x00, 0x06, 0x00, 0x08, 0x00, 0x00, 0x0E, 0x03, 0x9E, 0x0F, 0x1C, 0x1C, 0x3C, 0x78,
    0x38, 0xE0, 0x7B, 0xC0, 0x7F, 0x00, 0xFE, 0x00, 0xF8, 0x00, 0xE0, 0x01, 0xC0, 0x03, 0x80, 0x07,
    0x00, 0x0E, 0x00, 0x1C, 0x00, 0x38, 0x00, 0x07, 0x00, 0x3C, 0x00, 0xE0, 0x06, 0x00, 0x00, 0x3C,
    0x3D, 0xE1, 0xC7, 0x0E, 0x38, 0xF0, 0xE7, 0x07, 0x38, 0x3B, 0xC0, 0xFC, 0x07, 0xE0, 0x3E, 0x00,
    0xF0, 0x07, 0x80, 0x38, 0x07, 0xC0, 0x7C, 0x03, 0xC0, 0x00, 0x06, 0x60, 0x1E, 0xC0, 0x37, 0x80,
    0x66, 0x00, 0x00, 0x0E, 0x03, 0x9E, 0x0F, 0x1C, 0x1C, 0x3C, 0x78, 0x38, 0xE0, 0x7B, 0xC0, 0x7F,
    0x00, 0x7E, 0x00, 0xF8, 0x00, 0xE0, 0x01, 0xC0, 0x03, 0x80, 0x07, 0x00, 0x0E, 0x00, 0x1C, 0x00,
    0x38, 0x00, 0x1F, 0xC0, 0xFC, 0x00, 0x00, 0x00, 0x07, 0x07, 0x38, 0x39, 0xE3, 0xC7, 0x1C, 0x38,
    0xE1, 0xEE, 0x07, 0x70, 0x3B, 0x80, 0xF8, 0x07, 0xC0, 0x3E, 0x00, 0xE0, 0x07, 0x01, 0xF0, 0x0F,
    0x80, 0x78, 0x00, 0x01, 0xFF, 0xF8, 0x01, 0xFF, 0xF8, 0x00, 0x3F, 0xFF, 0xFC, 0x00, 0x3F, 0xFF,
    0xFC, 0x00, 0x03, 0xFF, 0xFF, 0xFF, 0xC0, 0xFF, 0xFF, 0xFF, 0xFF, 0xFF, 0xFF, 0xFF, 0xFE, 0xEF,
    0xDF, 0xBF, 0x7E, 0xFD, 0xFB, 0xF7, 0xEF, 0xDF, 0xBF, 0x7E, 0xFD, 0xFB, 0xF7, 0xEF, 0xDF, 0xBF,
    0x7E, 0xFD, 0xFB, 0xF7, 0xEF, 0xDC, 0xFF, 0xFF, 0xF0, 0x03, 0xFF, 0xFF, 0xC0, 0x36, 0xEE, 0xE0,
    0x77, 0x76, 0xC0, 0x77, 0x76, 0xC0, 0x73, 0x9C, 0x63, 0x9C, 0xE0, 0x23, 0x66, 0xEE, 0xEE, 0xEE,
    0x77, 0x77, 0x77, 0x66, 0xC4, 0x77, 0x77, 0x77, 0x66, 0xC4, 0x77, 0x9C, 0xE7, 0x38, 0xCE, 0x39,
    0x8E, 0x63, 0x98, 0x0E, 0x03, 0x80, 0xE3, 0xFF, 0xFF, 0xC3, 0x80, 0xE0, 0x38, 0x0E, 0x03, 0x80,
    0xE0, 0x38, 0x0E, 0x03, 0x80, 0xE0, 0x38, 0x0E, 0x03, 0x80, 0x0E, 0x03, 0x80, 0xE3, 0xFF, 0xFF,
    0xC3, 0x80, 0xE0, 0x38, 0x0E, 0x03, 0x80, 0xE0, 0x38, 0xFF, 0xFF, 0xF0, 0xE0, 0x38, 0x0E, 0x03,
    0x80, 0x7B, 0xFF, 0xFF, 0xFD, 0xE0, 0x83, 0x0F, 0x3E, 0xF3, 0x88, 0x00, 0xEE, 0xEE, 0xE1, 0xDC,
    0x3B, 0x87, 0x70, 0xE0, 0xF1, 0xE3, 0xFC, 0x78, 0xFF, 0x1E, 0x3C, 0xEE, 0xEE, 0x7C, 0x1E, 0x00,
    0x7F, 0x0E, 0x00, 0x3B, 0x8E, 0x00, 0x1D, 0xCE, 0x00, 0x0F, 0xEF, 0x00, 0x03, 0xE7, 0x00, 0x00,
    0x07, 0x00, 0x00, 0x07, 0x3C, 0x3E, 0x03, 0xBF, 0x3F, 0x83, 0xB9, 0xDD, 0xC3, 0x9C, 0xEE, 0xE1,
    0x8F, 0xF7, 0x71, 0xC3, 0xF3, 0xF9, 0xC0, 0xF0, 0xF8, 0x7C, 0x0E, 0x00, 0x00, 0x3E, 0x06, 0x00,
    0x00, 0x3F, 0x86, 0x00, 0x00, 0x18, 0xC7, 0x00, 0x00, 0x0C, 0x63, 0x00, 0x00, 0x07, 0x73, 0x00,
    0x00, 0x03, 0xF9, 0x80, 0x00, 0x00, 0xF9, 0x80, 0x00, 0x00, 0x01, 0xCF, 0x0F, 0x0E, 0x00, 0xCF,
    0xCF, 0xCF, 0x80, 0xC6, 0x66, 0x6E, 0xE0, 0xE3, 0x33, 0x36, 0x30, 0x61, 0x99, 0x9B, 0x18, 0x70,
    0xFC, 0xFD, 0xFC, 0x70, 0x7E, 0x7E, 0xFE, 0x30, 0x1E, 0x1E, 0x3E, 0x7E, 0xEE, 0xEC, 0x73, 0xB8,
    0xEE, 0x3B, 0x8E, 0xE3, 0x30, 0xC0, 0x73, 0x8F, 0xC7, 0x1F, 0x8E, 0x37, 0x1C, 0x6E, 0x30, 0xD8,
    0x61, 0x80, 0xEE, 0x66, 0x67, 0xE3, 0xB8, 0xE6, 0x39, 0x86, 0x61, 0x9C, 0x60, 0xE3, 0x8F, 0xC7,
    0x1D, 0x8E, 0x3B, 0x0C, 0x76, 0x18, 0xEE, 0x30, 0xC0, 0x1C, 0x07, 0x83, 0x71, 0xCC, 0xE3, 0x80,
    0x00, 0xCE, 0xEE, 0x63, 0x8E, 0x38, 0xC0, 0x04, 0x31, 0xE7, 0x9D, 0xDC, 0xC4, 0x00, 0x07, 0x00,
    0x5C, 0x03, 0xA6, 0x0E, 0x38, 0x1F, 0xC3, 0xBE, 0xEE, 0x7B, 0x93, 0xE4, 0x1F, 0xC0, 0xF3, 0x83,
    0xAE, 0x05, 0xD0, 0x07, 0x00, 0xE1, 0xDC, 0x3B, 0x87, 0x70, 0xEE, 0x1D, 0xC3, 0xB8, 0x77, 0x0E,
    0xE1, 0xDC, 0x3B, 0x87, 0x00, 0x0E, 0x1D, 0xC3, 0xB8, 0x77, 0x0E, 0x3F, 0x1F, 0xEF, 0xFF, 0x87,
    0xE1, 0xC6, 0xF1, 0xF8, 0x7C, 0x1E, 0x07, 0x01, 0xC0, 0x00, 0x1C, 0x07, 0x01, 0xC0, 0x70, 0xFF,
    0xFF, 0xFF, 0xFC, 0x00, 0x00, 0x18, 0x00, 0x67, 0xFF, 0xF8, 0xFF, 0xFC, 0x0F, 0xF8, 0x00, 0x07,
    0xF8, 0x07, 0xFF, 0x87, 0xFF, 0xF9, 0xC0, 0x0E, 0x00, 0x00, 0x00, 0x01, 0x00, 0xE0, 0x38, 0x1C,
    0x0E, 0x03, 0x81, 0xC0, 0x70, 0x3E, 0x0F, 0xC7, 0x70, 0x8C, 0x00, 0x00, 0x02, 0x00, 0x3E, 0x00,
    0x78, 0x03, 0xF0, 0x0F, 0xC0, 0x3A, 0x00, 0x00, 0x0E, 0x2C, 0x7D, 0xF9, 0xFF, 0xE7, 0xDF, 0x9F,
    0x3E, 0x30, 0xA0, 0x00, 0x00, 0xFF, 0xFF, 0xC0, 0x00, 0x38, 0x01, 0xC0, 0x07, 0x00, 0x38, 0x01,
    0xC0, 0x0E, 0x00, 0x38, 0x01, 0xC0, 0x0E, 0x00, 0x38, 0x01, 0xC0, 0x0E, 0x00, 0x70, 0x01, 0xC0,
    0x00, 0xFF, 0xFF, 0xCE, 0x73, 0x9C, 0xE7, 0xFF, 0xFE, 0x73, 0x9C, 0xE7, 0xFF, 0xF0, 0xFB, 0xEF,
    0x8E, 0x38, 0xE3, 0x8E, 0x3B, 0xEF, 0xBE, 0x38, 0xE3, 0x8E, 0x3B, 0xEF, 0xBE, 0x3F, 0x03, 0xE1,
    0xFE, 0x1F, 0xCF, 0xFC, 0xFF, 0xB8, 0x73, 0x8E, 0x01, 0xC0, 0x38, 0x0F, 0x01, 0xE0, 0x78, 0x0F,
    0x83, 0xC0, 0x7C, 0x1E, 0x01, 0xE0, 0x70, 0x07, 0x01, 0xC0, 0x1C, 0x00, 0x00, 0x00, 0x1C, 0x01,
    0xC0, 0x70, 0x07, 0x01, 0xC0, 0x1C, 0x07, 0x00, 0x70, 0x3F, 0x07, 0x7F, 0x87, 0xFF, 0xC7, 0xE1,
    0xC7, 0xE1, 0xC7, 0x03, 0xC7, 0x07, 0x87, 0x0F, 0x87, 0x1E, 0x07, 0x1C, 0x07, 0x1C, 0x07, 0x00,
    0x00, 0x1C, 0x07, 0x1C, 0x07, 0x1C, 0x07, 0x1C, 0x07, 0xE0, 0xFC, 0xE1, 0xFE, 0xE3, 0xFF, 0xE3,
    0x87, 0xE3, 0x87, 0xE0, 0x0F, 0xE0, 0x1E, 0xE0, 0x3E, 0xE0, 0x78, 0xE0, 0x70, 0xE0, 0x70, 0x00,
    0x00, 0xE0, 0x70, 0xE0, 0x70, 0xE0, 0x70, 0xE0, 0x70, 0xFF, 0x7F, 0xBF, 0xC0, 0xE0, 0x70, 0x38,
    0x1C, 0x0E, 0x06, 0x03, 0x01, 0x81, 0xC0, 0xE0, 0x70, 0x38, 0x1C, 0xFF, 0x3F, 0xEF, 0xFF, 0x3F,
    0xCF, 0xF3, 0xFC, 0xFF, 0x3F, 0xCF, 0xB3, 0xCC, 0x03, 0x00, 0xC0, 0x30, 0x0C, 0x03, 0x00, 0x3F,
    0x9F, 0xEF, 0x9B, 0xE6, 0xF9, 0xBE, 0x6F, 0x99, 0xFE, 0x3F, 0x80, 0xFE, 0x7F, 0xB3, 0xF9, 0xFC,
    0xFE, 0x7F, 0x3F, 0xFE, 0xFE, 0x00, 0x0C, 0x03, 0x06, 0xF9, 0xFE, 0x1E, 0x1F, 0xE6, 0xF8, 0x30,
    0x0C, 0x00, 0xEE, 0xEE, 0x00, 0x00, 0x0E, 0xE6, 0x67, 0x73, 0x0F, 0xF8, 0x0F, 0xFF, 0x87, 0xFF,
    0xF9, 0x80, 0x0E, 0x00, 0x00, 0x00, 0x00, 0x00, 0x00, 0x00, 0x00, 0x00, 0x00, 0x00, 0x00, 0x00,
    0x00, 0x00, 0x00, 0x00, 0x00, 0x00, 0x00, 0x00, 0x00, 0x00, 0x00, 0x00, 0x00, 0x00, 0x00, 0x00,
    0x00, 0x00, 0x06, 0x00, 0x39, 0xFF, 0xFE, 0x3F, 0xFE, 0x03, 0xFE, 0x00, 0x0C, 0x03, 0x06, 0xF9,
    0xFE, 0x1E, 0x1F, 0xE6, 0xF8, 0x30, 0x0C, 0x00, 0x00, 0x00, 0x30, 0x0C, 0x1B, 0xE7, 0xF8, 0x78,
    0x7F, 0x9B, 0xE0, 0xC0, 0x30, 0x00, 0x1C, 0x00, 0x31, 0x80, 0xC7, 0x83, 0x8F, 0x06, 0x0C, 0x18,
    0x00, 0x70, 0x00, 0xC0, 0x03, 0x00, 0x0E, 0x00, 0x18, 0x30, 0x60, 0xF1, 0xC1, 0xE3, 0x01, 0x8C,
    0x00, 0x38, 0x00, 0x18, 0x01, 0xF8, 0x0F, 0xFF, 0x90, 0xFF, 0x00, 0xF0, 0x01, 0xE0, 0x07, 0xFF,
    0x83, 0xFF, 0xF1, 0xE0, 0x1E, 0x00, 0x00, 0x00, 0x0C, 0x0D, 0xB1, 0xFF, 0x1F, 0xCF, 0xFF, 0xFF,
    0xFF, 0xF3, 0xFC, 0x7F, 0xC5, 0xB0, 0x30, 0x00, 0x73, 0x8E, 0x3F, 0x1C, 0x71, 0xB8, 0xE3, 0x1D,
    0xC7, 0x18, 0xEE, 0x30, 0xC7, 0x61, 0x86, 0x38, 0x3C, 0x3F, 0x39, 0xDC, 0x6E, 0x37, 0x1B, 0x9C,
    0xFE, 0x3E, 0x00, 0xDB, 0xFF, 0xFF, 0xE0, 0x1E, 0x1E, 0x3E, 0x3E, 0x6E, 0xEE, 0xFF, 0xFF, 0x0E,
    0x7F, 0x3F, 0x98, 0x0F, 0xC7, 0xF0, 0x19, 0x8C, 0xFE, 0x3E, 0x00, 0x3C, 0x7E, 0xE7, 0xEE, 0xFF,
    0xE7, 0xE7, 0x7F, 0x3E, 0xFF, 0xFC, 0x38, 0x61, 0xC3, 0x0E, 0x38, 0x60, 0x3C, 0xFF, 0xE7, 0xE7,
    0x7E, 0x7E, 0xE7, 0xFF, 0x7E, 0x3C, 0xFE, 0xE7, 0xE7, 0xFF, 0x7F, 0xE7, 0xFE, 0x3C, 0x1C, 0x1C,
    0x7E, 0xFF, 0x1C, 0x1C, 0xFF, 0xFC, 0xFF, 0xFC, 0x07, 0xFF, 0xE0, 0x76, 0xEE, 0xEE, 0xEE, 0xE6,
    0x70, 0x63, 0x9C, 0x63, 0x18, 0xC6, 0x73, 0x98, 0xFC, 0xFE, 0xE6, 0xE7, 0xE7, 0xE7, 0xE7, 0x3C,
    0x3F, 0x39, 0xDC, 0x6E, 0x37, 0x1B, 0x9C, 0xFE, 0x3E, 0x00, 0x7F, 0xFF, 0x73, 0x9C, 0xE7, 0x38,
    0x7C, 0xFE, 0xEE, 0x0E, 0x1E, 0x3C, 0x78, 0xFE, 0xFE, 0x3E, 0x7E, 0x77, 0x1E, 0x1E, 0x07, 0xF7,
    0x7F, 0x3E, 0x1E, 0x1E, 0x3E, 0x7E, 0x6E, 0xFF, 0xFF, 0x0E, 0x0E, 0x7F, 0x3F, 0x98, 0x0D, 0xC7,
    0xF1, 0x19, 0x8C, 0xFE, 0x3E, 0x00, 0x1C, 0x7E, 0xE7, 0xEE, 0xFF, 0xE7, 0xE7, 0x7F, 0x3E, 0xFF,
    0xFC, 0x38, 0xE1, 0x87, 0x1C, 0x30, 0x3C, 0xFF, 0xE7, 0xE7, 0x7E, 0xFE, 0xE7, 0xFF, 0x7E, 0x3C,
    0x7E, 0xE7, 0xE7, 0xFF, 0x7F, 0xE7, 0xFE, 0x3C, 0x1C, 0x1C, 0x7E, 0xFF, 0x1C, 0x1C, 0xFF, 0xFC,
    0xFF, 0xFC, 0x07, 0xFF, 0xE0, 0x76, 0xEE, 0xEE, 0xEE, 0xE6, 0x70, 0x63, 0x9C, 0x63, 0x18, 0xC6,
    0x73, 0x98, 0x3C, 0x7E, 0x3F, 0x7F, 0xFF, 0x7F, 0x7C, 0xFE, 0xFF, 0xFE, 0xFE, 0x7C, 0x7C, 0xFE,
    0xE6, 0xE6, 0xFE, 0x7C, 0xE7, 0x7E, 0x3C, 0x3C, 0x7E, 0xE7, 0x38, 0xFE, 0x47, 0x07, 0xFF, 0xFF,
    0xE7, 0x7E, 0x3C, 0xE0, 0xE0, 0xFE, 0xFE, 0xE7, 0xE7, 0xE7, 0xE7, 0xC0, 0xE0, 0xE0, 0xEE, 0xFC,
    0xF8, 0xFC, 0xFC, 0xEE, 0xFF, 0xFF, 0xFF, 0xDD, 0xEF, 0xFF, 0xEE, 0x7E, 0xE7, 0xEE, 0x7E, 0xE7,
    0xFE, 0xFE, 0xE7, 0xE7, 0xE7, 0xE7, 0xFC, 0xFE, 0xE6, 0xE6, 0xFE, 0xFC, 0xE0, 0xE0, 0x3E, 0x7E,
    0x7C, 0x0F, 0x7F, 0x3E, 0x73, 0xBF, 0xE7, 0x39, 0xC7, 0x1F, 0x01, 0xFE, 0x0F, 0xFC, 0x3C, 0x70,
    0xE0, 0x03, 0x9F, 0xFE, 0x7F, 0xF9, 0xFF, 0xF7, 0x01, 0xFF, 0xE3, 0xFF, 0x83, 0xFE, 0x07, 0x00,
    0x1F, 0xF0, 0x7F, 0xC1, 0xFF, 0x00, 0xB0, 0x02, 0x80, 0xFE, 0x07, 0xFC, 0x3F, 0xF9, 0xED, 0xEF,
    0x27, 0xFC, 0xB0, 0xE6, 0x83, 0x92, 0x0E, 0x58, 0x39, 0x40, 0xF9, 0x3B, 0xE4, 0xE7, 0xA7, 0x8F,
    0xFC, 0x1F, 0xE0, 0x7F, 0x03, 0x40, 0x01, 0x00, 0x0F, 0xC0, 0x7F, 0x83, 0xFF, 0x1E, 0x1E, 0xF0,
    0x3B, 0x80, 0x0E, 0x73, 0x39, 0xFC, 0xE7, 0xF3, 0x9E, 0x0F, 0x73, 0x3D, 0xCE, 0x7F, 0xF8, 0xFF,
    0xC3, 0xFE, 0x03, 0xF0, 0x1F, 0xF8, 0xFF, 0xC7, 0xFE, 0x38, 0x01, 0xC0, 0x0E, 0x00, 0x70, 0x03,
    0xFE, 0x1F, 0xF8, 0xFF, 0xC7, 0x00, 0x38, 0x07, 0xF0, 0x0E, 0x00, 0x70, 0x03, 0x80, 0x07, 0xC0,
    0xFF, 0x07, 0xFC, 0x78, 0xE3, 0x80, 0x1C, 0x03, 0xFF, 0x1F, 0xF8, 0x38, 0x07, 0xFE, 0x3F, 0xF0,
    0x70, 0x03, 0x83, 0x3F, 0xFB, 0xFF, 0xDF, 0xFC, 0x00, 0x30, 0x00, 0x1C, 0x0E, 0xFF, 0xE3, 0xFF,
    0xFC, 0xFF, 0xFF, 0xB8, 0x70, 0xEE, 0x1C, 0x3B, 0x87, 0x0E, 0xE3, 0xC3, 0xB8, 0xF0, 0xEE, 0x7C,
    0x3B, 0x9F, 0x0E, 0xEF, 0xC3, 0xBB, 0xF0, 0xE0, 0xC0, 0x00, 0x20, 0x00, 0x78, 0x1C, 0xF0, 0x39,
    0xF0, 0x73, 0xF0, 0xE7, 0xE1, 0xCF, 0xE3, 0xBF, 0xFF, 0xFF, 0xFF, 0x73, 0xDD, 0xFF, 0xFF, 0xFF,
    0xFB, 0x87, 0xE7, 0x0F, 0xCE, 0x0F, 0x9C, 0x0F, 0x38, 0x1E, 0xFF, 0x00, 0x0F, 0xFC, 0x38, 0xFF,
    0xC3, 0x8E, 0x1E, 0x38, 0xE0, 0xEF, 0xEE, 0x0E, 0xFE, 0xE0, 0xEF, 0xEE, 0x1E, 0x38, 0xFF, 0xC3,
    0x8F, 0xFC, 0x38, 0xFF, 0x03, 0x8E, 0x00, 0x38, 0xE0, 0x03, 0x8E, 0x00, 0x3E, 0xE0, 0x03, 0xEE,
    0x00, 0x1E, 0xFF, 0x80, 0x01, 0xFF, 0x80, 0x03, 0xFF, 0x80, 0x07, 0x0F, 0x00, 0x0E, 0x0E, 0x1F,
    0x1C, 0x1C, 0xFF, 0x38, 0x39, 0xFF, 0x70, 0xF3, 0x8C, 0xFF, 0xC7, 0x81, 0xFF, 0x0F, 0xE3, 0xFE,
    0x07, 0xF7, 0x1C, 0x01, 0xEE, 0x3C, 0x71, 0xDC, 0x3C, 0xFF, 0xB8, 0x79, 0xFE, 0x70, 0x78, 0xF8,
    0x70, 0x78, 0x39, 0xC1, 0xE0, 0xE7, 0x07, 0x83, 0x8E, 0x1E, 0x1C, 0x38, 0xFC, 0x71, 0xFF, 0xFF,
    0xE7, 0xFF, 0xFF, 0x87, 0x3F, 0x38, 0x7F, 0xFF, 0xF9, 0xFF, 0xFF, 0xE1, 0xDC, 0xEE, 0x03, 0xE1,
    0xF0, 0x0F, 0x87, 0xC0, 0x3E, 0x1F, 0x00, 0xF8, 0x7C, 0x01, 0xC0, 0xE0, 0xFF, 0xC7, 0x7F, 0xF3,
    0xBF, 0xFD, 0xDC, 0x0E, 0xEE, 0xE7, 0x77, 0x73, 0xBB, 0xB9, 0xDD, 0xDC, 0xEE, 0xEE, 0x07, 0x77,
    0xFF, 0xBB, 0xFF, 0xDD, 0xFF, 0xC0, 0x00, 0xE0, 0x3F, 0xC1, 0xFE, 0x01, 0xC3, 0xEE, 0x3F, 0xF1,
    0xFF, 0x9E, 0x3C, 0xE0, 0xE7, 0x07, 0x38, 0x39, 0xC1, 0xCF, 0x1E, 0x3F, 0xF1, 0xFF, 0x87, 0xDC,
    0x00, 0x03, 0xFF, 0x1F, 0xF8, 0xFF, 0xC0, 0x0F, 0xE0, 0x7F, 0xC3, 0xCF, 0x9E, 0x1E, 0xFF, 0x03,
    0xFC, 0x07, 0x00, 0x3F, 0xC0, 0xFF, 0x01, 0xC0, 0xE3, 0x87, 0x8F, 0x3C, 0x1F, 0xF0, 0x3F, 0x00,
    0x38, 0x1E, 0x38, 0x3C, 0x38, 0x7C, 0x38, 0xF8, 0x39, 0xF0, 0x39, 0xE0, 0xFF, 0xFE, 0xFF, 0xFE,
    0xFF, 0xFC, 0x3F, 0xE0, 0x3C, 0xE0, 0x3C, 0xF0, 0x38, 0x78, 0x38, 0x3C, 0x38, 0x3C, 0x38, 0x1E,
    0xFF, 0xFF, 0xFF, 0xFF, 0xF0, 0x70, 0x07, 0x00, 0x7C, 0x07, 0x81, 0xF0, 0x1F, 0xC0, 0x7C, 0x1F,
    0x01, 0xF0, 0x07, 0x00, 0x70, 0x07, 0x00, 0x70, 0x07, 0x00, 0x00, 0x00, 0x38, 0x00, 0x00, 0x03,
    0xFC, 0x00, 0x00, 0xFF, 0xF0, 0x00, 0x03, 0xFF, 0xC0, 0x00, 0x03, 0x8F, 0x00, 0x00, 0x1C, 0x3C,
    0x1F, 0x00, 0xE0, 0xE3, 0xFC, 0x07, 0x07, 0x1F, 0xF0, 0x38, 0x39, 0xE3, 0xC1, 0xC1, 0xCE, 0x0E,
    0xFE, 0x0E, 0x70, 0x7F, 0xF0, 0x73, 0x83, 0xFF, 0x87, 0x9C, 0x1F, 0x1C, 0x38, 0xF1, 0xFF, 0xFF,
    0xC7, 0xFE, 0xFF, 0xFC, 0x3F, 0xF3, 0xE7, 0xC1, 0xDE, 0x00, 0x00, 0x0E, 0x00, 0x00, 0x00, 0x70,
    0x00, 0x00, 0x03, 0x80, 0x00, 0x00, 0x1C, 0x00, 0x3F, 0xC0, 0xFF, 0xC3, 0xFF, 0x0E, 0x1E, 0xFF,
    0xFF, 0xFF, 0xF3, 0x83, 0xBF, 0xFF, 0xFF, 0xFC, 0xE1, 0xE3, 0xFF, 0x0F, 0xF8, 0x3F, 0x80, 0xE0,
    0x03, 0x80, 0x0E, 0x00, 0x01, 0x00, 0x04, 0x00, 0xFC, 0x07, 0xFC, 0x3F, 0xF9, 0xE4, 0xE7, 0x13,
    0xFC, 0x40, 0xE1, 0x03, 0x87, 0xFE, 0x1F, 0xF8, 0x7F, 0xF1, 0x1F, 0xC4, 0xF7, 0x93, 0x8F, 0xFE,
    0x1F, 0xF0, 0x3F, 0x00, 0x10, 0x00, 0x40, 0x03, 0xC0, 0x07, 0xE0, 0x07, 0xE0, 0x07, 0xE0, 0x0F,
    0xF0, 0x0E, 0x70, 0x0E, 0x70, 0x7F, 0xFE, 0x7F, 0xFE, 0x1C, 0x38, 0x7F, 0xFE, 0x7F, 0xFE, 0x38,
    0x1C, 0x38, 0x1C, 0x78, 0x1E, 0x70, 0x0E, 0x1F, 0x07, 0xF9, 0xEF, 0x18, 0xEF, 0xFF, 0xFF, 0xC0,
    0x07, 0xFF, 0xFF, 0xEF, 0x01, 0xC0, 0x3F, 0xE3, 0xF8, 0x3E, 0x00, 0x01, 0x00, 0x04, 0x00, 0xFC,
    0x07, 0xFC, 0x3F, 0xF9, 0xE4, 0xEF, 0x13, 0xFC, 0x40, 0xE1, 0x03, 0x84, 0x0E, 0x10, 0x38, 0x40,
    0xF1, 0x03, 0xC4, 0xF7, 0x93, 0x8F, 0xFE, 0x1F, 0xF0, 0x3F, 0x00, 0x10, 0x00, 0x40, 0xFF, 0xFF,
    0xFF, 0x00, 0x0F, 0xFF, 0xFF, 0xF0, 0x70, 0x07, 0x00, 0x70, 0x07, 0x00, 0x70, 0x07, 0x00, 0x70,
    0x07, 0x00, 0x70, 0x00, 0x07, 0xFE, 0x7F, 0xE1, 0xF8, 0x3F, 0xE7, 0xFE, 0x7F, 0xE0, 0x78, 0x7F,
    0x07, 0xE0, 0x78, 0x03, 0xC0, 0x1E, 0x00, 0xF0, 0x07, 0x00, 0x38, 0x38, 0x03, 0xA0, 0x3E, 0x07,
    0xE0, 0xF8, 0x0F, 0xE0, 0x3E, 0x0F, 0xC0, 0xF8, 0xE3, 0x8E, 0x38, 0xE3, 0x9E, 0x39, 0xC3, 0xFC,
    0x3F, 0x83, 0xF0, 0x07, 0x00, 0x1C, 0x00, 0x70, 0x07, 0xF0, 0x3F, 0xE1, 0xFF, 0xC7, 0x77, 0xBD,
    0xDE, 0xE7, 0x3B, 0x9C, 0xEE, 0x73, 0xB9, 0xCE, 0x3F, 0xC3, 0xFE, 0x38, 0xF3, 0x87, 0x38, 0x73,
    0x87, 0x38, 0xFF, 0xFE, 0xFF, 0xC3, 0x80, 0xFF, 0xCF, 0xFC, 0x38, 0x03, 0x80, 0x0D, 0x80, 0x7C,
    0x07, 0xF0, 0x7F, 0xC7, 0xDF, 0x7E, 0xFF, 0xB6, 0xFD, 0xB7, 0xED, 0xBF, 0x00, 0x38, 0x01, 0xE0,
    0x07, 0x00, 0x7F, 0xFF, 0xFF, 0xFF, 0xFF, 0x12, 0x01, 0x20, 0xFF, 0x8F, 0xFC, 0xFF, 0xEE, 0x1E,
    0xE0, 0xEE, 0x1E, 0xFF, 0xCF, 0xF8, 0xFF, 0xEE, 0x0F, 0xE0, 0x7E, 0x07, 0xE0, 0xFF, 0xFF, 0xFF,
    0xEF, 0xFC, 0x12, 0x01, 0x20, 0x03, 0xC0, 0x0F, 0x00, 0x3C, 0x00, 0xF0, 0x03, 0xC0, 0x0F, 0x80,
    0x3F, 0xFF, 0xBF, 0xFF, 0x3C, 0x00, 0x3C, 0x00, 0x3C, 0x00, 0x3C, 0x00, 0x3C, 0x00, 0x02, 0x00,
    0x38, 0x03, 0xE0, 0x3F, 0x83, 0xFE, 0x3F, 0xFB, 0xDD, 0xFC, 0xE7, 0xC7, 0x1C, 0x38, 0x41, 0xC0,
    0x0E, 0x00, 0x70, 0x03, 0x80, 0x1C, 0x00, 0x07, 0x80, 0x07, 0x80, 0x07, 0x80, 0x07, 0x80, 0x0F,
    0x80, 0x0F, 0xBF, 0xFF, 0xFF, 0xFE, 0x00, 0x78, 0x01, 0xE0, 0x07, 0x80, 0x1E, 0x00, 0x78, 0x00,
    0x07, 0x00, 0x38, 0x01, 0xC0, 0x0E, 0x00, 0x70, 0x03, 0x83, 0x1C, 0x3C, 0xE3, 0xF7, 0x3B, 0xFB,
    0x8F, 0xF8, 0x3F, 0x80, 0xF8, 0x03, 0x80, 0x08, 0x00, 0x00, 0x00, 0x00, 0x00, 0x03, 0x00, 0xC0,
    0x07, 0x01, 0xE0, 0x0F, 0x00, 0xF0, 0x1E, 0x00, 0x78, 0x3C, 0x00, 0x3C, 0x7F, 0xFF, 0xFE, 0xFF,
    0xFF, 0xFF, 0x7F, 0xFF, 0xFE, 0x38, 0x00, 0x1C, 0x1C, 0x00, 0x38, 0x0E, 0x00, 0x70, 0x07, 0x00,
    0xE0, 0x07, 0x00, 0xC0, 0x02, 0x00, 0x00, 0x00, 0x00, 0x0C, 0x00, 0x78, 0x03, 0xF0, 0x1F, 0xE0,
    0xED, 0xC7, 0x33, 0xB8, 0xC7, 0x43, 0x08, 0x0C, 0x00, 0x30, 0x00, 0xC0, 0x03, 0x00, 0x0C, 0x00,
    0x30, 0x00, 0xC0, 0x63, 0x1B, 0xCC, 0xF7, 0xB7, 0x8E, 0xDC, 0x1F, 0xE0, 0x3F, 0x00, 0x78, 0x00,
    0xC0, 0x00, 0x00, 0x7F, 0x87, 0xFE, 0x3F, 0xF9, 0xF8, 0x0F, 0xE0, 0x7F, 0x83, 0xBE, 0x1C, 0xF8,
    0xE3, 0xE3, 0x0F, 0x88, 0x3E, 0x00, 0xF0, 0x03, 0x00, 0x0F, 0xF8, 0xFF, 0xCF, 0xFE, 0x01, 0xF0,
    0x1F, 0x81, 0xFC, 0x1E, 0xE1, 0xE7, 0x1E, 0x39, 0xE1, 0xDE, 0x0C, 0xE0, 0x02, 0x00, 0x00, 0x00,
    0x03, 0x80, 0x1E, 0x08, 0xF8, 0x63, 0xE3, 0x8F, 0x9C, 0x3E, 0xE0, 0xFF, 0x03, 0xF8, 0x0F, 0xCF,
    0xFE, 0x3F, 0xF0, 0xFF, 0x80, 0x00, 0x00, 0x01, 0x88, 0x1E, 0xC1, 0xEE, 0x1E, 0x71, 0xE3, 0x9E,
    0x1D, 0xE0, 0xFE, 0x07, 0xE0, 0x3F, 0xF9, 0xFF, 0xCF, 0xFC, 0x00, 0x00, 0x01, 0x00, 0x00, 0x0F,
    0x00, 0x20, 0x7C, 0x03, 0x80, 0xF0, 0x38, 0x03, 0x83, 0x80, 0x1C, 0x38, 0x00, 0xE7, 0x80, 0x0F,
    0x7F, 0xFF, 0xF3, 0xFF, 0xFF, 0x0F, 0xFF, 0xC0, 0x38, 0x00, 0x00, 0xF0, 0x00, 0x03, 0xC0, 0x00,
    0x0F, 0x00, 0x00, 0x30, 0x00, 0x00, 0x00, 0x00, 0x04, 0x00, 0x01, 0xE0, 0x00, 0x1F, 0x02, 0x01,
    0xE0, 0x38, 0x0E, 0x00, 0xE0, 0x70, 0x03, 0x83, 0x80, 0x0E, 0x1E, 0x00, 0x3C, 0x7F, 0xFF, 0xF1,
    0xFF, 0xFF, 0x81, 0xFF, 0xF8, 0x00, 0x03, 0x80, 0x00, 0x78, 0x00, 0x07, 0x80, 0x00, 0x78, 0x00,
    0x01, 0x80, 0x00, 0x00, 0x00, 0x00, 0x00, 0x00, 0x80, 0x00, 0x30, 0x00, 0x0E, 0x00, 0x03, 0xFF,
    0xFC, 0xFF, 0xFF, 0x8F, 0xFF, 0xF0, 0xE0, 0x06, 0x0C, 0x00, 0xC0, 0x80, 0x18, 0x00, 0x03, 0x00,
    0x00, 0x60, 0x00, 0x0C, 0x00, 0x01, 0x80, 0x00, 0x30, 0x00, 0x06, 0x00, 0x00, 0x00, 0x02, 0x00,
    0x00, 0xC0, 0x00, 0x38, 0xFF, 0xFF, 0x3F, 0xFF, 0xEF, 0xFF, 0xF3, 0x00, 0x38, 0xC0, 0x0C, 0x30,
    0x02, 0x0C, 0x00, 0x03, 0x00, 0x00, 0xC0, 0x00, 0x30, 0x00, 0x0C, 0x00, 0x03, 0x00, 0x00, 0x00,
    0x00, 0x30, 0x00, 0x0C, 0x00, 0x03, 0x00, 0x00, 0xC0, 0x00, 0x30, 0x02, 0x0C, 0x00, 0xC3, 0x00,
    0x38, 0xFF, 0xFF, 0x3F, 0xFF, 0xEF, 0xFF, 0xF0, 0x00, 0x38, 0x00, 0x0C, 0x00, 0x02, 0x00, 0x00,
    0x00, 0x00, 0x01, 0xFF, 0xC3, 0xFF, 0x80, 0x07, 0x00, 0x0E, 0x00, 0x1C, 0x00, 0x38, 0x00, 0x70,
    0x00, 0xE0, 0x01, 0xC0, 0x03, 0x80, 0x3F, 0xE0, 0x3F, 0x80, 0x3E, 0x00, 0x38, 0x00, 0x20, 0x00,
    0x00, 0x00, 0x00, 0x00, 0x00, 0x18, 0x00, 0x03, 0x00, 0x00, 0x60, 0x00, 0x0C, 0x08, 0x01, 0x83,
    0x00, 0x30, 0xE0, 0x06, 0x3F, 0xFF, 0xCF, 0xFF, 0xF8, 0xFF, 0xFF, 0x0E, 0x00, 0x00, 0xC0, 0x00,
    0x08, 0x00, 0x00, 0x00, 0x00, 0x00, 0x00, 0x01, 0x80, 0x03, 0x80, 0x07, 0x80, 0x0F, 0xE0, 0x0F,
    0xF8, 0x07, 0xFC, 0x03, 0x9C, 0x01, 0x8E, 0x00, 0x86, 0x00, 0x06, 0x60, 0x07, 0x60, 0x06, 0x70,
    0x0E, 0x70, 0x0E, 0x38, 0x1C, 0x3F, 0xFC, 0x1F, 0xF8, 0x07, 0xE0, 0x00, 0x00, 0x01, 0x80, 0x01,
    0xC0, 0x01, 0xE0, 0x07, 0xF0, 0x1F, 0xF0, 0x3F, 0xE0, 0x39, 0xC0, 0x71, 0x80, 0x61, 0x00, 0x60,
    0x00, 0xE0, 0x06, 0x60, 0x06, 0x70, 0x0E, 0x70, 0x0E, 0x38, 0x1C, 0x3F, 0xFC, 0x1F, 0xF8, 0x07,
    0xE0, 0x00, 0x00, 0x01, 0x00, 0x03, 0x80, 0x07, 0x00, 0x0E, 0x00, 0x1F, 0xFE, 0x3F, 0xFE, 0x70,
    0x00, 0xF0, 0x00, 0x7F, 0xFE, 0x3F, 0xFE, 0x1E, 0x00, 0x0F, 0x00, 0x07, 0x80, 0x03, 0x80, 0x00,
    0x00, 0x01, 0x00, 0x03, 0x80, 0x01, 0xC0, 0x00, 0xE0, 0xFF, 0xF0, 0xFF, 0xF8, 0xFF, 0xFC, 0x00,
    0x1E, 0xFF, 0xFE, 0xFF, 0xFC, 0xFF, 0xF8, 0x00, 0xF0, 0x01, 0xE0, 0x03, 0xC0, 0x01, 0x80, 0x00,
    0x00, 0x01, 0x00, 0x80, 0x03, 0x81, 0xC0, 0x07, 0x81, 0xE0, 0x0F, 0x00, 0xF0, 0x1F, 0xFF, 0xF8,
    0x3F, 0xFF, 0xFC, 0x7F, 0xFF, 0xFE, 0xF0, 0x00, 0x0F, 0x7F, 0xFF, 0xFE, 0x3F, 0xFF, 0xFC, 0x1F,
    0xFF, 0xF8, 0x0E, 0x00, 0x70, 0x07, 0x00, 0xE0, 0x07, 0x81, 0xC0, 0x03, 0x01, 0x80, 0x00, 0x00,
    0x00, 0x00, 0x00, 0x80, 0x38, 0x0F, 0x83, 0xF8, 0xFF, 0x83, 0x80, 0x70, 0x3F, 0x87, 0xF0, 0x38,
    0x07, 0x03, 0xF8, 0x7F, 0x03, 0x80, 0x70, 0x0E, 0x00, 0x00, 0x01, 0xC0, 0x38, 0x07, 0x03, 0xF8,
    0x7F, 0x03, 0x81, 0xFC, 0x3F, 0x81, 0xC0, 0x38, 0x3F, 0xE3, 0xF8, 0x3F, 0x03, 0xC0, 0x30, 0x00,
    0x00, 0x60, 0x40, 0x06, 0x0C, 0x00, 0x61, 0xC0, 0x06, 0x3C, 0x00, 0x67, 0xFF, 0xE6, 0x7F, 0xFE,
    0x63, 0xC0, 0x06, 0x1C, 0x00, 0x60, 0xC0, 0x06, 0x04, 0x00, 0x00, 0x00, 0x00, 0x00, 0x20, 0x60,
    0x06, 0x0C, 0x00, 0xE1, 0x80, 0x1E, 0x37, 0xFF, 0xE6, 0xFF, 0xFC, 0xC0, 0x0F, 0x18, 0x01, 0xC3,
    0x00, 0x30, 0x60, 0x04, 0x0C, 0x00, 0x00, 0x00, 0x00, 0x20, 0x00, 0x03, 0x80, 0x00, 0x3E, 0x00,
    0x03, 0xB8, 0x00, 0x38, 0xE0, 0x03, 0x83, 0x80, 0x38, 0x0E, 0x03, 0x80, 0x38, 0x3F, 0x07, 0xE3,
    0xF8, 0x3F, 0x80, 0xC1, 0x80, 0x06, 0x0C, 0x00, 0x30, 0x60, 0x01, 0x83, 0x00, 0x0F, 0xF8, 0x00,
    0x7F, 0xC0, 0x00, 0x20, 0x00, 0x03, 0x80, 0x00, 0x3E, 0x00, 0x03, 0xB8, 0x00, 0x38, 0xE0, 0x03,
    0x83, 0x80, 0x38, 0x0E, 0x03, 0x80, 0x38, 0x3F, 0x07, 0xE3, 0xF8, 0x3F, 0x80, 0xC1, 0x80, 0x07,
    0xFC, 0x00, 0x3F, 0xE0, 0x00, 0x00, 0x00, 0x00, 0x00, 0x00, 0x7F, 0xC0, 0x03, 0xFE, 0x00, 0x18,
    0x30, 0x00, 0xFF, 0x80, 0x07, 0xFC, 0x00, 0x00, 0x03, 0xF8, 0x1F, 0xC0, 0x1E, 0x00, 0xE0, 0x27,
    0x1F, 0xF3, 0xFF, 0x78, 0xF7, 0x07, 0x70, 0x77, 0x07, 0x70, 0xF7, 0x9E, 0x3F, 0xC1, 0xF8, 0x00,
    0x00, 0x00, 0x00, 0x1E, 0x21, 0xFF, 0x0F, 0xFC, 0x3C, 0xF1, 0xE3, 0xE7, 0x13, 0x9C, 0x8E, 0x7C,
    0x38, 0xF1, 0xC3, 0xFF, 0x0F, 0xF8, 0x4F, 0xC0, 0x00, 0x00, 0x03, 0x80, 0x0F, 0x00, 0x1F, 0x00,
    0x7E, 0x00, 0xFC, 0x01, 0xFC, 0x07, 0x38, 0x0E, 0x78, 0x3C, 0xF0, 0x70, 0xE0, 0xE1, 0xE3, 0xC1,
    0xC7, 0xFF, 0x8F, 0xFF, 0xBF, 0xFF, 0x00, 0x00, 0x0F, 0xFF, 0xFF, 0xFE, 0x07, 0xE0, 0x7E, 0x07,
    0xE0, 0x7E, 0x07, 0xE0, 0x7E, 0x07, 0xE0, 0x7E, 0x07, 0xE0, 0x7E, 0x07, 0xE0, 0x7E, 0x07, 0xE0,
    0x7E, 0x07, 0xE0, 0x70, 0x00, 0x03, 0xFF, 0xDF, 0xFE, 0xF8, 0x03, 0xC0, 0x0F, 0x00, 0x3C, 0x00,
    0xE0, 0x03, 0x80, 0x1E, 0x00, 0xF0, 0x0F, 0x00, 0x70, 0x07, 0x00, 0x78, 0x07, 0x80, 0x7F, 0xFB,
    0xFF, 0xDF, 0xFE, 0x7F, 0xE7, 0xFE, 0x7F, 0xE0, 0x00, 0xE0, 0x3C, 0x07, 0x01, 0xE0, 0x38, 0x0F,
    0x01, 0xC0, 0x78, 0x0E, 0x01, 0xC0, 0x70, 0x0E, 0x03, 0x80, 0x70, 0x1C, 0x00, 0x00, 0x78, 0x03,
    0xC0, 0x1E, 0x01, 0xC0, 0x0E, 0x00, 0x70, 0x03, 0x80, 0x38, 0x01, 0xC7, 0x8E, 0x3C, 0x71, 0xF3,
    0x83, 0xB8, 0x1D, 0xC0, 0x7E, 0x03, 0xF0, 0x1F, 0x00, 0x78, 0x03, 0xC0, 0x00, 0x00, 0x00, 0x00,
    0x07, 0xC1, 0xE1, 0xFE, 0xFF, 0x7F, 0xFF, 0xEE, 0x3F, 0x1F, 0xC3, 0xC1, 0xF8, 0x7C, 0x7F, 0xFF,
    0xFE, 0x7F, 0xBF, 0xC7, 0xC1, 0xE0, 0x00, 0x07, 0xC3, 0xE3, 0xC1, 0xC0, 0xE0, 0x70, 0x38, 0x1C,
    0x0E, 0x07, 0x03, 0x81, 0xC0, 0xE0, 0x70, 0x38, 0x1C, 0x0E, 0x07, 0x0F, 0x8F, 0x87, 0x80, 0x7F,
    0x72, 0x00, 0x02, 0x7F, 0x70, 0x00, 0x03, 0xC4, 0x7F, 0xE7, 0xFE, 0x03, 0xC0, 0x00, 0x3C, 0x47,
    0xFE, 0x7F, 0xE0, 0x3C, 0x03, 0x01, 0xCF, 0xFF, 0xFF, 0xFF, 0xC3, 0x00, 0xC3, 0xFF, 0xFF, 0xFF,
    0xF3, 0x80, 0xC0, 0x00, 0x00, 0x06, 0x03, 0xE0, 0xFE, 0x3F, 0x87, 0xC0, 0x7C, 0x07, 0xF0, 0x1F,
    0xE0, 0x7E, 0x00, 0xE0, 0x02, 0x7F, 0xE7, 0xFE, 0x7F, 0xE0, 0x00, 0x06, 0x00, 0x78, 0x07, 0xF0,
    0x1F, 0xC0, 0x7E, 0x01, 0xE0, 0xFE, 0x3F, 0x87, 0xC0, 0x70, 0x04, 0x00, 0x7F, 0xE7, 0xFE, 0x7F,
    0xE0, 0x00, 0x3F, 0xC0, 0x00, 0x07, 0xFF, 0x80, 0x00, 0xFF, 0xFF, 0x00, 0x0F, 0x80, 0x7C, 0x00,
    0xF0, 0x00, 0xF0, 0x0E, 0x00, 0x01, 0xC0, 0xE0, 0x00, 0x07, 0x07, 0x00, 0x00, 0x38, 0x70, 0x07,
    0x00, 0xE3, 0x00, 0x38, 0x03, 0x18, 0x01, 0xC0, 0x1D, 0xC0, 0x0E, 0x00, 0xEC, 0x00, 0x70, 0x03,
    0x60, 0x03, 0x80, 0x1B, 0x07, 0xFF, 0xE0, 0xD8, 0x3F, 0xFF, 0x06, 0xC0, 0xFF, 0xF8, 0x36, 0x00,
    0x38, 0x01, 0xB8, 0x01, 0xC0, 0x1C, 0xC0, 0x0E, 0x00, 0xE6, 0x00, 0x70, 0x06, 0x38, 0x03, 0x80,
    0x70, 0xE0, 0x00, 0x07, 0x07, 0x00, 0x00, 0x38, 0x1C, 0x00, 0x03, 0x80, 0x78, 0x00, 0x78, 0x01,
    0xF0, 0x0F, 0x80, 0x07, 0xFF, 0xF8, 0x00, 0x0F, 0xFF, 0x00, 0x00, 0x1F, 0xE0, 0x00, 0x00, 0x3F,
    0xC0, 0x00, 0x07, 0xFF, 0x80, 0x00, 0xFF, 0xFF, 0x00, 0x0F, 0x80, 0x7C, 0x00, 0xF0, 0x00, 0xF0,
    0x0E, 0x00, 0x01, 0xC0, 0xE0, 0x00, 0x07, 0x07, 0x00, 0x00, 0x38, 0x70, 0x00, 0x00, 0xE3, 0x00,
    0x00, 0x03, 0x18, 0x00, 0x00, 0x1D, 0xC0, 0x00, 0x00, 0xEC, 0x00, 0x00, 0x03, 0x60, 0x00, 0x00,
    0x1B, 0x01, 0xFF, 0x80, 0xD8, 0x0F, 0xFC, 0x06, 0xC0, 0x7F, 0xE0, 0x36, 0x00, 0x00, 0x01, 0xB8,
    0x00, 0x00, 0x1C, 0xC0, 0x00, 0x00, 0xE6, 0x00, 0x00, 0x06, 0x38, 0x00, 0x00, 0x70, 0xE0, 0x00,
    0x07, 0x07, 0x00, 0x00, 0x38, 0x1C, 0x00, 0x03, 0x80, 0x78, 0x00, 0x78, 0x01, 0xF0, 0x0F, 0x80,
    0x07, 0xFF, 0xF8, 0x00, 0x0F, 0xFF, 0x00, 0x00, 0x1F, 0xE0, 0x00, 0x00, 0x3F, 0xC0, 0x00, 0x07,
    0xFF, 0x80, 0x00, 0xFF, 0xFF, 0x00, 0x0F, 0x80, 0x7C, 0x00, 0xF0, 0x00, 0xF0, 0x0E, 0x00, 0x01,
    0xC0, 0xE0, 0x00, 0x07, 0x07, 0x00, 0x00, 0x38, 0x70, 0x00, 0x00, 0xE3, 0x00, 0x00, 0x03, 0x18,
    0x0C, 0x38, 0x1D, 0xC0, 0xF3, 0xC0, 0xEC, 0x03, 0xFC, 0x03, 0x60, 0x0F, 0xC0, 0x1B, 0x00, 0x3E,
    0x00, 0xD8, 0x01, 0xE0, 0x06, 0xC0, 0x1F, 0x80, 0x36, 0x01, 0xFE, 0x01, 0xB8, 0x1E, 0x78, 0x1C,
    0xC0, 0x61, 0xC0, 0xE6, 0x00, 0x00, 0x06, 0x38, 0x00, 0x00, 0x70, 0xE0, 0x00, 0x07, 0x07, 0x00,
    0x00, 0x38, 0x1C, 0x00, 0x03, 0x80, 0x78, 0x00, 0x78, 0x01, 0xF0, 0x0F, 0x80, 0x07, 0xFF, 0xF8,
    0x00, 0x0F, 0xFF, 0x00, 0x00, 0x1F, 0xE0, 0x00, 0x00, 0x3F, 0xC0, 0x00, 0x07, 0xFF, 0x80, 0x00,
    0xFF, 0xFF, 0x00, 0x0F, 0x80, 0x7C, 0x00, 0xF0, 0x00, 0xF0, 0x0E, 0x00, 0x01, 0xC0, 0xE0, 0x00,
    0x07, 0x07, 0x00, 0x00, 0x38, 0x70, 0x00, 0x00, 0xE3, 0x00, 0x03, 0x03, 0x18, 0x00, 0x38, 0x1D,
    0xC0, 0x03, 0xC0, 0xEC, 0x00, 0x3C, 0x03, 0x60, 0x03, 0xC0, 0x1B, 0x00, 0x1C, 0x00, 0xD8, 0x01,
    0xC0, 0x06, 0xC0, 0x1E, 0x00, 0x36, 0x01, 0xE0, 0x01, 0xB8, 0x1E, 0x00, 0x1C, 0xC0, 0xE0, 0x00,
    0xE6, 0x06, 0x00, 0x06, 0x38, 0x00, 0x00, 0x70, 0xE0, 0x00, 0x07, 0x07, 0x00, 0x00, 0x38, 0x1C,
    0x00, 0x03, 0x80, 0x78, 0x00, 0x78, 0x01, 0xF0, 0x0F, 0x80, 0x07, 0xFF, 0xF8, 0x00, 0x0F, 0xFF,
    0x00, 0x00, 0x1F, 0xE0, 0x00,
};

static const EpdGlyph golos_ui_10_semiboldGlyphs[] = {
    { 0, 0, 0, 0, 0, 0, 0 }, // U+0000
    { 0, 0, 83, 0, 0, 0, 0 }, // U+000D
    { 0, 0, 83, 0, 0, 0, 0 }, // U+0020
    { 4, 14, 103, 1, 14, 7, 0 }, // !
    { 7, 5, 143, 1, 14, 5, 7 }, // "
    { 12, 14, 227, 1, 14, 21, 12 }, // #
    { 12, 19, 220, 0, 17, 29, 33 }, // $
    { 17, 14, 280, 1, 14, 30, 62 }, // %
    { 14, 14, 233, 1, 14, 25, 92 }, // &
    { 3, 5, 77, 1, 14, 2, 117 }, // '
    { 7, 18, 127, 1, 14, 16, 119 }, // (
    { 7, 18, 127, 0, 14, 16, 135 }, // )
    { 9, 7, 150, 0, 14, 8, 151 }, // *
    { 10, 10, 190, 1, 12, 13, 159 }, // +
    { 4, 6, 103, 1, 3, 3, 172 }, // ,
    { 7, 3, 127, 1, 7, 3, 175 }, // -
    { 4, 3, 103, 1, 3, 2, 178 }, // .
    { 10, 18, 160, 0, 14, 23, 180 }, // /
    { 11, 14, 213, 1, 14, 20, 203 }, // 0
    { 9, 14, 168, 1, 14, 16, 223 }, // 1
    { 11, 14, 200, 1, 14, 20, 239 }, // 2
    { 11, 14, 201, 1, 14, 20, 259 }, // 3
    { 12, 14, 209, 1, 14, 21, 279 }, // 4
    { 11, 14, 200, 1, 14, 20, 300 }, // 5
    { 11, 14, 208, 1, 14, 20, 320 }, // 6
    { 10, 14, 180, 1, 14, 18, 340 }, // 7
    { 11, 14, 210, 1, 14, 20, 358 }, // 8
    { 11, 14, 208, 1, 14, 20, 378 }, // 9
    { 4, 11, 103, 1, 11, 6, 398 }, // :
    { 5, 14, 103, 0, 11, 9, 404 }, // ;
    { 10, 12, 190, 1, 13, 15, 413 }, // <
    { 10, 7, 190, 1, 11, 9, 428 }, // =
    { 10, 12, 190, 1, 13, 15, 437 }, // >
    { 10, 14, 176, 1, 14, 18, 452 }, // ?
    { 19, 18, 330, 1, 14, 43, 470 }, // @
    { 15, 14, 230, 0, 14, 27, 513 }, // A
    { 12, 14, 227, 2, 14, 21, 540 }, // B
    { 13, 14, 233, 1, 14, 23, 561 }, // C
    { 12, 14, 237, 2, 14, 21, 584 }, // D
    { 10, 14, 207, 2, 14, 18, 605 }, // E
    { 10, 14, 198, 2, 14, 18, 623 }, // F
    { 13, 14, 241, 1, 14, 23, 641 }, // G
    { 12, 14, 253, 2, 14, 21, 664 }, // H
    { 3, 14, 110, 2, 14, 6, 685 }, // I
    { 10, 14, 192, 1, 14, 18, 691 }, // J
    { 13, 14, 233, 2, 14, 23, 709 }, // K
    { 10, 14, 190, 2, 14, 18, 732 }, // L
    { 15, 14, 293, 2, 14, 27, 750 }, // M
    { 12, 14, 253, 2, 14, 21, 777 }, // N
    { 14, 14, 253, 1, 14, 25, 798 }, // O
    { 11, 14, 222, 2, 14, 20, 823 }, // P
    { 14, 15, 253, 1, 14, 27, 843 }, // Q
    { 12, 14, 230, 2, 14, 21, 870 }, // R
    { 12, 14, 220, 0, 14, 21, 891 }, // S
    { 12, 14, 213, 1, 14, 21, 912 }, // T
    { 12, 14, 243, 1, 14, 21, 933 }, // U
    { 15, 14, 230, 0, 14, 27, 954 }, // V
    { 20, 14, 326, 0, 14, 35, 981 }, // W
    { 15, 14, 233, 0, 14, 27, 1016 }, // X
    { 14, 14, 227, 0, 14, 25, 1043 }, // Y
    { 11, 14, 206, 1, 14, 20, 1068 }, // Z
    { 5, 18, 127, 2, 14, 12, 1088 }, // [
    { 10, 18, 160, 0, 14, 23, 1100 }, // <backslash>
    { 5, 18, 127, 1, 14, 12, 1123 }, // ]
    { 12, 6, 190, 0, 15, 9, 1135 }, // ^
    { 10, 3, 167, 0, 0, 4, 1144 }, // _
    { 6, 4, 100, 0, 16, 3, 1148 }, // `
    { 11, 11, 192, 1, 11, 16, 1151 }, // a
    { 11, 14, 205, 1, 14, 20, 1167 }, // b
    { 11, 11, 188, 1, 11, 16, 1187 }, // c
    { 11, 14, 205, 1, 14, 20, 1203 }, // d
    { 11, 11, 193, 1, 11, 16, 1223 }, // e
    { 7, 14, 122, 1, 14, 13, 1239 }, // f
    { 11, 15, 205, 1, 11, 21, 1252 }, // g
    { 10, 14, 202, 1, 14, 18, 1273 }, // h
    { 3, 15, 90, 1, 15, 6, 1291 }, // i
    { 5, 19, 90, 0, 15, 12, 1297 }, // j
    { 11, 14, 192, 1, 14, 20, 1309 }, // k
    { 5, 14, 110, 1, 14, 9, 1329 }, // l
    { 16, 11, 292, 1, 11, 22, 1338 }, // m
    { 10, 11, 202, 1, 11, 14, 1360 }, // n
    { 11, 11, 200, 1, 11, 16, 1374 }, // o
    { 11, 15, 205, 1, 11, 21, 1390 }, // p
    { 11, 15, 205, 1, 11, 21, 1411 }, // q
    { 7, 11, 130, 1, 11, 10, 1432 }, // r
    { 11, 11, 183, 0, 11, 16, 1442 }, // s
    { 7, 14, 133, 1, 14, 13, 1458 }, // t
    { 10, 11, 198, 1, 11, 14, 1471 }, // u
    { 12, 11, 193, 0, 11, 17, 1485 }, // v
    { 17, 11, 277, 0, 11, 24, 1502 }, // w
    { 12, 11, 190, 0, 11, 17, 1526 }, // x
    { 13, 15, 193, 0, 11, 25, 1543 }, // y
    { 9, 11, 170, 1, 11, 13, 1568 }, // z
    { 7, 18, 127, 1, 14, 16, 1581 }, // {
    { 3, 18, 113, 2, 14, 7, 1597 }, // |
    { 6, 18, 127, 1, 14, 14, 1604 }, // }
    { 12, 4, 190, 0, 9, 6, 1618 }, // ~
    { 0, 0, 83, 0, 0, 0, 1624 }, // U+00A0
    { 4, 15, 103, 1, 11, 8, 1624 }, // U+00A1
    { 11, 15, 188, 1, 13, 21, 1632 }, // U+00A2
    { 11, 14, 216, 1, 14, 20, 1653 }, // U+00A3
    { 11, 11, 190, 1, 13, 16, 1673 }, // U+00A4
    { 14, 14, 217, -1, 14, 25, 1689 }, // U+00A5
    { 3, 18, 113, 2, 14, 7, 1714 }, // U+00A6
    { 10, 18, 193, 1, 14, 23, 1721 }, // U+00A7
    { 7, 3, 133, 1, 15, 3, 1744 }, // U+00A8
    { 16, 16, 280, 1, 16, 32, 1747 }, // U+00A9
    { 11, 13, 192, 1, 12, 18, 1779 }, // U+00AA
    { 10, 11, 180, 1, 11, 14, 1797 }, // U+00AB
    { 11, 7, 190, 0, 9, 10, 1811 }, // U+00AC
    { 7, 3, 127, 1, 7, 3, 1821 }, // U+00AD
    { 12, 12, 214, 1, 15, 18, 1824 }, // U+00AE
    { 6, 3, 113, 1, 15, 3, 1842 }, // U+00AF
    { 7, 7, 130, 1, 15, 7, 1845 }, // U+00B0
    { 10, 12, 190, 1, 13, 15, 1852 }, // U+00B1
    { 8, 9, 126, 1, 17, 9, 1867 }, // U+00B2
    { 8, 9, 130, 0, 17, 9, 1876 }, // U+00B3
    { 6, 4, 100, 0, 16, 3, 1885 }, // U+00B4
    { 10, 15, 200, 1, 11, 19, 1888 }, // U+00B5
    { 11, 18, 212, 1, 14, 25, 1907 }, // U+00B6
    { 4, 3, 103, 1, 7, 2, 1932 }, // U+00B7
    { 4, 5, 80, 1, 1, 3, 1934 }, // U+00B8
    { 5, 9, 90, 1, 17, 6, 1937 }, // U+00B9
    { 7, 8, 127, 1, 16, 7, 1943 }, // U+00BA
    { 10, 11, 180, 1, 11, 14, 1950 }, // U+00BB
    { 17, 16, 283, 1, 15, 34, 1964 }, // U+00BC
    { 16, 16, 277, 1, 16, 32, 1998 }, // U+00BD
    { 20, 17, 323, 0, 16, 43, 2030 }, // U+00BE
    { 10, 15, 177, 1, 11, 19, 2073 }, // U+00BF
    { 15, 18, 230, 0, 18, 34, 2092 }, // U+00C0
    { 15, 18, 230, 0, 18, 34, 2126 }, // U+00C1
    { 15, 18, 230, 0, 18, 34, 2160 }, // U+00C2
    { 15, 19, 230, 0, 19, 36, 2194 }, // U+00C3
    { 14, 18, 230, 0, 18, 32, 2230 }, // U+00C4
    { 15, 20, 230, -1, 20, 38, 2262 }, // U+00C5
    { 20, 14, 333, 0, 14, 35, 2300 }, // U+00C6
    { 13, 18, 233, 1, 14, 30, 2335 }, // U+00C7
    { 10, 18, 207, 2, 18, 23, 2365 }, // U+00C8
    { 10, 18, 207, 2, 18, 23, 2388 }, // U+00C9
    { 10, 18, 207, 2, 18, 23, 2411 }, // U+00CA
    { 10, 18, 207, 2, 18, 23, 2434 }, // U+00CB
    { 6, 18, 110, -1, 18, 14, 2457 }, // U+00CC
    { 6, 18, 110, 2, 18, 14, 2471 }, // U+00CD
    { 8, 18, 110, -1, 18, 18, 2485 }, // U+00CE
    { 8, 18, 110, -1, 18, 18, 2503 }, // U+00CF
    { 14, 14, 245, 1, 14, 25, 2521 }, // U+00D0
    { 12, 19, 253, 2, 19, 29, 2546 }, // U+00D1
    { 14, 19, 253, 1, 19, 34, 2575 }, // U+00D2
    { 14, 19, 253, 1, 19, 34, 2609 }, // U+00D3
    { 14, 19, 253, 1, 19, 34, 2643 }, // U+00D4
    { 14, 19, 253, 1, 19, 34, 2677 }, // U+00D5
    { 14, 19, 253, 1, 19, 34, 2711 }, // U+00D6
    { 10, 10, 190, 1, 12, 13, 2745 }, // U+00D7
    { 14, 14, 253, 1, 14, 25, 2758 }, // U+00D8
    { 12, 19, 243, 1, 19, 29, 2783 }, // U+00D9
    { 12, 19, 243, 1, 19, 29, 2812 }, // U+00DA
    { 12, 19, 243, 1, 19, 29, 2841 }, // U+00DB
    { 12, 19, 243, 1, 19, 29, 2870 }, // U+00DC
    { 14, 18, 227, 0, 18, 32, 2899 }, // U+00DD
    { 11, 14, 222, 2, 14, 20, 2931 }, // U+00DE
    { 10, 14, 197, 1, 14, 18, 2951 }, // U+00DF
    { 11, 15, 192, 1, 15, 21, 2969 }, // U+00E0
    { 11, 16, 192, 1, 16, 22, 2990 }, // U+00E1
    { 11, 16, 192, 1, 16, 22, 3012 }, // U+00E2
    { 11, 15, 192, 1, 15, 21, 3034 }, // U+00E3
    { 11, 14, 192, 1, 14, 20, 3055 }, // U+00E4
    { 11, 17, 192, 1, 17, 24, 3075 }, // U+00E5
    { 18, 11, 312, 1, 11, 25, 3099 }, // U+00E6
    { 11, 15, 188, 1, 11, 21, 3124 }, // U+00E7
    { 11, 16, 193, 1, 16, 22, 3145 }, // U+00E8
    { 11, 16, 193, 1, 16, 22, 3167 }, // U+00E9
    { 11, 16, 193, 1, 16, 22, 3189 }, // U+00EA
    { 11, 14, 193, 1, 14, 20, 3211 }, // U+00EB
    { 6, 15, 90, -2, 15, 12, 3231 }, // U+00EC
    { 6, 15, 90, 1, 15, 12, 3243 }, // U+00ED
    { 9, 15, 90, -2, 15, 17, 3255 }, // U+00EE
    { 7, 14, 90, -1, 14, 13, 3272 }, // U+00EF
    { 11, 17, 202, 1, 17, 24, 3285 }, // U+00F0
    { 10, 15, 202, 1, 15, 19, 3309 }, // U+00F1
    { 11, 16, 200, 1, 16, 22, 3328 }, // U+00F2
    { 11, 16, 200, 1, 16, 22, 3350 }, // U+00F3
    { 11, 16, 200, 1, 16, 22, 3372 }, // U+00F4
    { 11, 15, 200, 1, 15, 21, 3394 }, // U+00F5
    { 11, 14, 200, 1, 14, 20, 3415 }, // U+00F6
    { 10, 12, 190, 1, 13, 15, 3435 }, // U+00F7
    { 11, 11, 200, 1, 11, 16, 3450 }, // U+00F8
    { 10, 16, 198, 1, 16, 20, 3466 }, // U+00F9
    { 10, 16, 198, 1, 16, 20, 3486 }, // U+00FA
    { 10, 16, 198, 1, 16, 20, 3506 }, // U+00FB
    { 10, 14, 198, 1, 14, 18, 3526 }, // U+00FC
    { 13, 20, 193, 0, 16, 33, 3544 }, // U+00FD
    { 11, 18, 205, 1, 14, 25, 3577 }, // U+00FE
    { 13, 18, 193, -1, 14, 30, 3602 }, // U+00FF
    { 15, 19, 230, 0, 19, 36, 3632 }, // U+0100
    { 11, 14, 192, 1, 14, 20, 3668 }, // U+0101
    { 16, 19, 230, -1, 19, 38, 3688 }, // U+0102
    { 11, 15, 192, 1, 15, 21, 3726 }, // U+0103
    { 15, 18, 230, -1, 14, 34, 3747 }, // U+0104
    { 11, 15, 192, 1, 11, 21, 3781 }, // U+0105
    { 13, 19, 233, 1, 19, 31, 3802 }, // U+0106
    { 11, 16, 188, 1, 16, 22, 3833 }, // U+0107
    { 14, 21, 247, 1, 21, 37, 3855 }, // U+0108
    { 11, 17, 196, 1, 17, 24, 3892 }, // U+0109
    { 13, 19, 233, 1, 19, 31, 3916 }, // U+010A
    { 11, 15, 188, 1, 15, 21, 3947 }, // U+010B
    { 13, 19, 233, 1, 19, 31, 3968 }, // U+010C
    { 11, 15, 188, 1, 15, 21, 3999 }, // U+010D
    { 12, 18, 237, 2, 18, 27, 4020 }, // U+010E
    { 15, 14, 205, 1, 14, 27, 4047 }, // U+010F
    { 14, 14, 245, 1, 14, 25, 4074 }, // U+0110
    { 13, 14, 205, 1, 14, 23, 4099 }, // U+0111
    { 10, 19, 207, 2, 19, 24, 4122 }, // U+0112
    { 11, 14, 193, 1, 14, 20, 4146 }, // U+0113
    { 10, 21, 202, 1, 21, 27, 4166 }, // U+0114
    { 11, 17, 199, 1, 17, 24, 4193 }, // U+0115
    { 10, 18, 207, 2, 18, 23, 4217 }, // U+0116
    { 11, 15, 193, 1, 15, 21, 4240 }, // U+0117
    { 11, 18, 207, 2, 14, 25, 4261 }, // U+0118
    { 11, 15, 193, 1, 11, 21, 4286 }, // U+0119
    { 10, 18, 207, 2, 18, 23, 4307 }, // U+011A
    { 11, 16, 193, 1, 16, 22, 4330 }, // U+011B
    { 14, 21, 250, 1, 21, 37, 4352 }, // U+011C
    { 12, 22, 211, 1, 18, 33, 4389 }, // U+011D
    { 13, 14, 241, 1, 14, 23, 4422 }, // U+011E
    { 11, 15, 205, 1, 11, 21, 4445 }, // U+011F
    { 13, 19, 241, 1, 19, 31, 4466 }, // U+0120
    { 12, 19, 205, 1, 15, 29, 4497 }, // U+0121
    { 13, 19, 241, 1, 14, 31, 4526 }, // U+0122
    { 11, 21, 205, 1, 17, 29, 4557 }, // U+0123
    { 13, 21, 249, 1, 21, 35, 4586 }, // U+0124
    { 14, 21, 207, -2, 21, 37, 4621 }, // U+0125
    { 16, 14, 253, 0, 14, 28, 4658 }, // U+0126
    { 12, 14, 208, 0, 14, 21, 4686 }, // U+0127
    { 7, 21, 94, 0, 21, 19, 4707 }, // U+0128
    { 7, 16, 90, -1, 16, 14, 4726 }, // U+0129
    { 7, 19, 110, 1, 19, 17, 4740 }, // U+012A
    { 6, 14, 90, 0, 14, 11, 4757 }, // U+012B
    { 7, 21, 94, 0, 21, 19, 4768 }, // U+012C
    { 7, 17, 90, -1, 17, 15, 4787 }, // U+012D
    { 4, 18, 110, 1, 14, 9, 4802 }, // U+012E
    { 4, 19, 90, 1, 15, 10, 4811 }, // U+012F
    { 3, 18, 110, 2, 18, 7, 4821 }, // U+0130
    { 3, 11, 90, 1, 11, 5, 4828 }, // U+0131
    { 15, 14, 302, 2, 14, 27, 4833 }, // U+0132
    { 9, 19, 181, 1, 15, 22, 4860 }, // U+0133
    { 13, 21, 195, 1, 21, 35, 4882 }, // U+0134
    { 9, 21, 90, -1, 17, 24, 4917 }, // U+0135
    { 13, 19, 233, 2, 14, 31, 4941 }, // U+0136
    { 11, 19, 192, 1, 14, 27, 4972 }, // U+0137
    { 11, 12, 195, 1, 12, 17, 4999 }, // U+0138
    { 10, 18, 190, 2, 18, 23, 5016 }, // U+0139
    { 6, 18, 110, 1, 18, 14, 5039 }, // U+013A
    { 10, 19, 190, 2, 14, 24, 5053 }, // U+013B
    { 5, 19, 110, 1, 14, 12, 5077 }, // U+013C
    { 11, 14, 190, 2, 14, 20, 5089 }, // U+013D
    { 7, 14, 110, 1, 14, 13, 5109 }, // U+013E
    { 10, 16, 192, 1, 16, 20, 5122 }, // U+013F
    { 8, 16, 150, 1, 16, 16, 5142 }, // U+0140
    { 12, 14, 203, 1, 14, 21, 5158 }, // U+0141
    { 7, 14, 125, 0, 14, 13, 5179 }, // U+0142
    { 12, 18, 253, 2, 18, 27, 5192 }, // U+0143
    { 10, 15, 202, 1, 15, 19, 5219 }, // U+0144
    { 12, 19, 253, 2, 14, 29, 5238 }, // U+0145
    { 10, 16, 202, 1, 11, 20, 5267 }, // U+0146
    { 12, 18, 253, 2, 18, 27, 5287 }, // U+0147
    { 10, 15, 202, 1, 15, 19, 5314 }, // U+0148
    { 12, 18, 253, 2, 14, 27, 5333 }, // U+014A
    { 10, 15, 202, 1, 11, 19, 5360 }, // U+014B
    { 14, 19, 253, 1, 19, 34, 5379 }, // U+014C
    { 11, 14, 200, 1, 14, 20, 5413 }, // U+014D
    { 15, 21, 257, 1, 21, 40, 5433 }, // U+014E
    { 12, 17, 204, 1, 17, 26, 5473 }, // U+014F
    { 14, 19, 253, 1, 19, 34, 5499 }, // U+0150
    { 12, 15, 200, 1, 15, 23, 5533 }, // U+0151
    { 21, 14, 367, 1, 14, 37, 5556 }, // U+0152
    { 19, 11, 327, 1, 11, 27, 5593 }, // U+0153
    { 12, 18, 230, 2, 18, 27, 5620 }, // U+0154
    { 8, 15, 130, 1, 15, 15, 5647 }, // U+0155
    { 12, 19, 230, 2, 14, 29, 5662 }, // U+0156
    { 7, 16, 130, 1, 11, 14, 5691 }, // U+0157
    { 12, 18, 230, 2, 18, 27, 5705 }, // U+0158
    { 8, 15, 130, 0, 15, 15, 5732 }, // U+0159
    { 12, 19, 220, 0, 19, 29, 5747 }, // U+015A
    { 11, 15, 183, 0, 15, 21, 5776 }, // U+015B
    { 13, 21, 218, 0, 21, 35, 5797 }, // U+015C
    { 11, 17, 187, 0, 17, 24, 5832 }, // U+015D
    { 12, 18, 220, 0, 14, 27, 5856 }, // U+015E
    { 11, 15, 183, 0, 11, 21, 5883 }, // U+015F
    { 12, 19, 220, 0, 19, 29, 5904 }, // U+0160
    { 11, 15, 183, 0, 15, 21, 5933 }, // U+0161
    { 12, 20, 222, 1, 16, 30, 5954 }, // U+0162
    { 8, 19, 122, 0, 15, 19, 5984 }, // U+0163
    { 12, 18, 213, 1, 18, 27, 6003 }, // U+0164
    { 8, 16, 133, 1, 16, 16, 6030 }, // U+0165
    { 12, 16, 222, 1, 16, 24, 6046 }, // U+0166
    { 8, 15, 122, 0, 15, 15, 6070 }, // U+0167
    { 13, 21, 244, 1, 21, 35, 6085 }, // U+0168
    { 11, 16, 207, 1, 16, 22, 6120 }, // U+0169
    { 12, 19, 243, 1, 19, 29, 6142 }, // U+016A
    { 10, 14, 198, 1, 14, 18, 6171 }, // U+016B
    { 12, 14, 243, 1, 14, 21, 6189 }, // U+016C
    { 10, 15, 198, 1, 15, 19, 6210 }, // U+016D
    { 12, 20, 243, 1, 20, 30, 6229 }, // U+016E
    { 10, 17, 198, 1, 17, 22, 6259 }, // U+016F
    { 13, 19, 243, 1, 19, 31, 6281 }, // U+0170
    { 12, 15, 198, 1, 15, 23, 6312 }, // U+0171
    { 13, 18, 243, 1, 14, 30, 6335 }, // U+0172
    { 10, 15, 198, 1, 11, 19, 6365 }, // U+0173
    { 20, 18, 326, 0, 18, 45, 6384 }, // U+0174
    { 17, 15, 277, 0, 15, 32, 6429 }, // U+0175
    { 14, 18, 227, 0, 18, 32, 6461 }, // U+0176
    { 13, 20, 193, 0, 16, 33, 6493 }, // U+0177
    { 14, 18, 227, 0, 18, 32, 6526 }, // U+0178
    { 11, 18, 206, 1, 18, 25, 6558 }, // U+0179
    { 9, 15, 170, 1, 15, 17, 6583 }, // U+017A
    { 11, 18, 206, 1, 18, 25, 6600 }, // U+017B
    { 9, 15, 170, 1, 15, 17, 6625 }, // U+017C
    { 11, 18, 206, 1, 18, 25, 6642 }, // U+017D
    { 9, 15, 170, 1, 15, 17, 6667 }, // U+017E
    { 6, 17, 115, 1, 17, 13, 6684 }, // U+017F
    { 15, 18, 260, 1, 18, 34, 6697 }, // U+01A0
    { 12, 15, 204, 1, 15, 23, 6731 }, // U+01A1
    { 14, 18, 243, 1, 18, 32, 6754 }, // U+01AF
    { 12, 15, 220, 1, 15, 23, 6786 }, // U+01B0
    { 24, 17, 432, 1, 17, 51, 6809 }, // U+01C5
    { 23, 17, 401, 1, 17, 49, 6860 }, // U+01C6
    { 22, 16, 383, 1, 16, 44, 6909 }, // U+01C7
    { 15, 21, 279, 1, 17, 40, 6953 }, // U+01C8
    { 9, 21, 181, 1, 17, 24, 6993 }, // U+01C9
    { 26, 16, 449, 1, 16, 52, 7017 }, // U+01CA
    { 19, 21, 344, 1, 17, 50, 7069 }, // U+01CB
    { 16, 21, 298, 1, 17, 42, 7119 }, // U+01CC
    { 16, 21, 249, 0, 21, 42, 7161 }, // U+01CD
    { 11, 17, 193, 1, 17, 24, 7203 }, // U+01CE
    { 9, 21, 94, -2, 21, 24, 7227 }, // U+01CF
    { 9, 17, 90, -2, 17, 20, 7251 }, // U+01D0
    { 15, 21, 257, 1, 21, 40, 7271 }, // U+01D1
    { 12, 17, 204, 1, 17, 26, 7311 }, // U+01D2
    { 13, 21, 244, 1, 21, 35, 7337 }, // U+01D3
    { 11, 17, 207, 1, 17, 24, 7372 }, // U+01D4
    { 13, 24, 244, 1, 24, 39, 7396 }, // U+01D5
    { 11, 20, 207, 1, 20, 28, 7435 }, // U+01D6
    { 13, 24, 244, 1, 24, 39, 7463 }, // U+01D7
    { 11, 20, 207, 1, 20, 28, 7502 }, // U+01D8
    { 13, 24, 244, 1, 24, 39, 7530 }, // U+01D9
    { 11, 20, 207, 1, 20, 28, 7569 }, // U+01DA
    { 13, 24, 244, 1, 24, 39, 7597 }, // U+01DB
    { 11, 20, 207, 1, 20, 28, 7636 }, // U+01DC
    { 11, 12, 199, 1, 12, 17, 7664 }, // U+01DD
    { 16, 23, 249, 0, 23, 46, 7681 }, // U+01DE
    { 11, 20, 193, 1, 20, 28, 7727 }, // U+01DF
    { 16, 23, 249, 0, 23, 46, 7755 }, // U+01E0
    { 11, 20, 193, 1, 20, 28, 7801 }, // U+01E1
    { 20, 20, 341, 0, 20, 50, 7829 }, // U+01E2
    { 18, 16, 303, 1, 16, 36, 7879 }, // U+01E3
    { 15, 16, 250, 1, 16, 30, 7915 }, // U+01E4
    { 13, 16, 230, 1, 12, 26, 7945 }, // U+01E5
    { 14, 21, 250, 1, 21, 37, 7971 }, // U+01E6
    { 12, 22, 211, 1, 18, 33, 8008 }, // U+01E7
    { 14, 21, 240, 1, 21, 37, 8041 }, // U+01E8
    { 14, 21, 193, -2, 21, 37, 8078 }, // U+01E9
    { 15, 20, 257, 1, 16, 38, 8115 }, // U+01EA
    { 12, 16, 204, 1, 12, 24, 8153 }, // U+01EB
    { 15, 25, 257, 1, 21, 47, 8177 }, // U+01EC
    { 12, 20, 204, 1, 16, 30, 8224 }, // U+01ED
    { 13, 26, 229, 1, 22, 43, 8254 }, // U+01EE
    { 12, 21, 215, 1, 17, 32, 8297 }, // U+01EF
    { 9, 21, 90, -1, 17, 24, 8329 }, // U+01F0
    { 26, 16, 462, 1, 16, 52, 8353 }, // U+01F1
    { 24, 16, 432, 1, 16, 48, 8405 }, // U+01F2
    { 23, 16, 401, 1, 16, 46, 8453 }, // U+01F3
    { 14, 21, 250, 1, 21, 37, 8499 }, // U+01F4
    { 12, 21, 211, 1, 17, 32, 8536 }, // U+01F5
    { 21, 16, 375, 1, 16, 42, 8568 }, // U+01F6
    { 12, 20, 246, 2, 16, 30, 8610 }, // U+01F7
    { 14, 20, 254, 1, 20, 35, 8640 }, // U+01F8
    { 11, 17, 207, 1, 17, 24, 8675 }, // U+01F9
    { 16, 25, 249, 0, 25, 50, 8699 }, // U+01FA
    { 11, 22, 193, 1, 22, 31, 8749 }, // U+01FB
    { 20, 20, 341, 0, 20, 50, 8780 }, // U+01FC
    { 18, 17, 303, 1, 17, 39, 8830 }, // U+01FD
    { 15, 22, 257, 1, 21, 42, 8869 }, // U+01FE
    { 13, 18, 204, 0, 17, 30, 8911 }, // U+01FF
    { 16, 20, 249, 0, 20, 40, 8941 }, // U+0200
    { 11, 17, 193, 1, 17, 24, 8981 }, // U+0201
    { 16, 21, 249, 0, 21, 42, 9005 }, // U+0202
    { 11, 17, 193, 1, 17, 24, 9047 }, // U+0203
    { 11, 20, 202, 0, 20, 28, 9071 }, // U+0204
    { 11, 17, 199, 1, 17, 24, 9099 }, // U+0205
    { 10, 21, 202, 1, 21, 27, 9123 }, // U+0206
    { 11, 17, 199, 1, 17, 24, 9150 }, // U+0207
    { 9, 20, 94, -3, 20, 23, 9174 }, // U+0208
    { 9, 17, 90, -3, 17, 20, 9197 }, // U+0209
    { 7, 21, 94, -1, 21, 19, 9217 }, // U+020A
    { 7, 17, 90, -1, 17, 15, 9236 }, // U+020B
    { 15, 21, 257, 1, 21, 40, 9251 }, // U+020C
    { 12, 17, 204, 1, 17, 26, 9291 }, // U+020D
    { 15, 21, 257, 1, 21, 40, 9317 }, // U+020E
    { 12, 17, 204, 1, 17, 26, 9357 }, // U+020F
    { 12, 20, 219, 1, 20, 30, 9383 }, // U+0210
    { 9, 17, 136, -1, 17, 20, 9413 }, // U+0211
    { 12, 21, 219, 1, 21, 32, 9433 }, // U+0212
    { 7, 17, 136, 1, 17, 15, 9465 }, // U+0213
    { 13, 21, 244, 1, 21, 35, 9480 }, // U+0214
    { 12, 17, 207, 0, 17, 26, 9515 }, // U+0215
    { 13, 21, 244, 1, 21, 35, 9541 }, // U+0216
    { 11, 17, 207, 1, 17, 24, 9576 }, // U+0217
    { 12, 19, 220, 0, 14, 29, 9600 }, // U+0218
    { 11, 16, 183, 0, 11, 22, 9629 }, // U+0219
    { 12, 19, 213, 1, 14, 29, 9651 }, // U+021A
    { 7, 19, 133, 1, 14, 17, 9680 }, // U+021B
    { 12, 21, 222, 1, 16, 32, 9697 }, // U+021C
    { 10, 17, 191, 1, 12, 22, 9729 }, // U+021D
    { 13, 21, 249, 1, 21, 35, 9751 }, // U+021E
    { 14, 21, 207, -2, 21, 37, 9786 }, // U+021F
    { 6, 4, 0, 0, 16, 3, 9823 }, // U+0300
    { 6, 4, 0, 0, 16, 3, 9826 }, // U+0301
    { 8, 4, 0, 0, 16, 4, 9829 }, // U+0302
    { 8, 5, 0, 0, 16, 5, 9833 }, // U+0303
    { 6, 3, 0, 1, 15, 3, 9838 }, // U+0304
    { 7, 3, 0, 1, 15, 3, 9841 }, // U+0306
    { 3, 3, 0, 1, 15, 2, 9844 }, // U+0307
    { 7, 3, 0, 1, 15, 3, 9846 }, // U+0308
    { 4, 4, 0, 1, 17, 2, 9849 }, // U+0309
    { 5, 5, 0, 1, 16, 4, 9851 }, // U+030A
    { 11, 3, 0, 1, 15, 5, 9855 }, // U+030B
    { 8, 4, 0, 0, 16, 4, 9860 }, // U+030C
    { 9, 3, 0, 1, 16, 4, 9864 }, // U+030F
    { 3, 4, 0, -1, 16, 2, 9868 }, // U+0312
    { 5, 7, 0, 4, 10, 5, 9870 }, // U+0313
    { 5, 7, 0, 4, 10, 5, 9875 }, // U+0315
    { 5, 6, 0, -5, 16, 4, 9880 }, // U+031B
    { 4, 3, 96, 1, -2, 2, 9884 }, // U+0323
    { 3, 4, 0, 1, -1, 2, 9886 }, // U+0326
    { 4, 5, 0, 1, 1, 3, 9888 }, // U+0327
    { 4, 5, 0, 1, 1, 3, 9891 }, // U+0328
    { 9, 3, 0, 0, -2, 4, 9894 }, // U+032C
    { 9, 15, 0, -11, 14, 17, 9898 }, // U+0337
    { 13, 17, 0, -13, 16, 28, 9915 }, // U+0338
    { 7, 3, 0, -10, 17, 3, 9943 }, // U+0342
    { 5, 4, 0, 0, 13, 3, 9946 }, // U+0343
    { 7, 5, 0, -10, 17, 5, 9949 }, // U+0346
    { 7, 6, 0, -9, -1, 6, 9954 }, // U+0347
    { 6, 5, 0, -9, 0, 4, 9960 }, // U+0348
    { 5, 6, 0, -9, 0, 4, 9964 }, // U+0349
    { 8, 5, 0, -11, 17, 5, 9968 }, // U+034A
    { 9, 9, 0, -11, 21, 11, 9973 }, // U+034B
    { 8, 5, 0, -10, 18, 5, 9984 }, // U+034C
    { 10, 5, 0, -11, -1, 7, 9989 }, // U+034D
    { 5, 5, 0, -9, -1, 4, 9996 }, // U+034E
    { 0, 0, 0, 0, 0, 0, 10000 }, // U+034F
    { 8, 9, 0, -10, 22, 9, 10000 }, // U+0350
    { 2, 4, 0, -7, 16, 1, 10009 }, // U+0351
    { 8, 7, 0, -10, 19, 7, 10010 }, // U+0352
    { 6, 6, 0, -9, 0, 5, 10017 }, // U+0353
    { 6, 6, 0, -9, 0, 5, 10022 }, // U+0354
    { 6, 6, 0, -9, 0, 5, 10027 }, // U+0355
    { 12, 6, 0, -11, 0, 9, 10032 }, // U+0356
    { 3, 6, 0, 1, 18, 3, 10041 }, // U+0357
    { 4, 3, 0, 1, 16, 2, 10044 }, // U+0358
    { 5, 5, 0, -9, -1, 4, 10046 }, // U+0359
    { 9, 4, 0, -10, -1, 5, 10050 }, // U+035A
    { 5, 5, 0, -9, 18, 4, 10055 }, // U+035B
    { 16, 4, 0, -9, -1, 8, 10059 }, // U+035C
    { 17, 4, 0, -9, 16, 9, 10067 }, // U+035D
    { 12, 2, 0, -12, 16, 3, 10076 }, // U+035E
    { 12, 2, 0, -12, -2, 3, 10079 }, // U+035F
    { 22, 5, 0, -12, 17, 14, 10082 }, // U+0360
    { 17, 4, 0, -9, 16, 9, 10096 }, // U+0361
    { 18, 5, 0, -8, -1, 12, 10105 }, // U+0362
    { 6, 6, 0, -9, 19, 5, 10117 }, // U+0363
    { 6, 7, 0, -9, 19, 6, 10122 }, // U+0364
    { 2, 8, 0, -7, 21, 2, 10128 }, // U+0365
    { 6, 7, 0, -9, 19, 6, 10130 }, // U+0366
    { 5, 7, 0, -9, 19, 5, 10136 }, // U+0367
    { 5, 7, 0, -9, 19, 5, 10141 }, // U+0368
    { 5, 8, 0, -9, 21, 5, 10146 }, // U+0369
    { 5, 8, 0, -9, 21, 5, 10151 }, // U+036A
    { 9, 6, 0, -11, 19, 7, 10156 }, // U+036B
    { 4, 6, 0, -8, 19, 3, 10163 }, // U+036C
    { 4, 9, 0, 0, 21, 5, 10166 }, // U+036D
    { 7, 6, 0, -10, 19, 6, 10171 }, // U+036E
    { 7, 6, 0, -10, 19, 6, 10177 }, // U+036F
    { 10, 20, 202, 1, 20, 25, 10183 }, // U+0400
    { 10, 18, 207, 2, 18, 23, 10208 }, // U+0401
    { 16, 14, 277, 1, 14, 28, 10231 }, // U+0402
    { 10, 18, 187, 2, 18, 23, 10259 }, // U+0403
    { 13, 14, 233, 1, 14, 23, 10282 }, // U+0404
    { 12, 14, 220, 0, 14, 21, 10305 }, // U+0405
    { 3, 14, 110, 2, 14, 6, 10326 }, // U+0406
    { 8, 18, 110, -1, 18, 18, 10332 }, // U+0407
    { 10, 14, 192, 1, 14, 18, 10350 }, // U+0408
    { 21, 14, 352, 1, 14, 37, 10368 }, // U+0409
    { 20, 14, 363, 2, 14, 35, 10405 }, // U+040A
    { 16, 14, 282, 1, 14, 28, 10440 }, // U+040B
    { 13, 18, 237, 2, 18, 30, 10468 }, // U+040C
    { 14, 20, 254, 1, 20, 35, 10498 }, // U+040D
    { 15, 19, 230, -1, 19, 36, 10533 }, // U+040E
    { 12, 17, 247, 2, 14, 26, 10569 }, // U+040F
    { 15, 14, 230, 0, 14, 27, 10595 }, // U+0410
    { 12, 14, 225, 2, 14, 21, 10622 }, // U+0411
    { 12, 14, 227, 2, 14, 21, 10643 }, // U+0412
    { 10, 14, 187, 2, 14, 18, 10664 }, // U+0413
    { 15, 17, 250, 1, 14, 32, 10682 }, // U+0414
    { 10, 14, 207, 2, 14, 18, 10714 }, // U+0415
    { 21, 14, 333, 0, 14, 37, 10732 }, // U+0416
    { 13, 14, 219, 0, 14, 23, 10769 }, // U+0417
    { 12, 14, 253, 2, 14, 21, 10792 }, // U+0418
    { 12, 19, 253, 2, 19, 29, 10813 }, // U+0419
    { 13, 14, 237, 2, 14, 23, 10842 }, // U+041A
    { 13, 14, 242, 1, 14, 23, 10865 }, // U+041B
    { 15, 14, 293, 2, 14, 27, 10888 }, // U+041C
    { 12, 14, 253, 2, 14, 21, 10915 }, // U+041D
    { 14, 14, 253, 1, 14, 25, 10936 }, // U+041E
    { 12, 14, 250, 2, 14, 21, 10961 }, // U+041F
    { 11, 14, 222, 2, 14, 20, 10982 }, // U+0420
    { 13, 14, 233, 1, 14, 23, 11002 }, // U+0421
    { 12, 14, 213, 1, 14, 21, 11025 }, // U+0422
    { 15, 14, 230, -1, 14, 27, 11046 }, // U+0423
    { 17, 15, 300, 1, 14, 32, 11073 }, // U+0424
    { 15, 14, 233, 0, 14, 27, 11105 }, // U+0425
    { 14, 17, 258, 2, 14, 30, 11132 }, // U+0426
    { 11, 14, 227, 1, 14, 20, 11162 }, // U+0427
    { 18, 14, 330, 2, 14, 32, 11182 }, // U+0428
    { 19, 17, 342, 2, 14, 41, 11214 }, // U+0429
    { 14, 14, 247, 1, 14, 25, 11255 }, // U+042A
    { 16, 14, 303, 2, 14, 28, 11280 }, // U+042B
    { 11, 14, 220, 2, 14, 20, 11308 }, // U+042C
    { 13, 14, 233, 0, 14, 23, 11328 }, // U+042D
    { 17, 14, 323, 2, 14, 30, 11351 }, // U+042E
    { 12, 14, 232, 0, 14, 21, 11381 }, // U+042F
    { 11, 11, 192, 1, 11, 16, 11402 }, // U+0430
    { 11, 15, 198, 1, 15, 21, 11418 }, // U+0431
    { 10, 11, 192, 1, 11, 14, 11439 }, // U+0432
    { 8, 11, 157, 1, 11, 11, 11453 }, // U+0433
    { 12, 14, 208, 1, 11, 21, 11464 }, // U+0434
    { 11, 11, 193, 1, 11, 16, 11485 }, // U+0435
    { 17, 11, 273, 0, 11, 24, 11501 }, // U+0436
    { 10, 11, 181, 0, 11, 14, 11525 }, // U+0437
    { 10, 11, 203, 1, 11, 14, 11539 }, // U+0438
    { 10, 15, 203, 1, 15, 19, 11553 }, // U+0439
    { 11, 11, 192, 1, 11, 16, 11572 }, // U+043A
    { 11, 11, 198, 1, 11, 16, 11588 }, // U+043B
    { 13, 11, 240, 1, 11, 18, 11604 }, // U+043C
    { 10, 11, 203, 1, 11, 14, 11622 }, // U+043D
    { 11, 11, 200, 1, 11, 16, 11636 }, // U+043E
    { 10, 11, 200, 1, 11, 14, 11652 }, // U+043F
    { 11, 15, 205, 1, 11, 21, 11666 }, // U+0440
    { 11, 11, 188, 1, 11, 16, 11687 }, // U+0441
    { 10, 11, 170, 1, 11, 14, 11703 }, // U+0442
    { 13, 15, 193, 0, 11, 25, 11717 }, // U+0443
    { 15, 18, 253, 1, 14, 34, 11742 }, // U+0444
    { 12, 11, 190, 0, 11, 17, 11776 }, // U+0445
    { 12, 14, 210, 1, 11, 21, 11793 }, // U+0446
    { 10, 11, 188, 1, 11, 14, 11814 }, // U+0447
    { 15, 11, 276, 1, 11, 21, 11828 }, // U+0448
    { 17, 14, 290, 1, 11, 30, 11849 }, // U+0449
    { 12, 11, 205, 0, 11, 17, 11879 }, // U+044A
    { 13, 11, 250, 1, 11, 18, 11896 }, // U+044B
    { 10, 11, 178, 1, 11, 14, 11914 }, // U+044C
    { 11, 11, 188, 0, 11, 16, 11928 }, // U+044D
    { 14, 11, 258, 1, 11, 20, 11944 }, // U+044E
    { 11, 11, 193, 0, 11, 16, 11964 }, // U+044F
    { 11, 17, 199, 1, 17, 24, 11980 }, // U+0450
    { 11, 14, 193, 1, 14, 20, 12004 }, // U+0451
    { 12, 18, 213, 1, 14, 27, 12024 }, // U+0452
    { 9, 15, 157, 1, 15, 17, 12051 }, // U+0453
    { 11, 11, 188, 1, 11, 16, 12068 }, // U+0454
    { 11, 11, 183, 0, 11, 16, 12084 }, // U+0455
    { 3, 15, 90, 1, 15, 6, 12100 }, // U+0456
    { 7, 14, 90, -1, 14, 13, 12106 }, // U+0457
    { 5, 19, 90, 0, 15, 12, 12119 }, // U+0458
    { 17, 11, 286, 1, 11, 24, 12131 }, // U+0459
    { 17, 11, 295, 1, 11, 24, 12155 }, // U+045A
    { 12, 14, 213, 0, 14, 21, 12179 }, // U+045B
    { 11, 15, 192, 1, 15, 21, 12200 }, // U+045C
    { 11, 17, 207, 1, 17, 24, 12221 }, // U+045D
    { 13, 19, 193, -1, 15, 31, 12245 }, // U+045E
    { 10, 14, 197, 1, 11, 18, 12276 }, // U+045F
    { 18, 16, 326, 1, 16, 36, 12294 }, // U+0460
    { 16, 12, 294, 1, 12, 24, 12330 }, // U+0461
    { 14, 16, 237, 1, 16, 28, 12354 }, // U+0462
    { 13, 16, 214, 1, 16, 26, 12382 }, // U+0463
    { 19, 16, 334, 1, 16, 38, 12408 }, // U+0464
    { 15, 12, 276, 1, 12, 23, 12446 }, // U+0465
    { 16, 16, 249, 0, 16, 32, 12469 }, // U+0466
    { 12, 12, 197, 0, 12, 18, 12501 }, // U+0467
    { 19, 16, 330, 1, 16, 38, 12519 }, // U+0468
    { 16, 12, 278, 1, 12, 24, 12557 }, // U+0469
    { 16, 16, 294, 1, 16, 32, 12581 }, // U+046A
    { 13, 12, 249, 1, 12, 20, 12613 }, // U+046B
    { 22, 16, 395, 1, 16, 44, 12633 }, // U+046C
    { 19, 12, 341, 1, 12, 29, 12677 }, // U+046D
    { 10, 26, 190, 1, 21, 33, 12706 }, // U+046E
    { 10, 21, 181, 1, 17, 27, 12739 }, // U+046F
    { 16, 16, 298, 1, 16, 32, 12766 }, // U+0470
    { 15, 19, 277, 1, 15, 36, 12798 }, // U+0471
    { 15, 16, 257, 1, 16, 30, 12834 }, // U+0472
    { 12, 12, 204, 1, 12, 18, 12864 }, // U+0473
    { 15, 16, 253, 0, 16, 30, 12882 }, // U+0474
    { 13, 12, 206, 0, 12, 20, 12912 }, // U+0475
    { 15, 20, 253, 0, 20, 38, 12932 }, // U+0476
    { 13, 17, 206, 0, 17, 28, 12970 }, // U+0477
    { 28, 20, 457, 1, 16, 70, 12998 }, // U+0478
    { 24, 16, 399, 1, 12, 48, 13068 }, // U+0479
    { 14, 16, 239, 1, 16, 28, 13116 }, // U+0480
    { 11, 16, 195, 1, 12, 22, 13144 }, // U+0481
    { 12, 14, 223, 1, 14, 21, 13166 }, // U+0482
    { 8, 5, 0, -10, 17, 5, 13187 }, // U+0483
    { 8, 3, 0, -10, 16, 3, 13192 }, // U+0484
    { 3, 4, 0, -7, 17, 2, 13195 }, // U+0485
    { 3, 4, 0, -7, 17, 2, 13197 }, // U+0486
    { 9, 3, 0, -11, 16, 4, 13199 }, // U+0487
    { 20, 19, 0, -16, 16, 48, 13203 }, // U+0488
    { 20, 20, 0, -16, 16, 50, 13251 }, // U+0489
    { 15, 25, 254, 1, 21, 47, 13301 }, // U+048A
    { 13, 21, 207, 1, 17, 35, 13348 }, // U+048B
    { 14, 16, 237, 1, 16, 28, 13383 }, // U+048C
    { 13, 15, 214, 1, 15, 25, 13411 }, // U+048D
    { 12, 16, 220, 1, 16, 24, 13436 }, // U+048E
    { 11, 16, 204, 1, 12, 22, 13460 }, // U+048F
    { 10, 17, 187, 2, 17, 22, 13482 }, // U+0490
    { 8, 14, 157, 1, 14, 14, 13504 }, // U+0491
    { 11, 14, 193, 1, 14, 20, 13518 }, // U+0492
    { 10, 11, 165, 1, 11, 14, 13538 }, // U+0493
    { 11, 18, 219, 2, 14, 25, 13552 }, // U+0494
    { 10, 15, 187, 1, 11, 19, 13577 }, // U+0495
    { 21, 17, 340, 0, 14, 45, 13596 }, // U+0496
    { 17, 14, 279, 0, 11, 30, 13641 }, // U+0497
    { 12, 17, 219, 1, 14, 26, 13671 }, // U+0498
    { 10, 14, 181, 1, 11, 18, 13697 }, // U+0499
    { 13, 17, 248, 2, 14, 28, 13715 }, // U+049A
    { 11, 14, 197, 1, 11, 20, 13743 }, // U+049B
    { 15, 14, 258, 2, 14, 27, 13763 }, // U+049C
    { 13, 11, 220, 1, 11, 18, 13790 }, // U+049D
    { 16, 14, 272, 1, 14, 28, 13808 }, // U+04A0
    { 14, 11, 219, 0, 11, 20, 13836 }, // U+04A1
    { 14, 17, 261, 2, 14, 30, 13856 }, // U+04A2
    { 12, 14, 212, 1, 11, 21, 13886 }, // U+04A3
    { 19, 14, 336, 2, 14, 34, 13907 }, // U+04A4
    { 16, 11, 273, 1, 11, 22, 13941 }, // U+04A5
    { 22, 17, 376, 1, 16, 47, 13963 }, // U+04A6
    { 19, 15, 313, 1, 12, 36, 14010 }, // U+04A7
    { 21, 16, 349, 1, 16, 42, 14046 }, // U+04A8
    { 17, 12, 280, 1, 12, 26, 14088 }, // U+04A9
    { 13, 17, 233, 1, 14, 28, 14114 }, // U+04AA
    { 11, 14, 188, 1, 11, 20, 14142 }, // U+04AB
    { 12, 20, 222, 1, 16, 30, 14162 }, // U+04AC
    { 10, 16, 170, 1, 12, 20, 14192 }, // U+04AD
    { 14, 14, 227, 0, 14, 25, 14212 }, // U+04AE
    { 12, 16, 196, 0, 11, 24, 14237 }, // U+04AF
    { 14, 14, 222, 0, 14, 25, 14261 }, // U+04B0
    { 13, 16, 193, 0, 11, 26, 14286 }, // U+04B1
    { 15, 17, 240, 0, 14, 32, 14312 }, // U+04B2
    { 13, 14, 197, -1, 11, 23, 14344 }, // U+04B3
    { 19, 20, 317, 0, 16, 48, 14367 }, // U+04B4
    { 14, 16, 237, 1, 12, 28, 14415 }, // U+04B5
    { 13, 17, 237, 1, 14, 28, 14443 }, // U+04B6
    { 11, 14, 199, 1, 11, 20, 14471 }, // U+04B7
    { 12, 14, 235, 1, 14, 21, 14491 }, // U+04B8
    { 11, 11, 203, 1, 11, 16, 14512 }, // U+04B9
    { 11, 14, 222, 2, 14, 20, 14528 }, // U+04BA
    { 10, 14, 202, 1, 14, 18, 14548 }, // U+04BB
    { 18, 16, 297, 1, 16, 36, 14566 }, // U+04BC
    { 15, 12, 251, 1, 12, 23, 14602 }, // U+04BD
    { 18, 19, 297, 1, 16, 43, 14625 }, // U+04BE
    { 15, 16, 251, 1, 12, 30, 14668 }, // U+04BF
    { 3, 14, 110, 2, 14, 6, 14698 }, // U+04C0
    { 23, 21, 356, 0, 21, 61, 14704 }, // U+04C1
    { 19, 17, 288, -1, 17, 41, 14765 }, // U+04C2
    { 12, 18, 231, 2, 14, 27, 14806 }, // U+04C3
    { 11, 15, 192, 1, 11, 21, 14833 }, // U+04C4
    { 17, 20, 250, 0, 16, 43, 14854 }, // U+04C5
    { 13, 16, 201, 1, 12, 26, 14897 }, // U+04C6
    { 12, 18, 253, 2, 14, 27, 14923 }, // U+04C7
    { 10, 15, 203, 1, 11, 19, 14950 }, // U+04C8
    { 15, 20, 249, 1, 16, 38, 14969 }, // U+04C9
    { 13, 16, 207, 1, 12, 26, 15007 }, // U+04CA
    { 11, 17, 227, 1, 14, 24, 15033 }, // U+04CB
    { 10, 14, 189, 1, 11, 18, 15057 }, // U+04CC
    { 19, 20, 310, 1, 16, 48, 15075 }, // U+04CD
    { 17, 16, 271, 1, 12, 34, 15123 }, // U+04CE
    { 3, 14, 87, 1, 14, 6, 15157 }, // U+04CF
    { 15, 19, 230, -1, 19, 36, 15163 }, // U+04D0
    { 11, 15, 192, 1, 15, 21, 15199 }, // U+04D1
    { 14, 18, 230, 0, 18, 32, 15220 }, // U+04D2
    { 11, 14, 192, 1, 14, 20, 15252 }, // U+04D3
    { 20, 14, 333, 0, 14, 35, 15272 }, // U+04D4
    { 18, 11, 312, 1, 11, 25, 15307 }, // U+04D5
    { 10, 19, 207, 2, 19, 24, 15332 }, // U+04D6
    { 11, 15, 193, 1, 15, 21, 15356 }, // U+04D7
    { 13, 14, 241, 1, 14, 23, 15377 }, // U+04D8
    { 11, 11, 196, 1, 11, 16, 15400 }, // U+04D9
    { 13, 19, 241, 1, 19, 31, 15416 }, // U+04DA
    { 11, 14, 196, 1, 14, 20, 15447 }, // U+04DB
    { 20, 18, 333, 0, 18, 45, 15467 }, // U+04DC
    { 17, 14, 273, 0, 14, 30, 15512 }, // U+04DD
    { 12, 19, 219, 1, 19, 29, 15542 }, // U+04DE
    { 11, 14, 181, 0, 14, 20, 15571 }, // U+04DF
    { 12, 16, 215, 1, 16, 24, 15591 }, // U+04E0
    { 12, 16, 215, 1, 12, 24, 15615 }, // U+04E1
    { 12, 19, 253, 2, 19, 29, 15639 }, // U+04E2
    { 10, 14, 203, 1, 14, 18, 15668 }, // U+04E3
    { 12, 18, 253, 2, 18, 27, 15686 }, // U+04E4
    { 10, 14, 203, 1, 14, 18, 15713 }, // U+04E5
    { 14, 19, 253, 1, 19, 34, 15731 }, // U+04E6
    { 11, 14, 200, 1, 14, 20, 15765 }, // U+04E7
    { 14, 14, 258, 1, 14, 25, 15785 }, // U+04E8
    { 11, 11, 204, 1, 11, 16, 15810 }, // U+04E9
    { 14, 19, 258, 1, 19, 34, 15826 }, // U+04EA
    { 11, 14, 204, 1, 14, 20, 15860 }, // U+04EB
    { 14, 21, 247, 1, 21, 37, 15880 }, // U+04EC
    { 12, 17, 196, 0, 17, 26, 15917 }, // U+04ED
    { 15, 19, 230, 0, 19, 36, 15943 }, // U+04EE
    { 12, 18, 193, 0, 14, 27, 15979 }, // U+04EF
    { 14, 19, 230, 0, 19, 34, 16006 }, // U+04F0
    { 13, 18, 193, -1, 14, 30, 16040 }, // U+04F1
    { 15, 19, 230, -1, 19, 36, 16070 }, // U+04F2
    { 13, 19, 193, 0, 15, 31, 16106 }, // U+04F3
    { 11, 18, 227, 1, 18, 25, 16137 }, // U+04F4
    { 10, 14, 188, 1, 14, 18, 16162 }, // U+04F5
    { 10, 20, 194, 1, 16, 25, 16180 }, // U+04F6
    { 8, 16, 151, 1, 12, 16, 16205 }, // U+04F7
    { 16, 18, 303, 2, 18, 36, 16221 }, // U+04F8
    { 13, 14, 250, 1, 14, 23, 16257 }, // U+04F9
    { 12, 20, 207, 1, 16, 30, 16280 }, // U+04FA
    { 10, 16, 151, 0, 12, 20, 16310 }, // U+04FB
    { 17, 20, 263, 0, 16, 43, 16330 }, // U+04FC
    { 12, 16, 180, 0, 12, 24, 16373 }, // U+04FD
    { 16, 16, 246, 0, 16, 32, 16397 }, // U+04FE
    { 12, 12, 193, 0, 12, 18, 16429 }, // U+04FF
    { 16, 20, 249, 0, 16, 40, 16447 }, // U+1EA0
    { 11, 16, 193, 1, 12, 22, 16487 }, // U+1EA1
    { 16, 21, 249, 0, 21, 42, 16509 }, // U+1EA2
    { 11, 17, 193, 1, 17, 24, 16551 }, // U+1EA3
    { 16, 24, 249, 0, 24, 48, 16575 }, // U+1EA4
    { 11, 20, 193, 1, 20, 28, 16623 }, // U+1EA5
    { 16, 24, 249, 0, 24, 48, 16651 }, // U+1EA6
    { 11, 20, 193, 1, 20, 28, 16699 }, // U+1EA7
    { 16, 24, 249, 0, 24, 48, 16727 }, // U+1EA8
    { 11, 20, 193, 1, 20, 28, 16775 }, // U+1EA9
    { 16, 24, 249, 0, 24, 48, 16803 }, // U+1EAA
    { 11, 20, 193, 1, 20, 28, 16851 }, // U+1EAB
    { 16, 26, 249, 0, 22, 52, 16879 }, // U+1EAC
    { 11, 22, 193, 1, 18, 31, 16931 }, // U+1EAD
    { 16, 24, 249, 0, 24, 48, 16962 }, // U+1EAE
    { 11, 20, 193, 1, 20, 28, 17010 }, // U+1EAF
    { 16, 24, 249, 0, 24, 48, 17038 }, // U+1EB0
    { 11, 20, 193, 1, 20, 28, 17086 }, // U+1EB1
    { 16, 24, 249, 0, 24, 48, 17114 }, // U+1EB2
    { 11, 20, 193, 1, 20, 28, 17162 }, // U+1EB3
    { 16, 24, 249, 0, 24, 48, 17190 }, // U+1EB4
    { 11, 20, 193, 1, 20, 28, 17238 }, // U+1EB5
    { 16, 26, 249, 0, 22, 52, 17266 }, // U+1EB6
    { 11, 21, 193, 1, 17, 29, 17318 }, // U+1EB7
    { 10, 20, 202, 1, 16, 25, 17347 }, // U+1EB8
    { 11, 16, 199, 1, 12, 22, 17372 }, // U+1EB9
    { 10, 21, 202, 1, 21, 27, 17394 }, // U+1EBA
    { 11, 17, 199, 1, 17, 24, 17421 }, // U+1EBB
    { 10, 21, 202, 1, 21, 27, 17445 }, // U+1EBC
    { 11, 16, 199, 1, 16, 22, 17472 }, // U+1EBD
    { 11, 24, 202, 1, 24, 33, 17494 }, // U+1EBE
    { 11, 20, 199, 1, 20, 28, 17527 }, // U+1EBF
    { 10, 24, 202, 1, 24, 30, 17555 }, // U+1EC0
    { 11, 20, 199, 1, 20, 28, 17585 }, // U+1EC1
    { 10, 24, 202, 1, 24, 30, 17613 }, // U+1EC2
    { 11, 20, 199, 1, 20, 28, 17643 }, // U+1EC3
    { 10, 24, 202, 1, 24, 30, 17671 }, // U+1EC4
    { 11, 20, 199, 1, 20, 28, 17701 }, // U+1EC5
    { 10, 26, 202, 1, 22, 33, 17729 }, // U+1EC6
    { 11, 22, 199, 1, 18, 31, 17762 }, // U+1EC7
    { 5, 21, 94, 0, 21, 14, 17793 }, // U+1EC8
    { 5, 17, 90, 0, 17, 11, 17807 }, // U+1EC9
    { 4, 20, 94, 1, 16, 10, 17818 }, // U+1ECA
    { 4, 21, 90, 1, 17, 11, 17828 }, // U+1ECB
    { 15, 20, 257, 1, 16, 38, 17839 }, // U+1ECC
    { 12, 16, 204, 1, 12, 24, 17877 }, // U+1ECD
    { 15, 21, 257, 1, 21, 40, 17901 }, // U+1ECE
    { 12, 17, 204, 1, 17, 26, 17941 }, // U+1ECF
    { 15, 24, 257, 1, 24, 45, 17967 }, // U+1ED0
    { 12, 20, 204, 1, 20, 30, 18012 }, // U+1ED1
    { 15, 24, 257, 1, 24, 45, 18042 }, // U+1ED2
    { 12, 20, 204, 1, 20, 30, 18087 }, // U+1ED3
    { 15, 24, 257, 1, 24, 45, 18117 }, // U+1ED4
    { 12, 20, 204, 1, 20, 30, 18162 }, // U+1ED5
    { 15, 24, 257, 1, 24, 45, 18192 }, // U+1ED6
    { 12, 20, 204, 1, 20, 30, 18237 }, // U+1ED7
    { 15, 26, 257, 1, 22, 49, 18267 }, // U+1ED8
    { 12, 22, 204, 1, 18, 33, 18316 }, // U+1ED9
    { 15, 21, 260, 1, 21, 40, 18349 }, // U+1EDA
    { 12, 17, 204, 1, 17, 26, 18389 }, // U+1EDB
    { 15, 21, 260, 1, 21, 40, 18415 }, // U+1EDC
    { 12, 17, 204, 1, 17, 26, 18455 }, // U+1EDD
    { 15, 21, 260, 1, 21, 40, 18481 }, // U+1EDE
    { 12, 17, 204, 1, 17, 26, 18521 }, // U+1EDF
    { 15, 21, 260, 1, 21, 40, 18547 }, // U+1EE0
    { 12, 16, 204, 1, 16, 24, 18587 }, // U+1EE1
    { 15, 23, 260, 1, 19, 44, 18611 }, // U+1EE2
    { 12, 20, 204, 1, 16, 30, 18655 }, // U+1EE3
    { 13, 20, 244, 1, 16, 33, 18685 }, // U+1EE4
    { 11, 16, 207, 1, 12, 22, 18718 }, // U+1EE5
    { 13, 21, 244, 1, 21, 35, 18740 }, // U+1EE6
    { 11, 17, 207, 1, 17, 24, 18775 }, // U+1EE7
    { 14, 21, 243, 1, 21, 37, 18799 }, // U+1EE8
    { 12, 17, 220, 1, 17, 26, 18836 }, // U+1EE9
    { 14, 21, 243, 1, 21, 37, 18862 }, // U+1EEA
    { 12, 17, 220, 1, 17, 26, 18899 }, // U+1EEB
    { 14, 21, 243, 1, 21, 37, 18925 }, // U+1EEC
    { 12, 17, 220, 1, 17, 26, 18962 }, // U+1EED
    { 14, 21, 243, 1, 21, 37, 18988 }, // U+1EEE
    { 12, 16, 220, 1, 16, 24, 19025 }, // U+1EEF
    { 14, 23, 243, 1, 19, 41, 19049 }, // U+1EF0
    { 12, 20, 220, 1, 16, 30, 19090 }, // U+1EF1
    { 14, 18, 227, 0, 18, 32, 19120 }, // U+1EF2
    { 13, 20, 193, 0, 16, 33, 19152 }, // U+1EF3
    { 15, 20, 244, 0, 16, 38, 19185 }, // U+1EF4
    { 12, 16, 201, 0, 12, 24, 19223 }, // U+1EF5
    { 15, 21, 244, 0, 21, 40, 19247 }, // U+1EF6
    { 13, 21, 201, -1, 17, 35, 19287 }, // U+1EF7
    { 15, 21, 244, 0, 21, 40, 19322 }, // U+1EF8
    { 13, 20, 201, 0, 16, 33, 19362 }, // U+1EF9
    { 0, 0, 189, 0, 0, 0, 19395 }, // U+2000
    { 0, 0, 376, 0, 0, 0, 19395 }, // U+2001
    { 0, 0, 167, 0, 0, 0, 19395 }, // U+2002
    { 0, 0, 333, 0, 0, 0, 19395 }, // U+2003
    { 0, 0, 111, 0, 0, 0, 19395 }, // U+2004
    { 0, 0, 83, 0, 0, 0, 19395 }, // U+2005
    { 0, 0, 55, 0, 0, 0, 19395 }, // U+2006
    { 0, 0, 215, 0, 0, 0, 19395 }, // U+2007
    { 0, 0, 111, 0, 0, 0, 19395 }, // U+2008
    { 0, 0, 51, 0, 0, 0, 19395 }, // U+2009
    { 0, 0, 26, 0, 0, 0, 19395 }, // U+200A
    { 0, 0, 0, 0, 0, 0, 19395 }, // U+200B
    { 0, 0, 0, 0, 0, 0, 19395 }, // U+200C
    { 0, 0, 0, 0, 0, 0, 19395 }, // U+200D
    { 0, 0, 0, 0, 0, 0, 19395 }, // U+200E
    { 0, 0, 0, 0, 0, 0, 19395 }, // U+200F
    { 7, 3, 127, 1, 7, 3, 19395 }, // U+2010
    { 7, 3, 127, 1, 7, 3, 19398 }, // U+2011
    { 10, 3, 200, 1, 9, 4, 19401 }, // U+2012
    { 10, 3, 177, 1, 7, 4, 19405 }, // U+2013
    { 14, 3, 243, 1, 7, 6, 19409 }, // U+2014
    { 21, 3, 333, 0, 8, 8, 19415 }, // U+2015
    { 7, 26, 188, 2, 21, 23, 19423 }, // U+2016
    { 10, 5, 159, 1, 1, 7, 19446 }, // U+2017
    { 4, 5, 100, 2, 14, 3, 19453 }, // U+2018
    { 4, 5, 100, 1, 14, 3, 19456 }, // U+2019
    { 4, 5, 100, 1, 2, 3, 19459 }, // U+201A
    { 5, 7, 103, 0, 16, 5, 19462 }, // U+201B
    { 8, 5, 170, 2, 14, 5, 19467 }, // U+201C
    { 8, 5, 170, 1, 14, 5, 19472 }, // U+201D
    { 8, 5, 170, 1, 2, 5, 19477 }, // U+201E
    { 10, 7, 177, 0, 16, 9, 19482 }, // U+201F
    { 10, 18, 183, 1, 14, 23, 19491 }, // U+2020
    { 10, 18, 183, 1, 14, 23, 19514 }, // U+2021
    { 6, 6, 133, 1, 9, 5, 19537 }, // U+2022
    { 6, 8, 158, 3, 10, 6, 19542 }, // U+2023
    { 4, 4, 111, 2, 4, 2, 19548 }, // U+2024
    { 11, 4, 223, 2, 4, 6, 19550 }, // U+2025
    { 18, 3, 323, 1, 3, 7, 19556 }, // U+2026
    { 4, 4, 111, 2, 10, 2, 19563 }, // U+2027
    { 0, 0, 0, 0, 0, 0, 19565 }, // U+202A
    { 0, 0, 0, 0, 0, 0, 19565 }, // U+202B
    { 0, 0, 0, 0, 0, 0, 19565 }, // U+202C
    { 0, 0, 0, 0, 0, 0, 19565 }, // U+202D
    { 0, 0, 0, 0, 0, 0, 19565 }, // U+202E
    { 0, 0, 51, 0, 0, 0, 19565 }, // U+202F
    { 25, 14, 411, 1, 14, 44, 19565 }, // U+2030
    { 33, 16, 588, 2, 16, 66, 19609 }, // U+2031
    { 4, 6, 91, 1, 16, 3, 19675 }, // U+2032
    { 10, 6, 182, 1, 16, 8, 19678 }, // U+2033
    { 15, 6, 273, 1, 16, 12, 19686 }, // U+2034
    { 4, 6, 91, 1, 16, 3, 19698 }, // U+2035
    { 10, 6, 182, 1, 16, 8, 19701 }, // U+2036
    { 15, 6, 273, 1, 16, 12, 19709 }, // U+2037
    { 10, 5, 183, 1, -1, 7, 19721 }, // U+2038
    { 5, 11, 100, 1, 11, 7, 19728 }, // U+2039
    { 5, 11, 100, 1, 11, 7, 19735 }, // U+203A
    { 14, 13, 270, 2, 14, 23, 19742 }, // U+203B
    { 11, 16, 225, 2, 16, 22, 19765 }, // U+203C
    { 10, 16, 186, 1, 16, 20, 19787 }, // U+203D
    { 10, 3, 166, 1, 19, 4, 19807 }, // U+203E
    { 18, 5, 283, 0, 0, 12, 19811 }, // U+203F
    { 18, 5, 283, 0, 16, 12, 19823 }, // U+2040
    { 10, 13, 159, 0, 7, 17, 19835 }, // U+2041
    { 14, 14, 254, 1, 15, 25, 19852 }, // U+2042
    { 6, 3, 158, 2, 8, 3, 19877 }, // U+2043
    { 14, 14, 60, -5, 14, 25, 19880 }, // U+2044
    { 5, 20, 126, 2, 17, 13, 19905 }, // U+2045
    { 6, 20, 126, 1, 17, 15, 19918 }, // U+2046
    { 22, 16, 373, 1, 16, 44, 19933 }, // U+2047
    { 16, 16, 299, 1, 16, 32, 19977 }, // U+2048
    { 16, 16, 299, 2, 16, 32, 20009 }, // U+2049
    { 9, 16, 156, 1, 12, 18, 20041 }, // U+204A
    { 10, 16, 199, 2, 16, 20, 20059 }, // U+204B
    { 10, 9, 203, 1, 11, 12, 20079 }, // U+204C
    { 9, 9, 203, 2, 11, 11, 20091 }, // U+204D
    { 10, 9, 186, 1, 8, 12, 20102 }, // U+204E
    { 4, 16, 114, 2, 12, 8, 20114 }, // U+204F
    { 18, 22, 283, 0, 16, 50, 20122 }, // U+2050
    { 10, 20, 192, 2, 16, 25, 20172 }, // U+2051
    { 15, 16, 274, 1, 16, 30, 20197 }, // U+2052
    { 14, 5, 254, 1, 10, 9, 20227 }, // U+2053
    { 18, 5, 283, 0, -1, 12, 20236 }, // U+2054
    { 11, 11, 239, 2, 11, 16, 20248 }, // U+2055
    { 21, 6, 364, 1, 16, 16, 20264 }, // U+2057
    { 0, 0, 98, 0, 0, 0, 20280 }, // U+205F
    { 0, 0, 0, 0, 0, 0, 20280 }, // U+2060
    { 0, 0, 0, 0, 0, 0, 20280 }, // U+2061
    { 0, 0, 0, 0, 0, 0, 20280 }, // U+2062
    { 0, 0, 0, 0, 0, 0, 20280 }, // U+2063
    { 0, 0, 0, 0, 0, 0, 20280 }, // U+2064
    { 0, 0, 0, 0, 0, 0, 20280 }, // U+2065
    { 0, 0, 0, 0, 0, 0, 20280 }, // U+206A
    { 0, 0, 0, 0, 0, 0, 20280 }, // U+206B
    { 0, 0, 0, 0, 0, 0, 20280 }, // U+206C
    { 0, 0, 0, 0, 0, 0, 20280 }, // U+206D
    { 0, 0, 0, 0, 0, 0, 20280 }, // U+206E
    { 0, 0, 0, 0, 0, 0, 20280 }, // U+206F
    { 9, 9, 165, 1, 18, 11, 20280 }, // U+2070
    { 3, 9, 75, 1, 18, 4, 20291 }, // U+2071
    { 8, 9, 133, 1, 17, 9, 20295 }, // U+2074
    { 9, 9, 158, 1, 18, 11, 20304 }, // U+2075
    { 8, 9, 158, 1, 18, 9, 20315 }, // U+2076
    { 7, 9, 141, 1, 18, 8, 20324 }, // U+2077
    { 8, 9, 160, 1, 18, 9, 20332 }, // U+2078
    { 8, 9, 158, 1, 18, 9, 20341 }, // U+2079
    { 8, 6, 157, 1, 16, 6, 20350 }, // U+207A
    { 7, 2, 157, 2, 14, 2, 20356 }, // U+207B
    { 7, 5, 157, 2, 16, 5, 20358 }, // U+207C
    { 4, 11, 97, 1, 19, 6, 20363 }, // U+207D
    { 5, 11, 97, 0, 19, 7, 20369 }, // U+207E
    { 8, 7, 154, 1, 16, 7, 20376 }, // U+207F
    { 9, 9, 165, 1, 6, 11, 20383 }, // U+2080
    { 5, 9, 90, 1, 9, 6, 20394 }, // U+2081
    { 8, 9, 126, 1, 9, 9, 20400 }, // U+2082
    { 8, 9, 130, 0, 9, 9, 20409 }, // U+2083
    { 8, 9, 133, 1, 9, 9, 20418 }, // U+2084
    { 9, 9, 158, 1, 6, 11, 20427 }, // U+2085
    { 8, 9, 158, 1, 6, 9, 20438 }, // U+2086
    { 7, 8, 141, 1, 5, 7, 20447 }, // U+2087
    { 8, 9, 160, 1, 6, 9, 20454 }, // U+2088
    { 8, 9, 158, 1, 6, 9, 20463 }, // U+2089
    { 8, 6, 157, 1, 4, 6, 20472 }, // U+208A
    { 7, 2, 157, 2, 2, 2, 20478 }, // U+208B
    { 7, 5, 157, 2, 3, 5, 20480 }, // U+208C
    { 4, 11, 97, 1, 6, 6, 20485 }, // U+208D
    { 5, 11, 97, 0, 6, 7, 20491 }, // U+208E
    { 8, 6, 141, 0, 3, 6, 20498 }, // U+2090
    { 8, 6, 145, 1, 3, 6, 20504 }, // U+2091
    { 8, 6, 148, 1, 3, 6, 20510 }, // U+2092
    { 8, 6, 145, 1, 3, 6, 20516 }, // U+2093
    { 8, 9, 160, 1, 5, 9, 20522 }, // U+2094
    { 8, 8, 154, 1, 5, 8, 20531 }, // U+2095
    { 8, 9, 142, 1, 6, 9, 20539 }, // U+2096
    { 3, 8, 75, 1, 5, 3, 20548 }, // U+2097
    { 12, 6, 217, 1, 3, 9, 20551 }, // U+2098
    { 8, 6, 154, 1, 3, 6, 20560 }, // U+2099
    { 8, 8, 153, 1, 3, 8, 20566 }, // U+209A
    { 8, 6, 139, 0, 3, 6, 20574 }, // U+209B
    { 5, 8, 92, 0, 5, 5, 20580 }, // U+209C
    { 14, 16, 254, 1, 16, 28, 20585 }, // U+20A0
    { 14, 20, 247, 1, 18, 35, 20613 }, // U+20A1
    { 14, 16, 242, 1, 16, 28, 20648 }, // U+20A2
    { 13, 16, 205, -1, 16, 26, 20676 }, // U+20A3
    { 13, 16, 213, 0, 16, 26, 20702 }, // U+20A4
    { 18, 16, 288, 1, 14, 36, 20728 }, // U+20A5
    { 15, 16, 252, 1, 16, 30, 20764 }, // U+20A6
    { 20, 16, 338, 1, 16, 40, 20794 }, // U+20A7
    { 23, 16, 391, 1, 16, 46, 20834 }, // U+20A8
    { 22, 16, 346, 0, 16, 44, 20880 }, // U+20A9
    { 17, 12, 307, 1, 12, 26, 20924 }, // U+20AA
    { 13, 20, 210, 1, 16, 33, 20950 }, // U+20AB
    { 14, 14, 230, 1, 14, 25, 20983 }, // U+20AC
    { 16, 16, 267, 1, 16, 32, 21008 }, // U+20AD
    { 12, 16, 222, 1, 16, 24, 21040 }, // U+20AE
    { 29, 22, 487, 1, 18, 80, 21064 }, // U+20AF
    { 14, 16, 238, 0, 16, 28, 21144 }, // U+20B1
    { 14, 20, 250, 1, 18, 35, 21172 }, // U+20B2
    { 16, 16, 249, 0, 16, 32, 21207 }, // U+20B3
    { 11, 14, 203, 1, 14, 20, 21239 }, // U+20B4
    { 14, 20, 247, 1, 18, 35, 21259 }, // U+20B5
    { 12, 14, 213, 1, 14, 21, 21294 }, // U+20B8
    { 12, 16, 190, 0, 16, 24, 21315 }, // U+20B9
    { 12, 16, 215, 1, 16, 24, 21339 }, // U+20BA
    { 14, 12, 254, 1, 12, 21, 21363 }, // U+20BC
    { 12, 14, 220, 1, 14, 21, 21384 }, // U+20BD
    { 13, 16, 254, 1, 16, 26, 21405 }, // U+20BE
    { 12, 20, 220, 1, 18, 30, 21431 }, // U+20BF
    { 15, 13, 250, 0, 14, 25, 21461 }, // U+2190
    { 13, 15, 267, 1, 15, 25, 21486 }, // U+2191
    { 15, 13, 250, 1, 14, 25, 21511 }, // U+2192
    { 13, 16, 250, 1, 15, 26, 21536 }, // U+2193
    { 24, 15, 447, 2, 15, 45, 21562 }, // U+2194
    { 14, 25, 286, 2, 19, 44, 21607 }, // U+2195
    { 13, 13, 250, 1, 14, 22, 21651 }, // U+2196
    { 13, 13, 250, 1, 14, 22, 21673 }, // U+2197
    { 13, 13, 250, 1, 14, 22, 21695 }, // U+2198
    { 13, 13, 250, 1, 14, 22, 21717 }, // U+2199
    { 21, 17, 386, 1, 16, 45, 21739 }, // U+21A9
    { 21, 17, 386, 2, 16, 45, 21784 }, // U+21AA
    { 19, 16, 337, 1, 16, 38, 21829 }, // U+21B0
    { 18, 16, 337, 2, 16, 36, 21867 }, // U+21B1
    { 18, 15, 337, 2, 16, 34, 21903 }, // U+21B3
    { 15, 17, 299, 2, 16, 32, 21937 }, // U+21B4
    { 19, 15, 337, 1, 16, 36, 21969 }, // U+21B5
    { 16, 19, 318, 2, 19, 38, 22005 }, // U+21BA
    { 16, 19, 318, 2, 19, 38, 22043 }, // U+21BB
    { 16, 16, 318, 2, 15, 32, 22081 }, // U+21D0
    { 16, 16, 318, 3, 15, 32, 22113 }, // U+21D2
    { 24, 16, 447, 2, 15, 48, 22145 }, // U+21D4
    { 11, 17, 212, 1, 17, 24, 22193 }, // U+21DE
    { 11, 17, 212, 1, 16, 24, 22217 }, // U+21DF
    { 20, 11, 350, 1, 13, 28, 22241 }, // U+21E4
    { 19, 11, 350, 1, 13, 27, 22269 }, // U+21E5
    { 21, 16, 367, 1, 16, 42, 22296 }, // U+21E7
    { 21, 20, 367, 1, 16, 53, 22338 }, // U+21EA
    { 12, 17, 223, 1, 16, 26, 22391 }, // U+2202
    { 14, 14, 230, 0, 13, 25, 22417 }, // U+2205
    { 15, 15, 230, 0, 15, 29, 22442 }, // U+2206
    { 12, 19, 255, 2, 16, 29, 22471 }, // U+220F
    { 13, 19, 246, 1, 16, 31, 22500 }, // U+2211
    { 12, 3, 190, 0, 9, 5, 22531 }, // U+2212
    { 11, 15, 190, 0, 15, 21, 22536 }, // U+2215
    { 13, 20, 210, 0, 17, 33, 22557 }, // U+221A
    { 19, 10, 327, 1, 12, 24, 22590 }, // U+221E
    { 9, 22, 130, -1, 17, 25, 22614 }, // U+222B
    { 4, 11, 111, 1, 13, 6, 22639 }, // U+2236
    { 12, 10, 190, 0, 13, 15, 22645 }, // U+2248
    { 10, 12, 226, 2, 12, 15, 22660 }, // U+2260
    { 12, 15, 190, 0, 15, 23, 22675 }, // U+2264
    { 12, 15, 190, 0, 15, 23, 22698 }, // U+2265
    { 29, 30, 463, 1, 23, 109, 22721 }, // U+2295
    { 29, 30, 463, 1, 23, 109, 22830 }, // U+2296
    { 29, 30, 463, 1, 23, 109, 22939 }, // U+2297
    { 29, 30, 463, 1, 23, 109, 23048 }, // U+2298
};

static const EpdUnicodeInterval golos_ui_10_semiboldIntervals[] = {
    { 0x0, 0x0, 0x0 },
    { 0xD, 0xD, 0x1 },
    { 0x20, 0x7E, 0x2 },
    { 0xA0, 0xFF, 0x61 },
    { 0x100, 0x148, 0xC1 },
    { 0x14A, 0x17F, 0x10A },
    { 0x1A0, 0x1A1, 0x140 },
    { 0x1AF, 0x1B0, 0x142 },
    { 0x1C5, 0x21F, 0x144 },
    { 0x300, 0x304, 0x19F },
    { 0x306, 0x30C, 0x1A4 },
    { 0x30F, 0x30F, 0x1AB },
    { 0x312, 0x313, 0x1AC },
    { 0x315, 0x315, 0x1AE },
    { 0x31B, 0x31B, 0x1AF },
    { 0x323, 0x323, 0x1B0 },
    { 0x326, 0x328, 0x1B1 },
    { 0x32C, 0x32C, 0x1B4 },
    { 0x337, 0x338, 0x1B5 },
    { 0x342, 0x343, 0x1B7 },
    { 0x346, 0x36F, 0x1B9 },
    { 0x400, 0x479, 0x1E3 },
    { 0x480, 0x49D, 0x25D },
    { 0x4A0, 0x4FF, 0x27B },
    { 0x1EA0, 0x1EF9, 0x2DB },
    { 0x2000, 0x2027, 0x335 },
    { 0x202A, 0x2055, 0x35D },
    { 0x2057, 0x2057, 0x389 },
    { 0x205F, 0x2065, 0x38A },
    { 0x206A, 0x206F, 0x391 },
    { 0x2070, 0x2071, 0x397 },
    { 0x2074, 0x208E, 0x399 },
    { 0x2090, 0x209C, 0x3B4 },
    { 0x20A0, 0x20AF, 0x3C1 },
    { 0x20B1, 0x20B5, 0x3D1 },
    { 0x20B8, 0x20BA, 0x3D6 },
    { 0x20BC, 0x20BF, 0x3D9 },
    { 0x2190, 0x2199, 0x3DD },
    { 0x21A9, 0x21AA, 0x3E7 },
    { 0x21B0, 0x21B1, 0x3E9 },
    { 0x21B3, 0x21B5, 0x3EB },
    { 0x21BA, 0x21BB, 0x3EE },
    { 0x21D0, 0x21D0, 0x3F0 },
    { 0x21D2, 0x21D2, 0x3F1 },
    { 0x21D4, 0x21D4, 0x3F2 },
    { 0x21DE, 0x21DF, 0x3F3 },
    { 0x21E4, 0x21E5, 0x3F5 },
    { 0x21E7, 0x21E7, 0x3F7 },
    { 0x21EA, 0x21EA, 0x3F8 },
    { 0x2202, 0x2202, 0x3F9 },
    { 0x2205, 0x2206, 0x3FA },
    { 0x220F, 0x220F, 0x3FC },
    { 0x2211, 0x2212, 0x3FD },
    { 0x2215, 0x2215, 0x3FF },
    { 0x221A, 0x221A, 0x400 },
    { 0x221E, 0x221E, 0x401 },
    { 0x222B, 0x222B, 0x402 },
    { 0x2236, 0x2236, 0x403 },
    { 0x2248, 0x2248, 0x404 },
    { 0x2260, 0x2260, 0x405 },
    { 0x2264, 0x2265, 0x406 },
    { 0x2295, 0x2298, 0x408 },
};

static const uint16_t golos_ui_10_semiboldKernLeftCodepoints[] = {
    0x0022, 0x0027, 0x002B, 0x002C, 0x002D, 0x002E, 0x0031, 0x0034, 0x003A, 0x003B, 0x003D, 0x003E,
    0x003F, 0x0040, 0x0041, 0x0042, 0x0043, 0x0044, 0x0045, 0x0046, 0x0047, 0x0048, 0x0049, 0x004A,
    0x004B, 0x004C, 0x004D, 0x004E, 0x004F, 0x0050, 0x0051, 0x0052, 0x0053, 0x0054, 0x0055, 0x0056,
    0x0057, 0x0058, 0x0059, 0x005A, 0x0061, 0x0062, 0x0063, 0x0064, 0x0065, 0x0066, 0x0068, 0x0069,
    0x006A, 0x006B, 0x006C, 0x006D, 0x006E, 0x006F, 0x0070, 0x0072, 0x0073, 0x0074, 0x0076, 0x0077,
    0x0078, 0x0079, 0x007A, 0x00B0, 0x00B1, 0x00C0, 0x00C1, 0x00C2, 0x00C3, 0x00C4, 0x00C5, 0x00C6,
    0x00C7, 0x00C8, 0x00C9, 0x00CA, 0x00CB, 0x00CC, 0x00CD, 0x00CE, 0x00CF, 0x00D0, 0x00D1, 0x00D2,
    0x00D3, 0x00D4, 0x00D5, 0x00D6, 0x00D8, 0x00D9, 0x00DA, 0x00DB, 0x00DC, 0x00DD, 0x00DE, 0x00DF,
    0x00E0, 0x00E1, 0x00E2, 0x00E3, 0x00E4, 0x00E5, 0x00E6, 0x00E7, 0x00E8, 0x00E9, 0x00EA, 0x00EB,
    0x00EC, 0x00ED, 0x00EE, 0x00EF, 0x00F0, 0x00F1, 0x00F2, 0x00F3, 0x00F4, 0x00F5, 0x00F6, 0x00F7,
    0x00F8, 0x00FD, 0x00FE, 0x00FF, 0x0100, 0x0101, 0x0102, 0x0103, 0x0104, 0x0105, 0x0106, 0x0107,
    0x0108, 0x0109, 0x010A, 0x010B, 0x010C, 0x010D, 0x010E, 0x010F, 0x0110, 0x0111, 0x0112, 0x0113,
    0x0114, 0x0115, 0x0116, 0x0117, 0x0118, 0x0119, 0x011A, 0x011B, 0x011C, 0x011D, 0x0124, 0x0125,
    0x0127, 0x0128, 0x0129, 0x012A, 0x012C, 0x012D, 0x012E, 0x0130, 0x0132, 0x0134, 0x0135, 0x0136,
    0x0137, 0x0138, 0x0139, 0x013B, 0x013D, 0x013E, 0x013F, 0x0140, 0x0141, 0x0142, 0x0143, 0x0144,
    0x0145, 0x0146, 0x0147, 0x0148, 0x014A, 0x014B, 0x014C, 0x014D, 0x014E, 0x014F, 0x0150, 0x0151,
    0x0152, 0x0153, 0x015A, 0x015B, 0x015C, 0x015D, 0x015E, 0x015F, 0x0160, 0x0161, 0x0162, 0x0163,
    0x0166, 0x0167, 0x0168, 0x0169, 0x016A, 0x016C, 0x016E, 0x0170, 0x0172, 0x0175, 0x0176, 0x0177,
    0x0178, 0x0179, 0x017A, 0x017B, 0x017C, 0x017D, 0x017E, 0x017F, 0x01A0, 0x01AF, 0x01B0, 0x01C5,
    0x01C6, 0x01C8, 0x01C9, 0x01CB, 0x01CC, 0x01CD, 0x01CE, 0x01CF, 0x01D0, 0x01D1, 0x01D2, 0x01D3,
    0x01D4, 0x01D5, 0x01D6, 0x01D7, 0x01D8, 0x01D9, 0x01DA, 0x01DB, 0x01DC, 0x01DD, 0x01DE, 0x01DF,
    0x01E0, 0x01E1, 0x01E2, 0x01E3, 0x01E4, 0x01E5, 0x01E6, 0x01E7, 0x01E8, 0x01E9, 0x01EA, 0x01EB,
    0x01EC, 0x01ED, 0x01F0, 0x01F1, 0x01F2, 0x01F3, 0x01F4, 0x01F5, 0x01F6, 0x01F8, 0x01F9, 0x01FA,
    0x01FB, 0x01FC, 0x01FD, 0x01FE, 0x01FF, 0x0200, 0x0201, 0x0202, 0x0203, 0x0204, 0x0205, 0x0206,
    0x0207, 0x0208, 0x0209, 0x020A, 0x020B, 0x020C, 0x020D, 0x020E, 0x020F, 0x0210, 0x0211, 0x0212,
    0x0213, 0x0214, 0x0215, 0x0216, 0x0217, 0x0218, 0x0219, 0x021E, 0x021F, 0x0400, 0x0401, 0x0402,
    0x0403, 0x0404, 0x0405, 0x0406, 0x0407, 0x0408, 0x0409, 0x040A, 0x040B, 0x040C, 0x040D, 0x040E,
    0x040F, 0x0410, 0x0411, 0x0412, 0x0413, 0x0414, 0x0415, 0x0416, 0x0417, 0x0418, 0x0419, 0x041A,
    0x041B, 0x041C, 0x041D, 0x041E, 0x041F, 0x0420, 0x0421, 0x0422, 0x0423, 0x0424, 0x0425, 0x0426,
    0x0427, 0x0428, 0x0429, 0x042A, 0x042B, 0x042C, 0x042D, 0x042E, 0x042F, 0x0430, 0x0431, 0x0432,
    0x0433, 0x0434, 0x0435, 0x0436, 0x0437, 0x0438, 0x0439, 0x043A, 0x043B, 0x043C, 0x043D, 0x043E,
    0x043F, 0x0440, 0x0441, 0x0442, 0x0443, 0x0444, 0x0445, 0x0446, 0x0447, 0x0448, 0x0449, 0x044A,
    0x044B, 0x044C, 0x044D, 0x044E, 0x044F, 0x0450, 0x0451, 0x0452, 0x0453, 0x0454, 0x0455, 0x0456,
    0x0457, 0x0458, 0x0459, 0x045A, 0x045B, 0x045C, 0x045D, 0x045E, 0x045F, 0x0460, 0x0462, 0x0463,
    0x0464, 0x0465, 0x0466, 0x0467, 0x0468, 0x046E, 0x0472, 0x0473, 0x0474, 0x0475, 0x0476, 0x0477,
    0x0479, 0x0481, 0x048A, 0x048B, 0x048C, 0x048D, 0x048E, 0x048F, 0x0490, 0x0491, 0x0492, 0x0493,
    0x0496, 0x0497, 0x0498, 0x0499, 0x049A, 0x049B, 0x049C, 0x049D, 0x04A0, 0x04A1, 0x04A2, 0x04A3,
    0x04A4, 0x04A6, 0x04A7, 0x04A9, 0x04AA, 0x04AB, 0x04AC, 0x04AD, 0x04AE, 0x04AF, 0x04B0, 0x04B1,
    0x04B2, 0x04B3, 0x04B5, 0x04B6, 0x04B7, 0x04B8, 0x04B9, 0x04BA, 0x04BB, 0x04BD, 0x04BF, 0x04C0,
    0x04C1, 0x04C6, 0x04C7, 0x04C8, 0x04C9, 0x04CA, 0x04CB, 0x04CC, 0x04CD, 0x04CE, 0x04D0, 0x04D1,
    0x04D2, 0x04D3, 0x04D4, 0x04D6, 0x04D8, 0x04D9, 0x04DA, 0x04DB, 0x04DC, 0x04DD, 0x04DE, 0x04DF,
    0x04E0, 0x04E2, 0x04E3, 0x04E4, 0x04E5, 0x04E6, 0x04E7, 0x04E8, 0x04E9, 0x04EA, 0x04EB, 0x04ED,
    0x04EE, 0x04F0, 0x04F2, 0x04F4, 0x04F5, 0x04F6, 0x04F7, 0x04F8, 0x04F9, 0x04FA, 0x04FB, 0x04FC,
    0x04FD, 0x04FE, 0x04FF, 0x1EA0, 0x1EA1, 0x1EA2, 0x1EA3, 0x1EA4, 0x1EA5, 0x1EA6, 0x1EA7, 0x1EA8,
    0x1EA9, 0x1EAA, 0x1EAB, 0x1EAC, 0x1EAD, 0x1EAE, 0x1EAF, 0x1EB0, 0x1EB1, 0x1EB2, 0x1EB3, 0x1EB4,
    0x1EB5, 0x1EB6, 0x1EB7, 0x1EB8, 0x1EB9, 0x1EBA, 0x1EBB, 0x1EBC, 0x1EBD, 0x1EBE, 0x1EBF, 0x1EC0,
    0x1EC1, 0x1EC2, 0x1EC3, 0x1EC4, 0x1EC5, 0x1EC6, 0x1EC7, 0x1EC8, 0x1EC9, 0x1ECA, 0x1ECB, 0x1ECC,
    0x1ECD, 0x1ECE, 0x1ECF, 0x1ED0, 0x1ED1, 0x1ED2, 0x1ED3, 0x1ED4, 0x1ED5, 0x1ED6, 0x1ED7, 0x1ED8,
    0x1ED9, 0x1EDA, 0x1EDB, 0x1EDC, 0x1EDD, 0x1EDE, 0x1EDF, 0x1EE0, 0x1EE1, 0x1EE2, 0x1EE3, 0x1EE4,
    0x1EE5, 0x1EE6, 0x1EE7, 0x1EE8, 0x1EE9, 0x1EEA, 0x1EEB, 0x1EEC, 0x1EED, 0x1EEE, 0x1EEF, 0x1EF0,
    0x1EF1, 0x1EF2, 0x1EF3, 0x1EF4, 0x1EF5, 0x1EF6, 0x1EF7, 0x1EF8, 0x1EF9, 0x2013, 0x2014, 0x201A,
    0x201E, 0x2023, 0x2026, 0x2034, 0x203D, 0x2043, 0x204B, 0x204C, 0x204D, 0x204F, 0x2070, 0x2071,
    0x2075, 0x2076, 0x2077, 0x2078, 0x2079, 0x207A, 0x207B, 0x207D, 0x2080, 0x2085, 0x2086, 0x2088,
    0x2089, 0x208A, 0x208B, 0x208C, 0x208D, 0x208E, 0x2090, 0x2091, 0x2092, 0x2093, 0x2095, 0x2096,
    0x2097, 0x2098, 0x2099, 0x209A, 0x209B, 0x209C, 0x20A1, 0x20A7, 0x20A8, 0x20A9, 0x20AF, 0x20B2,
    0x20B5, 0x20BF, 0x21D0, 0x221E, 0x2248, 0x2260,
};

static const uint8_t golos_ui_10_semiboldKernLeftClassIds[] = {
      1,   1,   2,   3,   4,   3,   5,   6,   7,   8,   2,   2,   9,  10,  11,  12,
     13,  14,  15,  16,  14,  17,  17,  18,  19,  20,  17,  17,  14,  21,  22,  23,
     24,  25,  18,  26,  27,  19,  28,  29,  30,  31,  32,  33,  31,  34,  30,  33,
     33,  35,  36,  30,  30,  31,  31,  37,  38,  39,  40,  41,  35,  40,  42,  43,
      2,  11,  11,  11,  11,  11,  11,  15,  13,  15,  15,  15,  15,  17,  44,  45,
     46,  14,  17,  14,  14,  14,  14,  14,  47,  18,  18,  18,  18,  28,  48,  49,
     30,  30,  30,  30,  30,  30,  31,  50,  31,  31,  31,  31,  33,  51,  51,  51,
     31,  30,  31,  31,  31,  31,  31,   2,  52,  40,  31,  40,  11,  30,  11,  30,
     11,  30,  14,  32,  53,  54,  14,  32,  14,  32,  14,  55,  14,  33,  15,  31,
     56,  54,  15,  31,  15,  31,  15,  31,  57,  58,  59,  60,  30,  61,  62,  46,
     61,  63,  46,  46,  18,  64,  65,  19,  35,  66,  20,  20,  20,  67,  68,  59,
     20,  69,  17,  30,  17,  30,  17,  30,  17,  30,  14,  31,  70,  54,  14,  31,
     15,  31,  24,  38,  71,  72,  24,  38,  24,  38,  73,  74,  75,  74,  64,  76,
     18,  18,  18,  18,  18,  40,  28,  40,  28,  29,  42,  29,  42,  29,  42,  77,
     78,  79,  80,  81,  82,  83,  83,  83,  83,  84,  60,  85,  86,  70,  54,  64,
     76,  64,  76,  64,  76,  64,  76,  64,  76,  87,  84,  60,  84,  60,  56,  88,
     57,  58,  57,  58,  89,  66,  70,  54,  70,  54,  83,  90,  82,  82,  57,  58,
     91,  59,  60,  84,  60,  56,  88,  70,  54,  84,  60,  84,  60,  56,  54,  56,
     54,  92,  93,  61,  94,  70,  54,  70,  54,  95,  96,  95,  96,  64,  76,  64,
     76,  24,  38,  59,  60,  56,  97,  98,  99, 100, 101, 102, 103, 104,  98,  98,
    105, 106,  59, 107, 102, 108, 109, 110,  99, 111,  97, 106, 110, 102, 102, 106,
    102, 102, 102, 112, 102, 113, 114, 115, 107, 112, 106, 111, 102, 102, 111,  98,
    102,  98, 112, 112, 102, 116, 117, 118, 119, 120, 117, 121, 118, 122, 122, 121,
    122, 122, 122, 117, 122, 117, 123, 124, 125, 117, 121, 120, 122, 122, 120, 126,
    122, 126, 117, 117, 122,  54, 117, 116, 124, 127, 128, 102, 129, 102, 126, 126,
    116, 121,  60, 125, 122,  59,  54,  54,  53,  54,  84,  84,  84, 130,  70,  54,
    131, 132, 131, 132, 133,  54,  59,  74,  54,  54, 134,  54,  99, 135,  99, 124,
    106, 121, 110, 118, 106, 121, 106, 121, 106, 121, 111, 120,  99,  54, 136,  88,
    112, 123, 137,  96, 138, 139, 107, 125, 106, 121, 140, 111, 120, 102, 122, 141,
    142,  54,  88, 102, 143,  74, 102, 122,  74,  74, 102, 122,  59,  74, 108, 116,
    108, 116,  97,  97, 112, 117, 112, 117, 106, 121, 110, 118, 144, 102, 122, 102,
    122, 112, 117, 112, 117, 112, 117,  54, 107, 107, 107, 102, 122, 137,  96, 102,
    122, 137,  96, 143, 145, 143, 145,  84,  60,  84,  60,  84,  60,  84,  60,  84,
     60,  84,  60,  84,  60,  84,  60,  84,  60,  84,  60,  84,  60,  84,  60,  56,
     54,  56,  54,  56,  54,  56,  54,  56,  54,  56,  54,  56,  54,  56,  54,  59,
     93,  59, 146,  70,  54,  70,  54,  70,  54,  70,  54,  70, 147,  70,  54,  70,
     54,  70,  54,  70,  54,  70,  54,  70,  54,  70,  54,  64,  76,  64,  76, 148,
     76, 148,  76, 148,  80, 148,  76, 148,  76,  28,  40, 149, 132, 149, 132, 149,
    132,   4,   4, 150, 150, 151,   3, 152, 153, 151, 134,  60, 151, 154, 155, 156,
    155, 155, 157, 155, 155, 158, 158, 159, 160, 161, 160, 160, 160, 160, 160, 160,
    160, 160, 160, 160, 160, 160, 160, 160, 160, 160, 160, 160, 160, 160,  53,  74,
     72, 148,  54,  57,  53, 130, 162,  68,   2, 162,
};

static const uint16_t golos_ui_10_semiboldKernRightCodepoints[] = {
    0x0022, 0x0027, 0x002C, 0x002D, 0x002E, 0x0034, 0x0037, 0x003A, 0x003B, 0x003F, 0x0040, 0x0041,
    0x0043, 0x0047, 0x004A, 0x004F, 0x0051, 0x0053, 0x0054, 0x0055, 0x0056, 0x0057, 0x0058, 0x0059,
    0x005A, 0x0061, 0x0062, 0x0063, 0x0064, 0x0065, 0x0066, 0x0067, 0x0068, 0x0069, 0x006A, 0x006B,
    0x006C, 0x006D, 0x006E, 0x006F, 0x0070, 0x0071, 0x0072, 0x0073, 0x0074, 0x0075, 0x0076, 0x0077,
    0x0078, 0x0079, 0x007A, 0x00B0, 0x00C0, 0x00C1, 0x00C2, 0x00C3, 0x00C4, 0x00C5, 0x00C6, 0x00C7,
    0x00CC, 0x00CE, 0x00CF, 0x00D0, 0x00D2, 0x00D3, 0x00D4, 0x00D5, 0x00D6, 0x00D8, 0x00D9, 0x00DA,
    0x00DB, 0x00DC, 0x00DD, 0x00DF, 0x00E0, 0x00E1, 0x00E2, 0x00E3, 0x00E4, 0x00E5, 0x00E6, 0x00E7,
    0x00E8, 0x00E9, 0x00EA, 0x00EB, 0x00EC, 0x00ED, 0x00EE, 0x00EF, 0x00F0, 0x00F1, 0x00F2, 0x00F3,
    0x00F4, 0x00F5, 0x00F6, 0x00F8, 0x00F9, 0x00FA, 0x00FB, 0x00FC, 0x00FD, 0x00FE, 0x00FF, 0x0100,
    0x0101, 0x0102, 0x0103, 0x0104, 0x0105, 0x0106, 0x0107, 0x0108, 0x0109, 0x010A, 0x010B, 0x010C,
    0x010D, 0x010F, 0x0111, 0x0113, 0x0114, 0x0115, 0x0117, 0x0119, 0x011B, 0x011C, 0x011D, 0x011F,
    0x0121, 0x0123, 0x0124, 0x0125, 0x0128, 0x0129, 0x012A, 0x012C, 0x012D, 0x012E, 0x0130, 0x0133,
    0x0134, 0x0135, 0x0137, 0x0138, 0x013A, 0x013C, 0x0140, 0x0141, 0x0142, 0x0144, 0x0146, 0x0148,
    0x014B, 0x014C, 0x014D, 0x014E, 0x014F, 0x0150, 0x0151, 0x0152, 0x0153, 0x0155, 0x0157, 0x0159,
    0x015A, 0x015C, 0x015D, 0x015E, 0x0160, 0x0161, 0x0162, 0x0163, 0x0166, 0x0167, 0x0168, 0x0169,
    0x016A, 0x016B, 0x016C, 0x016D, 0x016E, 0x016F, 0x0170, 0x0171, 0x0172, 0x0173, 0x0175, 0x0176,
    0x0177, 0x0178, 0x0179, 0x017B, 0x017D, 0x017E, 0x017F, 0x01A0, 0x01A1, 0x01AF, 0x01B0, 0x01C5,
    0x01C6, 0x01C8, 0x01C9, 0x01CB, 0x01CC, 0x01CD, 0x01CE, 0x01CF, 0x01D0, 0x01D1, 0x01D2, 0x01D3,
    0x01D4, 0x01D5, 0x01D6, 0x01D7, 0x01D8, 0x01D9, 0x01DA, 0x01DB, 0x01DC, 0x01DD, 0x01DE, 0x01DF,
    0x01E0, 0x01E1, 0x01E2, 0x01E3, 0x01E4, 0x01E5, 0x01E6, 0x01E7, 0x01E8, 0x01E9, 0x01EA, 0x01EB,
    0x01EC, 0x01ED, 0x01EF, 0x01F0, 0x01F2, 0x01F3, 0x01F4, 0x01F5, 0x01F6, 0x01F8, 0x01F9, 0x01FA,
    0x01FB, 0x01FC, 0x01FD, 0x01FE, 0x01FF, 0x0200, 0x0201, 0x0202, 0x0203, 0x0204, 0x0205, 0x0206,
    0x0207, 0x0208, 0x0209, 0x020A, 0x020B, 0x020C, 0x020D, 0x020E, 0x020F, 0x0210, 0x0211, 0x0212,
    0x0213, 0x0214, 0x0215, 0x0216, 0x0217, 0x0218, 0x021E, 0x021F, 0x0400, 0x0402, 0x0404, 0x0405,
    0x0407, 0x0408, 0x0409, 0x040B, 0x040D, 0x040E, 0x0410, 0x0414, 0x0416, 0x0417, 0x041B, 0x041E,
    0x0421, 0x0422, 0x0423, 0x0424, 0x0425, 0x0427, 0x042A, 0x042D, 0x042F, 0x0430, 0x0431, 0x0432,
    0x0433, 0x0434, 0x0435, 0x0436, 0x0437, 0x0438, 0x0439, 0x043A, 0x043B, 0x043C, 0x043D, 0x043E,
    0x043F, 0x0440, 0x0441, 0x0442, 0x0443, 0x0444, 0x0445, 0x0446, 0x0447, 0x0448, 0x0449, 0x044A,
    0x044B, 0x044C, 0x044D, 0x044E, 0x044F, 0x0450, 0x0451, 0x0452, 0x0453, 0x0454, 0x0455, 0x0456,
    0x0457, 0x0458, 0x0459, 0x045A, 0x045B, 0x045C, 0x045D, 0x045E, 0x045F, 0x0460, 0x0463, 0x0464,
    0x0465, 0x0466, 0x0467, 0x0468, 0x046C, 0x046E, 0x0472, 0x0473, 0x0474, 0x0475, 0x0476, 0x0477,
    0x0478, 0x0479, 0x0481, 0x048A, 0x048B, 0x048D, 0x048E, 0x048F, 0x0491, 0x0495, 0x0496, 0x0497,
    0x0499, 0x049B, 0x049D, 0x04A0, 0x04A1, 0x04A3, 0x04A5, 0x04A6, 0x04A7, 0x04A9, 0x04AA, 0x04AB,
    0x04AC, 0x04AD, 0x04AE, 0x04AF, 0x04B0, 0x04B1, 0x04B2, 0x04B4, 0x04B5, 0x04B6, 0x04B7, 0x04B8,
    0x04B9, 0x04BD, 0x04C1, 0x04C4, 0x04C6, 0x04C8, 0x04C9, 0x04CA, 0x04CB, 0x04CC, 0x04CD, 0x04CE,
    0x04D0, 0x04D1, 0x04D2, 0x04D3, 0x04D4, 0x04D5, 0x04D7, 0x04D8, 0x04D9, 0x04DA, 0x04DB, 0x04DC,
    0x04DD, 0x04DF, 0x04E1, 0x04E3, 0x04E5, 0x04E6, 0x04E7, 0x04E8, 0x04E9, 0x04EA, 0x04EB, 0x04ED,
    0x04EE, 0x04F0, 0x04F2, 0x04F4, 0x04F5, 0x04F7, 0x04F9, 0x04FB, 0x04FC, 0x04FD, 0x04FE, 0x04FF,
    0x1EA0, 0x1EA1, 0x1EA2, 0x1EA3, 0x1EA4, 0x1EA5, 0x1EA6, 0x1EA7, 0x1EA8, 0x1EA9, 0x1EAA, 0x1EAB,
    0x1EAC, 0x1EAD, 0x1EAE, 0x1EAF, 0x1EB0, 0x1EB1, 0x1EB2, 0x1EB3, 0x1EB4, 0x1EB5, 0x1EB6, 0x1EB7,
    0x1EB8, 0x1EB9, 0x1EBA, 0x1EBB, 0x1EBC, 0x1EBD, 0x1EBE, 0x1EBF, 0x1EC0, 0x1EC1, 0x1EC2, 0x1EC3,
    0x1EC4, 0x1EC5, 0x1EC6, 0x1EC7, 0x1EC8, 0x1EC9, 0x1ECA, 0x1ECB, 0x1ECC, 0x1ECD, 0x1ECE, 0x1ECF,
    0x1ED0, 0x1ED1, 0x1ED2, 0x1ED3, 0x1ED4, 0x1ED5, 0x1ED6, 0x1ED7, 0x1ED8, 0x1ED9, 0x1EDA, 0x1EDB,
    0x1EDC, 0x1EDD, 0x1EDE, 0x1EDF, 0x1EE0, 0x1EE1, 0x1EE2, 0x1EE3, 0x1EE4, 0x1EE5, 0x1EE6, 0x1EE7,
    0x1EE8, 0x1EE9, 0x1EEA, 0x1EEB, 0x1EEC, 0x1EED, 0x1EEE, 0x1EEF, 0x1EF0, 0x1EF1, 0x1EF2, 0x1EF3,
    0x1EF4, 0x1EF5, 0x1EF6, 0x1EF7, 0x1EF8, 0x1EF9, 0x2013, 0x2014, 0x2018, 0x2019, 0x201C, 0x201D,
    0x2023, 0x2026, 0x2034, 0x203D, 0x2043, 0x204A, 0x204B, 0x204C, 0x204D, 0x204F, 0x2077, 0x2079,
    0x207E, 0x207F, 0x2080, 0x2086, 0x2087, 0x2088, 0x2089, 0x208A, 0x208B, 0x208C, 0x208D, 0x208E,
    0x2091, 0x2092, 0x2093, 0x2095, 0x2096, 0x2097, 0x2098, 0x2099, 0x209A, 0x209B, 0x209C, 0x20A1,
    0x20A7, 0x20A8, 0x20AB, 0x20B2, 0x20B5, 0x20BF, 0x21D2, 0x221E, 0x222B, 0x2236, 0x2260,
};

static const uint8_t golos_ui_10_semiboldKernRightClassIds[] = {
      1,   1,   2,   3,   2,   4,   5,   6,   6,   7,   8,   9,  10,  10,  11,  10,
     10,  12,  13,  14,  15,  16,  17,  18,  19,  20,  21,  22,  22,  22,  23,  22,
     21,  21,  21,  21,  24,  25,  25,  22,  25,  22,  25,  26,  27,  28,  29,  30,
     31,  29,  32,  33,   9,   9,   9,   9,   9,   9,  34,  10,  35,  36,  37,  38,
     10,  10,  10,  10,  10,  39,  14,  14,  14,  14,  18,  21,  40,  20,  40,  40,
     40,  40,  20,  22,  41,  22,  41,  41,  42,  21,  43,  42,  44,  45,  41,  22,
     41,  41,  41,  46,  47,  28,  47,  47,  29,  21,  48,   9,  20,   9,  20,   9,
     20,  10,  22,  49,  50,  10,  22,  10,  22,  22,  22,  22,  51,  50,  22,  22,
     22,  49,  50,  22,  22,  22,  51,  51,  52,  53,  37,  52,  54,  37,  37,  21,
     55,  56,  21,  57,  21,  21,  51,  58,  59,  25,  25,  25,  25,  10,  22,  49,
     50,  10,  22,  10,  22,  25,  25,  25,  12,  60,  61,  12,  12,  62,  63,  64,
     65,  64,  66,  67,  14,  28,  14,  28,  14,  28,  14,  28,  14,  28,  29,  18,
     29,  18,  19,  19,  19,  68,  51,  49,  50,  66,  69,  70,  50,  51,  51,  51,
     57,  71,  72,  51,  73,  49,  50,  66,  69,  66,  69,  66,  69,  66,  69,  66,
     69,  74,  71,  72,  71,  72,  71,  72,  49,  50,  49,  50,  51,  51,  49,  50,
     49,  50,  64,  75,  51,  74,  49,  50,  70,  51,  57,  71,  72,  71,  72,  49,
     50,  71,  72,  71,  72,  51,  50,  51,  50,  52,  76,  52,  77,  49,  50,  49,
     50,  51,  57,  51,  57,  66,  69,  66,  69,  12,  51,  51,  51,  78,  79,  80,
     81,  82,  83,  78,  51,  84,  85,  86,  87,  79,  83,  79,  79,  78,  84,  79,
     88,  89,  78,  90,  91,  92,  93,  94,  94,  95,  96,  97,  98,  94,  99,  94,
    100,  94,  94,  96,  94,  94,  96, 101, 102,  96,  97,  94, 103,  94,  94, 104,
     94,  94,  98,  94, 105,  50, 106, 107,  94,  96, 108, 109, 110, 109, 111,  94,
    107,  94,  57, 112,  94,  51,  64,  51,  57,  71,  71,  51,  51,  51,  49,  50,
    113, 114, 113, 114,  49,  50,  50,  70,  57,  64,  51,  57,  94,  94,  88,  97,
     96,  94,  94,  78, 101,  94,  94,  51,  57,  50,  79,  96,  63,  64, 115, 116,
    115, 102,  88,  63,  64,  89, 103,  89, 103,  64, 117,  94, 118,  94,  51,  57,
     89, 103,  51,  57,  85,  92,  85,  92,  85,  92,  96,  79,  96,  79,  96,  88,
     97,  96,  64,  94,  94,  79,  96,  79,  96,  79,  96,  50,  84,  84,  84,  89,
    103,  57,  94,  64, 117, 119, 117, 119,  71,  72,  71,  72,  71,  72,  71,  72,
     71,  72,  71,  72,  71,  72,  71,  72,  71,  72,  71,  72,  71,  72,  71,  72,
     51,  50,  51,  50,  51,  50,  51,  50,  51,  50,  51,  50,  51,  50,  51,  50,
     51,  73,  51,  73,  49,  50,  49,  50,  49,  50,  49,  50,  49,  50,  49,  50,
     49,  50,  49,  50,  49,  50,  49,  50,  49,  50,  49,  50,  66,  69,  66,  69,
     66,  69,  66,  69,  66,  69,  66,  69,  66,  69,  18,  29, 120, 114, 120, 114,
    120, 114,   3,   3, 121, 121, 121, 121, 122,   2, 123, 124, 122,  64,  51, 122,
     57, 125, 126, 127, 128, 129, 130, 130, 131, 130, 130, 130, 130, 130, 130, 130,
    130, 130, 130, 130, 130, 130, 130, 130, 130, 130, 130,  49,  51,  51,  50,  49,
     49,  51, 132, 133,  75, 125, 132,
};

static const uint16_t golos_ui_10_semiboldKernRowOffsets[] = {
        0,    45,    46,   100,   123,   124,   125,   131,   137,   138,   142,   178,   194,   207,   220,   238,
      262,   264,   269,   305,   339,   366,   370,   400,   413,   451,   487,   521,   561,   585,   591,   602,
      611,   613,   634,   652,   669,   687,   691,   705,   726,   747,   762,   763,   766,   769,   772,   785,
      802,   810,   819,   827,   838,   844,   855,   860,   864,   874,   878,   884,   890,   894,   909,   924,
      926,   930,   935,   940,   941,   957,   965,   972,   976,   998,  1015,  1037,  1041,  1051,  1052,  1054,
     1058,  1062,  1066,  1070,  1088,  1094,  1098,  1109,  1111,  1126,  1127,  1131,  1135,  1139,  1154,  1162,
     1184,  1203,  1228,  1259,  1273,  1281,  1282,  1283,  1290,  1295,  1326,  1363,  1396,  1415,  1436,  1467,
     1481,  1508,  1522,  1556,  1563,  1576,  1587,  1604,  1619,  1636,  1637,  1647,  1664,  1683,  1697,  1708,
     1715,  1719,  1724,  1741,  1757,  1773,  1778,  1796,  1804,  1826,  1863,  1883,  1888,  1913,  1914,  1924,
     1925,  1932,  1936,  1947,  1948,  1967,  2009,  2015,  2030,  2031,  2034,  2035,  2036,  2039,  2040,  2041,
     2048,  2049,  2057,
};

static const uint8_t golos_ui_10_semiboldKernSparseCols[] = {
      8,  10,  12,  14,  15,  17,  21,  22,  26,  28,  29,  30,  31,  33,  37,  40,
     41,  42,  43,  45,  47,  57,  67,  77,  81,  82,  83,  84,  85,  88,  94,  95,
     96,  97,  99, 100, 101, 102, 103, 105, 106, 109, 110, 111, 115,   4,   8,   9,
     10,  11,  12,  13,  14,  15,  17,  21,  22,  23,  26,  27,  28,  29,  30,  31,
     33,  37,  38,  40,  43,  45,  46,  47,  57,  58,  67,  77,  78,  79,  81,  82,
     83,  84,  85,  88,  89,  92,  94,  95,  96,  97,  99, 100, 101, 102, 103, 105,
    110, 111, 114, 115,   4,  12,  17,  28,  29,  30,  31,  47,  58,  67,  77,  83,
     94,  96,  99, 100, 101, 102, 103, 110, 111, 114, 115,  32,  32,  12,  14,  17,
     77,  83, 114,  12,  14,  17,  77,  83, 114,   1,  28,  29,  30,  47,   0,   1,
      6,   8,   9,  10,  11,  12,  13,  14,  15,  16,  17,  18,  21,  22,  23,  25,
     26,  27,  28,  29,  30,  31,  33,  37,  38,  40,  43,  45,  46,  47,  58,  61,
     67, 120,   0,   1,   8,   9,  12,  14,  15,  16,  17,  28,  29,  30,  33,  38,
     47,  57,   1,   8,  12,  14,  15,  16,  17,  18,  30,  31,  33,  58,  67,   1,
      8,  12,  14,  15,  16,  17,  18,  30,  31,  33,  58,  67,   0,   8,   9,  12,
     14,  15,  17,  21,  28,  29,  33,  38,  40,  41,  42,  43,  45,  47,   0,   1,
      8,   9,  10,  11,  12,  14,  15,  17,  19,  21,  30,  31,  33,  38,  39,  40,
     41,  42,  43,  45,  58,  67,  41,  42,   1,   8,  33,  41,  42,   6,   8,   9,
     10,  11,  14,  15,  16,  17,  19,  21,  22,  23,  25,  26,  27,  28,  29,  30,
     31,  33,  37,  38,  39,  40,  41,  42,  43,  45,  46,  47,  57,  58,  61,  67,
    120,   0,   1,   6,   8,   9,  10,  12,  13,  14,  15,  17,  18,  19,  21,  22,
     23,  26,  27,  28,  29,  30,  31,  33,  37,  38,  39,  40,  43,  45,  46,  47,
     58,  67, 120,   0,   1,   8,  10,  14,  15,  16,  17,  18,  19,  21,  22,  25,
     26,  28,  29,  33,  37,  39,  40,  41,  42,  43,  45,  47,  61, 120,   1,  30,
     33,  58,   6,   8,   9,  10,  11,  12,  13,  14,  15,  17,  19,  21,  23,  25,
     27,  30,  31,  33,  38,  39,  40,  41,  42,  43,  45,  46,  57,  58,  61,  67,
      1,   8,  12,  14,  15,  16,  17,  30,  33,  41,  42,  57,  58,   0,   1,   2,
      5,   8,   9,  10,  11,  12,  14,  15,  17,  19,  21,  22,  24,  25,  26,  27,
     28,  29,  30,  31,  33,  37,  38,  39,  40,  41,  42,  43,  44,  45,  46,  47,
     57,  58,  67,   0,   1,   5,   8,   9,  10,  11,  12,  14,  15,  16,  17,  19,
     21,  22,  24,  25,  26,  27,  30,  31,  33,  37,  38,  39,  40,  41,  42,  43,
     44,  45,  46,  57,  58,  61,  67,   0,   1,   8,   9,  10,  11,  12,  14,  15,
     16,  17,  19,  21,  22,  24,  25,  26,  27,  30,  31,  33,  38,  39,  40,  41,
     42,  43,  44,  45,  46,  57,  58,  61,  67,   0,   1,   2,   5,   8,   9,  10,
     11,  12,  14,  15,  16,  17,  19,  21,  22,  24,  25,  26,  27,  28,  29,  30,
     31,  33,  37,  38,  39,  40,  41,  42,  43,  44,  45,  46,  47,  57,  58,  61,
     67,   0,   8,   9,  18,  21,  22,  26,  27,  28,  29,  31,  33,  37,  38,  40,
     41,  42,  43,  45,  46,  47,  57,  58,  67,   0,  12,  28,  29,  47, 120,   0,
      1,  22,  28,  29,  30,  31,  47,  58,  67, 120,   0,   1,  22,  28,  29,  30,
     47,  58, 120,  41,  42,   0,   1,   2,  19,  21,  22,  26,  28,  29,  30,  31,
     39,  40,  41,  42,  43,  45,  47,  58,  67, 120,   0,   1,   2,   7,  19,  21,
     25,  26,  28,  29,  30,  39,  40,  43,  45,  47,  58,  61,   0,   1,   2,  21,
     22,  26,  28,  29,  30,  31,  40,  43,  45,  47,  58,  67, 120,   0,   1,   2,
     19,  21,  22,  26,  28,  29,  30,  31,  39,  40,  43,  45,  47,  67, 120,  28,
     29,  30,  47,   0,   1,   2,  21,  28,  29,  30,  31,  40,  43,  45,  47,  58,
     67,   0,   1,   2,   7,  19,  21,  22,  25,  26,  28,  29,  30,  31,  39,  40,
     43,  45,  47,  61,  67, 120,   0,   1,   2,   7,  19,  21,  22,  25,  26,  28,
     29,  30,  31,  39,  40,  43,  45,  47,  61,  67, 120,   0,   1,   2,  21,  22,
     26,  28,  29,  31,  40,  43,  45,  47,  58,  67,   3,  34,  35,  36,  34,  35,
     36,  34,  35,  36,   1,   8,  12,  14,  15,  16,  17,  18,  30,  31,  33,  58,
     67,   1,   6,   8,  12,  14,  15,  16,  17,  18,  19,  30,  33,  37,  39,  57,
     58, 120,   0,   1,  22,  26,  28,  29,  30,  47,   0,   1,  22,  28,  29,  30,
     47,  58, 120,   0,  20,  22,  23,  41,  42,  58, 120,   0,   1,  22,  28,  29,
     30,  31,  47,  58,  67, 120,  52,  53,  70,  76, 113, 116,  62,  64,  70,  71,
     75, 112, 113, 116, 118, 119, 122,  20,  22,  23,  24,  58,  52,  53,  75,  76,
     52,  53,  62,  64,  70,  75,  76, 112, 116, 119,  55,  62,  64,  74,  52,  53,
     63,  75,  76, 113,  62,  64, 112, 113, 119, 122,  52,  53,  75,  76,  50,  51,
     52,  53,  55,  56,  62,  63,  64,  69,  72,  74,  75,  76, 112,  50,  51,  52,
     53,  55,  56,  62,  63,  64,  69,  72,  74,  75,  76, 112,  70,  75,  52,  53,
     75,  76,  49,  62,  64,  73, 113,  20,  22,  23,  24,  58, 119,   0,   1,   2,
     21,  22,  26,  28,  29,  30,  31,  40,  43,  45,  47,  58,  67,  62,  64,  70,
     75, 112, 116, 119, 129,  52,  53,  62,  64,  70,  76, 116,  62,  64, 112, 119,
     48,  49,  52,  53,  54,  56,  59,  60,  63,  66,  68,  70,  71,  73,  75,  76,
    113, 118, 119, 121, 124, 131,  49,  50,  55,  60,  62,  63,  64,  69,  71,  73,
     74,  75, 112, 113, 119, 121, 122,  48,  49,  52,  53,  54,  56,  59,  60,  63,
     66,  68,  70,  71,  73,  75,  76, 113, 118, 119, 121, 124, 131,  62,  64, 119,
    122,  49,  56,  60,  63,  66,  68,  71,  73, 113, 118,  70,  62,  64,  49,  63,
     73, 113,  49,  62,  64,  73,  49,  62,  64,  73,  52,  53,  75,  76,  48,  49,
     59,  60,  62,  63,  64,  65,  70,  72,  73, 112, 113, 119, 121, 122, 123, 131,
     52,  53,  63,  75,  76, 113,  52,  53,  75,  76,  62,  64,  70,  71,  75, 112,
    113, 116, 118, 119, 122,  62,  64,  48,  49,  52,  53,  59,  66,  68,  72,  73,
     75,  76, 113, 121, 131, 132,  75,  62,  64, 119, 122,  52,  53,  75,  76,  52,
     53,  75,  76,  50,  51,  52,  53,  55,  56,  62,  63,  64,  69,  72,  74,  75,
     76, 112,  49,  52,  53,  71,  73,  76, 112, 119,  49,  50,  52,  53,  54,  55,
     56,  62,  63,  64,  69,  70,  71,  72,  73,  74,  75,  76, 113, 117, 118, 122,
      0,  77,  78,  82,  83,  84,  89,  92,  94,  95,  97,  99, 101, 102, 105, 109,
    110, 111, 115,   0,  77,  81,  83,  84,  86,  87,  88,  90,  91,  92,  94,  95,
     96,  97,  99, 100, 101, 103, 105, 106, 110, 111, 114, 115,   0,   1,  77,  78,
     79,  81,  82,  83,  84,  85,  89,  90,  91,  92,  93,  94,  95,  96,  97,  98,
     99, 100, 101, 102, 103, 104, 105, 109, 110, 111, 115,   1,  77,  83,  84,  85,
     86,  87,  90,  94,  96,  99, 104, 110, 114,   1,  77,  83,  84,  86,  87,  90,
     96, 109,  80,   1,  84,  85,  90,  94,  99, 110,   0,  77,  83,  88, 120,  78,
     79,  81,  82,  83,  84,  85,  86,  87,  88,  89,  91,  92,  94,  95,  96,  97,
     99, 100, 101, 102, 103, 104, 105, 106, 107, 109, 110, 111, 115, 120,   0,   1,
      2,   5,  77,  78,  79,  81,  82,  83,  84,  85,  86,  87,  89,  90,  91,  92,
     93,  94,  95,  96,  97,  98,  99, 100, 101, 102, 103, 104, 105, 106, 107, 109,
    110, 111, 115,   0,   1,  77,  78,  79,  81,  82,  83,  84,  85,  86,  87,  88,
     89,  90,  92,  94,  95,  96,  97,  99, 100, 101, 102, 103, 104, 105, 107, 110,
    111, 114, 115, 120,   0,  77,  83,  84,  86,  87,  94,  96,  99, 100, 101, 103,
    104, 106, 110, 111, 114, 115, 120,   0,   1,  77,  78,  83,  84,  86,  87,  89,
     94,  96,  99, 100, 101, 103, 104, 110, 111, 114, 115, 120,   1,  77,  78,  81,
     82,  83,  84,  85,  86,  87,  88,  89,  90,  92,  94,  95,  96,  97,  99, 100,
    101, 102, 103, 104, 105, 106, 110, 111, 114, 115, 120,   1,  77,  83,  84,  85,
     86,  87,  90,  94,  96,  99, 104, 110, 114,   0,   1,  81,  82,  83,  84,  85,
     86,  87,  91,  94,  95,  97,  99, 100, 101, 102, 103, 104, 105, 106, 109, 110,
    111, 114, 115, 120,   1,  77,  83,  84,  85,  86,  87,  90,  94,  96,  99, 104,
    110, 114,   0,   1,   2,   5,  77,  78,  79,  81,  82,  83,  84,  85,  89,  90,
     91,  92,  93,  94,  95,  96,  97,  98,  99, 100, 101, 102, 103, 104, 105, 107,
    109, 110, 111, 115,   0,  77, 100, 101, 103, 111, 115,   0,   1,  94,  96,  99,
    100, 101, 103, 106, 110, 111, 115, 120,   0,   1,   2,  96, 100, 101, 103, 106,
    111, 115, 120,   0,   1,   2,  91,  94,  95,  97,  99, 100, 101, 103, 104, 105,
    110, 111, 115, 120,   1,  91,  94,  96,  99, 100, 101, 102, 103, 104, 106, 110,
    111, 115, 120,   0,   1,   2,  91,  92,  94,  95,  96,  97,  99, 101, 102, 105,
    107, 110, 111, 115,  77,   0,   1,  94,  96, 101, 103, 110, 111, 115, 120,   0,
      1,   2,  91,  94,  95,  97,  99, 100, 101, 103, 104, 105, 110, 111, 115, 120,
      0,   1,   2,  91,  94,  95,  96,  97,  99, 100, 101, 102, 103, 104, 107, 110,
    111, 115, 120,   0,   2,  95,  96,  97,  99, 100, 101, 103, 105, 110, 111, 115,
    120,   0,   1,  94,  96,  99, 101, 103, 110, 111, 115, 120,  96, 100, 101, 103,
    106, 111, 115,   0, 108, 109, 120,  52,  53,  62,  64,  76,  48,  49,  52,  53,
     54,  56,  60,  70,  71,  73,  75,  76, 112, 121, 124, 129, 131,  49,  50,  52,
     53,  54,  62,  63,  64,  69,  70,  71,  73,  76, 117, 119, 131,  49,  52,  53,
     54,  55,  60,  63,  70,  71,  72,  73,  74,  75,  76, 119, 121,  49,  54,  70,
     71,  73,   0,   1,   2,  91,  94,  95,  97,  99, 100, 101, 103, 104, 105, 109,
    110, 111, 115, 120,  62,  63,  64, 112, 113, 116, 118, 119,  48,  49,  52,  53,
     54,  56,  59,  60,  63,  66,  68,  70,  71,  73,  75,  76, 113, 118, 119, 121,
    124, 131,   0,   1,   2,   5,  77,  78,  79,  81,  82,  83,  84,  85,  86,  87,
     89,  90,  91,  92,  93,  94,  95,  96,  97,  98,  99, 100, 101, 102, 103, 104,
    105, 106, 107, 109, 110, 111, 115,   0,   1,   2,  91,  94,  95,  96,  97,  99,
    100, 101, 102, 103, 104, 105, 107, 110, 111, 115, 120,  49,  63,  73, 113, 122,
      0,  77,  81,  83,  84,  86,  87,  88,  90,  91,  92,  94,  95,  96,  97,  99,
    100, 101, 103, 105, 106, 110, 111, 114, 115, 115,  48,  49,  59,  62,  64,  71,
     73,  75, 121, 131, 116,  49,  62,  63,  64,  71,  73, 131,  52,  53,  75,  76,
     62,  64,  70,  71,  75, 112, 113, 116, 118, 119, 122,  75,  48,  49,  54,  56,
     60,  62,  64,  66,  68,  70,  71,  72,  73,  75, 121, 124, 129, 131, 132,   8,
      9,  10,  12,  13,  14,  15,  17,  21,  22,  26,  27,  28,  29,  33,  37,  38,
     40,  43,  45,  47,  58,  77,  78,  81,  82,  83,  84,  85,  88,  89,  92,  94,
     95,  97, 100, 101, 102, 103, 105, 111, 115,  62,  64,  70, 112, 116, 119,  48,
     49,  54,  56,  60,  63,  66,  68,  70,  71,  73, 113, 117, 124, 131,  70,  62,
     64, 112, 125, 127, 125, 126, 128, 125, 128,  48,  62,  64, 112, 113, 119, 130,
    129,  62,  64,  70, 112, 113, 116, 118, 119,
};

static const int8_t golos_ui_10_semiboldKernSparseValues[] = {
     -24,  -24,    9,    9,    6,    9,   -3,    6,    9,   12,   21,    6,    6,  -30,   -6,   -3,
      24,   24,   -3,   -6,   12,   -6,    6,    9,  -24,  -21,    9,  -24,  -18,    6,  -15,   -3,
       6,   -3,  -12,   12,   12,    6,   12,   -3,   18,   24,  -12,   12,   12,  -18,    3,   -6,
       6,   -3,  -36,   -9,  -36,  -18,  -45,   -6,   -6,   -6,  -15,   -6,  -18,  -30,    3,    6,
       3,   -6,   -6,   -6,   -6,   -6,   -6,  -18,   -6,  -12,    6,  -36,   -6,   -3,    6,   12,
     -36,    3,   12,  -42,   -6,   -6,   12,   -6,    3,   -6,   12,  -30,  -18,  -18,  -30,   -6,
      12,  -18,  -40,  -18,  -18,   -9,  -12,   -6,   -9,  -12,   -6,   -6,    6,   -6,   -9,   -6,
      -9,  -12,  -12,  -24,   -6,    3,  -24,  -12,   -6,   -9,   -6,  -24,  -17,   -6,   -6,  -12,
      -6,   -9,  -12,   -6,   -6,  -12,   -6,   -9,  -24,  -33,   -6,   -3,   -3,   -6,  -24,    3,
     -23,    7,   -7,    3,   -3,  -23,   -8,  -27,  -17,    7,  -30,    3,   -3,   -7,   -5,   -2,
      -8,   -5,  -18,  -33,    7,    7,    7,   -3,  -14,   -3,   -3,   -7,   -5,  -18,   -5,   -2,
       7,  -24,   -3,   -3,   -6,   -2,   -3,   -7,   -3,   -3,  -10,   -2,   -3,   -3,   -8,   -3,
      -2,    7,   -6,   -7,   -6,   -5,   -5,   -5,   -8,   -2,   -3,   -3,  -15,    3,   -3,   -6,
      -7,   -5,   -5,   -5,   -5,   -8,   -2,   -3,   -3,  -15,    3,   -3,    6,    3,   -2,    3,
       3,    3,    3,   -2,   -3,   -5,    3,   -3,   -2,   13,   13,   -2,   -2,   -2,    6,  -36,
     -17,   -2,  -17,   -2,    5,    3,    7,    3,   -7,   -2,   -3,   -2,  -30,   -2,   -7,   -2,
      15,   15,   -2,   -2,    6,   -2,    3,    3,   -9,   -8,  -15,   10,   10,   -8,    7,   -5,
      -2,   -5,    3,    3,    3,    3,   -3,   -7,   -4,   -2,   -3,   -4,   -5,  -12,  -20,    3,
       3,    7,   -3,  -10,   -3,   -7,   17,   23,   -7,  -10,   -5,  -12,   -5,   -5,   -3,    3,
      -6,  -30,    7,  -23,    8,   -3,    3,  -27,   -4,  -27,  -20,  -33,    7,    3,   -2,   -7,
      -3,  -10,   -3,  -20,  -34,    7,    7,    8,   -3,   -7,    3,   -2,   -2,    1,   -3,  -20,
     -10,    7,  -36,    3,  -42,  -23,  -20,   -3,   -2,   -5,   -5,   -3,   -7,   -3,    3,   -2,
       3,    8,    8,  -33,    6,   -7,   -3,    7,    7,   -3,   -3,    8,   -2,    6,   -6,   -3,
      -7,    3,   -7,    2,   -2,   -3,   -2,   -3,   -5,   -3,   -2,   -8,   -7,   -5,   -7,   -3,
      -5,    5,    3,    3,   -2,   -7,   -5,    5,    5,   -5,   -5,   -5,   -3,   -3,   -3,    3,
      -3,   -3,   -2,   -5,   -3,   -5,   -8,   -5,   -7,    3,    3,    3,    3,    9,  -36,   -9,
      -6,  -23,   -5,  -27,   -2,   12,    7,    7,    7,  -27,  -27,   -3,  -27,  -10,   -3,  -27,
     -20,  -20,  -23,  -20,  -33,   -7,   -5,  -20,  -20,   20,   20,  -20,  -20,  -27,  -20,  -20,
      -3,   -7,  -13,    9,  -33,   -6,  -27,   -5,  -20,   -5,    7,    7,    7,    3,    7,  -17,
     -17,   -3,  -10,  -13,   -3,  -10,   -7,   -5,  -37,   -2,   -5,  -13,  -13,   23,   23,  -13,
     -10,  -17,  -10,   -3,   -7,  -10,   -5,    6,  -18,  -17,   -5,  -14,   -3,    7,    7,    7,
       3,    7,  -13,  -10,   -2,   -7,   -7,   -2,   -7,   -5,   -5,  -23,   -5,  -10,  -10,   20,
      20,  -10,   -7,  -10,   -7,   -2,   -7,   -7,   -2,    9,  -42,  -12,  -12,  -30,   -8,  -27,
      -8,    7,    7,    7,    3,    7,  -27,  -27,   -7,  -17,  -23,   -7,  -13,   -3,   -7,  -10,
     -12,  -42,   -3,  -17,  -20,  -20,   26,   26,  -41,  -17,  -53,  -13,   -3,   -7,   -8,  -17,
     -12,    3,    3,   -2,    3,   -3,   -3,   -3,   -5,   -5,  -10,    7,    3,   -3,   -3,   -3,
      17,   17,   -3,   -7,   -5,   -5,   -3,   -3,    7,   -3,  -27,   -3,   -7,   -3,   -3,   -3,
      -6,   -3,   -7,  -10,   -7,   -2,   -7,    3,   -2,   -3,   -3,   -6,   -3,   -6,   -6,   -3,
      -6,    3,   -3,    7,    7,   15,  -12,   -3,   -7,   -3,    7,    3,    7,    7,    3,    3,
      -7,   -3,   20,   20,   -3,   -3,    7,   -3,    3,   12,    6,    3,  -12,   -3,   -3,   -7,
      -3,    3,    3,    7,    3,   -3,   -7,   -7,  -13,    3,   -3,   -3,  -12,   15,  -12,   -3,
      -6,   -6,   -7,   -3,    3,    3,   -3,   -3,   -3,   -7,   -7,    3,   -6,   12,  -36,  -18,
      -5,   -3,    7,    7,    7,    7,    3,    3,   -5,   -3,   -3,   -3,    7,    3,    6,   -3,
      -7,   -3,   -3,    3,    9,   -6,   -2,    3,    3,    3,    3,   -2,   -2,   -2,    3,   -7,
       3,   12,  -18,   -6,   -6,   -8,   -7,    7,   -3,    7,    7,   13,    3,    3,   -8,   -6,
      -6,  -13,    7,   -3,    3,    6,   21,  -30,   -9,   -6,  -15,  -10,    7,   -3,    7,   13,
      13,    3,    3,  -15,  -10,  -10,  -10,    7,   -3,    3,   12,    6,    6,   -6,   -2,    3,
       3,    3,    7,    3,   -2,   -2,   -3,    3,   -3,    3,  -27,   60,   53,   60,   53,   60,
      60,   60,   60,   30,  -12,  -13,   -5,   -5,   -5,   -3,  -17,   -3,   -3,   -3,  -15,    3,
      -3,  -18,   -3,  -12,  -14,   -7,   -3,  -17,  -13,   -8,   -3,   -3,  -18,   12,   -3,   10,
       7,    6,   -3,   -3,   -3,   -3,   -3,   -3,   -3,   -3,   -3,   -6,   -3,   -6,   -9,   -3,
      -6,    3,   -3,   24,   10,   20,   20,   40,   40,   10,   12,   -3,  -12,   -3,  -10,  -10,
      -7,   -2,   -3,    3,   -2,   -3,   11,   11,   -9,   11,    2,   -5,  -26,  -26,  -11,    3,
      15,  -20,   -6,   -9,   -7,  -38,   -7,   50,   50,   50,   30,   50,   25,   25,   11,   25,
      11,   11,  -10,  -10,  -10,    8,   11,   -7,   -5,   -9,    3,  -17,  -17,    3,   21,   21,
       5,   11,   21,    3,  -24,  -24,  -17,   -6,  -32,   -8,   13,   13,   13,   13,   21,   13,
      53,   53,   32,    5,   30,   17,   30,   46,   34,   32,   36,   53,   28,   21,   13,   53,
      53,   32,    5,   30,   17,   30,   46,   34,   20,   17,   53,   28,   -7,   11,   34,   32,
      24,   34,   -7,  -19,  -19,   -7,    3,   33,   33,   33,   17,   33,  -11,    3,   15,  -12,
      -3,    3,    3,    7,    7,    3,    3,   -3,   -3,   -3,    7,   -3,    3,  -11,  -11,  -14,
       8,  -13,  -18,  -14,  -13,   15,   15,   -2,   -2,   -5,   15,   -4,  -25,  -25,  -15,  -25,
     -11,  -26,   30,   30,  -30,  -19,   -2,  -25,  -34,  -43,  -43,  -30,  -24,  -26,   47,   30,
     -21,  -26,    3,  -11,  -11,  -11,   -3,    1,    2,   -2,  -11,   -4,  -11,    1,    2,   -3,
       2,   15,   -1,    7,   -2,   -2,    4,  -11,  -26,   30,   30,  -70,  -19,   -2,  -25,  -34,
     -38,  -25,  -49,  -24,  -26,   47,   30,  -21,  -11,    3,  -11,  -11,  -11,  -17,  -17,  -19,
       5,  -22,  -21,  -21,  -13,  -21,  -21,  -21,  -22,  -20,  -20,  -12,   17,   17,  -18,   10,
     -18,    6,   -7,  -24,  -24,   -7,   -7,  -11,  -11,   -7,   32,   20,   28,   32,  -14,   -8,
      -5,   -4,  -30,   -9,  -49,   -7,    5,    1,   -8,  -26,  -23,  -26,  -11,  -34,  -21,  -17,
      21,   21,    5,   24,   21,    3,   32,   32,   30,   32,  -52,  -52,  -11,    3,   15,  -20,
      -6,   -9,   -7,  -38,   -7,  -26,  -26,  -13,  -13,   28,   28,   -3,  -11,  -11,    2,  -13,
      28,   28,  -13,  -11,  -11,  -11,   11,  -32,  -32,  -19,    5,   13,   13,   24,   13,   32,
      32,   28,   32,   21,   13,   53,   53,   34,    5,   30,   17,   30,   46,   32,   34,   32,
      66,   28,   -4,   15,   15,   -2,   -4,   15,   -7,  -10,   -8,    5,    5,    5,  -19,    5,
       2,  -19,    7,  -19,    5,  -13,   -5,    1,   -8,    5,   15,    5,    5,   -6,    5,    5,
       6,    3,   -2,    3,    3,    3,   -2,   -3,    3,   -2,   -2,    3,   -2,   -2,   -2,   13,
       3,   -2,   -2,  -12,  -20,    5,  -17,   -3,   -5,   -5,   -3,   -2,    3,    3,   -2,    3,
      -8,    3,   -2,   -7,   -8,   -7,    3,   -7,   -2,   -8,  -20,   -8,    9,  -42,   12,   -5,
      -2,  -33,  -10,    7,  -30,  -17,   -5,   -3,  -30,  -10,  -30,  -30,  -30,  -24,  -30,  -20,
     -30,  -20,  -20,  -30,  -20,  -30,  -20,   20,  -30,  -37,  -20,   -6,  -14,   -8,   -7,   -9,
      -5,   -5,   -2,   -8,   -3,   -8,   -2,   -8,   -8,   -3,   -2,  -10,   -3,   -5,   -5,   -2,
      -5,    3,   30,   -9,   -8,   -5,   -5,   -8,   -8,   -8,  -18,  -20,  -17,   -3,   -6,   -5,
      -5,   -2,    7,    3,    7,    7,    3,    3,   -2,   -5,   -3,   -7,    7,   -7,    3,   -7,
       7,   -7,  -12,  -13,   -7,    3,   -7,   -7,   -3,   17,    7,  -12,  -12,   -6,    9,  -48,
      -9,  -12,    7,   -8,   -7,  -27,  -17,    7,  -27,  -17,    3,    3,   -8,  -12,  -23,  -10,
     -13,  -23,  -16,  -10,  -16,  -13,  -23,   -5,   -3,   -7,   -5,  -20,  -13,   -2,  -13,   27,
     -23,   -3,   -3,  -24,    3,  -23,   -7,   -3,    3,    7,  -17,    7,    8,    7,    7,  -17,
      -7,    2,   -3,    7,   -3,    7,   -3,    7,  -17,  -18,  -13,  -17,    3,   -3,   -2,    7,
     -18,  -27,  -18,  -24,   -9,   -7,   -7,   -6,   -3,   -3,   -3,   -7,   -3,   -7,   -8,   -7,
      -3,   -3,   -3,   -8,   -7,   -8,  -12,   -3,   -3,   -3,   -2,  -10,   -6,   -7,   -3,   -2,
      -3,   -3,   -3,   -3,   -2,   -3,   -3,   -3,   -2,  -10,   -2,   -3,   12,   -3,   -3,    5,
       8,   -3,    8,   12,    7,    7,   -3,   -3,    3,   -2,   10,   -2,    3,   -2,   10,   -5,
      -5,   -5,   -5,    3,   -2,   -5,   10,   -5,   -3,   -5,   -6,   -6,   -5,   -8,   -7,   -9,
      -5,   -5,   -2,   -8,   -3,   -8,   -2,   -8,   -8,    3,  -42,  -20,  -13,   -5,  -23,  -18,
      -5,   -5,   -6,  -15,   -3,   -3,  -15,    7,    8,    3,    7,   -3,   -3,    7,    7,  -15,
       8,   -5,    8,    6,   -6,  -11,   -8,   -7,   -9,   -5,   -5,   -2,   -8,   -3,   -8,   -2,
      -8,   -8,    9,  -36,   -9,   -6,   12,   -5,   -2,  -27,  -10,    7,  -23,  -17,   -6,   -3,
     -27,  -14,  -27,  -27,  -27,  -24,  -27,  -20,  -27,  -17,  -20,  -27,  -17,  -27,  -20,  -10,
      20,  -27,  -20,  -20,   -3,  -27,   -3,   -3,   -3,   -3,   -3,   -3,   -6,   -3,   -7,   -3,
      -3,   -7,   -3,   -3,   -3,   -7,   -7,   -3,   -3,   -3,   -3,   -3,   -3,   -5,   -3,   -3,
      -5,   -5,   -3,   12,  -72,  -24,   -7,  -12,   -3,   -3,  -10,   10,    7,   10,   -3,   -3,
     -10,    7,    7,    9,   12,    3,   10,    3,    7,   -3,   -3,   -2,   -3,    3,   -3,    7,
      -3,   -3,   -3,    6,    3,  -12,   -3,   -3,    3,   -7,    3,  -10,    7,    3,   -2,   -7,
      -3,    7,    6,    3,  -27,   -3,   -6,   -3,   -3,   -6,   -6,   -3,   -6,   -6,   -3,   12,
     -30,  -24,   -7,  -12,   -3,   -3,  -10,   10,    7,   10,   -3,   -3,  -10,    7,    7,    9,
      12,  -18,   -6,   -8,   -8,   -7,    3,   -7,   -7,    7,    7,    3,    7,   -7,   -3,   -7,
       7,    7,    6,  -18,    6,    3,   -2,    3,    3,  -15,  -15,  -15,    3,    3,  -32,  -15,
     -12,   -3,   -6,   -3,   -3,   -3,   -6,   -6,   -3,   -6,   -6,   -3,   -3,   -3,   -3,   -3,
      -3,   -3,   -3,   24,    3,   40,    9,   11,   11,  -19,  -19,   11,  -13,  -20,   28,   28,
     -32,   -3,  -15,  -26,  -20,  -20,   13,   28,    5,  -13,  -21,  -45,  -21,   -6,    1,    8,
       8,  -21,  -11,    6,  -11,    1,  -23,   -3,   -6,    8,  -15,  -11,  -13,   -7,   34,   34,
     -21,    2,   -6,  -13,  -11,   -7,    3,   -7,    2,   15,   45,    1,   -6,   -3,  -32,  -28,
      -4,   -3,   12,  -30,  -24,   -7,  -12,   -3,   -3,  -10,   10,    7,   10,   -3,   -3,   17,
     -10,    7,    7,    9,  -36,   -8,  -36,  -36,  -12,   -9,   -6,  -57,  -11,  -26,   30,   30,
     -30,  -19,   -2,  -25,  -34,  -38,  -25,  -30,  -24,  -26,   47,   30,  -21,  -11,    3,  -11,
     -11,  -11,    9,  -48,   -9,  -12,    7,   -8,   -7,  -27,  -17,    7,  -53,  -17,    3,    3,
      -8,  -12,  -23,  -10,  -13,  -23,  -16,  -10,  -16,  -13,  -23,   -5,   -3,   -7,   -5,  -20,
     -13,   -2,  -17,   27,  -23,   -3,   -3,   12,  -18,   -6,   -8,   -8,   -7,    3,   -7,   -7,
       7,    7,    3,    7,   -7,   -7,   -3,   -7,    7,    7,    6,   -7,  -11,   -7,  -10,  -12,
     -12,  -20,    5,  -17,   -3,   -5,   -5,   -3,   -2,    3,    3,   -2,    3,   -8,    3,   -2,
      -7,   -8,   -7,    3,   -7,   -2,   -8,  -37,  -17,   -3,  -18,   -9,   -4,  -13,  -13,  -19,
      -9,   28,  -15,  -17,   -7,   -7,  -11,    5,  -11,   -1,   -7,  -11,   32,   20,   24,   32,
     -26,  -26,  -11,    3,   30,  -20,   -6,   -9,   -7,  -38,   -7,   13,  -14,  -36,  -11,  -13,
     -23,    3,    3,  -13,  -13,  -26,  -34,   -7,  -55,   28,  -13,  -21,  -58,  -32,  -11,    6,
      -6,    3,  -30,   -6,  -36,  -30,  -36,   -3,   -6,   -6,   -3,  -18,  -30,    6,   -6,   -6,
      -3,   -3,   -3,  -18,   -6,  -30,   -6,    3,    3,  -30,    6,   12,  -30,   -6,   -3,    6,
      -3,   -3,  -18,  -18,  -18,  -18,   -3,  -18,  -18,  -11,  -11,  -11,  -13,  -15,  -15,  -19,
     -21,  -42,   -9,  -23,    2,  -13,  -13,  -46,  -19,  -21,    2,  -21,  -19,  -19,  -21,  -11,
     -11,  -21,   -1,    7,    4,   -2,  -11,   -6,    4,  -13,  -19,  -30,  -45,   -8,  -58,   -5,
      -5,  -15,  -15,  -17,  -23,  -13,  -17,  -11,  -32,
};

static const EpdFontData golos_ui_10_semibold = {
    golos_ui_10_semiboldBitmaps,
    golos_ui_10_semiboldGlyphs,
    golos_ui_10_semiboldIntervals,
    62,
    25,
    21,
    -5,
    false,
    nullptr,
    0,
    nullptr,
    nullptr,  // kernLeftClasses: built-in fonts use the split arrays below
    nullptr,  // kernRightClasses
    golos_ui_10_semiboldKernLeftCodepoints,
    golos_ui_10_semiboldKernLeftClassIds,
    golos_ui_10_semiboldKernRightCodepoints,
    golos_ui_10_semiboldKernRightClassIds,
    nullptr,  // kernMatrix: built-in fonts use the sparse form below
    golos_ui_10_semiboldKernRowOffsets,
    golos_ui_10_semiboldKernSparseCols,
    golos_ui_10_semiboldKernSparseValues,
    666,
    599,
    162,
    133,
    nullptr,
    0,
};
