/**
 * generated by fontconvert.py
 * name: notosans_8_bold
 * size: 8
 * mode: 1-bit
 * hinting: auto (FT_LOAD_FORCE_AUTOHINT — grid-fits stems to whole pixels)
 * Command used: lib/EpdFont/scripts/fontconvert.py notosans_8_bold 8 lib/EpdFont/builtinFonts/source/NotoSans/NotoSans-Bold.ttf
 */
#pragma once
#include "EpdFontData.h"

static const uint8_t notosans_8_boldBitmaps[14450] = {
    0xFF, 0xFF, 0xFF, 0x1B, 0xE0, 0xCF, 0x3C, 0xF3, 0x0D, 0x83, 0x60, 0xD8, 0x66, 0x7F, 0xDF, 0xF1,
    0xB3, 0xFF, 0xFF, 0xCC, 0xC3, 0x60, 0xD8, 0x08, 0x1F, 0x9F, 0xDD, 0x0F, 0x83, 0xE0, 0x7C, 0x1E,
    0x0B, 0x7F, 0x9F, 0x81, 0x00, 0x80, 0x78, 0x61, 0xF9, 0xC3, 0xF3, 0x07, 0xEE, 0x0F, 0xD8, 0x1F,
    0xEF, 0x1F, 0xFF, 0x3F, 0x77, 0x06, 0xEE, 0x19, 0xDC, 0x33, 0xF0, 0xC3, 0xC0, 0x3E, 0x07, 0xF0,
    0x77, 0x07, 0x70, 0x7F, 0x03, 0xE0, 0x7C, 0x6E, 0xEE, 0xE7, 0xEE, 0x3C, 0xFF, 0xE3, 0xEF, 0xDB,
    0x60, 0x39, 0x9D, 0xCE, 0x73, 0x9C, 0xE7, 0x38, 0xE7, 0x1C, 0x60, 0xC3, 0x8E, 0x18, 0x71, 0xC7,
    0x1C, 0x63, 0x8E, 0x31, 0x80, 0x1C, 0x06, 0x1F, 0xDF, 0xF1, 0xC1, 0xF0, 0xD8, 0x00, 0x18, 0x18,
    0x18, 0xFF, 0xFF, 0x18, 0x18, 0x18, 0x76, 0x66, 0xFF, 0xDF, 0x00, 0x0E, 0x18, 0x30, 0xE1, 0x87,
    0x0E, 0x18, 0x70, 0xC1, 0x87, 0x00, 0x3C, 0x3F, 0xB9, 0xDC, 0x6E, 0x3F, 0x1F, 0x8F, 0xC7, 0xE3,
    0x73, 0x9F, 0xC7, 0xC0, 0x0E, 0x7D, 0xFB, 0x70, 0xE1, 0xC3, 0x87, 0x0E, 0x1C, 0x38, 0x70, 0x3E,
    0x3F, 0xC8, 0xE0, 0x70, 0x38, 0x3C, 0x1C, 0x1C, 0x1C, 0x1C, 0x1F, 0xEF, 0xF0, 0x7E, 0x3F, 0x90,
    0xE0, 0x70, 0x71, 0xF0, 0xFC, 0x06, 0x03, 0x83, 0xFF, 0xCF, 0xC0, 0x07, 0x07, 0x87, 0xC3, 0xE3,
    0xF1, 0xB9, 0x9D, 0xCE, 0xFF, 0xFF, 0xC1, 0xC0, 0xE0, 0x7F, 0x3F, 0x98, 0x0C, 0x07, 0xE3, 0xF8,
    0x1C, 0x07, 0x03, 0x83, 0xBF, 0xCF, 0xC0, 0x1F, 0x1F, 0x9C, 0x1C, 0x0E, 0xE7, 0xFB, 0x9D, 0xC7,
    0xE3, 0xF3, 0x9F, 0xC7, 0xC0, 0xFF, 0xFF, 0xC0, 0xE0, 0xE0, 0x70, 0x70, 0x38, 0x38, 0x1C, 0x0C,
    0x0E, 0x07, 0x00, 0x3E, 0x3F, 0xB9, 0xDC, 0xE7, 0xE1, 0xE1, 0xF9, 0xCE, 0xE3, 0xF1, 0xFF, 0xC7,
    0xC0, 0x3C, 0x3F, 0xB9, 0xDC, 0x6E, 0x3F, 0x3D, 0xFE, 0x76, 0x07, 0x03, 0x9F, 0x8F, 0x80, 0xDF,
    0x00, 0x37, 0xC0, 0x67, 0x60, 0x00, 0x06, 0x66, 0x60, 0x00, 0x01, 0x0F, 0x3E, 0xF0, 0xE0, 0x7C,
    0x1F, 0x03, 0x00, 0xFF, 0xFF, 0x00, 0xFF, 0xFF, 0x00, 0x80, 0xF0, 0x7C, 0x0F, 0x07, 0x3E, 0xF8,
    0xC0, 0x00, 0x7C, 0xFE, 0x07, 0x07, 0x0E, 0x1C, 0x38, 0x30, 0x00, 0x30, 0x38, 0x30, 0x0F, 0xC0,
    0x7F, 0xC3, 0x83, 0x99, 0xF6, 0xEF, 0xCF, 0x73, 0x3D, 0x8C, 0xF6, 0x33, 0xDD, 0xDF, 0x3F, 0xE6,
    0xF7, 0x1C, 0x00, 0x3F, 0xE0, 0x3F, 0x00, 0x0F, 0x00, 0xF0, 0x1F, 0x01, 0xB8, 0x1B, 0x83, 0x98,
    0x39, 0xC7, 0xFC, 0x7F, 0xC7, 0x0E, 0xE0, 0xEE, 0x06, 0xFE, 0x7F, 0xB8, 0xFC, 0x7E, 0x77, 0xFB,
    0xFD, 0xC7, 0xE3, 0xF1, 0xFF, 0xDF, 0xC0, 0x1F, 0x8F, 0xE7, 0x03, 0x80, 0xE0, 0x38, 0x0E, 0x03,
    0x80, 0xE0, 0x1C, 0x07, 0xF8, 0x7E, 0xFE, 0x3F, 0xEE, 0x3B, 0x87, 0xE1, 0xF8, 0x7E, 0x1F, 0x87,
    0xE1, 0xF8, 0xEF, 0xF3, 0xF8, 0xFF, 0xFF, 0x87, 0x0E, 0x1F, 0xFF, 0xF0, 0xE1, 0xC3, 0xFF, 0xF0,
    0xFF, 0xFF, 0x87, 0x0E, 0x1F, 0xFF, 0xF0, 0xE1, 0xC3, 0x87, 0x00, 0x1F, 0xCF, 0xF7, 0x03, 0x80,
    0xE0, 0x39, 0xFE, 0x7F, 0x87, 0xE1, 0xDC, 0x77, 0xFC, 0x7F, 0xE1, 0xF8, 0x7E, 0x1F, 0x87, 0xE1,
    0xFF, 0xFF, 0xFF, 0x87, 0xE1, 0xF8, 0x7E, 0x1F, 0x87, 0xFF, 0xDC, 0xE7, 0x39, 0xCE, 0x73, 0xBF,
    0xF0, 0x1C, 0x71, 0xC7, 0x1C, 0x71, 0xC7, 0x1C, 0x71, 0xC7, 0x3B, 0xE7, 0x00, 0xE3, 0xB9, 0xEE,
    0x73, 0xB8, 0xFC, 0x3F, 0x0F, 0xC3, 0xB8, 0xEF, 0x39, 0xCE, 0x3B, 0x8E, 0xE0, 0xE0, 0xE0, 0xE0,
    0xE0, 0xE0, 0xE0, 0xE0, 0xE0, 0xE0, 0xFF, 0xFF, 0xF0, 0x7F, 0x83, 0xFE, 0x3F, 0xF1, 0xFF, 0x8F,
    0xFC, 0x7F, 0xB6, 0xFD, 0xB7, 0xEF, 0xBF, 0x79, 0xF9, 0xCF, 0xCE, 0x70, 0xF0, 0xFE, 0x1F, 0xE3,
    0xFC, 0x7F, 0xCF, 0xD9, 0xFB, 0xBF, 0x37, 0xE7, 0xFC, 0x7F, 0x8F, 0xF0, 0xF0, 0x1F, 0x0F, 0xF9,
    0xC7, 0x70, 0x7E, 0x0F, 0xC1, 0xF8, 0x3F, 0x07, 0xE0, 0xEE, 0x39, 0xFF, 0x0F, 0x80, 0xFC, 0xFE,
    0xE7, 0xE7, 0xE7, 0xE7, 0xFE, 0xFC, 0xE0, 0xE0, 0xE0, 0xE0, 0x1F, 0x0F, 0xF9, 0xC7, 0x70, 0x7E,
    0x0F, 0xC1, 0xF8, 0x3F, 0x07, 0xE0, 0xEE, 0x39, 0xFF, 0x0F, 0xC0, 0x38, 0x03, 0x80, 0x30, 0xFC,
    0x3F, 0x8E, 0x73, 0x9C, 0xE7, 0x39, 0xCF, 0xE3, 0xF0, 0xEE, 0x39, 0xCE, 0x73, 0x8E, 0x3E, 0xFF,
    0xE0, 0xE0, 0xF0, 0x7C, 0x3E, 0x0F, 0x07, 0x87, 0xFE, 0xFC, 0xFF, 0xFF, 0xC7, 0x03, 0x81, 0xC0,
    0xE0, 0x70, 0x38, 0x1C, 0x0E, 0x07, 0x03, 0x80, 0xE1, 0xF8, 0x7E, 0x1F, 0x87, 0xE1, 0xF8, 0x7E,
    0x1F, 0x87, 0xE1, 0xFC, 0xF7, 0xF8, 0xFC, 0xE0, 0xFC, 0x19, 0x87, 0x38, 0xE7, 0x18, 0x67, 0x0E,
    0xE1, 0xD8, 0x1F, 0x03, 0xE0, 0x78, 0x07, 0x00, 0xE1, 0x87, 0x71, 0xE3, 0x98, 0xF1, 0xCC, 0x78,
    0xC7, 0x3E, 0xE3, 0xBF, 0x70, 0xD9, 0xB8, 0x6C, 0xD8, 0x3E, 0x7C, 0x1F, 0x3E, 0x07, 0x0F, 0x03,
    0x87, 0x00, 0xF0, 0xE7, 0x1C, 0x3B, 0x83, 0xB8, 0x1F, 0x00, 0xE0, 0x1F, 0x01, 0xF0, 0x3B, 0x83,
    0x9C, 0x71, 0xCE, 0x0E, 0xE1, 0xCE, 0x39, 0xCE, 0x1D, 0xC3, 0xF0, 0x3E, 0x07, 0x80, 0x70, 0x0E,
    0x01, 0xC0, 0x38, 0x07, 0x00, 0xFF, 0xFF, 0xC1, 0xC0, 0xE0, 0xE0, 0xE0, 0x70, 0x70, 0x70, 0x38,
    0x3F, 0xFF, 0xF0, 0xFF, 0xEE, 0xEE, 0xEE, 0xEE, 0xEE, 0xFF, 0xE0, 0xC1, 0x83, 0x83, 0x07, 0x0E,
    0x0C, 0x1C, 0x18, 0x30, 0x70, 0xFF, 0xCE, 0x73, 0x9C, 0xE7, 0x39, 0xCE, 0x7F, 0xFC, 0x08, 0x07,
    0x01, 0xC0, 0xF8, 0x36, 0x1C, 0xC6, 0x31, 0x86, 0xFE, 0x00, 0x60, 0xC1, 0x80, 0x7E, 0x7F, 0x07,
    0x3F, 0xFF, 0xE7, 0xE7, 0xFF, 0x7B, 0xE0, 0x70, 0x38, 0x1F, 0xCF, 0xF7, 0x3B, 0x8F, 0xC7, 0xE3,
    0xF3, 0xBF, 0xDB, 0xC0, 0x3E, 0x7E, 0xE0, 0xE0, 0xE0, 0xE0, 0xE0, 0x7E, 0x3E, 0x03, 0x81, 0xC0,
    0xE7, 0x77, 0xFF, 0x3F, 0x8F, 0xC7, 0xE3, 0xF3, 0xDF, 0xE7, 0x70, 0x3E, 0x3F, 0xB8, 0xDF, 0xFF,
    0xFF, 0x03, 0x80, 0xFE, 0x3F, 0x00, 0x3E, 0xFD, 0xC7, 0xEF, 0xCE, 0x1C, 0x38, 0x70, 0xE1, 0xC3,
    0x80, 0x3B, 0xBF, 0xF9, 0xFC, 0x7E, 0x3F, 0x1F, 0x9E, 0xFF, 0x3B, 0x81, 0xC1, 0xDF, 0xE7, 0xE0,
    0xE0, 0x70, 0x38, 0x1F, 0xCF, 0xF7, 0x1F, 0x8F, 0xC7, 0xE3, 0xF1, 0xF8, 0xFC, 0x70, 0xD8, 0x7F,
    0xFF, 0xFF, 0xF0, 0x31, 0x80, 0x73, 0x9C, 0xE7, 0x39, 0xCE, 0x73, 0x9F, 0xDE, 0xE0, 0x38, 0x0E,
    0x03, 0x8E, 0xE7, 0x3B, 0x8F, 0xC3, 0xF0, 0xFE, 0x3B, 0x8E, 0x73, 0x8E, 0xFF, 0xFF, 0xFF, 0xFF,
    0xF0, 0xDE, 0xF3, 0xFF, 0xEE, 0x79, 0xB9, 0xC7, 0xE7, 0x1F, 0x9C, 0x7E, 0x71, 0xF9, 0xC7, 0xE7,
    0x1C, 0xDE, 0x7F, 0xB8, 0xFC, 0x7E, 0x3F, 0x1F, 0x8F, 0xC7, 0xE3, 0x80, 0x3E, 0x3F, 0xB8, 0xFC,
    0x7E, 0x3F, 0x1F, 0x8E, 0xFE, 0x3E, 0x00, 0xDE, 0x7F, 0xB9, 0xDC, 0x7E, 0x3F, 0x1F, 0x9D, 0xFE,
    0xFE, 0x70, 0x38, 0x1C, 0x0E, 0x00, 0x3B, 0xBF, 0xF9, 0xFC, 0x7E, 0x3F, 0x1F, 0x9E, 0xFF, 0x3B,
    0x81, 0xC0, 0xE0, 0x70, 0x38, 0xDD, 0xFB, 0x87, 0x0E, 0x1C, 0x38, 0x70, 0xE0, 0x3E, 0x7E, 0xE0,
    0x78, 0x3E, 0x0F, 0x07, 0xFE, 0x7C, 0x31, 0xCF, 0xFF, 0x71, 0xC7, 0x1C, 0x71, 0xF3, 0xC0, 0xE3,
    0xF1, 0xF8, 0xFC, 0x7E, 0x3F, 0x1F, 0x9F, 0xFF, 0x7F, 0x80, 0xE1, 0xB8, 0xE7, 0x39, 0xCC, 0x37,
    0x0F, 0x83, 0xE0, 0x78, 0x1C, 0x00, 0xE3, 0x9D, 0xCF, 0x39, 0x9E, 0x63, 0xBC, 0xC7, 0x6F, 0x87,
    0x9F, 0x0F, 0x3C, 0x1E, 0x78, 0x1C, 0x70, 0xE3, 0x9C, 0xE3, 0xF0, 0xF8, 0x1E, 0x0F, 0x83, 0xF1,
    0xCE, 0xE3, 0x80, 0x61, 0xDC, 0x67, 0x38, 0xCE, 0x3B, 0x07, 0xC1, 0xF0, 0x78, 0x0E, 0x03, 0x01,
    0xC1, 0xE0, 0x70, 0x00, 0xFF, 0xFC, 0x30, 0xE3, 0x8E, 0x1C, 0x7F, 0xFE, 0x1C, 0xF3, 0x8E, 0x38,
    0xEF, 0x3C, 0x78, 0xE3, 0x8E, 0x3C, 0x70, 0xFF, 0xFF, 0xFF, 0xFF, 0xF3, 0xE3, 0x8E, 0x38, 0xE1,
    0xC7, 0x38, 0xE3, 0x8E, 0xFB, 0xC0, 0x71, 0xFF, 0x8F, 0x00, 0xDF, 0x0F, 0xFF, 0xFF, 0xF0, 0x08,
    0x3E, 0x7E, 0xE0, 0xE0, 0xE0, 0xE0, 0xE0, 0xE2, 0x7E, 0x3E, 0x08, 0x1F, 0x1F, 0x9C, 0x0E, 0x07,
    0x07, 0xF3, 0xF8, 0xE0, 0x70, 0x38, 0x3F, 0xFF, 0xF0, 0x00, 0x3F, 0x9F, 0xCC, 0x66, 0x33, 0x39,
    0xFC, 0xFE, 0x00, 0x00, 0x61, 0x9C, 0xE3, 0x30, 0xEC, 0x1F, 0x07, 0x83, 0xF0, 0x38, 0x0E, 0x0F,
    0xC3, 0xF0, 0x38, 0xFF, 0xF0, 0x0F, 0xFF, 0x7D, 0xFB, 0x87, 0x87, 0xDD, 0xFB, 0xBE, 0x1C, 0x1F,
    0xF7, 0xC0, 0xCF, 0x30, 0x1F, 0x83, 0x0C, 0x4F, 0x6D, 0x83, 0x90, 0x19, 0x01, 0x90, 0x19, 0x01,
    0xD8, 0x34, 0xF6, 0x30, 0xC1, 0xF8, 0x78, 0x37, 0xF3, 0x7C, 0x00, 0x00, 0x19, 0x9C, 0xCC, 0xEE,
    0xE3, 0x31, 0xDC, 0x67, 0x00, 0x00, 0xFF, 0xFF, 0xC0, 0x60, 0x30, 0x18, 0xFF, 0x1F, 0x83, 0x0C,
    0x40, 0x6C, 0xF3, 0x89, 0x98, 0x99, 0x8F, 0x18, 0xB1, 0xC9, 0xB4, 0x8E, 0x30, 0xC1, 0xF8, 0xFF,
    0xFF, 0x7B, 0xFC, 0xF3, 0xFD, 0xE0, 0x18, 0x18, 0x18, 0xFF, 0xFF, 0x18, 0x18, 0x18, 0xFF, 0xFF,
    0x38, 0xF8, 0x30, 0x61, 0x86, 0x1F, 0x3E, 0x38, 0xF8, 0x31, 0xC3, 0x81, 0xBF, 0x3C, 0x18, 0xE6,
    0x00, 0xE3, 0xF1, 0xF8, 0xFC, 0x7E, 0x3F, 0x1F, 0x9F, 0xFF, 0xFF, 0xF0, 0x38, 0x1C, 0x0E, 0x00,
    0x3F, 0xBF, 0xFF, 0x3F, 0x9F, 0xCF, 0xE5, 0xF2, 0xF9, 0x1C, 0x82, 0x41, 0x20, 0x90, 0x48, 0x24,
    0x12, 0xDF, 0x00, 0x67, 0xFF, 0x00, 0x19, 0xE7, 0x86, 0x18, 0x61, 0x80, 0x7B, 0x3C, 0xF3, 0x78,
    0x00, 0x00, 0x33, 0x19, 0xCE, 0x63, 0xB9, 0x99, 0xDC, 0xCC, 0x00, 0x00, 0x18, 0x61, 0xE1, 0x87,
    0x8C, 0x06, 0x30, 0x19, 0x80, 0x66, 0x61, 0xB3, 0x81, 0xDE, 0x06, 0x58, 0x3B, 0x60, 0xCF, 0xC6,
    0x06, 0x18, 0x61, 0xE1, 0x87, 0x8C, 0x06, 0x30, 0x19, 0x80, 0x6E, 0xE1, 0xB7, 0xC1, 0xC3, 0x06,
    0x18, 0x38, 0xC0, 0xC7, 0xC6, 0x1F, 0x78, 0x70, 0x31, 0x83, 0x8C, 0x0E, 0x30, 0x0D, 0x9B, 0xFE,
    0xE7, 0xB7, 0x81, 0x96, 0x0E, 0xD8, 0x33, 0xF1, 0xC1, 0x80, 0x18, 0x1C, 0x18, 0x00, 0x18, 0x18,
    0x78, 0xF0, 0xE0, 0xE2, 0xFE, 0x7E, 0x1E, 0x00, 0x60, 0x03, 0x00, 0xF0, 0x0F, 0x01, 0xF0, 0x1B,
    0x81, 0xB8, 0x39, 0x83, 0x9C, 0x7F, 0xC7, 0xFC, 0x70, 0xEE, 0x0E, 0xE0, 0x60, 0x03, 0x80, 0x70,
    0x04, 0x00, 0xF0, 0x0F, 0x01, 0xF0, 0x1B, 0x81, 0xB8, 0x39, 0x83, 0x9C, 0x7F, 0xC7, 0xFC, 0x70,
    0xEE, 0x0E, 0xE0, 0x60, 0x0F, 0x01, 0xF0, 0x11, 0x80, 0xF0, 0x0F, 0x01, 0xF0, 0x1B, 0x81, 0xB8,
    0x39, 0x83, 0x9C, 0x7F, 0xC7, 0xFC, 0x70, 0xEE, 0x0E, 0xE0, 0x60, 0x1C, 0x81, 0xF8, 0x13, 0x00,
    0xF0, 0x0F, 0x01, 0xF0, 0x1B, 0x81, 0xB8, 0x39, 0x83, 0x9C, 0x7F, 0xC7, 0xFC, 0x70, 0xEE, 0x0E,
    0xE0, 0x60, 0x19, 0x81, 0x98, 0x00, 0x00, 0xF0, 0x0F, 0x00, 0xF0, 0x1F, 0x81, 0x98, 0x39, 0xC3,
    0x9C, 0x3F, 0xC7, 0xFE, 0x70, 0xE7, 0x0E, 0xE0, 0x70, 0x0F, 0x00, 0x90, 0x0F, 0x00, 0xF0, 0x1F,
    0x81, 0xF8, 0x19, 0x83, 0x9C, 0x39, 0xC3, 0xFC, 0x7F, 0xE7, 0x0E, 0x70, 0xEE, 0x07, 0x07, 0xFE,
    0x0F, 0xFC, 0x3B, 0x80, 0x67, 0x01, 0xCE, 0x03, 0x9F, 0xC6, 0x3F, 0x9F, 0xF0, 0x3F, 0xE0, 0xE1,
    0xC1, 0x83, 0xFF, 0x07, 0xF0, 0x1F, 0x8F, 0xE7, 0x03, 0x80, 0xE0, 0x38, 0x0E, 0x03, 0x80, 0xE0,
    0x1C, 0x07, 0xF8, 0x7E, 0x0C, 0x01, 0x81, 0xE0, 0x70, 0x70, 0x70, 0x67, 0xFF, 0xFC, 0x38, 0x70,
    0xFF, 0xFF, 0x87, 0x0E, 0x1F, 0xFF, 0x80, 0x1C, 0x70, 0x87, 0xFF, 0xFC, 0x38, 0x70, 0xFF, 0xFF,
    0x87, 0x0E, 0x1F, 0xFF, 0x80, 0x38, 0xFB, 0x1F, 0xFF, 0xFC, 0x38, 0x70, 0xFF, 0xFF, 0x87, 0x0E,
    0x1F, 0xFF, 0x80, 0x6C, 0xD8, 0x07, 0xFF, 0xFC, 0x38, 0x70, 0xFF, 0xFF, 0x87, 0x0E, 0x1F, 0xFF,
    0x80, 0x70, 0xE0, 0x9F, 0x7C, 0xE3, 0x8E, 0x38, 0xE3, 0x8E, 0x39, 0xF7, 0xC0, 0x38, 0xC6, 0x3E,
    0xF9, 0xC7, 0x1C, 0x71, 0xC7, 0x1C, 0x73, 0xEF, 0x80, 0x38, 0xF9, 0x13, 0xE7, 0xC7, 0x0E, 0x1C,
    0x38, 0x70, 0xE1, 0xC3, 0x8F, 0x9F, 0x00, 0xFF, 0xC1, 0xFF, 0xB9, 0xCE, 0x73, 0x9C, 0xE7, 0x7F,
    0xE0, 0x7F, 0x0F, 0xF1, 0xC7, 0x38, 0x77, 0x0F, 0xF9, 0xFF, 0x3B, 0x87, 0x70, 0xEE, 0x39, 0xFE,
    0x3F, 0x80, 0x1D, 0x07, 0xE0, 0xD8, 0x78, 0x7F, 0x0F, 0xF1, 0xFE, 0x3F, 0xE7, 0xEC, 0xFD, 0xDF,
    0x9B, 0xF3, 0xFE, 0x3F, 0xC7, 0xF8, 0x78, 0x1C, 0x01, 0xC0, 0x18, 0x01, 0x01, 0xF0, 0xFF, 0x9C,
    0x77, 0x07, 0xE0, 0xFC, 0x1F, 0x83, 0xF0, 0x7E, 0x0E, 0xE3, 0x9F, 0xF0, 0xF8, 0x03, 0x00, 0xE0,
    0x18, 0x02, 0x01, 0xF0, 0xFF, 0x9C, 0x77, 0x07, 0xE0, 0xFC, 0x1F, 0x83, 0xF0, 0x7E, 0x0E, 0xE3,
    0x9F, 0xF0, 0xF8, 0x0E, 0x01, 0xE0, 0x6C, 0x08, 0x81, 0xF0, 0xFF, 0x9C, 0x77, 0x07, 0xE0, 0xFC,
    0x1F, 0x83, 0xF0, 0x7E, 0x0E, 0xE3, 0x9F, 0xF0, 0xF8, 0x1D, 0x87, 0xF0, 0xCC, 0x0F, 0x87, 0xFC,
    0xE3, 0xB8, 0x3F, 0x07, 0xE0, 0xFC, 0x1F, 0x83, 0xF0, 0x77, 0x1C, 0xFF, 0x87, 0xC0, 0x1B, 0x03,
    0x60, 0x00, 0x0F, 0x87, 0xFC, 0xE3, 0xB8, 0x3F, 0x07, 0xE0, 0xFC, 0x1F, 0x83, 0xF0, 0x77, 0x1C,
    0xFF, 0x87, 0xC0, 0x00, 0xC6, 0x6E, 0x3C, 0x38, 0x7C, 0xE6, 0x42, 0x00, 0x03, 0xF9, 0xFF, 0x38,
    0xEE, 0x3F, 0xCF, 0xF9, 0xBF, 0x67, 0xEC, 0xFF, 0x1D, 0xC7, 0x3F, 0xE7, 0xF0, 0x00, 0x00, 0x38,
    0x07, 0x00, 0xC0, 0x10, 0xE1, 0xF8, 0x7E, 0x1F, 0x87, 0xE1, 0xF8, 0x7E, 0x1F, 0x87, 0xE1, 0xFC,
    0xF7, 0xF8, 0xFC, 0x07, 0x03, 0x80, 0xC0, 0x20, 0xE1, 0xF8, 0x7E, 0x1F, 0x87, 0xE1, 0xF8, 0x7E,
    0x1F, 0x87, 0xE1, 0xFC, 0xF7, 0xF8, 0xFC, 0x0C, 0x07, 0x83, 0xF0, 0x84, 0xE1, 0xF8, 0x7E, 0x1F,
    0x87, 0xE1, 0xF8, 0x7E, 0x1F, 0x87, 0xE1, 0xFC, 0xF7, 0xF8, 0xFC, 0x33, 0x0C, 0xC0, 0x03, 0x87,
    0xE1, 0xF8, 0x7E, 0x1F, 0x87, 0xE1, 0xF8, 0x7E, 0x1F, 0x87, 0xF3, 0xDF, 0xE3, 0xF0, 0x07, 0x01,
    0xC0, 0x00, 0x70, 0xE7, 0x1C, 0xE7, 0x0E, 0xE1, 0xF8, 0x1F, 0x03, 0xC0, 0x38, 0x07, 0x00, 0xE0,
    0x1C, 0x03, 0x80, 0xE0, 0xE0, 0xFC, 0xFE, 0xE7, 0xE7, 0xE7, 0xE7, 0xFE, 0xFC, 0xE0, 0xE0, 0x3F,
    0x3F, 0xEE, 0x3B, 0x8E, 0xE7, 0x3B, 0x8E, 0xF3, 0x9E, 0xE1, 0xF8, 0x7E, 0xFF, 0xBE, 0x38, 0x1C,
    0x00, 0x7E, 0x7F, 0x07, 0x3F, 0xFF, 0xE7, 0xE7, 0xFF, 0x7B, 0x0E, 0x1C, 0x00, 0x7E, 0x7F, 0x07,
    0x07, 0x7F, 0xF7, 0xE7, 0xFF, 0x7B, 0x1C, 0x3E, 0x00, 0x7E, 0x7F, 0x07, 0x3F, 0xFF, 0xE7, 0xE7,
    0xFF, 0x7B, 0x3F, 0x7E, 0x00, 0x7E, 0x7F, 0x07, 0x3F, 0xFF, 0xE7, 0xE7, 0xFF, 0x7B, 0x36, 0x36,
    0x00, 0x7E, 0x7F, 0x07, 0x3F, 0xFF, 0xE7, 0xE7, 0xFF, 0x7B, 0x18, 0x24, 0x24, 0x18, 0x00, 0x7E,
    0x7F, 0x07, 0x3F, 0xFF, 0xE7, 0xE7, 0xFF, 0x7B, 0x7C, 0xF1, 0xFF, 0xE0, 0x71, 0xDF, 0xFF, 0xFF,
    0xFF, 0x9C, 0x0E, 0x78, 0x3F, 0xFF, 0x78, 0xF8, 0x3E, 0x7E, 0xE0, 0xE0, 0xE0, 0xE0, 0xE0, 0x7E,
    0x3E, 0x18, 0x0C, 0x3C, 0x38, 0x38, 0x0E, 0x00, 0x07, 0xC7, 0xF7, 0x1B, 0xFF, 0xFF, 0xE0, 0x70,
    0x1F, 0xC7, 0xE0, 0x0E, 0x0E, 0x00, 0x07, 0xC7, 0xF7, 0x1B, 0xFF, 0xFF, 0xE0, 0x70, 0x1F, 0xC7,
    0xE0, 0x3C, 0x3B, 0x00, 0x07, 0xC7, 0xF7, 0x1B, 0xFF, 0xFF, 0xE0, 0x70, 0x1F, 0xC7, 0xE0, 0x66,
    0x33, 0x00, 0x07, 0xC7, 0xF7, 0x1B, 0xFF, 0xFF, 0xE0, 0x70, 0x1F, 0xC7, 0xE0, 0x70, 0xE0, 0x0E,
    0x38, 0xE3, 0x8E, 0x38, 0xE3, 0x8E, 0x39, 0xC0, 0x1C, 0x71, 0xC7, 0x1C, 0x71, 0xC7, 0x1C, 0x3C,
    0x76, 0x00, 0x1C, 0x1C, 0x1C, 0x1C, 0x1C, 0x1C, 0x1C, 0x1C, 0x1C, 0xCF, 0x30, 0x1C, 0x71, 0xC7,
    0x1C, 0x71, 0xC7, 0x1C, 0x00, 0x1F, 0x87, 0x87, 0xE0, 0x31, 0xFD, 0xFF, 0xC7, 0xE3, 0xF1, 0xF8,
    0xEF, 0xE3, 0xE0, 0x3F, 0x3F, 0x00, 0x1B, 0xCF, 0xF7, 0x1F, 0x8F, 0xC7, 0xE3, 0xF1, 0xF8, 0xFC,
    0x70, 0x38, 0x06, 0x00, 0x07, 0xC7, 0xF7, 0x1F, 0x8F, 0xC7, 0xE3, 0xF1, 0xDF, 0xC7, 0xC0, 0x07,
    0x06, 0x00, 0x07, 0xC7, 0xF7, 0x1F, 0x8F, 0xC7, 0xE3, 0xF1, 0xDF, 0xC7, 0xC0, 0x1C, 0x1B, 0x00,
    0x07, 0xC7, 0xF7, 0x1F, 0x8F, 0xC7, 0xE3, 0xF1, 0xDF, 0xC7, 0xC0, 0x3F, 0x3F, 0x00, 0x07, 0xC7,
    0xF7, 0x1F, 0x8F, 0xC7, 0xE3, 0xF1, 0xDF, 0xC7, 0xC0, 0x36, 0x1B, 0x00, 0x07, 0xC7, 0xF7, 0x1F,
    0x8F, 0xC7, 0xE3, 0xF1, 0xDF, 0xC7, 0xC0, 0x18, 0x18, 0x00, 0xFF, 0xFF, 0x00, 0x18, 0x18, 0x00,
    0x1F, 0x9F, 0xDC, 0xFE, 0xFF, 0x7F, 0xEF, 0xE7, 0x7F, 0x3F, 0x00, 0x00, 0x38, 0x06, 0x00, 0x1C,
    0x7E, 0x3F, 0x1F, 0x8F, 0xC7, 0xE3, 0xF3, 0xFF, 0xEF, 0xF0, 0x0E, 0x0E, 0x00, 0x1C, 0x7E, 0x3F,
    0x1F, 0x8F, 0xC7, 0xE3, 0xF3, 0xFF, 0xEF, 0xF0, 0x3C, 0x3B, 0x00, 0x1C, 0x7E, 0x3F, 0x1F, 0x8F,
    0xC7, 0xE3, 0xF3, 0xFF, 0xEF, 0xF0, 0x66, 0x33, 0x00, 0x1C, 0x7E, 0x3F, 0x1F, 0x8F, 0xC7, 0xE3,
    0xF3, 0xFF, 0xEF, 0xF0, 0x07, 0x03, 0x80, 0x01, 0x87, 0x71, 0x9C, 0xE3, 0x38, 0xEC, 0x1F, 0x07,
    0xC1, 0xE0, 0x38, 0x0C, 0x07, 0x07, 0x81, 0xC0, 0xE0, 0x70, 0x38, 0x1F, 0xCF, 0xF7, 0x3B, 0x8F,
    0xC7, 0xE3, 0xF3, 0xBF, 0xDF, 0xCE, 0x07, 0x03, 0x81, 0xC0, 0x33, 0x0C, 0xC0, 0x01, 0x87, 0x71,
    0x9C, 0xE3, 0x38, 0xCC, 0x1F, 0x07, 0x81, 0xE0, 0x38, 0x0C, 0x07, 0x07, 0x81, 0xC0, 0x1F, 0x80,
    0xFC, 0x03, 0xC0, 0x1E, 0x01, 0xF8, 0x0F, 0xC0, 0x66, 0x07, 0x38, 0x39, 0xC1, 0xFF, 0x1F, 0xF8,
    0xE1, 0xCE, 0x07, 0x70, 0x38, 0x7E, 0x7E, 0x00, 0x7E, 0x7F, 0x07, 0x3F, 0xFF, 0xE7, 0xE7, 0xFF,
    0x7B, 0x19, 0x81, 0xF8, 0x0F, 0x00, 0xF0, 0x0F, 0x01, 0xF0, 0x1F, 0x81, 0xB8, 0x39, 0x83, 0x9C,
    0x3F, 0xC7, 0xFC, 0x70, 0xE7, 0x0E, 0xE0, 0xE0, 0x3F, 0x1E, 0x00, 0x3E, 0x3F, 0x07, 0x3F, 0xFF,
    0xE7, 0xE7, 0xFF, 0x7B, 0x07, 0x80, 0x3C, 0x03, 0xE0, 0x1B, 0x81, 0xDC, 0x0E, 0x60, 0x63, 0x07,
    0xFC, 0x3F, 0xE1, 0xC3, 0x1C, 0x1C, 0xE0, 0xE0, 0x02, 0x00, 0x30, 0x01, 0xC0, 0x0E, 0x7E, 0x7F,
    0x07, 0x3F, 0xFF, 0xE7, 0xE7, 0xFF, 0x7B, 0x02, 0x06, 0x07, 0x03, 0x03, 0x01, 0xC0, 0xE0, 0x30,
    0x1F, 0x8F, 0xE7, 0x03, 0x80, 0xE0, 0x38, 0x0E, 0x03, 0x80, 0xE0, 0x1C, 0x07, 0xF8, 0x7E, 0x0E,
    0x1C, 0x00, 0x3E, 0x7E, 0xE0, 0xE0, 0xE0, 0xE0, 0xE0, 0x7E, 0x3E, 0x0E, 0x07, 0x83, 0xB0, 0xC4,
    0x1F, 0x8F, 0xE7, 0x03, 0x80, 0xE0, 0x38, 0x0E, 0x03, 0x80, 0xE0, 0x1C, 0x07, 0xF8, 0x7E, 0x3C,
    0x7E, 0x00, 0x3E, 0x7E, 0xE0, 0xE0, 0xE0, 0xE0, 0xE0, 0x7E, 0x3E, 0x0C, 0x03, 0x00, 0x00, 0x7E,
    0x3F, 0x9C, 0x0E, 0x03, 0x80, 0xE0, 0x38, 0x0E, 0x03, 0x80, 0x70, 0x1F, 0xE1, 0xF8, 0x18, 0x18,
    0x00, 0x3E, 0x7E, 0xE0, 0xE0, 0xE0, 0xE0, 0xE0, 0x7E, 0x3E, 0x31, 0x8E, 0xE1, 0xF0, 0x38, 0x1F,
    0x8F, 0xE7, 0x03, 0x80, 0xE0, 0x38, 0x0E, 0x03, 0x80, 0xE0, 0x1C, 0x07, 0xF8, 0x7E, 0x66, 0x3C,
    0x00, 0x3E, 0x7E, 0xE0, 0xE0, 0xE0, 0xE0, 0xE0, 0x7E, 0x3E, 0x33, 0x07, 0x80, 0xC3, 0xF8, 0xFF,
    0xB8, 0xEE, 0x1F, 0x87, 0xE1, 0xF8, 0x7E, 0x1F, 0x87, 0xE3, 0xBF, 0xCF, 0xE0, 0x03, 0xB0, 0x1F,
    0x80, 0xF8, 0x77, 0x07, 0xF8, 0x73, 0xC3, 0x8E, 0x1C, 0x70, 0xE3, 0x87, 0x3C, 0x1F, 0xE0, 0x77,
    0x00, 0x7F, 0x0F, 0xF1, 0xC7, 0x38, 0x77, 0x0F, 0xF9, 0xFF, 0x3B, 0x87, 0x70, 0xEE, 0x39, 0xFE,
    0x3F, 0x80, 0x03, 0x83, 0xF0, 0xFC, 0xEE, 0x7F, 0xB9, 0xEE, 0x3B, 0x8E, 0xE3, 0xB9, 0xE7, 0xF8,
    0xEE, 0xFD, 0xFB, 0xFF, 0xFE, 0x1C, 0x38, 0x7F, 0xFF, 0xC3, 0x87, 0x0F, 0xFF, 0xC0, 0x7E, 0x3F,
    0x00, 0x07, 0xC7, 0xF7, 0x1B, 0xFF, 0xFF, 0xE0, 0x70, 0x1F, 0xC7, 0xE0, 0x46, 0xFC, 0xF7, 0xFF,
    0xFC, 0x38, 0x70, 0xFF, 0xFF, 0x87, 0x0E, 0x1F, 0xFF, 0x80, 0x7E, 0x1E, 0x00, 0x07, 0xC7, 0xF7,
    0x3B, 0xFF, 0xFF, 0xE0, 0x70, 0x1F, 0xC7, 0xE0, 0x18, 0x30, 0x07, 0xFF, 0xFC, 0x38, 0x70, 0xFF,
    0xFF, 0x87, 0x0E, 0x1F, 0xFF, 0x80, 0x18, 0x0C, 0x00, 0x07, 0xC7, 0xF7, 0x1B, 0xFF, 0xFF, 0xE0,
    0x70, 0x1F, 0xC7, 0xE0, 0xFF, 0xFF, 0x87, 0x0E, 0x1F, 0xFF, 0xF0, 0xE1, 0xC3, 0xFF, 0xF0, 0x41,
    0x83, 0x87, 0x3E, 0x3F, 0xB8, 0xDF, 0xFF, 0xFF, 0x03, 0x80, 0xFE, 0x3F, 0x03, 0x03, 0x01, 0xE0,
    0x70, 0xE6, 0x7C, 0x38, 0xFE, 0xFE, 0xE0, 0xE0, 0xE0, 0xFE, 0xFE, 0xE0, 0xE0, 0xE0, 0xFE, 0xFE,
    0x77, 0x1F, 0x00, 0x07, 0xC7, 0xF7, 0x1B, 0xFF, 0xFF, 0xE0, 0x70, 0x1F, 0xC7, 0xE0, 0x06, 0x03,
    0xC1, 0xB8, 0x46, 0x1F, 0xCF, 0xF7, 0x03, 0x80, 0xE0, 0x39, 0xFE, 0x7F, 0x87, 0xE1, 0xDC, 0x77,
    0xFC, 0x7F, 0x1C, 0x1B, 0x00, 0x07, 0x77, 0xFF, 0x3F, 0x8F, 0xC7, 0xE3, 0xF3, 0xDF, 0xE7, 0x70,
    0x38, 0x3B, 0xFC, 0xFC, 0x10, 0x87, 0xE0, 0xF0, 0x00, 0x1F, 0xCF, 0xF7, 0x03, 0x80, 0xE0, 0x39,
    0xFE, 0x7F, 0x87, 0xE1, 0xDC, 0x77, 0xFC, 0x7F, 0x3F, 0x0F, 0x00, 0x07, 0x77, 0xFF, 0x3F, 0x8F,
    0xC7, 0xE3, 0xF3, 0xDF, 0xE7, 0x70, 0x38, 0x39, 0xFC, 0xFC, 0x06, 0x01, 0x80, 0x00, 0x7F, 0x3F,
    0xDC, 0x0E, 0x03, 0x80, 0xE7, 0xF9, 0xFE, 0x1F, 0x87, 0x71, 0xDF, 0xF1, 0xFC, 0x18, 0x0C, 0x00,
    0x07, 0x77, 0xFF, 0x3F, 0x8F, 0xC7, 0xE3, 0xF3, 0xDF, 0xE7, 0x70, 0x38, 0x3B, 0xFC, 0xFC, 0x1F,
    0xCF, 0xF7, 0x03, 0x80, 0xE0, 0x38, 0x0E, 0x7F, 0x9F, 0xE1, 0xDC, 0x77, 0xFC, 0x7F, 0x00, 0x01,
    0x80, 0xE0, 0x30, 0x0C, 0x06, 0x06, 0x07, 0x77, 0xFF, 0x3F, 0x8F, 0xC7, 0xE3, 0xF3, 0xDF, 0xE7,
    0x70, 0x38, 0x3B, 0xFC, 0xFC, 0x1C, 0x0F, 0x82, 0x33, 0x87, 0xE1, 0xF8, 0x7E, 0x1F, 0x87, 0xFF,
    0xFF, 0xFE, 0x1F, 0x87, 0xE1, 0xF8, 0x7E, 0x1C, 0x1C, 0x03, 0xE0, 0x62, 0x00, 0x00, 0x1C, 0x01,
    0xC0, 0x1C, 0x01, 0xFC, 0x1F, 0xE1, 0xC7, 0x1C, 0x71, 0xC7, 0x1C, 0x71, 0xC7, 0x1C, 0x71, 0xC7,
    0x70, 0xE3, 0x87, 0x3F, 0xFF, 0xFF, 0xF7, 0x0E, 0x3F, 0xF1, 0xFF, 0x8E, 0x1C, 0x70, 0xE3, 0x87,
    0x1C, 0x38, 0xE1, 0xC0, 0x70, 0x3F, 0x0F, 0xC1, 0xDC, 0x7F, 0x9E, 0x77, 0x1D, 0xC7, 0x71, 0xDC,
    0x77, 0x1D, 0xC7, 0x32, 0x7E, 0x4C, 0x3E, 0x3E, 0x1C, 0x1C, 0x1C, 0x1C, 0x1C, 0x1C, 0x1C, 0x1C,
    0x3E, 0x3E, 0x3F, 0x7E, 0x00, 0x1C, 0x1C, 0x1C, 0x1C, 0x1C, 0x1C, 0x1C, 0x1C, 0x1C, 0xFF, 0xFF,
    0xF7, 0x39, 0xCE, 0x73, 0x9C, 0xEF, 0xFC, 0xFF, 0xF0, 0x1C, 0x71, 0xC7, 0x1C, 0x71, 0xC7, 0x1C,
    0xC7, 0xF7, 0x9F, 0x7C, 0xE3, 0x8E, 0x38, 0xE3, 0x8E, 0x39, 0xF7, 0xC0, 0xFD, 0xE0, 0x1C, 0x71,
    0xC7, 0x1C, 0x71, 0xC7, 0x1C, 0xFF, 0xDC, 0xE7, 0x39, 0xCE, 0x73, 0xBF, 0xF1, 0x18, 0xE7, 0x6C,
    0x7F, 0xFF, 0xFF, 0xF5, 0xBF, 0x31, 0x81, 0xFF, 0xB9, 0xCE, 0x73, 0x9C, 0xE7, 0x7F, 0xE0, 0xFF,
    0xFF, 0xFF, 0xE0, 0xF9, 0xFE, 0x77, 0x1D, 0xC7, 0x71, 0xDC, 0x77, 0x1D, 0xC7, 0x71, 0xDC, 0x7F,
    0x9F, 0xE7, 0x01, 0xC1, 0xE0, 0x70, 0xC6, 0xC6, 0x00, 0xE7, 0xE7, 0xE7, 0xE7, 0xE7, 0xE7, 0xE7,
    0xE7, 0xE7, 0x07, 0x07, 0x1E, 0x1E, 0x18, 0x3C, 0x66, 0x00, 0x1C, 0x1C, 0x1C, 0x1C, 0x1C, 0x1C,
    0x1C, 0x1C, 0x1C, 0x1C, 0x1C, 0x1C, 0x38, 0xF8, 0x70, 0x79, 0xD8, 0x01, 0xC3, 0x87, 0x0E, 0x1C,
    0x38, 0x70, 0xE1, 0xC3, 0x87, 0x3C, 0x78, 0xE3, 0xB9, 0xEE, 0x73, 0xB8, 0xFC, 0x3F, 0x0F, 0xC3,
    0xB8, 0xEF, 0x39, 0xCE, 0x3B, 0x8E, 0x00, 0x07, 0x01, 0x80, 0x60, 0xE0, 0x38, 0x0E, 0x03, 0x8E,
    0xE7, 0x3B, 0x8F, 0xC3, 0xF0, 0xFE, 0x3B, 0x8E, 0x73, 0x8E, 0x00, 0x06, 0x01, 0x80, 0x40, 0xE3,
    0xB9, 0xCE, 0xE3, 0xF0, 0xFC, 0x3F, 0x0E, 0xE3, 0x9C, 0xE3, 0x80, 0x38, 0x38, 0x18, 0x0E, 0x07,
    0x03, 0x81, 0xC0, 0xE0, 0x70, 0x38, 0x1C, 0x0E, 0x07, 0x03, 0xFD, 0xFE, 0x38, 0xC6, 0x00, 0x71,
    0xC7, 0x1C, 0x71, 0xC7, 0x1C, 0x71, 0xC7, 0x1C, 0xE0, 0xE0, 0xE0, 0xE0, 0xE0, 0xE0, 0xE0, 0xE0,
    0xE0, 0xE0, 0xFF, 0xFF, 0x00, 0x18, 0x38, 0x30, 0x77, 0x77, 0x77, 0x77, 0x77, 0x77, 0x07, 0x66,
    0xE7, 0xE6, 0xE6, 0xE0, 0xE0, 0xE0, 0xE0, 0xE0, 0xE0, 0xE0, 0xFF, 0xFF, 0xED, 0xFB, 0xE7, 0x0E,
    0x1C, 0x38, 0x70, 0xE1, 0xC3, 0x87, 0x00, 0xE0, 0xE0, 0xE0, 0xE0, 0xE0, 0xE6, 0xE6, 0xE0, 0xE0,
    0xE0, 0xFF, 0xFF, 0xE3, 0x8E, 0x38, 0xE3, 0xEF, 0xB8, 0xE3, 0x8E, 0x38, 0x38, 0x0E, 0x03, 0x80,
    0xE0, 0x3C, 0x0F, 0x07, 0x81, 0xE0, 0x38, 0x0E, 0x03, 0xFC, 0xFF, 0x38, 0x70, 0xE1, 0xC3, 0x87,
    0x9E, 0x3C, 0x78, 0x70, 0xE1, 0xC0, 0x07, 0x00, 0xC0, 0x30, 0x78, 0x7F, 0x0F, 0xF1, 0xFE, 0x3F,
    0xE7, 0xEC, 0xFD, 0xDF, 0x9B, 0xF3, 0xFE, 0x3F, 0xC7, 0xF8, 0x78, 0x0E, 0x0E, 0x00, 0x1B, 0xCF,
    0xF7, 0x1F, 0x8F, 0xC7, 0xE3, 0xF1, 0xF8, 0xFC, 0x70, 0xF0, 0xFE, 0x1F, 0xE3, 0xFC, 0x7F, 0xCF,
    0xD9, 0xFB, 0xBF, 0x37, 0xE7, 0xFC, 0x7F, 0x8F, 0xF0, 0xF0, 0x00, 0x18, 0x03, 0x00, 0x60, 0xDE,
    0x7F, 0xB8, 0xFC, 0x7E, 0x3F, 0x1F, 0x8F, 0xC7, 0xE3, 0x80, 0x07, 0x03, 0x01, 0x80, 0x3B, 0x03,
    0xE0, 0x38, 0x78, 0x7F, 0x0F, 0xF1, 0xFE, 0x3F, 0xE7, 0xEC, 0xFD, 0xDF, 0x9B, 0xF3, 0xFE, 0x3F,
    0xC7, 0xF8, 0x78, 0x77, 0x1F, 0x00, 0x1B, 0xCF, 0xF7, 0x1F, 0x8F, 0xC7, 0xE3, 0xF1, 0xF8, 0xFC,
    0x70, 0x70, 0x03, 0x80, 0x18, 0x00, 0xDB, 0xC0, 0xFF, 0x07, 0x1C, 0x38, 0xE1, 0xC7, 0x0E, 0x38,
    0x71, 0xC3, 0x8E, 0x1C, 0x70, 0xF0, 0xFE, 0x1F, 0xE3, 0xFE, 0x7F, 0xCF, 0xDD, 0xF9, 0xFF, 0x3F,
    0xE3, 0xFC, 0x7F, 0x87, 0xF0, 0x70, 0x0E, 0x0F, 0x81, 0xE0, 0xDE, 0x7F, 0xB8, 0xFC, 0x7E, 0x3F,
    0x1F, 0x8F, 0xC7, 0xE3, 0x81, 0xC0, 0xE1, 0xE0, 0xF0, 0x1F, 0x83, 0xF0, 0x7C, 0x3F, 0xE7, 0x0D,
    0xC1, 0xF8, 0x1F, 0x03, 0xE0, 0x7C, 0x0F, 0x83, 0xB8, 0x67, 0xFC, 0x3E, 0x00, 0x7E, 0x3F, 0x00,
    0x07, 0xC7, 0xF7, 0x1F, 0x8F, 0xC7, 0xE3, 0xF1, 0xDF, 0xC7, 0xC0, 0x10, 0x83, 0xF0, 0x3C, 0x00,
    0x01, 0xF0, 0xFF, 0x9C, 0x77, 0x07, 0xE0, 0xFC, 0x1F, 0x83, 0xF0, 0x7E, 0x0E, 0xE3, 0x9F, 0xF0,
    0xF8, 0x3F, 0x0F, 0x00, 0x07, 0xC7, 0xF7, 0x1F, 0x8F, 0xC7, 0xE3, 0xF1, 0xDF, 0xC7, 0xC0, 0x1F,
    0x87, 0x60, 0xD8, 0x0F, 0x87, 0xFC, 0xE3, 0xB8, 0x3F, 0x07, 0xE0, 0xFC, 0x1F, 0x83, 0xF0, 0x77,
    0x1C, 0xFF, 0x87, 0xC0, 0x3F, 0x3B, 0x1B, 0x07, 0xC7, 0xF7, 0x1F, 0x8F, 0xC7, 0xE3, 0xF1, 0xDF,
    0xC7, 0xC0, 0x1F, 0xFE, 0xFF, 0xFD, 0xC7, 0x07, 0x0E, 0x0E, 0x1C, 0x1C, 0x3F, 0xB8, 0x7F, 0x70,
    0xE0, 0xE1, 0xC0, 0xE3, 0x81, 0xFF, 0xF8, 0xFF, 0xF0, 0x3E, 0xF8, 0xFF, 0xFB, 0x8E, 0x3F, 0x1F,
    0xFE, 0x3F, 0xFC, 0x70, 0x38, 0xF0, 0x3F, 0xFF, 0x3E, 0x7C, 0x0E, 0x06, 0x00, 0x03, 0xF0, 0xFE,
    0x39, 0xCE, 0x73, 0x9C, 0xE7, 0x3F, 0x8F, 0xC3, 0xB8, 0xE7, 0x39, 0xCE, 0x38, 0x1C, 0x70, 0x06,
    0xEF, 0xDC, 0x38, 0x70, 0xE1, 0xC3, 0x87, 0x00, 0xFC, 0x3F, 0x8E, 0x73, 0x9C, 0xE7, 0x39, 0xCF,
    0xE3, 0xF0, 0xEE, 0x39, 0xCE, 0x73, 0x8E, 0x00, 0x06, 0x01, 0x80, 0x60, 0x6E, 0x7E, 0x70, 0x70,
    0x70, 0x70, 0x70, 0x70, 0x70, 0x00, 0x70, 0x60, 0x60, 0x66, 0x0F, 0x00, 0x03, 0xF0, 0xFE, 0x39,
    0xCE, 0x73, 0x9C, 0xE7, 0x3F, 0x8F, 0xC3, 0xB8, 0xE7, 0x39, 0xCE, 0x38, 0x66, 0x3C, 0x00, 0x6E,
    0x7E, 0x70, 0x70, 0x70, 0x70, 0x70, 0x70, 0x70, 0x0E, 0x1C, 0x18, 0x10, 0x3E, 0xFF, 0xE0, 0xE0,
    0xF0, 0x7C, 0x3E, 0x0F, 0x07, 0x87, 0xFE, 0xFC, 0x0E, 0x1C, 0x00, 0x3E, 0x7E, 0xE0, 0x78, 0x3E,
    0x0F, 0x07, 0xFE, 0x7C, 0x18, 0x3C, 0x7E, 0x42, 0x3E, 0xFF, 0xE0, 0xE0, 0xF0, 0x7C, 0x3E, 0x0F,
    0x07, 0x87, 0xFE, 0xFC, 0x3C, 0x7E, 0x00, 0x3E, 0x7E, 0xE0, 0x78, 0x3E, 0x0F, 0x07, 0xFE, 0x7C,
    0x3E, 0xFF, 0xE0, 0xE0, 0xF0, 0x7C, 0x3E, 0x0F, 0x07, 0x87, 0xFE, 0xFC, 0x18, 0x1C, 0x3C, 0x38,
    0x3E, 0x7E, 0xE0, 0x78, 0x3E, 0x0F, 0x07, 0xFE, 0x7C, 0x18, 0x0C, 0x3C, 0x38, 0x42, 0x76, 0x3C,
    0x1C, 0x3E, 0xFF, 0xE0, 0xE0, 0xF0, 0x7C, 0x3E, 0x0F, 0x07, 0x87, 0xFE, 0xFC, 0x66, 0x3C, 0x00,
    0x3E, 0x7E, 0xE0, 0x78, 0x3E, 0x0F, 0x07, 0xFE, 0x7C, 0xFF, 0xFF, 0xC7, 0x03, 0x81, 0xC0, 0xE0,
    0x70, 0x38, 0x1C, 0x0E, 0x07, 0x03, 0x81, 0x80, 0x60, 0x30, 0x78, 0x21, 0xCF, 0xFF, 0x71, 0xC7,
    0x1C, 0x71, 0xF3, 0xC6, 0x0C, 0xF3, 0x80, 0x77, 0x1F, 0x07, 0x1F, 0xFF, 0xF8, 0xE0, 0x70, 0x38,
    0x1C, 0x0E, 0x07, 0x03, 0x81, 0xC0, 0xE0, 0x70, 0x03, 0x81, 0x9C, 0xDF, 0x8F, 0xC3, 0x81, 0xC0,
    0xE0, 0x70, 0x38, 0x1F, 0x07, 0x80, 0xFF, 0xFF, 0xC7, 0x03, 0x81, 0xC3, 0xF9, 0xFC, 0x38, 0x1C,
    0x0E, 0x07, 0x03, 0x80, 0x31, 0xCF, 0xFF, 0x73, 0xEF, 0xDC, 0x71, 0xF3, 0xC0, 0x3B, 0x1F, 0xC6,
    0xE3, 0x87, 0xE1, 0xF8, 0x7E, 0x1F, 0x87, 0xE1, 0xF8, 0x7E, 0x1F, 0x87, 0xF3, 0xDF, 0xE3, 0xF0,
    0x3F, 0x3F, 0x00, 0x1C, 0x7E, 0x3F, 0x1F, 0x8F, 0xC7, 0xE3, 0xF3, 0xFF, 0xEF, 0xF0, 0x3F, 0x0F,
    0xCE, 0x1F, 0x87, 0xE1, 0xF8, 0x7E, 0x1F, 0x87, 0xE1, 0xF8, 0x7E, 0x1F, 0xCF, 0x7F, 0x8F, 0xC0,
    0x7E, 0x3F, 0x00, 0x1C, 0x7E, 0x3F, 0x1F, 0x8F, 0xC7, 0xE3, 0xF3, 0xFF, 0xEF, 0xF0, 0x21, 0x0F,
    0xC1, 0xE0, 0x00, 0xE1, 0xF8, 0x7E, 0x1F, 0x87, 0xE1, 0xF8, 0x7E, 0x1F, 0x87, 0xE1, 0xFC, 0xF7,
    0xF8, 0xFC, 0x7E, 0x1E, 0x00, 0x1C, 0x7E, 0x3F, 0x1F, 0x8F, 0xC7, 0xE3, 0xF3, 0xFF, 0xEF, 0xF0,
    0x1E, 0x04, 0x81, 0xE0, 0x00, 0xE1, 0xF8, 0x7E, 0x1F, 0x87, 0xE1, 0xF8, 0x7E, 0x1F, 0x87, 0xE1,
    0xFC, 0xF7, 0xF8, 0xFC, 0x18, 0x12, 0x09, 0x03, 0x00, 0x07, 0x1F, 0x8F, 0xC7, 0xE3, 0xF1, 0xF8,
    0xFC, 0xFF, 0xFB, 0xFC, 0x3B, 0x0D, 0x86, 0x43, 0x87, 0xE1, 0xF8, 0x7E, 0x1F, 0x87, 0xE1, 0xF8,
    0x7E, 0x1F, 0x87, 0xF3, 0xDF, 0xE3, 0xF0, 0x37, 0x37, 0x13, 0x1C, 0x7E, 0x3F, 0x1F, 0x8F, 0xC7,
    0xE3, 0xF3, 0xFF, 0xEF, 0xF0, 0xE1, 0xF8, 0x7E, 0x1F, 0x87, 0xE1, 0xF8, 0x7E, 0x1F, 0x87, 0xE1,
    0xFC, 0xF7, 0xF8, 0xFC, 0x06, 0x01, 0x80, 0x78, 0x0C, 0xE7, 0xE7, 0xE7, 0xE7, 0xE7, 0xE7, 0xE7,
    0xFF, 0x7B, 0x02, 0x06, 0x07, 0x07, 0x03, 0xC0, 0x03, 0xF0, 0x01, 0x08, 0x1C, 0x30, 0xEE, 0x3C,
    0x73, 0x1E, 0x39, 0x8F, 0x18, 0xE7, 0xDC, 0x77, 0xEE, 0x1B, 0x37, 0x0D, 0x9B, 0x07, 0xCF, 0x83,
    0xE7, 0xC0, 0xE1, 0xE0, 0x70, 0xE0, 0x07, 0x80, 0x1D, 0x80, 0x00, 0x07, 0x1C, 0xEE, 0x79, 0xCC,
    0xF3, 0x1D, 0xE6, 0x3B, 0x7C, 0x3C, 0xF8, 0x79, 0xE0, 0xF3, 0xC0, 0xE3, 0x80, 0x1E, 0x07, 0x60,
    0x00, 0x70, 0xE7, 0x1C, 0xE7, 0x0E, 0xE1, 0xF8, 0x1F, 0x03, 0xC0, 0x38, 0x07, 0x00, 0xE0, 0x1C,
    0x03, 0x80, 0x1E, 0x0E, 0xC0, 0x01, 0x87, 0x71, 0x9C, 0xE3, 0x38, 0xEC, 0x1F, 0x07, 0xC1, 0xE0,
    0x38, 0x0C, 0x07, 0x07, 0x81, 0xC0, 0x19, 0x81, 0x98, 0x00, 0x07, 0x0E, 0x70, 0xC3, 0x9C, 0x39,
    0x81, 0xF8, 0x1F, 0x00, 0xF0, 0x0E, 0x00, 0xE0, 0x0E, 0x00, 0xE0, 0x0E, 0x00, 0x0E, 0x0E, 0x06,
    0x1F, 0xFF, 0xF8, 0x38, 0x1C, 0x1C, 0x1C, 0x0E, 0x0E, 0x0E, 0x07, 0x07, 0xFF, 0xFE, 0x0E, 0x30,
    0x07, 0xFF, 0xE1, 0x87, 0x1C, 0x70, 0xE3, 0xFF, 0xF0, 0x0C, 0x06, 0x00, 0x1F, 0xFF, 0xF8, 0x38,
    0x1C, 0x1C, 0x1C, 0x0E, 0x0E, 0x0E, 0x07, 0x07, 0xFF, 0xFE, 0x18, 0x30, 0x07, 0xFF, 0xE1, 0x87,
    0x1C, 0x70, 0xE3, 0xFF, 0xF0, 0x73, 0x1F, 0x07, 0x1F, 0xFF, 0xF8, 0x38, 0x1C, 0x1C, 0x1C, 0x0E,
    0x0E, 0x0E, 0x07, 0x07, 0xFF, 0xFE, 0x66, 0x3C, 0x00, 0xFE, 0xFE, 0x0C, 0x1C, 0x38, 0x70, 0x70,
    0xFE, 0xFE, 0x7B, 0xEE, 0x38, 0xE3, 0x8E, 0x38, 0xE3, 0x8E, 0x38, 0x1F, 0xBB, 0xFF, 0xDC, 0x7D,
    0xC1, 0xCE, 0x0E, 0x70, 0x73, 0x83, 0x9C, 0x1C, 0xE0, 0xE3, 0x8E, 0x1F, 0xF0, 0x3E, 0x00, 0x00,
    0x60, 0x0E, 0x3E, 0xE7, 0xFC, 0xE3, 0x8E, 0x38, 0xE3, 0x8E, 0x38, 0xE3, 0x87, 0xF0, 0x3E, 0x00,
    0xE1, 0xDF, 0x87, 0xEE, 0x1F, 0x38, 0x70, 0xE1, 0xC3, 0x87, 0x0E, 0x1C, 0x38, 0x70, 0xE1, 0xC3,
    0xCF, 0x07, 0xF8, 0x0F, 0xC0, 0x00, 0x77, 0x1F, 0xB8, 0xF9, 0xC7, 0x0E, 0x38, 0x71, 0xC3, 0x8E,
    0x1C, 0xF0, 0xFF, 0x83, 0xFC, 0x00, 0x00, 0x0E, 0x60, 0x00, 0x7C, 0x00, 0x03, 0x8F, 0xE1, 0xFF,
    0xFF, 0x9F, 0xFE, 0x38, 0x0E, 0xE1, 0xC0, 0xEE, 0x1C, 0x1C, 0xE1, 0xC3, 0x8E, 0x1C, 0x38, 0xE1,
    0xC7, 0x0E, 0x1C, 0xE0, 0xE3, 0x8E, 0x0F, 0xF1, 0xFF, 0xFE, 0x1F, 0xF0, 0xFE, 0x0F, 0xDF, 0xF0,
    0xE3, 0x8E, 0x00, 0x70, 0xEF, 0xEE, 0x1D, 0xFD, 0xC3, 0x83, 0x38, 0x70, 0xE7, 0x0E, 0x38, 0xE1,
    0xCE, 0x1C, 0x71, 0xC3, 0xFC, 0x7F, 0x7F, 0x0F, 0xE0, 0x03, 0x99, 0x80, 0xE3, 0xC0, 0x38, 0x00,
    0xEE, 0xFE, 0x7F, 0xBF, 0xB9, 0xE0, 0xCE, 0x38, 0x73, 0x8E, 0x38, 0xE3, 0x9C, 0x39, 0xE7, 0x07,
    0xFB, 0xF8, 0xEE, 0xFE, 0xE0, 0x7E, 0x07, 0xE0, 0x7E, 0x07, 0xE0, 0x7E, 0x07, 0xE0, 0x7E, 0x07,
    0xE0, 0x7E, 0x07, 0xFE, 0x7F, 0xE7, 0x00, 0x70, 0x1E, 0x01, 0xC0, 0xE0, 0x6E, 0x06, 0xE0, 0x0E,
    0x07, 0xE0, 0x7E, 0x07, 0xE0, 0x7E, 0x07, 0xE0, 0x7E, 0x07, 0xFE, 0x7F, 0xE7, 0x00, 0x70, 0x07,
    0x01, 0xE0, 0x1E, 0xE6, 0xE6, 0xE0, 0xE7, 0xE7, 0xE7, 0xE7, 0xE7, 0xE7, 0xE7, 0xE7, 0xE7, 0x07,
    0x07, 0x1E, 0x1E, 0xF0, 0xE7, 0xF0, 0xE7, 0xF8, 0xE7, 0xF8, 0xE7, 0xFC, 0xE7, 0xEC, 0xE7, 0xEE,
    0xE7, 0xE6, 0xE7, 0xE7, 0xE7, 0xE3, 0xE7, 0xE3, 0xE7, 0xE1, 0xE7, 0x00, 0x07, 0x00, 0x1E, 0x00,
    0x1E, 0xF0, 0xE3, 0xF0, 0xE3, 0xF8, 0xE0, 0xF8, 0xE7, 0xFC, 0xE7, 0xEC, 0xE7, 0xEE, 0xE7, 0xE6,
    0xE7, 0xE7, 0xE7, 0xE3, 0xE7, 0xE3, 0xE7, 0xE1, 0xE7, 0x00, 0x07, 0x00, 0x07, 0x00, 0x1F, 0x00,
    0x1E, 0x00, 0x18, 0x00, 0x60, 0x00, 0x37, 0x87, 0xFF, 0x1F, 0x8E, 0x7E, 0x39, 0xF8, 0xE7, 0xE3,
    0x9F, 0x8E, 0x7E, 0x39, 0xF8, 0xE7, 0x00, 0x1C, 0x00, 0x70, 0x07, 0x80, 0x1E, 0x19, 0x80, 0xF0,
    0x00, 0x00, 0xF0, 0x0F, 0x01, 0xF0, 0x1B, 0x81, 0xB8, 0x39, 0x83, 0x9C, 0x7F, 0xC7, 0xFC, 0x70,
    0xEE, 0x0E, 0xE0, 0x60, 0x77, 0x3E, 0x00, 0x7E, 0x7F, 0x07, 0x3F, 0xFF, 0xE7, 0xE7, 0xFF, 0x7B,
    0xE6, 0xF8, 0xE3, 0xE7, 0xC7, 0x0E, 0x1C, 0x38, 0x70, 0xE1, 0xC3, 0x8F, 0x9F, 0x00, 0x77, 0x1F,
    0x00, 0x03, 0x81, 0xC0, 0xE0, 0x70, 0x38, 0x1C, 0x0E, 0x07, 0x03, 0x80, 0x10, 0x83, 0x70, 0x3C,
    0x07, 0x01, 0xF0, 0xFF, 0x9C, 0x77, 0x07, 0xE0, 0xFC, 0x1F, 0x83, 0xF0, 0x7E, 0x0E, 0xE3, 0x9F,
    0xF0, 0xF8, 0x73, 0x1F, 0x00, 0x07, 0xC7, 0xF7, 0x1F, 0x8F, 0xC7, 0xE3, 0xF1, 0xDF, 0xC7, 0xC0,
    0x21, 0x0E, 0xC1, 0xE0, 0x30, 0xE1, 0xF8, 0x7E, 0x1F, 0x87, 0xE1, 0xF8, 0x7E, 0x1F, 0x87, 0xE1,
    0xFC, 0xF7, 0xF8, 0xFC, 0x77, 0x1F, 0x00, 0x1C, 0x7E, 0x3F, 0x1F, 0x8F, 0xC7, 0xE3, 0xF3, 0xFF,
    0xEF, 0xF0, 0x3F, 0x0F, 0xC3, 0x30, 0xCC, 0x00, 0x38, 0x7E, 0x1F, 0x87, 0xE1, 0xF8, 0x7E, 0x1F,
    0x87, 0xE1, 0xF8, 0x7F, 0x3D, 0xFE, 0x3F, 0x00, 0x7E, 0x3F, 0x0D, 0x86, 0xC0, 0x07, 0x1F, 0x8F,
    0xC7, 0xE3, 0xF1, 0xF8, 0xFC, 0xFF, 0xFB, 0xFC, 0x07, 0x03, 0x83, 0x30, 0xCC, 0x00, 0x38, 0x7E,
    0x1F, 0x87, 0xE1, 0xF8, 0x7E, 0x1F, 0x87, 0xE1, 0xF8, 0x7F, 0x3D, 0xFE, 0x3F, 0x00, 0x0E, 0x04,
    0x0D, 0x86, 0xC0, 0x07, 0x1F, 0x8F, 0xC7, 0xE3, 0xF1, 0xF8, 0xFC, 0xFF, 0xFB, 0xFC, 0x33, 0x07,
    0x83, 0x30, 0xCC, 0x00, 0x38, 0x7E, 0x1F, 0x87, 0xE1, 0xF8, 0x7E, 0x1F, 0x87, 0xE1, 0xF8, 0x7F,
    0x3D, 0xFE, 0x3F, 0x00, 0x42, 0x1F, 0x07, 0x06, 0xC3, 0x60, 0x03, 0x8F, 0xC7, 0xE3, 0xF1, 0xF8,
    0xFC, 0x7E, 0x7F, 0xFD, 0xFE, 0x38, 0x07, 0x03, 0x30, 0xCC, 0x00, 0x38, 0x7E, 0x1F, 0x87, 0xE1,
    0xF8, 0x7E, 0x1F, 0x87, 0xE1, 0xF8, 0x7F, 0x3D, 0xFE, 0x3F, 0x00, 0x70, 0x0C, 0x0D, 0x86, 0xC0,
    0x07, 0x1F, 0x8F, 0xC7, 0xE3, 0xF1, 0xF8, 0xFC, 0xFF, 0xFB, 0xFC, 0x7C, 0x7F, 0x81, 0xC0, 0x7F,
    0xFF, 0xFF, 0x8C, 0xFE, 0x3E, 0x00, 0x0F, 0xC0, 0x7E, 0x00, 0x00, 0x1B, 0x00, 0xD8, 0x03, 0x80,
    0x1E, 0x01, 0xF0, 0x0F, 0xC0, 0x6E, 0x07, 0x30, 0x39, 0xC1, 0xFE, 0x1F, 0xF0, 0xE1, 0xCE, 0x0E,
    0x70, 0x30, 0x7E, 0x7E, 0x36, 0x36, 0x00, 0x7E, 0x7F, 0x07, 0x3F, 0xFF, 0xE7, 0xE7, 0xFF, 0x7B,
    0x1F, 0x80, 0xFC, 0x00, 0x00, 0x0C, 0x00, 0x60, 0x07, 0x80, 0x7C, 0x03, 0xF0, 0x1B, 0x81, 0xDC,
    0x0E, 0x70, 0x63, 0x87, 0xFC, 0x3F, 0xF1, 0xC3, 0x9C, 0x0E, 0xE0, 0x70, 0x7E, 0x7E, 0x18, 0x18,
    0x00, 0x7E, 0x7F, 0x07, 0x3F, 0xFF, 0xE7, 0xE7, 0xFF, 0x7B, 0x03, 0xF0, 0x07, 0xE0, 0x1F, 0xF8,
    0x3F, 0xF0, 0xEE, 0x01, 0xDC, 0x03, 0x38, 0x0E, 0x7F, 0x18, 0xFE, 0x7F, 0xC0, 0xFF, 0x83, 0x87,
    0x07, 0x0F, 0xFC, 0x1F, 0xC0, 0x0F, 0xC0, 0x3F, 0x00, 0x00, 0x1F, 0x3C, 0x7F, 0xF8, 0x1C, 0x77,
    0xFF, 0xFF, 0xFF, 0xE7, 0x03, 0x9E, 0x0F, 0xFF, 0xDE, 0x3E, 0x1F, 0x87, 0xF9, 0xC0, 0x70, 0x0E,
    0x01, 0xCF, 0xB9, 0xF7, 0x3F, 0xE7, 0xEE, 0x39, 0xFF, 0x0F, 0xC0, 0x3F, 0xBF, 0xF9, 0xFC, 0x7E,
    0x3F, 0x1F, 0x9E, 0xFF, 0x3B, 0x8F, 0xC1, 0xFF, 0xE7, 0xE0, 0x10, 0x86, 0xE0, 0xF0, 0x38, 0x1F,
    0xCF, 0xF7, 0x03, 0x80, 0xE0, 0x39, 0xFE, 0x7F, 0x87, 0xE1, 0xDC, 0x77, 0xFC, 0x7F, 0x77, 0x1F,
    0x00, 0x07, 0x77, 0xFF, 0x3F, 0x8F, 0xC7, 0xE3, 0xF3, 0xDF, 0xE7, 0x70, 0x38, 0x3B, 0xFC, 0xFC,
    0x73, 0x0F, 0x81, 0xC3, 0x8E, 0xE7, 0xB9, 0xCE, 0xE3, 0xF0, 0xFC, 0x3F, 0x0E, 0xE3, 0xBC, 0xE7,
    0x38, 0xEE, 0x38, 0x67, 0x01, 0xF0, 0x07, 0x00, 0x00, 0x01, 0xC0, 0x0E, 0x00, 0x70, 0x03, 0x8E,
    0x1C, 0xE0, 0xEE, 0x07, 0xE0, 0x3F, 0x01, 0xFC, 0x0E, 0xE0, 0x73, 0x83, 0x8E, 0x1F, 0x0F, 0xF9,
    0xC7, 0x70, 0x7E, 0x0F, 0xC1, 0xF8, 0x3F, 0x07, 0xE0, 0xEE, 0x39, 0xFF, 0x0F, 0x80, 0x40, 0x18,
    0x03, 0x80, 0x70, 0x3E, 0x3F, 0xB8, 0xFC, 0x7E, 0x3F, 0x1F, 0x8E, 0xFE, 0x3E, 0x04, 0x06, 0x03,
    0x81, 0xC0, 0x1F, 0x83, 0xF0, 0x7C, 0x3F, 0xE7, 0x0D, 0xC1, 0xF8, 0x1F, 0x03, 0xE0, 0x7C, 0x0F,
    0x83, 0xB8, 0x67, 0xFC, 0x3E, 0x01, 0x00, 0x60, 0x0E, 0x01, 0xC0, 0x7E, 0x3F, 0x00, 0x07, 0xC7,
    0xF7, 0x1F, 0x8F, 0xC7, 0xE3, 0xF1, 0xDF, 0xC7, 0xC0, 0x80, 0xC0, 0x70, 0x38, 0x21, 0x0E, 0xC1,
    0xE0, 0x30, 0x7F, 0x9F, 0xE0, 0x70, 0x38, 0x1C, 0x0F, 0xC1, 0xF8, 0x07, 0x01, 0xC0, 0xEF, 0xF9,
    0xF8, 0x33, 0x0F, 0x00, 0x0F, 0xF7, 0xF8, 0x38, 0x38, 0x38, 0x3E, 0x1F, 0x80, 0xE0, 0x70, 0x38,
    0x1F, 0xFC, 0xFC, 0xEE, 0x7C, 0x00, 0x38, 0x38, 0x38, 0x38, 0x38, 0x38, 0x38, 0x38, 0x38, 0x38,
    0x38, 0xF0, 0xF0, 0xFE, 0x1F, 0xFF, 0xF9, 0xFF, 0xE3, 0x80, 0xEE, 0x1C, 0x0E, 0xE1, 0xC1, 0xCE,
    0x1C, 0x38, 0xE1, 0xC3, 0x8E, 0x1C, 0x70, 0xE1, 0xCE, 0x0E, 0x38, 0xE0, 0xFF, 0x1F, 0xFF, 0xE1,
    0xFF, 0xFE, 0x00, 0x3F, 0xE0, 0x0E, 0x38, 0x03, 0x87, 0x7F, 0xE1, 0xDF, 0xF8, 0x70, 0x6E, 0x1C,
    0x3B, 0x87, 0x1C, 0xE1, 0xCE, 0x38, 0xE3, 0x8F, 0xF1, 0xFF, 0xF8, 0x7F, 0x03, 0x80, 0x01, 0xC0,
    0x00, 0xE0, 0x07, 0x77, 0xF7, 0xFB, 0xFF, 0x3C, 0x1B, 0x8E, 0x1D, 0xC7, 0x1C, 0xE3, 0x9C, 0x73,
    0xCE, 0x1F, 0xEF, 0xE7, 0x77, 0xF0, 0x03, 0x01, 0xC0, 0xE0, 0x30, 0x1F, 0xCF, 0xF7, 0x03, 0x80,
    0xE0, 0x39, 0xFE, 0x7F, 0x87, 0xE1, 0xDC, 0x77, 0xFC, 0x7F, 0x0E, 0x0E, 0x00, 0x07, 0x77, 0xFF,
    0x3F, 0x8F, 0xC7, 0xE3, 0xF3, 0xDF, 0xE7, 0x70, 0x38, 0x3B, 0xFC, 0xFC, 0xE3, 0x81, 0xC7, 0x03,
    0x8E, 0x07, 0x1C, 0x7E, 0x38, 0xFF, 0xF1, 0xFF, 0xE3, 0xF1, 0xC7, 0xE3, 0x8F, 0xC7, 0x1B, 0x87,
    0xF7, 0x07, 0xC0, 0xDE, 0x7F, 0xBC, 0xFC, 0x7E, 0x3F, 0x1F, 0x8F, 0xCE, 0xEF, 0x7F, 0x3F, 0x1E,
    0x0E, 0x07, 0x03, 0x81, 0xC0, 0x1C, 0x01, 0xC0, 0x08, 0x78, 0x7F, 0x0F, 0xF1, 0xFE, 0x3F, 0xE7,
    0xEC, 0xFD, 0xDF, 0x9B, 0xF3, 0xFE, 0x3F, 0xC7, 0xF8, 0x78, 0x38, 0x0E, 0x00, 0x1B, 0xCF, 0xF7,
    0x1F, 0x8F, 0xC7, 0xE3, 0xF1, 0xF8, 0xFC, 0x70, 0x03, 0x80, 0x70, 0x00, 0x00, 0xE0, 0x09, 0x00,
    0xF0, 0x0F, 0x00, 0xF0, 0x1F, 0x81, 0x98, 0x39, 0xC3, 0xFC, 0x3F, 0xC7, 0x0E, 0x70, 0xEE, 0x07,
    0x0E, 0x0C, 0x00, 0x1C, 0x14, 0x1C, 0x00, 0x3E, 0x7F, 0x07, 0x7F, 0xFF, 0xE7, 0xE7, 0xFF, 0x7B,
    0x00, 0xE0, 0x01, 0x80, 0x06, 0x00, 0x3F, 0xF0, 0x7F, 0xE1, 0xDC, 0x03, 0x38, 0x0E, 0x70, 0x1C,
    0xFE, 0x31, 0xFC, 0xFF, 0x81, 0xFF, 0x07, 0x0E, 0x0C, 0x1F, 0xF8, 0x3F, 0x80, 0x01, 0xC0, 0x0C,
    0x00, 0x00, 0x1F, 0x3C, 0x7F, 0xF8, 0x1C, 0x77, 0xFF, 0xFF, 0xFF, 0xE7, 0x03, 0x9E, 0x0F, 0xFF,
    0xDE, 0x3E, 0x03, 0x80, 0xE0, 0x18, 0x02, 0x01, 0xFC, 0xFF, 0x9C, 0x77, 0x1F, 0xE6, 0xFC, 0xDF,
    0xB3, 0xFE, 0x7F, 0x8E, 0xF3, 0x9F, 0xF3, 0xF8, 0x00, 0x00, 0x0E, 0x0E, 0x00, 0x07, 0xE7, 0xF7,
    0x3F, 0xBF, 0xDF, 0xFB, 0xF9, 0xDF, 0xCF, 0xC0, 0x00, 0x76, 0x03, 0xB0, 0x19, 0x00, 0xF0, 0x0F,
    0x01, 0xF0, 0x1B, 0x81, 0xB8, 0x39, 0x83, 0x9C, 0x7F, 0xC7, 0xFC, 0x70, 0xEE, 0x0E, 0xE0, 0x60,
    0x7E, 0x1B, 0x04, 0xC7, 0xE3, 0xF8, 0x1C, 0x7E, 0xFF, 0x73, 0xB9, 0xDF, 0xE7, 0xB0, 0x0F, 0x01,
    0xF8, 0x10, 0x80, 0xF0, 0x0F, 0x01, 0xF0, 0x1F, 0x81, 0xB8, 0x39, 0x83, 0x9C, 0x3F, 0xC7, 0xFC,
    0x70, 0xEE, 0x0E, 0xE0, 0x70, 0x3C, 0x7E, 0x42, 0x7E, 0x7F, 0x07, 0x3F, 0xFF, 0xE7, 0xE7, 0xFF,
    0x7B, 0xEC, 0x6C, 0x36, 0x7F, 0x7F, 0x70, 0x70, 0x70, 0x7F, 0x7F, 0x70, 0x70, 0x70, 0x7F, 0x7F,
    0x6E, 0x0D, 0x81, 0x30, 0x7C, 0x3F, 0x9C, 0x67, 0xFD, 0xFF, 0x70, 0x1C, 0x03, 0xF8, 0x7E, 0x7C,
    0xF8, 0x07, 0xFF, 0xFC, 0x38, 0x70, 0xFF, 0xFF, 0x87, 0x0E, 0x1F, 0xFF, 0x80, 0x3E, 0x3F, 0x10,
    0x87, 0xC7, 0xF7, 0x1B, 0xFF, 0xFF, 0xE0, 0x70, 0x1F, 0xC7, 0xE0, 0xEC, 0xCC, 0xD9, 0xF3, 0xE3,
    0x87, 0x0E, 0x1C, 0x38, 0x70, 0xE1, 0xC7, 0xCF, 0x80, 0x7E, 0x36, 0x13, 0x0E, 0x0E, 0x0E, 0x0E,
    0x0E, 0x0E, 0x0E, 0x0E, 0x0E, 0x3C, 0xFD, 0x0B, 0xE7, 0xC7, 0x0E, 0x1C, 0x38, 0x70, 0xE1, 0xC3,
    0x8F, 0x9F, 0x00, 0x7D, 0xF8, 0x11, 0xC3, 0x87, 0x0E, 0x1C, 0x38, 0x70, 0xE1, 0xC0, 0x7E, 0x06,
    0xC0, 0x6C, 0x0F, 0x87, 0xFC, 0xE3, 0xB8, 0x3F, 0x07, 0xE0, 0xFC, 0x1F, 0x83, 0xF0, 0x77, 0x1C,
    0xFF, 0x87, 0xC0, 0xFC, 0x37, 0x0D, 0x87, 0xC7, 0xF7, 0x1F, 0x8F, 0xC7, 0xE3, 0xF1, 0xDF, 0xC7,
    0xC0, 0x0E, 0x03, 0xE0, 0xC6, 0x00, 0x01, 0xF0, 0xFF, 0x9C, 0x77, 0x07, 0xE0, 0xFC, 0x1F, 0x83,
    0xF0, 0x7E, 0x0E, 0xE3, 0x9F, 0xF0, 0xF8, 0x3E, 0x3F, 0x88, 0x07, 0xC7, 0xF7, 0x1F, 0x8F, 0xC7,
    0xE3, 0xF1, 0xDF, 0xC7, 0xC0, 0x6C, 0x06, 0xC0, 0x48, 0x3F, 0x07, 0xF0, 0xE7, 0x1C, 0xE3, 0x9C,
    0x73, 0x8F, 0xE1, 0xF8, 0x3B, 0x87, 0x38, 0xE7, 0x1C, 0x70, 0x6C, 0x3B, 0x0C, 0x86, 0xE3, 0xF1,
    0xC0, 0xE0, 0x70, 0x38, 0x1C, 0x0E, 0x07, 0x00, 0x3C, 0x1F, 0x84, 0x03, 0xF0, 0xFE, 0x39, 0xCE,
    0x73, 0x9C, 0xE7, 0x3F, 0x8F, 0xC3, 0xB8, 0xE7, 0x39, 0xCE, 0x38, 0x3C, 0xFD, 0x0B, 0x77, 0xEE,
    0x1C, 0x38, 0x70, 0xE1, 0xC3, 0x80, 0x6E, 0x1D, 0x83, 0x33, 0x87, 0xE1, 0xF8, 0x7E, 0x1F, 0x87,
    0xE1, 0xF8, 0x7E, 0x1F, 0x87, 0xF3, 0xDF, 0xE3, 0xF0, 0x7E, 0x0D, 0x81, 0x31, 0xC7, 0x71, 0xDC,
    0x77, 0x1D, 0xC7, 0x71, 0xDC, 0xF7, 0xFC, 0xFF, 0x1E, 0x0F, 0xC3, 0x10, 0x00, 0xE1, 0xF8, 0x7E,
    0x1F, 0x87, 0xE1, 0xF8, 0x7E, 0x1F, 0x87, 0xE1, 0xFC, 0xF7, 0xF8, 0xFC, 0x3E, 0x3F, 0x00, 0x9C,
    0x7E, 0x3F, 0x1F, 0x8F, 0xC7, 0xE3, 0xF3, 0xFF, 0xEF, 0xF0, 0x3E, 0xFF, 0xE0, 0xE0, 0xF0, 0x7C,
    0x3E, 0x0F, 0x07, 0x87, 0xFE, 0xFC, 0x00, 0x18, 0x18, 0x30, 0x3E, 0x7E, 0xE0, 0x78, 0x3E, 0x0F,
    0x07, 0xFE, 0x7C, 0x00, 0x18, 0x18, 0x30, 0xFF, 0xFF, 0xC7, 0x03, 0x81, 0xC0, 0xE0, 0x70, 0x38,
    0x1C, 0x0E, 0x07, 0x03, 0x80, 0x00, 0xE0, 0x60, 0x30, 0x21, 0xCF, 0xFF, 0x71, 0xC7, 0x1C, 0x71,
    0xF3, 0xC0, 0x18, 0xE3, 0x00, 0x3F, 0x1F, 0xE2, 0x1C, 0x07, 0x03, 0x87, 0xC1, 0xF8, 0x07, 0x01,
    0xC0, 0x70, 0x3C, 0x3E, 0x7E, 0x1E, 0x04, 0x00, 0x7C, 0xFE, 0x07, 0x07, 0x1E, 0x3E, 0x2E, 0x07,
    0x07, 0x0E, 0x7C, 0xF8, 0xC0, 0x33, 0x07, 0x80, 0xC3, 0x87, 0xE1, 0xF8, 0x7E, 0x1F, 0x87, 0xFF,
    0xFF, 0xFE, 0x1F, 0x87, 0xE1, 0xF8, 0x7E, 0x1C, 0x77, 0x03, 0xE0, 0x1C, 0x00, 0x00, 0x1C, 0x01,
    0xC0, 0x1C, 0x01, 0xFC, 0x1F, 0xE1, 0xC7, 0x1C, 0x71, 0xC7, 0x1C, 0x71, 0xC7, 0x1C, 0x71, 0xC7,
    0x63, 0x8E, 0x18, 0xE6, 0x00, 0x18, 0x3C, 0x66, 0x33, 0x7F, 0x6E, 0xFF, 0xF0, 0xFF, 0xFC, 0x87,
    0xF7, 0x80, 0xD8, 0xCF, 0x30, 0xEF, 0x36, 0x40, 0x69, 0x96, 0x36, 0x6E, 0xCC, 0x42, 0x7E, 0x3C,
    0xFC, 0xDE, 0xF6, 0x6C, 0x76, 0x36, 0x33, 0xFF, 0xDE, 0x3C, 0xFD, 0x18, 0x36, 0x6E, 0x76, 0x6E,
    0xE6, 0x63, 0x76, 0x6E, 0x61, 0xC3, 0x80, 0x18, 0xE6, 0x00, 0x3C, 0x80, 0x47, 0x40, 0x78, 0x42,
    0x10, 0x73, 0xB9, 0x00, 0xEB, 0x21, 0x1C, 0x71, 0x08, 0x23, 0x88, 0xE0, 0x31, 0xCF, 0xFF, 0x00,
    0xCE, 0xEF, 0x70, 0xD8, 0xCF, 0x30, 0x69, 0x96, 0x66, 0x60, 0x67, 0xFF, 0x00, 0x0B, 0x7E, 0xFC,
    0x7E, 0x85, 0x08, 0x97, 0xF8, 0x42, 0x7E, 0x3C, 0x18, 0x3C, 0x66, 0x87, 0xF7, 0x80, 0x3C, 0xFD,
    0x18, 0x32, 0x7E, 0x4E, 0xFF, 0xF0, 0xFF, 0x00, 0xFE, 0x03, 0xF8, 0x00, 0x32, 0x7E, 0x4E, 0xFF,
    0xFC, 0xFF, 0xFF, 0xFF, 0x00, 0x77, 0xB8, 0x00, 0x02, 0x06, 0x06, 0x04, 0x0C, 0x0C, 0x18, 0x18,
    0x10, 0x30, 0x30, 0x60, 0x60, 0x40, 0xD7, 0x00, 0x85, 0x0B, 0xF0, 0xFE, 0x1F, 0xC0, 0xFD, 0x2C,
    0x06, 0x60, 0x64, 0x62, 0x60, 0xFE, 0x03, 0xF8, 0x00, 0x61, 0xC1, 0x80, 0x33, 0xB8, 0x32, 0x7E,
    0x4E, 0xED, 0x00, 0x1C, 0x6D, 0xB6, 0xC0, 0xEE, 0xF0, 0x7F, 0x41, 0x41, 0xFE, 0x03, 0xF8, 0x00,
    0xDE, 0xF6, 0x71, 0x10, 0x00, 0x3A, 0x5E, 0x00, 0x1C, 0x33, 0x7A, 0x4E, 0x18, 0x18, 0x66, 0x66,
    0x66, 0x00, 0x28, 0xF8, 0xA0, 0x07, 0x22, 0xCF, 0x00, 0x5B, 0x20, 0x7B, 0xFF, 0xCC, 0x06, 0x60,
    0x79, 0x80, 0xCF, 0x00, 0xCC, 0xDB, 0x58, 0x96, 0xD8, 0x6F, 0x60, 0x7D, 0x26, 0x4B, 0xE0, 0x04,
    0xF2, 0x60, 0x19, 0xFF, 0xC1, 0xFE, 0x00, 0x60, 0x19, 0xFF, 0xC1, 0xFE, 0x00, 0xFF, 0xC0, 0x00,
    0xFF, 0xC0, 0x00, 0x3E, 0x0D, 0xFF, 0xEC, 0x3F, 0x00, 0x0F, 0xC0, 0xFF, 0xC7, 0x03, 0x90, 0x02,
    0x00, 0x00, 0x00, 0x4F, 0xFF, 0x80, 0x04, 0x00, 0x00, 0x06, 0xFF, 0x00, 0x0F, 0xFE, 0x00, 0x55,
    0x40, 0xE9, 0x96, 0x02, 0x52, 0xB7, 0x80, 0xE8, 0x8E, 0x1F, 0x99, 0xF0, 0x43, 0xD2, 0x94, 0x80,
    0x7F, 0x49, 0x49, 0x49, 0x74, 0x44, 0x4E, 0x44, 0x60, 0x96, 0x9C, 0xC0, 0x78, 0xC3, 0x1A, 0x70,
    0x70, 0x67, 0xFF, 0xFC, 0x38, 0x70, 0xFF, 0xFF, 0x87, 0x0E, 0x1F, 0xFF, 0x80, 0x6C, 0xD8, 0x07,
    0xFF, 0xFC, 0x38, 0x70, 0xFF, 0xFF, 0x87, 0x0E, 0x1F, 0xFF, 0x80, 0xFF, 0x8F, 0xF8, 0x1C, 0x01,
    0xC0, 0x1C, 0x01, 0xFC, 0x1F, 0xE1, 0xC6, 0x1C, 0x71, 0xC7, 0x1D, 0xE1, 0xDC, 0x0E, 0x1C, 0x10,
    0xFF, 0xFF, 0xE0, 0xE0, 0xE0, 0xE0, 0xE0, 0xE0, 0xE0, 0xE0, 0xE0, 0xE0, 0x1F, 0x8F, 0xE7, 0x03,
    0x80, 0xE0, 0x3F, 0xCF, 0xF3, 0x80, 0xE0, 0x1C, 0x07, 0xF8, 0x7E, 0x3E, 0xFF, 0xE0, 0xE0, 0xF0,
    0x7C, 0x3E, 0x0F, 0x07, 0x87, 0xFE, 0xFC, 0xFF, 0xFF, 0xFF, 0xFF, 0xF0, 0xFF, 0xC0, 0xE7, 0x39,
    0xCE, 0x73, 0x9C, 0xE7, 0x39, 0xC0, 0x1C, 0x71, 0xC7, 0x1C, 0x71, 0xC7, 0x1C, 0x71, 0xC7, 0x3B,
    0xE7, 0x00, 0x1F, 0xE0, 0x0F, 0xF0, 0x07, 0x38, 0x03, 0x9C, 0x01, 0xCF, 0xE0, 0xE7, 0xF8, 0x73,
    0x8E, 0x39, 0xC7, 0x1C, 0xE3, 0x9C, 0x71, 0xFE, 0x3F, 0xDE, 0x1F, 0xC0, 0xE1, 0xC0, 0xE1, 0xC0,
    0xE1, 0xC0, 0xE1, 0xC0, 0xE1, 0xC0, 0xFF, 0xFC, 0xFF, 0xFE, 0xE1, 0xC6, 0xE1, 0xC7, 0xE1, 0xCF,
    0xE1, 0xFE, 0xE1, 0xFC, 0xFF, 0x8F, 0xF8, 0x1C, 0x01, 0xC0, 0x1C, 0x01, 0xFC, 0x1F, 0xE1, 0xC7,
    0x1C, 0x71, 0xC7, 0x1C, 0x71, 0xC7, 0x0E, 0x07, 0x01, 0x83, 0x8E, 0xE3, 0xB9, 0xCE, 0xE3, 0xB8,
    0xFC, 0x3F, 0x0E, 0xE3, 0x9C, 0xE7, 0x38, 0xEE, 0x1C, 0x1C, 0x03, 0x00, 0x43, 0x8F, 0xE3, 0xF9,
    0xFE, 0x7F, 0xBF, 0xED, 0xFB, 0x7F, 0x9F, 0xE7, 0xF9, 0xFC, 0x7F, 0x1C, 0x00, 0x07, 0x70, 0x7C,
    0x00, 0x0E, 0x0E, 0xE3, 0x9C, 0x71, 0x8C, 0x3B, 0x83, 0x60, 0x7C, 0x0F, 0x80, 0xE0, 0x3C, 0x1F,
    0x03, 0xC0, 0xE1, 0xF8, 0x7E, 0x1F, 0x87, 0xE1, 0xF8, 0x7E, 0x1F, 0x87, 0xE1, 0xF8, 0x7F, 0xFF,
    0xFF, 0x1C, 0x07, 0x00, 0xC0, 0x0F, 0x00, 0xF0, 0x1F, 0x01, 0xB8, 0x1B, 0x83, 0x98, 0x39, 0xC7,
    0xFC, 0x7F, 0xC7, 0x0E, 0xE0, 0xEE, 0x06, 0xFF, 0x7F, 0xB8, 0x1C, 0x0E, 0x07, 0xF3, 0xFD, 0xC7,
    0xE3, 0xF1, 0xBF, 0xDF, 0xC0, 0xFE, 0x7F, 0xB8, 0xFC, 0x7E, 0x77, 0xFB, 0xFD, 0xC7, 0xE3, 0xF1,
    0xFF, 0xDF, 0xC0, 0xFF, 0xFF, 0xE0, 0xE0, 0xE0, 0xE0, 0xE0, 0xE0, 0xE0, 0xE0, 0xE0, 0xE0, 0x3F,
    0xE1, 0xFF, 0x0E, 0x38, 0x71, 0xC3, 0x8E, 0x1C, 0x70, 0xE3, 0x87, 0x1C, 0x38, 0xE1, 0x87, 0x3F,
    0xFF, 0xFF, 0xFE, 0x03, 0xF0, 0x1C, 0x00, 0x00, 0xFF, 0xFF, 0x87, 0x0E, 0x1F, 0xFF, 0xF0, 0xE1,
    0xC3, 0xFF, 0xF0, 0x61, 0xC7, 0x38, 0xE7, 0x0E, 0x73, 0x87, 0x3B, 0x81, 0xDD, 0x80, 0x7F, 0xC0,
    0x3F, 0xE0, 0x3B, 0xB8, 0x39, 0xDC, 0x1C, 0xE7, 0x1C, 0x71, 0xDC, 0x38, 0xE0, 0x7E, 0x3F, 0x90,
    0xE0, 0x70, 0x71, 0xF0, 0xFC, 0x0E, 0x03, 0x83, 0xBF, 0xCF, 0xC0, 0xE3, 0xF8, 0xFE, 0x7F, 0x9F,
    0xEF, 0xFB, 0x7E, 0xDF, 0xE7, 0xF9, 0xFE, 0x7F, 0x1F, 0xC7, 0x00, 0x0C, 0xC1, 0xE0, 0x00, 0xE3,
    0xF8, 0xFE, 0x7F, 0x9F, 0xEF, 0xFB, 0x7E, 0xDF, 0xE7, 0xF9, 0xFE, 0x7F, 0x1F, 0xC7, 0xE3, 0xB8,
    0xEE, 0x73, 0xB8, 0xEE, 0x3F, 0x0F, 0xC3, 0xB8, 0xEF, 0x39, 0xCE, 0x3B, 0x87, 0x1F, 0xF1, 0xFF,
    0x1C, 0x71, 0xC7, 0x1C, 0x71, 0xC7, 0x1C, 0x71, 0xC7, 0x18, 0x73, 0x87, 0xF8, 0x7F, 0x07, 0xF0,
    0x7F, 0x83, 0xFE, 0x3F, 0xF1, 0xFF, 0x8F, 0xFC, 0x7F, 0xB6, 0xFD, 0xB7, 0xEF, 0xBF, 0x79, 0xF9,
    0xCF, 0xCE, 0x70, 0xE1, 0xF8, 0x7E, 0x1F, 0x87, 0xE1, 0xFF, 0xFF, 0xFF, 0x87, 0xE1, 0xF8, 0x7E,
    0x1F, 0x87, 0x1F, 0x0F, 0xF9, 0xC7, 0x70, 0x7E, 0x0F, 0xC1, 0xF8, 0x3F, 0x07, 0xE0, 0xEE, 0x39,
    0xFF, 0x0F, 0x80, 0xFF, 0xFF, 0xFE, 0x1F, 0x87, 0xE1, 0xF8, 0x7E, 0x1F, 0x87, 0xE1, 0xF8, 0x7E,
    0x1F, 0x87, 0xFC, 0xFE, 0xE7, 0xE7, 0xE7, 0xE7, 0xFE, 0xFC, 0xE0, 0xE0, 0xE0, 0xE0, 0x1F, 0x8F,
    0xE7, 0x03, 0x80, 0xE0, 0x38, 0x0E, 0x03, 0x80, 0xE0, 0x1C, 0x07, 0xF8, 0x7E, 0xFF, 0xFF, 0xC7,
    0x03, 0x81, 0xC0, 0xE0, 0x70, 0x38, 0x1C, 0x0E, 0x07, 0x03, 0x80, 0xE0, 0xEE, 0x39, 0xC7, 0x18,
    0xC3, 0xB8, 0x36, 0x07, 0xC0, 0xF8, 0x0E, 0x03, 0xC1, 0xF0, 0x3C, 0x00, 0x07, 0x00, 0x7F, 0x87,
    0xFF, 0x3D, 0xCE, 0xE7, 0x1B, 0x9C, 0x7E, 0x71, 0xB9, 0xCE, 0x7F, 0xF0, 0xFF, 0x80, 0x70, 0x01,
    0xC0, 0x70, 0xE3, 0x0E, 0x39, 0xC1, 0xF8, 0x1F, 0x80, 0xF0, 0x0F, 0x01, 0xF8, 0x1B, 0x83, 0x9C,
    0x70, 0xE7, 0x0E, 0xE1, 0xCE, 0x1C, 0xE1, 0xCE, 0x1C, 0xE1, 0xCE, 0x1C, 0xE1, 0xCE, 0x1C, 0xE1,
    0xCE, 0x1C, 0xFF, 0xFF, 0xFF, 0x00, 0x70, 0x07, 0xE1, 0xF8, 0x7E, 0x1F, 0x87, 0xE1, 0xF8, 0x77,
    0xFC, 0xFF, 0x01, 0xC0, 0x70, 0x1C, 0x07, 0xE3, 0x8F, 0xC7, 0x1F, 0x8E, 0x3F, 0x1C, 0x7E, 0x38,
    0xFC, 0x71, 0xF8, 0xE3, 0xF1, 0xC7, 0xE3, 0x8F, 0xC7, 0x1F, 0xFF, 0xFF, 0xFF, 0xF0, 0xE3, 0x8E,
    0x71, 0xC7, 0x38, 0xE3, 0x9C, 0x71, 0xCE, 0x38, 0xE7, 0x1C, 0x73, 0x8E, 0x39, 0xC7, 0x1C, 0xE3,
    0x8E, 0x71, 0xC7, 0x3F, 0xFF, 0xFF, 0xFF, 0xF0, 0x00, 0x38, 0x00, 0x1C, 0x00, 0x0E, 0xFC, 0x0F,
    0xC0, 0x1C, 0x01, 0xC0, 0x1F, 0xC1, 0xFE, 0x1C, 0xE1, 0xC7, 0x1C, 0x71, 0xCE, 0x1F, 0xE1, 0xFC,
    0xE0, 0x3F, 0x01, 0xF8, 0x0F, 0xC0, 0x7F, 0xC3, 0xFF, 0x9F, 0x9C, 0xFC, 0x77, 0xE3, 0xBF, 0x39,
    0xFF, 0xCF, 0xFC, 0x70, 0xE0, 0x70, 0x38, 0x1C, 0x0F, 0xE7, 0xFB, 0x9D, 0xC7, 0xE3, 0xF3, 0xBF,
    0xDF, 0xC0, 0x7E, 0x1F, 0xC4, 0x38, 0x06, 0x01, 0xCF, 0xF3, 0xFC, 0x07, 0x03, 0x80, 0xEF, 0xF1,
    0xF8, 0xE1, 0xF1, 0xC7, 0xF3, 0x9C, 0x77, 0x70, 0x6E, 0xE0, 0xFF, 0xC1, 0xFF, 0x83, 0xF7, 0x07,
    0xEE, 0x1D, 0xCE, 0x3B, 0x9F, 0xE7, 0x0F, 0x80, 0x0F, 0xE3, 0xFC, 0xE3, 0x9C, 0x73, 0x8E, 0x71,
    0xC7, 0xF8, 0x7F, 0x1C, 0xE3, 0x9C, 0xE3, 0xB8, 0x70, 0x7E, 0x7F, 0x07, 0x3F, 0xFF, 0xE7, 0xE7,
    0xFF, 0x7B, 0x00, 0x07, 0x8F, 0xCF, 0x8E, 0x07, 0xF3, 0xFD, 0xC7, 0xE3, 0xF1, 0xF8, 0xFC, 0x77,
    0xF1, 0xF0, 0xFE, 0xFF, 0xE7, 0xFE, 0xFE, 0xE7, 0xE7, 0xFF, 0xFE, 0xFF, 0xFF, 0x87, 0x0E, 0x1C,
    0x38, 0x70, 0xE0, 0x3F, 0x87, 0xF0, 0xEE, 0x1D, 0xC3, 0xB8, 0x67, 0x1C, 0xE7, 0xFF, 0xFF, 0xFC,
    0x1F, 0x83, 0x80, 0x00, 0x3E, 0x3F, 0xB8, 0xDF, 0xFF, 0xFF, 0x03, 0x80, 0xFE, 0x3F, 0x00, 0x63,
    0x9C, 0xE7, 0x70, 0xEE, 0xC0, 0xFF, 0x81, 0xFF, 0x07, 0x7E, 0x0E, 0xEE, 0x39, 0xCE, 0xE3, 0x9C,
    0x7F, 0x3F, 0x80, 0xE7, 0xE3, 0xF0, 0x1C, 0x0E, 0xFE, 0x7E, 0x00, 0xE7, 0xF3, 0xFB, 0xFD, 0xFF,
    0xBF, 0xDF, 0xCF, 0xE7, 0xE3, 0x80, 0x66, 0x3F, 0x0F, 0x00, 0x0E, 0x7F, 0x3F, 0xBF, 0xDF, 0xFB,
    0xFD, 0xFC, 0xFE, 0x7E, 0x38, 0xE3, 0x73, 0xBB, 0x9D, 0x8F, 0xC7, 0xE3, 0xB9, 0xCE, 0xE3, 0x80,
    0x3F, 0x9F, 0xCE, 0xE7, 0x73, 0xB9, 0xDD, 0xCF, 0xE7, 0xE3, 0x80, 0xF0, 0xFF, 0x1F, 0xF9, 0xFF,
    0x9F, 0xFB, 0x7E, 0xF7, 0xEF, 0x7E, 0xE7, 0xE6, 0x70, 0xE3, 0xF1, 0xF8, 0xFC, 0x7F, 0xFF, 0xFF,
    0x8F, 0xC7, 0xE3, 0x80, 0x3E, 0x3F, 0xB8, 0xFC, 0x7E, 0x3F, 0x1F, 0x8E, 0xFE, 0x3E, 0x00, 0xFF,
    0xFF, 0xE7, 0xE7, 0xE7, 0xE7, 0xE7, 0xE7, 0xE7, 0xDE, 0x7F, 0xB9, 0xDC, 0x7E, 0x3F, 0x1F, 0x9D,
    0xFE, 0xFE, 0x70, 0x38, 0x1C, 0x0E, 0x00, 0x3E, 0x7E, 0xE0, 0xE0, 0xE0, 0xE0, 0xE0, 0x7E, 0x3E,
    0xFF, 0xFF, 0x1C, 0x1C, 0x1C, 0x1C, 0x1C, 0x1C, 0x1C, 0x61, 0xDC, 0x67, 0x38, 0xCE, 0x3B, 0x07,
    0xC1, 0xF0, 0x78, 0x0E, 0x03, 0x01, 0xC1, 0xE0, 0x70, 0x00, 0x07, 0x00, 0x70, 0x07, 0x03, 0xFC,
    0x7F, 0xEE, 0x77, 0xE7, 0x7E, 0x77, 0xE7, 0x7E, 0x77, 0x7F, 0xE3, 0xFC, 0x07, 0x00, 0x70, 0x07,
    0x00, 0x70, 0x73, 0x9C, 0xE3, 0xF0, 0x78, 0x1E, 0x07, 0x83, 0xF1, 0xCE, 0x61, 0xC0, 0xE7, 0x39,
    0xCE, 0x73, 0x9C, 0xE7, 0x39, 0xCE, 0x73, 0xFF, 0xFF, 0xC0, 0x70, 0x1C, 0x00, 0xE3, 0xF1, 0xF8,
    0xFC, 0x7F, 0xFB, 0xFC, 0x0E, 0x07, 0x03, 0x80, 0xE7, 0x1F, 0x9C, 0x7E, 0x71, 0xF9, 0xC7, 0xE7,
    0x1F, 0x9C, 0x7E, 0x71, 0xFF, 0xFF, 0xFF, 0xFC, 0xE7, 0x39, 0xCE, 0x73, 0x9C, 0xE7, 0x39, 0xCE,
    0x73, 0x9C, 0xE7, 0x39, 0xCE, 0x7F, 0xFF, 0xFF, 0xFE, 0x00, 0x1C, 0x00, 0x38, 0x00, 0x00, 0xFC,
    0x1F, 0x80, 0x70, 0x0F, 0xE1, 0xFE, 0x39, 0xC7, 0x38, 0xFF, 0x1F, 0xC0, 0xE0, 0x7E, 0x07, 0xE0,
    0x7F, 0xE7, 0xFF, 0x7E, 0x77, 0xE7, 0x7F, 0xF7, 0xFE, 0x70, 0xE0, 0xE0, 0xE0, 0xFE, 0xFF, 0xE7,
    0xE7, 0xFF, 0xFE, 0x7E, 0x3F, 0x81, 0xC7, 0xF3, 0xF8, 0x1C, 0x1C, 0xFE, 0x7C, 0x00, 0xE7, 0xCE,
    0xFE, 0xEE, 0x7F, 0xC7, 0xFC, 0x7E, 0xC7, 0xEE, 0x7E, 0xFE, 0xE7, 0xC0, 0x3F, 0xBF, 0xDC, 0xEE,
    0x77, 0xF9, 0xFC, 0xEE, 0xE7, 0x73, 0x80, 0x30, 0x1C, 0x03, 0x00, 0x03, 0xE3, 0xFB, 0x8D, 0xFF,
    0xFF, 0xF0, 0x38, 0x0F, 0xE3, 0xF0, 0x36, 0x1B, 0x00, 0x07, 0xC7, 0xF7, 0x1B, 0xFF, 0xFF, 0xE0,
    0x70, 0x1F, 0xC7, 0xE0, 0xFE, 0x3F, 0x87, 0x01, 0xC0, 0x7F, 0x1F, 0xE7, 0x9D, 0xC7, 0x71, 0xDC,
    0x77, 0x1D, 0xC7, 0x01, 0xC0, 0x70, 0x78, 0x1C, 0x0C, 0x38, 0xE0, 0x0F, 0xFF, 0xF8, 0x70, 0xE1,
    0xC3, 0x87, 0x0E, 0x00, 0x3E, 0x7E, 0xE0, 0xFC, 0xFC, 0xE0, 0xE0, 0x7E, 0x3E, 0x7F, 0xFF, 0x87,
    0x87, 0xC3, 0xC3, 0xFF, 0xFC, 0xD8, 0x7F, 0xFF, 0xFF, 0xF0, 0xF7, 0x80, 0xE7, 0x39, 0xCE, 0x73,
    0x9C, 0xE0, 0x31, 0x80, 0x73, 0x9C, 0xE7, 0x39, 0xCE, 0x73, 0x9F, 0xDE, 0x3F, 0x80, 0xFE, 0x03,
    0xB8, 0x0E, 0xFE, 0x3B, 0xFC, 0xEE, 0x73, 0x39, 0xFC, 0xFF, 0xE3, 0xF8, 0xE7, 0x03, 0x9C, 0x0E,
    0x70, 0x3F, 0xFC, 0xFF, 0xFB, 0x9C, 0x7E, 0x71, 0xF9, 0xFE, 0xE7, 0xF0, 0x30, 0x3F, 0x8F, 0xE1,
    0xC0, 0x70, 0x1F, 0xC7, 0xF9, 0xE7, 0x71, 0xDC, 0x77, 0x1D, 0xC7, 0x71, 0xC0, 0x06, 0x07, 0x06,
    0x00, 0x0E, 0x37, 0x3B, 0xB9, 0xD8, 0xFC, 0x7E, 0x3B, 0x9C, 0xEE, 0x70, 0x30, 0x1C, 0x03, 0x00,
    0x0E, 0x7F, 0x3F, 0xBF, 0xDF, 0xFB, 0xFD, 0xFC, 0xFE, 0x7E, 0x38, 0x11, 0x0F, 0xC1, 0xE0, 0x00,
    0x61, 0xDC, 0x67, 0x38, 0xCE, 0x3B, 0x07, 0xC1, 0xF0, 0x78, 0x0E, 0x03, 0x01, 0xC1, 0xE0, 0x70,
    0x00, 0xE3, 0xF1, 0xF8, 0xFC, 0x7E, 0x3F, 0x1F, 0x8F, 0xFF, 0xFF, 0x8E, 0x07, 0x03, 0x00, 0xE3,
    0x8F, 0xC7, 0x1F, 0x8E, 0x3F, 0x1C, 0x7E, 0x38, 0xEC, 0x71, 0xDD, 0xF3, 0x3B, 0xEE, 0x36, 0xDC,
    0x7D, 0xF0, 0xF1, 0xE0, 0xE3, 0x80, 0xE7, 0x1F, 0x9C, 0x6E, 0x31, 0xB8, 0xEE, 0x67, 0xB9, 0xDE,
    0xC3, 0xDF, 0x0F, 0x7C, 0x18, 0xE0, 0x38, 0x07, 0x03, 0xFC, 0x7F, 0x83, 0x80, 0x7F, 0x0F, 0xF1,
    0xC6, 0x38, 0xE7, 0x38, 0xFF, 0x1F, 0xC0, 0x30, 0x07, 0x03, 0xF8, 0x7F, 0x03, 0x80, 0x7F, 0x0F,
    0xF1, 0xC7, 0x38, 0xE7, 0xF8, 0xFE, 0x00, 0xE1, 0xFF, 0x8F, 0xFE, 0x70, 0xB9, 0x80, 0xEE, 0x03,
    0xFF, 0xCF, 0xFF, 0x3B, 0x80, 0xEE, 0x03, 0x9C, 0x0E, 0x3F, 0xF8, 0x7E, 0xE3, 0xFE, 0x7E, 0xEE,
    0x0F, 0xFE, 0xFF, 0xEE, 0xE0, 0xE7, 0x0E, 0x7F, 0xE3, 0xE0, 0x0F, 0x00, 0x7C, 0x03, 0xE0, 0x3B,
    0x01, 0x9C, 0x1F, 0xE0, 0xFF, 0x86, 0xFC, 0x77, 0x63, 0x3B, 0xB9, 0xDD, 0xCE, 0x60, 0x0F, 0x00,
    0xF8, 0x1D, 0x81, 0x9C, 0x1F, 0xC3, 0xFC, 0x37, 0xE7, 0x76, 0x67, 0x70, 0xE1, 0xE0, 0xE1, 0xF0,
    0xE1, 0xF0, 0xE3, 0xB0, 0xE3, 0x38, 0xFF, 0xF8, 0xFF, 0xFC, 0xE6, 0xFC, 0xEE, 0xEC, 0xEC, 0xEE,
    0xEC, 0xEE, 0xFC, 0xE6, 0xE3, 0xC3, 0x8F, 0x8E, 0x36, 0x39, 0xDC, 0xFF, 0xF3, 0xBF, 0xCE, 0xDF,
    0xBB, 0x76, 0xFD, 0xDC, 0x3F, 0xF8, 0x7F, 0xF0, 0x71, 0xC0, 0x77, 0x00, 0x7C, 0x01, 0xFC, 0x07,
    0xFC, 0x1D, 0xDC, 0x3B, 0xB8, 0x67, 0x71, 0xCE, 0x73, 0x9C, 0xE0, 0x7F, 0xCF, 0xF8, 0xCE, 0x0F,
    0x83, 0xF8, 0xFF, 0x1B, 0xF3, 0x76, 0xEE, 0xE0, 0xEF, 0xFE, 0x77, 0xFF, 0x39, 0xC7, 0x1C, 0x73,
    0x0E, 0x1F, 0x87, 0xFF, 0xC3, 0xFF, 0xF1, 0xCF, 0xDC, 0xEE, 0xEE, 0x77, 0x73, 0x3B, 0x39, 0xDF,
    0x9C, 0xE0, 0xEF, 0xFB, 0xBF, 0xEE, 0x77, 0x3F, 0xF8, 0xFF, 0xF3, 0xBF, 0xEE, 0xDD, 0xBB, 0x76,
    0xFD, 0xDC, 0x33, 0x87, 0x83, 0xF1, 0xFE, 0x63, 0xC0, 0x70, 0x38, 0xFC, 0x3F, 0x80, 0x70, 0x1C,
    0x07, 0x3F, 0x9F, 0xCE, 0x01, 0xFC, 0x7F, 0x00, 0x00, 0x63, 0x9F, 0x1F, 0xCF, 0xF0, 0x38, 0xF8,
    0xFC, 0x06, 0x03, 0xBF, 0xBF, 0x9C, 0x0F, 0xE3, 0xF8, 0x00, 0xEE, 0x7E, 0xE7, 0xEE, 0x7E, 0xE7,
    0xEE, 0x7E, 0xE6, 0xEE, 0xE7, 0xFE, 0x3F, 0x80, 0xE0, 0x0E, 0x00, 0xE0, 0x0E, 0x00, 0xE0, 0x0E,
    0x0E, 0xEE, 0xEE, 0x6E, 0xE6, 0xEE, 0x7E, 0xE7, 0xEE, 0x7E, 0xEE, 0x7F, 0xE3, 0xFC, 0x0E, 0x00,
    0xE0, 0x0E, 0x00, 0xE0, 0x1F, 0x87, 0xFC, 0x70, 0xEE, 0x0E, 0xE0, 0x7F, 0xFF, 0xFF, 0xFE, 0x06,
    0xE0, 0x67, 0x0E, 0x7F, 0xC1, 0xF8, 0x3E, 0x3F, 0xB8, 0xFF, 0xFF, 0xFF, 0x1F, 0x8E, 0xFE, 0x3E,
    0x00, 0xE0, 0x76, 0x0F, 0x70, 0xC7, 0x1C, 0x31, 0xC3, 0x98, 0x3B, 0x81, 0xB8, 0x1F, 0x01, 0xF0,
    0x0F, 0x00, 0xE0, 0x70, 0xEE, 0x3C, 0xC7, 0x1C, 0xC1, 0xB8, 0x36, 0x07, 0xC0, 0x78, 0x0E, 0x00,
    0x76, 0x03, 0xB0, 0x19, 0x0E, 0x07, 0x60, 0xF7, 0x0C, 0x71, 0xC3, 0x1C, 0x39, 0x83, 0xB8, 0x1B,
    0x81, 0xF0, 0x1F, 0x00, 0xF0, 0x0E, 0x00, 0x36, 0x07, 0x60, 0x6C, 0x00, 0x07, 0x0E, 0xE3, 0xCC,
    0x71, 0xCC, 0x1B, 0x83, 0x60, 0x7C, 0x07, 0x80, 0xE0, 0x3F, 0x00, 0x03, 0xFC, 0x00, 0x1C, 0x70,
    0x01, 0xC1, 0x98, 0x7E, 0x0E, 0xE3, 0x70, 0x77, 0x3B, 0x83, 0x99, 0xDC, 0x1C, 0xEC, 0xE0, 0xC3,
    0xE3, 0x8E, 0x1F, 0x1F, 0xE0, 0xF0, 0x3E, 0x03, 0x80, 0x00, 0x18, 0x00, 0x01, 0xC0, 0x00, 0x3C,
    0x00, 0x01, 0xC0, 0x3E, 0x30, 0xEF, 0xE7, 0x1B, 0x8E, 0xE7, 0x71, 0xCC, 0xEE, 0x39, 0xD9, 0xC7,
    0x1F, 0x38, 0xE3, 0xE3, 0xF8, 0x78, 0x3E, 0x07, 0x00, 0x00, 0xC0, 0x00, 0x38, 0x00, 0x1E, 0x00,
    0x03, 0x80, 0x06, 0x01, 0xF8, 0x7F, 0xE7, 0x6E, 0xE0, 0x7E, 0x07, 0xE0, 0x7E, 0x07, 0xE0, 0x7E,
    0x07, 0x7E, 0xE7, 0xFE, 0x1F, 0x80, 0x60, 0x0C, 0x0F, 0xC7, 0xFB, 0xB7, 0xE1, 0xF8, 0x7E, 0x1F,
    0xB7, 0x7F, 0x8F, 0xC0, 0xC0, 0x03, 0x80, 0x07, 0xF0, 0x06, 0xF0, 0x01, 0x80, 0x00, 0x80, 0x01,
    0x80, 0x3E, 0x3C, 0x7E, 0x3E, 0x70, 0x07, 0xE0, 0x07, 0xE0, 0x07, 0xE0, 0x07, 0xE1, 0xC7, 0xE1,
    0xC7, 0xE1, 0xC7, 0x71, 0xCE, 0x7F, 0xFE, 0x1F, 0x7C, 0x0F, 0x00, 0x3F, 0x00, 0xFC, 0x00, 0xC0,
    0x02, 0x00, 0x00, 0x03, 0xCF, 0x1F, 0x3E, 0xE0, 0x1F, 0x80, 0x7E, 0x39, 0xF8, 0xE7, 0xE3, 0x9D,
    0xFF, 0xE3, 0xCF, 0x00, 0x0F, 0xE0, 0x1F, 0xC0, 0x04, 0x07, 0x1C, 0x7E, 0x38, 0xFC, 0x71, 0xF8,
    0xE3, 0xF1, 0xC7, 0x63, 0x8E, 0xEF, 0x99, 0xDF, 0x31, 0xB6, 0xE3, 0xEF, 0x87, 0x8F, 0x07, 0x1C,
    0x00, 0x1F, 0xC0, 0x7F, 0x00, 0x20, 0x39, 0xC7, 0xE7, 0x1F, 0x8C, 0x7E, 0x39, 0xD9, 0xE6, 0x67,
    0xB9, 0xF7, 0xC3, 0xCF, 0x0E, 0x38, 0x1F, 0x8F, 0xF7, 0x0B, 0x80, 0xE0, 0x38, 0x0E, 0x03, 0x80,
    0xE0, 0x1C, 0x07, 0xF8, 0x7E, 0x03, 0x80, 0xE0, 0x38, 0x0E, 0x3E, 0x7E, 0xE0, 0xE0, 0xE0, 0xE0,
    0xE0, 0x7E, 0x3E, 0x0E, 0x0E, 0x0E, 0x0E, 0x00, 0x00, 0x41, 0xB0, 0x38, 0x07, 0x01, 0x66, 0xC0,
    0xE0, 0x1E, 0x0C, 0x82, 0x00, 0x00, 0x05, 0xFF, 0x00, 0x1C, 0xFF, 0x98, 0xD9, 0x00, 0x6D, 0x00,
    0x71, 0xFB, 0x38, 0x00, 0xE0, 0x00, 0x12, 0x00, 0x00, 0x00, 0x1C, 0x01, 0xC2, 0x40, 0x48, 0x00,
    0x00, 0x00, 0x00, 0x00, 0x00, 0x00, 0x70, 0x01, 0xF2, 0x00, 0x24, 0x00, 0x00, 0x00, 0x00, 0x03,
    0x80, 0x38, 0x48, 0x09, 0x00, 0x00, 0x00, 0x07, 0x00, 0x00, 0x90, 0x00, 0x00, 0x40, 0x00, 0x30,
    0x03, 0x0C, 0x00, 0x40, 0x1C, 0x18, 0x06, 0x00, 0x00, 0x00, 0x00, 0x00, 0x00, 0x00, 0xE0, 0x01,
    0x98, 0x00, 0x70, 0x00, 0x00, 0x00, 0x00, 0x00, 0x00, 0x02, 0x01, 0x81, 0x80, 0x60, 0x83, 0x08,
    0x00, 0xC0, 0x00, 0x20, 0x00, 0x31, 0x80, 0xC6, 0x03, 0xF8, 0x07, 0xC0, 0xE1, 0xE3, 0x87, 0x8E,
    0x3E, 0x38, 0xF8, 0xE7, 0xE3, 0x9B, 0x8E, 0xEE, 0x3F, 0x38, 0xF8, 0xE3, 0xE3, 0x8F, 0x0F, 0xFC,
    0x3E, 0x00, 0x18, 0x00, 0xE0, 0x07, 0x80, 0x63, 0x07, 0xF0, 0x3E, 0x00, 0x00, 0xE3, 0xCE, 0x7C,
    0xE7, 0xCE, 0xFC, 0xFD, 0xCF, 0x9C, 0xF9, 0xCF, 0x1F, 0xF1, 0xF0, 0x06, 0x00, 0x60, 0x0E, 0x70,
    0x1C, 0x0F, 0xC3, 0xF0, 0x70, 0x1F, 0xC7, 0xF9, 0xC6, 0x71, 0xDC, 0xE7, 0xF9, 0xFC, 0x30, 0x1C,
    0x0F, 0xE3, 0xF8, 0x70, 0x1C, 0x07, 0x01, 0xFC, 0x7F, 0x9C, 0x77, 0x1D, 0xFE, 0x7F, 0x00, 0xFC,
    0xFE, 0xE7, 0xE7, 0xEF, 0xFF, 0xFE, 0xFE, 0xE2, 0xE0, 0xE0, 0xE0, 0xDE, 0x7F, 0xB9, 0xDC, 0x7E,
    0x3F, 0x7F, 0xBD, 0xFE, 0xFF, 0x71, 0xB8, 0x1C, 0x0E, 0x00, 0x07, 0x07, 0xFF, 0xFF, 0xE0, 0xE0,
    0xE0, 0xE0, 0xE0, 0xE0, 0xE0, 0xE0, 0xE0, 0xE0, 0x0E, 0x1C, 0x3F, 0xFF, 0xFC, 0x38, 0x70, 0xE1,
    0xC3, 0x87, 0x00, 0x7F, 0xBF, 0xDC, 0x0E, 0x07, 0x07, 0xF3, 0xF8, 0xE0, 0x70, 0x38, 0x1C, 0x0E,
    0x00, 0x7F, 0x7F, 0x70, 0x70, 0xFC, 0xFC, 0x70, 0x70, 0x70, 0xFF, 0x3F, 0xCE, 0x03, 0x80, 0xE0,
    0x38, 0x0F, 0xE3, 0xFE, 0xE3, 0xF8, 0x7E, 0x1F, 0x87, 0x01, 0xC0, 0xF1, 0xF8, 0x7C, 0xFE, 0xFC,
    0xE0, 0xE0, 0xFC, 0xFE, 0xE7, 0xE7, 0xE7, 0x07, 0x07, 0x3E, 0x3C, 0x71, 0xC6, 0x38, 0xE7, 0x0E,
    0x77, 0x03, 0xBB, 0x00, 0xDF, 0x80, 0x7F, 0x80, 0x3F, 0xC0, 0x3B, 0xF0, 0x19, 0xDC, 0x1C, 0xE6,
    0x1C, 0x73, 0xEC, 0x38, 0xF0, 0x00, 0x38, 0x00, 0x1C, 0x00, 0x0E, 0x00, 0x03, 0x71, 0xCE, 0x1C,
    0xEE, 0x07, 0x77, 0x01, 0xFF, 0x00, 0xFF, 0x00, 0xEF, 0xC0, 0x77, 0x70, 0x73, 0x9F, 0x71, 0xCF,
    0x80, 0x01, 0xC0, 0x00, 0xE0, 0x00, 0x70, 0x7E, 0x3F, 0xC0, 0xE0, 0x70, 0x39, 0xF8, 0xFC, 0x07,
    0x03, 0x81, 0xDF, 0xCF, 0xC0, 0xC0, 0x30, 0x78, 0x18, 0x7C, 0x7E, 0x07, 0x06, 0x3E, 0x3E, 0x07,
    0xFE, 0x7C, 0x18, 0x0C, 0x3C, 0x38, 0xE3, 0x9C, 0x73, 0x9C, 0x77, 0x0F, 0xC1, 0xF8, 0x3F, 0x07,
    0x70, 0xEE, 0x1C, 0xE3, 0x8F, 0xF1, 0xF0, 0x0E, 0x01, 0xC0, 0x38, 0x03, 0xE7, 0x39, 0x8E, 0xE3,
    0xF0, 0xF8, 0x3F, 0x0E, 0xE3, 0x9F, 0xE7, 0xC0, 0x70, 0x1C, 0x07, 0xE1, 0xDC, 0x73, 0xBC, 0x77,
    0x8E, 0xE1, 0xF8, 0x3F, 0x07, 0xE0, 0xEE, 0x1D, 0xE3, 0xAE, 0x70, 0xE0, 0xE3, 0xBB, 0xCE, 0xE3,
    0xF0, 0xFC, 0x3F, 0x8E, 0xF3, 0xBC, 0xE3, 0x80, 0x71, 0xC7, 0x1C, 0xFB, 0x8F, 0xF0, 0x77, 0x07,
    0xE0, 0x7E, 0x07, 0x70, 0x77, 0x87, 0x38, 0x71, 0xC7, 0x0E, 0x70, 0x1F, 0x83, 0xF0, 0x38, 0xE7,
    0x38, 0xEE, 0x1D, 0x83, 0xF0, 0x76, 0x0E, 0xE1, 0xCE, 0x38, 0xE0, 0xFC, 0x77, 0xE3, 0x07, 0x38,
    0x3B, 0x81, 0xF8, 0x0F, 0x80, 0x7E, 0x03, 0xB8, 0x1D, 0xC0, 0xE7, 0x07, 0x1C, 0x38, 0xE0, 0xFC,
    0x6F, 0xCC, 0x1D, 0xC1, 0xF8, 0x1F, 0x01, 0xF8, 0x1D, 0xC1, 0xCE, 0x1C, 0x70, 0xE1, 0xCE, 0x1C,
    0xE1, 0xCE, 0x1C, 0xE1, 0xCF, 0xFC, 0xFF, 0xCE, 0x1C, 0xE1, 0xCE, 0x1C, 0xE1, 0xFE, 0x1F, 0x00,
    0x70, 0x07, 0x00, 0x70, 0xE3, 0x9C, 0x73, 0x8E, 0x7F, 0xCF, 0xF9, 0xC7, 0x38, 0xE7, 0x1F, 0xE3,
    0xE0, 0x1C, 0x03, 0x80, 0x70, 0xE1, 0xFF, 0x0F, 0xF8, 0x71, 0xC3, 0x8E, 0x1C, 0x7F, 0xE3, 0xFF,
    0x1C, 0x38, 0xE1, 0xC7, 0x0E, 0x38, 0x71, 0xC3, 0x80, 0xE3, 0xFE, 0x3F, 0xE3, 0x8F, 0xF8, 0xFF,
    0x8E, 0x38, 0xE3, 0x8E, 0x38, 0xE3, 0x80, 0xFF, 0x80, 0x7F, 0xC0, 0x38, 0xE0, 0x1C, 0x70, 0x0E,
    0x38, 0x07, 0x1C, 0x03, 0x8F, 0xF1, 0xC7, 0xFC, 0xE3, 0x87, 0x71, 0xC1, 0xB8, 0xE0, 0xFC, 0x70,
    0x70, 0x00, 0x30, 0x00, 0x38, 0x01, 0xF8, 0x00, 0xF8, 0xFF, 0x07, 0xF8, 0x39, 0xC1, 0xCE, 0x0E,
    0x7E, 0x73, 0xFB, 0x9C, 0xFC, 0xE7, 0xE7, 0x38, 0x01, 0xC0, 0x0E, 0x03, 0xE0, 0x1E, 0x00, 0x1E,
    0x07, 0xE0, 0x70, 0x0E, 0x3C, 0xE7, 0xEE, 0xEE, 0xEE, 0xEE, 0xEE, 0xE6, 0xE7, 0x7C, 0x7F, 0xC1,
    0xFF, 0x00, 0xE0, 0x3C, 0x1F, 0x0E, 0xF3, 0xBE, 0xFD, 0xFF, 0x7E, 0xF9, 0xFE, 0x3F, 0xC0, 0x60,
    0x1F, 0x8F, 0xE7, 0x03, 0x80, 0xE0, 0x38, 0x0E, 0x03, 0x80, 0xE0, 0x1C, 0x07, 0xF8, 0x7E, 0x04,
    0x01, 0x80, 0xE0, 0x30, 0x3E, 0x7E, 0xE0, 0xE0, 0xE0, 0xE0, 0xE0, 0x7E, 0x3E, 0x08, 0x0C, 0x1C,
    0x18, 0xFF, 0xFF, 0xC7, 0x03, 0x81, 0xC0, 0xE0, 0x70, 0x38, 0x1C, 0x0E, 0x07, 0xC3, 0xE0, 0x70,
    0x38, 0x1C, 0xFF, 0xFF, 0x1C, 0x1C, 0x1C, 0x1C, 0x1C, 0x1F, 0x1F, 0x07, 0x07, 0x07, 0xE1, 0xCE,
    0x39, 0xCE, 0x1D, 0xC3, 0xF0, 0x3E, 0x07, 0x80, 0x70, 0x0E, 0x01, 0xC0, 0x38, 0x07, 0x00, 0x61,
    0xCE, 0x39, 0xCE, 0x1D, 0xC3, 0xB0, 0x3E, 0x07, 0xC0, 0xF0, 0x0E, 0x01, 0xC0, 0x38, 0x07, 0x00,
    0xE0, 0x70, 0xE7, 0x0E, 0x39, 0xC3, 0xB8, 0x1F, 0x81, 0xF0, 0x0F, 0x00, 0xE0, 0x3F, 0xC3, 0xFC,
    0x0E, 0x00, 0xE0, 0x71, 0xCE, 0x38, 0xE6, 0x1D, 0xC1, 0xB8, 0x3E, 0x07, 0xC0, 0x78, 0x0E, 0x07,
    0xF0, 0xFE, 0x07, 0x00, 0xE0, 0x70, 0xE3, 0x86, 0x0E, 0x70, 0x3F, 0x01, 0xF8, 0x07, 0x80, 0x3C,
    0x03, 0xF0, 0x1B, 0x81, 0xCE, 0x1C, 0x3E, 0xC1, 0xF0, 0x03, 0x80, 0x1C, 0x00, 0xE0, 0xE3, 0x8E,
    0x70, 0xFC, 0x1F, 0x01, 0xE0, 0x7C, 0x0F, 0xC3, 0x9F, 0xE3, 0xE0, 0x1C, 0x03, 0x80, 0x70, 0xFF,
    0xB9, 0xFF, 0x70, 0x70, 0xE0, 0xE1, 0xC1, 0xC3, 0x83, 0x87, 0x07, 0x0E, 0x0E, 0x1C, 0x1C, 0x38,
    0x38, 0x70, 0x7F, 0xF8, 0xFF, 0xF0, 0x00, 0xE0, 0x01, 0xC0, 0x03, 0x80, 0xFE, 0xE7, 0xF7, 0x0E,
    0x38, 0x71, 0xC3, 0x8E, 0x1C, 0x70, 0xE3, 0x87, 0xFF, 0x3F, 0xF8, 0x01, 0xC0, 0x0E, 0x00, 0x70,
    0x00, 0x00, 0xE1, 0xCE, 0x1C, 0xE1, 0xCE, 0x1C, 0xE1, 0xCE, 0x3C, 0xFF, 0xC7, 0xFC, 0x01, 0xC0,
    0x1C, 0x01, 0xF0, 0x1F, 0x00, 0x70, 0x07, 0x00, 0x70, 0xE3, 0x9C, 0x73, 0x8E, 0x71, 0xCF, 0xF8,
    0xFF, 0x00, 0xE0, 0x1F, 0x03, 0xE0, 0x1C, 0x03, 0x80, 0x70, 0xE1, 0xF8, 0x7E, 0x1F, 0x87, 0xE9,
    0xFA, 0x7F, 0xFD, 0xFF, 0x09, 0xC2, 0x70, 0x9C, 0x07, 0xE3, 0xF1, 0xF8, 0xFD, 0x7F, 0xFB, 0xFC,
    0x2E, 0x17, 0x03, 0x80, 0xE0, 0x38, 0x0E, 0x03, 0x80, 0xFF, 0x3F, 0xFE, 0x1F, 0x87, 0xE1, 0xF8,
    0x7E, 0x1F, 0x87, 0xE0, 0x70, 0x38, 0x1F, 0xCF, 0xF7, 0x1F, 0x8F, 0xC7, 0xE3, 0xF1, 0xF8, 0xFC,
    0x70, 0x03, 0xF0, 0x0F, 0xF0, 0x38, 0x77, 0x70, 0x6E, 0xC0, 0xDF, 0xFF, 0xDF, 0xFF, 0x86, 0x00,
    0x0E, 0x00, 0x1C, 0x18, 0x1F, 0xF0, 0x1F, 0xC0, 0x0F, 0x83, 0xFB, 0x63, 0xFF, 0xFF, 0xFE, 0x30,
    0x07, 0x00, 0xFF, 0x07, 0xC0, 0x03, 0xF0, 0x0F, 0xF0, 0x38, 0x77, 0x60, 0x6F, 0xC0, 0xDF, 0xFF,
    0xDF, 0xFF, 0x8E, 0x00, 0x0C, 0x00, 0x1C, 0x18, 0x1F, 0xF0, 0x1F, 0xC0, 0x1C, 0x00, 0x38, 0x00,
    0x70, 0x00, 0x07, 0x83, 0xFB, 0x71, 0xFF, 0xFF, 0xFE, 0x30, 0x07, 0x00, 0x7F, 0x07, 0xC0, 0x70,
    0x0E, 0x01, 0xC0, 0xFF, 0xDC, 0xE7, 0x39, 0xCE, 0x73, 0xBF, 0xF0, 0x00, 0x00, 0x03, 0xB8, 0x00,
    0xF8, 0x00, 0x00, 0x06, 0x1C, 0x73, 0x8E, 0x70, 0xE7, 0x38, 0x73, 0xB8, 0x1D, 0xD8, 0x07, 0xFC,
    0x03, 0xFE, 0x03, 0xBB, 0x83, 0x9D, 0xC1, 0xCE, 0x71, 0xC7, 0x1D, 0xC3, 0x8E, 0x0C, 0x40, 0x1F,
    0x80, 0x1E, 0x00, 0x00, 0x06, 0x39, 0xCE, 0x77, 0x0E, 0xEC, 0x0F, 0xF8, 0x1F, 0xF0, 0x77, 0xE0,
    0xEE, 0xE3, 0x9C, 0xEE, 0x39, 0xC0, 0xE1, 0xDC, 0x73, 0x9C, 0x77, 0x0F, 0xC1, 0xF8, 0x3F, 0xE7,
    0xFE, 0xE1, 0xDC, 0x1F, 0x83, 0xF0, 0x70, 0x0C, 0x03, 0x87, 0xE0, 0xF8, 0xE7, 0xB9, 0xCE, 0xE3,
    0xF0, 0xFE, 0x3F, 0xCE, 0x3B, 0x8E, 0xE3, 0x80, 0xE0, 0x38, 0x7C, 0x1E, 0x00, 0x0F, 0xF0, 0x1F,
    0xE0, 0x71, 0xC0, 0xE3, 0x81, 0xC7, 0x03, 0x8E, 0x06, 0x1C, 0x0C, 0x38, 0x38, 0x70, 0x70, 0xE3,
    0xC1, 0xF7, 0x83, 0xE0, 0x01, 0xC0, 0x03, 0x00, 0x0E, 0x00, 0x3F, 0xC3, 0xFC, 0x39, 0xC3, 0x9C,
    0x31, 0xC3, 0x1C, 0x71, 0xCF, 0x1F, 0xE1, 0xF0, 0x07, 0x00, 0x60, 0x06, 0x00, 0x00, 0xE1, 0xF8,
    0x7E, 0x1F, 0x87, 0xE1, 0xFF, 0xFF, 0xFF, 0x87, 0xE1, 0xF8, 0x7E, 0x1F, 0x87, 0x01, 0x80, 0xE1,
    0xF8, 0x78, 0xE3, 0xF1, 0xF8, 0xFC, 0x7F, 0xFF, 0xFF, 0x8F, 0xC7, 0xE3, 0x81, 0xC1, 0xC7, 0xE3,
    0xE0, 0xE1, 0xC7, 0x0E, 0x38, 0x71, 0xC3, 0x8E, 0x1C, 0x7F, 0xE3, 0xFF, 0x1C, 0x38, 0xE1, 0xC7,
    0x0E, 0x38, 0x7D, 0xC3, 0xE0, 0x07, 0x00, 0x30, 0x03, 0x80, 0xE3, 0x9C, 0x73, 0x8E, 0x7F, 0xCF,
    0xF9, 0xC7, 0x38, 0xE7, 0x1F, 0xE3, 0xE0, 0x18, 0x03, 0x00, 0xE0, 0xE1, 0xF8, 0x7E, 0x1F, 0x87,
    0xE1, 0xF8, 0x7F, 0xFD, 0xFF, 0x01, 0xC0, 0x70, 0x7C, 0x1F, 0x07, 0x01, 0xC0, 0x70, 0xE3, 0xF1,
    0xF8, 0xFC, 0x7F, 0xFB, 0xFC, 0x0E, 0x1F, 0x0F, 0x87, 0x03, 0x81, 0xC0, 0xF0, 0x78, 0xF0, 0x78,
    0xF8, 0xF8, 0xF8, 0xF8, 0xF8, 0xF8, 0xF8, 0xF8, 0xED, 0xB8, 0xED, 0xB8, 0xEF, 0xB8, 0xEF, 0x38,
    0xE7, 0x3F, 0xE7, 0x3E, 0x00, 0x06, 0x00, 0x0E, 0x00, 0x1E, 0xF0, 0xF3, 0xC7, 0xCF, 0x9F, 0x3E,
    0x7C, 0xFB, 0x73, 0xBD, 0xCE, 0xF7, 0x3B, 0x9F, 0xE6, 0x7C, 0x00, 0x60, 0x01, 0x80, 0x0E, 0xFF,
    0xDC, 0xE7, 0x39, 0xCE, 0x73, 0xBF, 0xF0, 0x00, 0x01, 0x98, 0x1F, 0x80, 0x00, 0x0F, 0x00, 0xF0,
    0x1F, 0x01, 0xB8, 0x1B, 0x83, 0x98, 0x39, 0xC7, 0xFC, 0x7F, 0xC7, 0x0E, 0xE0, 0xEE, 0x06, 0x22,
    0x3F, 0x1E, 0x00, 0x7E, 0x7F, 0x07, 0x3F, 0xFF, 0xE7, 0xE7, 0xFF, 0x7B, 0x19, 0x81, 0x98, 0x00,
    0x00, 0xF0, 0x0F, 0x00, 0xF0, 0x1F, 0x81, 0x98, 0x39, 0xC3, 0x9C, 0x3F, 0xC7, 0xFE, 0x70, 0xE7,
    0x0E, 0xE0, 0x70, 0x36, 0x36, 0x00, 0x7E, 0x7F, 0x07, 0x3F, 0xFF, 0xE7, 0xE7, 0xFF, 0x7B, 0x07,
    0xFE, 0x0F, 0xFC, 0x3B, 0x80, 0x67, 0x01, 0xCE, 0x03, 0x9F, 0xC6, 0x3F, 0x9F, 0xF0, 0x3F, 0xE0,
    0xE1, 0xC1, 0x83, 0xFF, 0x07, 0xF0, 0x7C, 0xF1, 0xFF, 0xE0, 0x71, 0xDF, 0xFF, 0xFF, 0xFF, 0x9C,
    0x0E, 0x78, 0x3F, 0xFF, 0x78, 0xF8, 0x01, 0xDD, 0xF0, 0x0F, 0xFF, 0xF8, 0x70, 0xE1, 0xFF, 0xFF,
    0x0E, 0x1C, 0x3F, 0xFF, 0x22, 0x3F, 0x8F, 0x80, 0x03, 0xE3, 0xFB, 0x8D, 0xFF, 0xFF, 0xF0, 0x38,
    0x0F, 0xE3, 0xF0, 0x3F, 0x0F, 0xF1, 0x07, 0x00, 0x70, 0x0F, 0xFF, 0xFF, 0xFF, 0x07, 0xE0, 0xEE,
    0x39, 0xFF, 0x0F, 0x80, 0x7C, 0x7F, 0x81, 0xC0, 0x7F, 0xFF, 0xFF, 0x8C, 0xFE, 0x3E, 0x00, 0x1B,
    0x03, 0x60, 0x00, 0x1F, 0x8F, 0xF9, 0x83, 0x80, 0x38, 0x07, 0xFF, 0xFF, 0xFF, 0x83, 0xF0, 0x77,
    0x1C, 0xFF, 0x87, 0xC0, 0x66, 0x66, 0x00, 0x7C, 0xFE, 0x07, 0x07, 0xFF, 0xFF, 0xE7, 0x7E, 0x3C,
    0x03, 0x30, 0x00, 0xCC, 0x00, 0x00, 0x01, 0xC3, 0x0E, 0x38, 0xC7, 0x06, 0x31, 0xC1, 0xCC, 0xE0,
    0x3B, 0x70, 0x0F, 0xFC, 0x03, 0xFF, 0x00, 0xED, 0xE0, 0x73, 0x38, 0x38, 0xC7, 0x0E, 0x31, 0xE7,
    0x0C, 0x38, 0x06, 0x60, 0x06, 0x60, 0x00, 0x00, 0x73, 0x8E, 0x3B, 0x9C, 0x1B, 0xB8, 0x0F, 0xF0,
    0x0F, 0xF0, 0x1F, 0xB8, 0x3B, 0x9C, 0x3B, 0x9C, 0x73, 0x8E, 0x33, 0x19, 0x80, 0x0F, 0xE7, 0xF8,
    0x1C, 0x0E, 0x07, 0x3F, 0x1F, 0x80, 0xE0, 0x70, 0x3B, 0xF9, 0xF8, 0x66, 0x66, 0x00, 0x7E, 0x7E,
    0x07, 0x3E, 0x3E, 0x07, 0x07, 0xFE, 0x7C, 0x7F, 0x9F, 0xE0, 0x70, 0x38, 0x1C, 0x0F, 0xC1, 0xF8,
    0x07, 0x01, 0xC0, 0xEF, 0xF9, 0xF8, 0x7F, 0xBF, 0xC1, 0xC1, 0xC1, 0xC1, 0xF0, 0xFC, 0x07, 0x03,
    0x81, 0xC0, 0xFF, 0xE7, 0xE0, 0x3F, 0x0F, 0xCE, 0x3F, 0x8F, 0xE7, 0xF9, 0xFE, 0xFF, 0xB7, 0xED,
    0xFE, 0x7F, 0x9F, 0xE7, 0xF1, 0xFC, 0x70, 0x7E, 0x3F, 0x00, 0x1C, 0xFE, 0x7F, 0x7F, 0xBF, 0xF7,
    0xFB, 0xF9, 0xFC, 0xFC, 0x70, 0x33, 0x0C, 0xC0, 0x03, 0x8F, 0xE3, 0xF9, 0xFE, 0x7F, 0xBF, 0xED,
    0xFF, 0x7F, 0xDF, 0xE7, 0xF9, 0xFC, 0x7F, 0x1C, 0x66, 0x33, 0x00, 0x1C, 0xFE, 0x7F, 0x7F, 0xBF,
    0xF7, 0xFB, 0xF9, 0xFC, 0xFC, 0x70, 0x1B, 0x03, 0x60, 0x00, 0x0F, 0x87, 0xFC, 0xE3, 0xB8, 0x3F,
    0x07, 0xE0, 0xFC, 0x1F, 0x83, 0xF0, 0x77, 0x1C, 0xFF, 0x87, 0xC0, 0x36, 0x1B, 0x00, 0x07, 0xC7,
    0xF7, 0x1F, 0x8F, 0xC7, 0xE3, 0xF1, 0xDF, 0xC7, 0xC0, 0x1F, 0x87, 0xFC, 0x70, 0xEE, 0x0E, 0xE0,
    0x7F, 0xFF, 0xFF, 0xFE, 0x06, 0xE0, 0x67, 0x0E, 0x7F, 0xC1, 0xF8, 0x3E, 0x3F, 0xB8, 0xFF, 0xFF,
    0xFF, 0x1F, 0x8E, 0xFE, 0x3E, 0x00, 0x1B, 0x01, 0xB0, 0x00, 0x01, 0xF8, 0x7F, 0xC7, 0x0E, 0xE0,
    0xEE, 0x07, 0xFF, 0xFF, 0xFF, 0xE0, 0x6E, 0x06, 0x70, 0xE7, 0xFC, 0x1F, 0x80, 0x36, 0x1B, 0x00,
    0x07, 0xC7, 0xF7, 0x1F, 0xFF, 0xFF, 0xE3, 0xF1, 0xDF, 0xC7, 0xC0, 0x66, 0x19, 0x80, 0x01, 0xF8,
    0xFF, 0x00, 0xE0, 0x18, 0x07, 0x3F, 0xCF, 0xF0, 0x1C, 0x0E, 0x03, 0xBF, 0xC7, 0xE0, 0x66, 0x66,
    0x00, 0x7C, 0x7E, 0x07, 0x3F, 0x3F, 0x07, 0x07, 0xFE, 0x7C, 0x1F, 0x81, 0xF8, 0x70, 0x67, 0x0E,
    0x30, 0xE3, 0x9C, 0x19, 0xC1, 0xD8, 0x0F, 0x80, 0xF0, 0x0F, 0x00, 0xE0, 0x7E, 0x07, 0xC0, 0x1F,
    0x83, 0xF0, 0x00, 0x38, 0x77, 0x0E, 0x73, 0x8E, 0x70, 0xCC, 0x1F, 0x81, 0xE0, 0x3C, 0x07, 0x80,
    0xE0, 0x1C, 0x1F, 0x03, 0xC0, 0x19, 0x81, 0x98, 0x00, 0x07, 0x06, 0x70, 0xE3, 0x8C, 0x39, 0xC1,
    0x9C, 0x1D, 0x80, 0xF8, 0x0F, 0x00, 0x70, 0x0E, 0x07, 0xE0, 0x78, 0x00, 0x19, 0x83, 0x30, 0x00,
    0x38, 0x73, 0x8C, 0x73, 0x8E, 0x70, 0xEC, 0x1F, 0x81, 0xE0, 0x3C, 0x03, 0x80, 0x60, 0x1C, 0x1F,
    0x03, 0xC0, 0x0E, 0xC1, 0xB0, 0x64, 0x70, 0x77, 0x1C, 0xE3, 0x8C, 0x61, 0xDC, 0x1B, 0x03, 0xE0,
    0x7C, 0x07, 0x01, 0xE0, 0xF8, 0x1E, 0x00, 0x0D, 0x86, 0xE3, 0x21, 0x87, 0x71, 0x9C, 0xE3, 0x38,
    0xEC, 0x1F, 0x07, 0xC1, 0xE0, 0x38, 0x0C, 0x07, 0x07, 0x81, 0xC0, 0x36, 0x0D, 0x80, 0x03, 0x87,
    0xE1, 0xF8, 0x7E, 0x1F, 0x87, 0xE1, 0xFF, 0xF3, 0xFC, 0x07, 0x01, 0xC0, 0x70, 0x1C, 0x66, 0x33,
    0x00, 0x1C, 0x7E, 0x3F, 0x1F, 0x8F, 0xFF, 0x7F, 0x81, 0xC0, 0xE0, 0x70, 0xFF, 0xFF, 0xE0, 0xE0,
    0xE0, 0xE0, 0xE0, 0xE0, 0xE0, 0xE0, 0xF8, 0xF8, 0x38, 0x38, 0x38, 0xFF, 0xFF, 0x87, 0x0E, 0x1C,
    0x38, 0x7C, 0xF8, 0x70, 0xE1, 0xC0, 0x19, 0x80, 0xCC, 0x00, 0x01, 0xC0, 0x7E, 0x03, 0xF0, 0x1F,
    0x80, 0xFF, 0x87, 0xFF, 0x3F, 0x39, 0xF8, 0xEF, 0xC7, 0x7E, 0x73, 0xFF, 0x9F, 0xF8, 0xE0, 0x19,
    0x81, 0x98, 0x00, 0x0E, 0x07, 0xE0, 0x7E, 0x07, 0xFE, 0x7F, 0xF7, 0xE7, 0x7E, 0x77, 0xFF, 0x7F,
    0xE7, 0x7F, 0xBF, 0xDC, 0x0E, 0x07, 0x07, 0xF3, 0xF8, 0xE0, 0x70, 0x38, 0x1F, 0x0F, 0x80, 0xC0,
    0xE0, 0xF0, 0x70, 0x7F, 0x7F, 0x70, 0x70, 0xFC, 0xFC, 0x70, 0x7C, 0x7C, 0x1C, 0x1C, 0x3C, 0x38,
    0x70, 0xE1, 0xC7, 0x0E, 0x70, 0x3F, 0x00, 0xF8, 0x07, 0x80, 0x3C, 0x03, 0xF0, 0x1D, 0x81, 0xCE,
    0x1C, 0x3E, 0xE1, 0xF0, 0x03, 0x80, 0x1C, 0x03, 0xC0, 0x1C, 0xE3, 0x8E, 0x70, 0xFC, 0x1F, 0x01,
    0xE0, 0x7C, 0x0F, 0xC3, 0x9F, 0xE3, 0xE0, 0x1C, 0x03, 0x81, 0xE0, 0x3C, 0x71, 0xCE, 0x38, 0xEE,
    0x1D, 0xC1, 0xF0, 0xFF, 0x9F, 0xF0, 0xF8, 0x3B, 0x87, 0x71, 0xC7, 0x70, 0x70, 0x73, 0x9C, 0xE3,
    0xF0, 0xFC, 0x7F, 0x9F, 0xE3, 0xF1, 0xCE, 0x73, 0x80, 0x07, 0x00, 0xF0, 0x0F, 0x81, 0xD8, 0x1D,
    0x81, 0x9C, 0x39, 0xC3, 0xFC, 0x3F, 0xE7, 0x0E, 0x70, 0x77, 0x07, 0x00, 0x00, 0x60, 0x06, 0x00,
    0x7E, 0x7F, 0x07, 0x3F, 0xFF, 0xE7, 0xE7, 0xFF, 0x7B, 0x00, 0x18, 0x18, 0x0F, 0x00, 0xF0, 0x03,
    0x00, 0x40, 0x0F, 0x00, 0xF0, 0x0F, 0x81, 0xF8, 0x1D, 0x83, 0x9C, 0x39, 0xC3, 0xFC, 0x7F, 0xE7,
    0x0E, 0x70, 0x6E, 0x07, 0x18, 0x3C, 0x0C, 0x18, 0x00, 0x7E, 0x7F, 0x07, 0x3F, 0xFF, 0xE7, 0xE7,
    0xFF, 0x7B, 0x00, 0x60, 0xEC, 0x1B, 0x00, 0x00, 0x0F, 0x00, 0xF0, 0x1F, 0x01, 0xB8, 0x1B, 0x83,
    0x98, 0x39, 0xC7, 0xFC, 0x7F, 0xC7, 0x0E, 0xE0, 0xEE, 0x06, 0x01, 0x8F, 0x43, 0x60, 0x00, 0x7E,
    0x1F, 0xC0, 0x70, 0xFC, 0xFF, 0x39, 0xCE, 0x73, 0xFC, 0x7B, 0x00, 0x60, 0x06, 0xF0, 0x1F, 0x00,
    0x00, 0x0F, 0x00, 0xF0, 0x1F, 0x01, 0xB8, 0x1B, 0x83, 0x98, 0x39, 0xC7, 0xFC, 0x7F, 0xC7, 0x0E,
    0xE0, 0xEE, 0x06, 0x60, 0x0D, 0xC0, 0xD8, 0x00, 0x1F, 0x87, 0xF0, 0x1C, 0x3F, 0x3F, 0xCE, 0x73,
    0x9C, 0xFF, 0x1E, 0xC0, 0x00, 0xE0, 0x01, 0x01, 0xD0, 0x1B, 0x00, 0x00, 0x07, 0x80, 0x3C, 0x01,
    0xF0, 0x1D, 0x80, 0xEE, 0x06, 0x70, 0x71, 0x83, 0xFE, 0x1F, 0xF1, 0xC3, 0x8E, 0x0E, 0x70, 0x70,
    0x03, 0x80, 0xC7, 0x47, 0xC0, 0x03, 0xF1, 0xFC, 0x0E, 0x3F, 0x7F, 0xB9, 0xDC, 0xEF, 0xF3, 0xD8,
    0x0E, 0x81, 0xB8, 0x06, 0x00, 0xF0, 0x19, 0x80, 0xF0, 0x0F, 0x01, 0xF0, 0x1B, 0x81, 0xB8, 0x39,
    0x83, 0x9C, 0x7F, 0xC7, 0xFC, 0x70, 0xEE, 0x0E, 0xE0, 0x60, 0x3B, 0x2E, 0x00, 0x1C, 0x36, 0x00,
    0x7E, 0x7F, 0x07, 0x3F, 0xFF, 0xE7, 0xE7, 0xFF, 0x7B, 0x07, 0x00, 0xF8, 0x18, 0x80, 0x70, 0x0F,
    0x00, 0xF8, 0x1D, 0x81, 0xD8, 0x19, 0xC3, 0x9C, 0x3F, 0xC3, 0xFE, 0x70, 0xE7, 0x07, 0x70, 0x70,
    0x00, 0x06, 0x00, 0x60, 0x1C, 0x36, 0x00, 0x7E, 0x7F, 0x07, 0x3F, 0xFF, 0xE7, 0xE7, 0xFF, 0x7B,
    0x00, 0x18, 0x18, 0x03, 0x01, 0x68, 0x1F, 0x80, 0xF0, 0x0F, 0x00, 0xF0, 0x1F, 0x01, 0xF8, 0x19,
    0x83, 0x9C, 0x39, 0xC3, 0xFC, 0x7F, 0xE7, 0x0E, 0x70, 0xEE, 0x07, 0x0C, 0x08, 0x62, 0x3E, 0x1C,
    0x7E, 0x7F, 0x07, 0x3F, 0xFF, 0xE7, 0xE7, 0xFF, 0x7B, 0x0C, 0x01, 0x68, 0x1F, 0x80, 0xF0, 0x0F,
    0x00, 0xF0, 0x1F, 0x01, 0xF8, 0x19, 0x83, 0x9C, 0x39, 0xC3, 0xFC, 0x7F, 0xE7, 0x0E, 0x70, 0xEE,
    0x07, 0x10, 0x18, 0x62, 0x3E, 0x1C, 0x7E, 0x7F, 0x07, 0x3F, 0xFF, 0xE7, 0xE7, 0xFF, 0x7B, 0x03,
    0x00, 0x18, 0x03, 0x30, 0x1F, 0x00, 0x70, 0x03, 0xC0, 0x1E, 0x01, 0xF0, 0x0D, 0xC0, 0xEE, 0x07,
    0x30, 0x39, 0xC3, 0xFE, 0x1F, 0xF0, 0xE1, 0xCE, 0x0E, 0x70, 0x70, 0x18, 0x08, 0x66, 0x3E, 0x1C,
    0x7E, 0x7F, 0x07, 0x3F, 0xFF, 0xE7, 0xE7, 0xFF, 0x7B, 0x06, 0x40, 0x6E, 0x03, 0x30, 0x1F, 0x80,
    0x78, 0x03, 0x80, 0x3E, 0x01, 0xF0, 0x0D, 0x80, 0xEE, 0x07, 0x30, 0x31, 0xC3, 0xFE, 0x1F, 0xF0,
    0xC1, 0xCE, 0x0E, 0x70, 0x70, 0x3F, 0x00, 0x33, 0x3E, 0x1C, 0x7E, 0x7F, 0x07, 0x3F, 0xFF, 0xE7,
    0xE7, 0xFF, 0x7B, 0x19, 0x81, 0xF8, 0x0F, 0x00, 0xE0, 0x0F, 0x01, 0xF0, 0x1B, 0x81, 0xB8, 0x39,
    0x83, 0x9C, 0x3F, 0xC7, 0xFC, 0x70, 0xE6, 0x0E, 0xE0, 0xE0, 0x00, 0x06, 0x00, 0x60, 0x3F, 0x1E,
    0x00, 0x3E, 0x3F, 0x07, 0x3F, 0xFF, 0xE7, 0xE7, 0xFF, 0x7B, 0x00, 0x18, 0x18, 0xFF, 0xFF, 0x87,
    0x0E, 0x1F, 0xFF, 0xF0, 0xE1, 0xC3, 0xFF, 0xF0, 0x06, 0x0C, 0x00, 0x3E, 0x3F, 0xB8, 0xDF, 0xFF,
    0xFF, 0x03, 0x80, 0xFE, 0x3F, 0x00, 0x03, 0x01, 0x80, 0x78, 0xF0, 0x60, 0x0F, 0xFF, 0xF8, 0x70,
    0xE1, 0xFF, 0xFF, 0x0E, 0x1C, 0x3F, 0xFF, 0x1C, 0x0F, 0x03, 0x81, 0x80, 0x01, 0xF1, 0xFD, 0xC6,
    0xFF, 0xFF, 0xF8, 0x1C, 0x07, 0xF1, 0xF8, 0x76, 0xFE, 0xCC, 0xFE, 0xFE, 0xE0, 0xE0, 0xE0, 0xFE,
    0xFE, 0xE0, 0xE0, 0xE0, 0xFE, 0xFE, 0x3F, 0x3F, 0x00, 0x07, 0xC7, 0xF7, 0x1B, 0xFF, 0xFF, 0xE0,
    0x70, 0x1F, 0xC7, 0xE0, 0x01, 0x8F, 0xC7, 0xE0, 0x00, 0x7F, 0x1F, 0xC7, 0x01, 0xC0, 0x70, 0x1F,
    0xC7, 0xF1, 0xC0, 0x70, 0x1C, 0x07, 0xF1, 0xFC, 0x01, 0xC7, 0x63, 0x60, 0x00, 0x3E, 0x1F, 0xCE,
    0x33, 0xFE, 0xFF, 0xB8, 0x0E, 0x01, 0xFC, 0x3F, 0x00, 0x60, 0x1B, 0xC1, 0xF0, 0x00, 0x1F, 0xC7,
    0xF1, 0xC0, 0x70, 0x1C, 0x07, 0xF1, 0xFC, 0x70, 0x1C, 0x07, 0x01, 0xFC, 0x7F, 0x60, 0x06, 0xE0,
    0x36, 0x00, 0x00, 0xF8, 0x3F, 0x8E, 0x31, 0xFF, 0x3F, 0xE7, 0x00, 0xE0, 0x0F, 0xE0, 0xFC, 0x03,
    0x00, 0xCF, 0xCF, 0xC0, 0x03, 0xF9, 0xFC, 0xE0, 0x70, 0x38, 0x1F, 0xCF, 0xE7, 0x03, 0x81, 0xC0,
    0xFE, 0x7F, 0x00, 0x01, 0x80, 0x47, 0x46, 0xC0, 0x01, 0xF1, 0xFD, 0xC6, 0xFF, 0xFF, 0xF8, 0x1C,
    0x07, 0xF1, 0xF8, 0x74, 0xB8, 0x41, 0xC6, 0xDF, 0xFF, 0xF0, 0xE1, 0xC3, 0xFF, 0xFE, 0x1C, 0x38,
    0x7F, 0xFE, 0x39, 0x13, 0x00, 0x03, 0xC3, 0x30, 0x00, 0xF8, 0xFE, 0xE3, 0x7F, 0xFF, 0xFC, 0x0E,
    0x03, 0xF8, 0xFC, 0x38, 0xFB, 0x17, 0xFF, 0xFC, 0x38, 0x70, 0xFF, 0xFF, 0x87, 0x0E, 0x1F, 0xFF,
    0x80, 0x30, 0x60, 0x1C, 0x3B, 0x00, 0x07, 0xC7, 0xF7, 0x1B, 0xFF, 0xFF, 0xE0, 0x70, 0x1F, 0xC7,
    0xE0, 0x00, 0x60, 0x30, 0x73, 0x8C, 0x4F, 0xFD, 0xCE, 0x73, 0x9C, 0xE7, 0x3B, 0xFF, 0x73, 0xCC,
    0xE0, 0x39, 0xCE, 0x73, 0x9C, 0xE7, 0x38, 0xFF, 0xDC, 0xE7, 0x39, 0xCE, 0x73, 0xBF, 0xF0, 0x31,
    0x80, 0xD8, 0x7F, 0xFF, 0xFF, 0xF1, 0xB0, 0x1F, 0x87, 0xFC, 0x70, 0xEE, 0x0E, 0xE0, 0x6E, 0x07,
    0xE0, 0x7E, 0x06, 0xE0, 0xE7, 0x0E, 0x7F, 0xC1, 0xF8, 0x00, 0x00, 0x60, 0x06, 0x00, 0x3E, 0x3F,
    0xB8, 0xFC, 0x7E, 0x3F, 0x1F, 0x8E, 0xFE, 0x3E, 0x00, 0x06, 0x03, 0x00, 0x0E, 0x01, 0xE0, 0x1C,
    0x03, 0x00, 0x40, 0x3E, 0x1F, 0xF3, 0x8E, 0xE0, 0xFC, 0x1F, 0x83, 0xF0, 0x7E, 0x0F, 0xC1, 0xDC,
    0x73, 0xFE, 0x1F, 0x00, 0x1C, 0x0F, 0x03, 0x81, 0x80, 0x01, 0xF1, 0xFD, 0xC7, 0xE3, 0xF1, 0xF8,
    0xFC, 0x77, 0xF1, 0xF0, 0x00, 0xE1, 0xD8, 0x6C, 0x00, 0x01, 0xF0, 0xFF, 0x9C, 0x77, 0x07, 0xE0,
    0xFC, 0x1F, 0x83, 0xF0, 0x7E, 0x0E, 0xE3, 0x9F, 0xF0, 0xF8, 0x00, 0xC7, 0x63, 0x60, 0x00, 0x3E,
    0x1F, 0xCE, 0x3B, 0x8E, 0xE3, 0xB8, 0xEE, 0x39, 0xFC, 0x3E, 0x00, 0xC0, 0x0D, 0xC0, 0x6C, 0x00,
    0x01, 0xF0, 0xFF, 0x9C, 0x77, 0x07, 0xE0, 0xFC, 0x1F, 0x83, 0xF0, 0x7E, 0x0E, 0xE3, 0x9F, 0xF0,
    0xF8, 0x60, 0x06, 0xE0, 0x36, 0x00, 0x00, 0xF8, 0x3F, 0x8E, 0x39, 0xC7, 0x38, 0xE7, 0x1C, 0xE3,
    0x8F, 0xE0, 0xF8, 0x00, 0xC0, 0x08, 0x3A, 0x0D, 0x80, 0x00, 0x3E, 0x1F, 0xF3, 0x8E, 0xE0, 0xFC,
    0x1F, 0x83, 0xF0, 0x7E, 0x0F, 0xC1, 0xDC, 0x73, 0xFE, 0x1F, 0x00, 0x01, 0x80, 0x47, 0x46, 0xC0,
    0x01, 0xF1, 0xFD, 0xC7, 0xE3, 0xF1, 0xF8, 0xFC, 0x77, 0xF1, 0xF0, 0x0C, 0x82, 0x60, 0x18, 0x07,
    0x81, 0x98, 0x3E, 0x1F, 0xF3, 0x8E, 0xE0, 0xFC, 0x1F, 0x83, 0xF0, 0x7E, 0x0F, 0xC1, 0xDC, 0x73,
    0xFE, 0x1F, 0x00, 0x19, 0x13, 0x80, 0x03, 0xC3, 0x30, 0x00, 0xF8, 0xFE, 0xE3, 0xF1, 0xF8, 0xFC,
    0x7E, 0x3B, 0xF8, 0xF8, 0x06, 0x00, 0xF0, 0x1B, 0x81, 0x18, 0x1F, 0x87, 0xFC, 0x70, 0xEE, 0x0E,
    0xE0, 0x6E, 0x07, 0xE0, 0x7E, 0x06, 0xE0, 0xE7, 0x0E, 0x7F, 0xC1, 0xF8, 0x00, 0x00, 0x60, 0x06,
    0x00, 0x1C, 0x1B, 0x00, 0x07, 0xC7, 0xF7, 0x1F, 0x8F, 0xC7, 0xE3, 0xF1, 0xDF, 0xC7, 0xC0, 0x00,
    0xC0, 0x60, 0x03, 0x00, 0x38, 0x01, 0x80, 0x18, 0x01, 0xFB, 0xBF, 0xFD, 0xC7, 0xDC, 0x1C, 0xE0,
    0xE7, 0x07, 0x38, 0x39, 0xC1, 0xCE, 0x0E, 0x38, 0xE1, 0xFF, 0x03, 0xE0, 0x07, 0x00, 0xC0, 0x00,
    0x63, 0xEE, 0x7F, 0xCE, 0x38, 0xE3, 0x8E, 0x38, 0xE3, 0x8E, 0x38, 0x7F, 0x03, 0xE0, 0x18, 0x00,
    0xE0, 0x03, 0x80, 0x04, 0x01, 0xFB, 0xBF, 0xFD, 0xC7, 0xDC, 0x1C, 0xE0, 0xE7, 0x07, 0x38, 0x39,
    0xC1, 0xCE, 0x0E, 0x38, 0xE1, 0xFF, 0x03, 0xE0, 0x38, 0x01, 0xC0, 0x00, 0x63, 0xEE, 0x7F, 0xCE,
    0x38, 0xE3, 0x8E, 0x38, 0xE3, 0x8E, 0x38, 0x7F, 0x03, 0xE0, 0x0E, 0x00, 0x70, 0x01, 0x80, 0x0C,
    0x00, 0xC0, 0x0F, 0xDD, 0xFF, 0xEE, 0x3E, 0xE0, 0xE7, 0x07, 0x38, 0x39, 0xC1, 0xCE, 0x0E, 0x70,
    0x71, 0xC7, 0x0F, 0xF8, 0x1F, 0x00, 0x1C, 0x01, 0xE0, 0x0E, 0x01, 0xC0, 0x00, 0x63, 0xEE, 0x7F,
    0xCE, 0x38, 0xE3, 0x8E, 0x38, 0xE3, 0x8E, 0x38, 0x7F, 0x03, 0xE0, 0x1D, 0x80, 0xFC, 0x0C, 0xC0,
    0x3F, 0x77, 0xFF, 0xB8, 0xFB, 0x83, 0x9C, 0x1C, 0xE0, 0xE7, 0x07, 0x38, 0x39, 0xC1, 0xC7, 0x1C,
    0x3F, 0xE0, 0x7C, 0x00, 0x3F, 0x07, 0xE0, 0x00, 0x63, 0xEE, 0x7F, 0xCE, 0x38, 0xE3, 0x8E, 0x38,
    0xE3, 0x8E, 0x38, 0x7F, 0x03, 0xE0, 0x1F, 0x99, 0xFF, 0xE7, 0x0F, 0x38, 0x38, 0xE0, 0x63, 0x81,
    0x8E, 0x07, 0x38, 0x18, 0xE0, 0xE1, 0xC3, 0x87, 0xFC, 0x07, 0xE0, 0x00, 0x00, 0x18, 0x00, 0x60,
    0x00, 0x00, 0x60, 0x0E, 0x3E, 0xE7, 0xFC, 0xE3, 0x8E, 0x38, 0xE3, 0x8E, 0x38, 0xE3, 0x87, 0xF0,
    0x3E, 0x00, 0x00, 0x18, 0x01, 0x80, 0xE1, 0xF8, 0x7E, 0x1F, 0x87, 0xE1, 0xF8, 0x7E, 0x1F, 0x87,
    0xE1, 0xFC, 0xF7, 0xF8, 0xFC, 0x00, 0x06, 0x01, 0x80, 0xE3, 0xF1, 0xF8, 0xFC, 0x7E, 0x3F, 0x1F,
    0x9F, 0xFF, 0x7F, 0x80, 0x06, 0x03, 0x00, 0x1C, 0x07, 0x80, 0xE0, 0x30, 0x00, 0x38, 0x7E, 0x1F,
    0x87, 0xE1, 0xF8, 0x7E, 0x1F, 0x87, 0xE1, 0xF8, 0x7F, 0x3D, 0xFE, 0x3F, 0x00, 0x1C, 0x1E, 0x03,
    0x03, 0x80, 0x07, 0x1F, 0x8F, 0xC7, 0xE3, 0xF1, 0xF8, 0xFC, 0xFF, 0xFB, 0xFC, 0x03, 0x00, 0x1C,
    0x00, 0xE0, 0x02, 0x00, 0xE1, 0xDF, 0x87, 0xEE, 0x1F, 0x38, 0x70, 0xE1, 0xC3, 0x87, 0x0E, 0x1C,
    0x38, 0x70, 0xE1, 0xC3, 0xCF, 0x07, 0xF8, 0x0F, 0xC0, 0x0E, 0x00, 0xE0, 0x00, 0x1D, 0xC7, 0xEE,
    0x3E, 0x71, 0xC3, 0x8E, 0x1C, 0x70, 0xE3, 0x87, 0x3C, 0x3F, 0xE0, 0xFF, 0x00, 0x30, 0x00, 0xE0,
    0x00, 0xC0, 0x01, 0x00, 0xE1, 0xDF, 0x87, 0xEE, 0x1F, 0x38, 0x70, 0xE1, 0xC3, 0x87, 0x0E, 0x1C,
    0x38, 0x70, 0xE1, 0xC3, 0xCF, 0x07, 0xF8, 0x0F, 0xC0, 0x38, 0x00, 0xE0, 0x00, 0x1D, 0xC7, 0xEE,
    0x3E, 0x71, 0xC3, 0x8E, 0x1C, 0x70, 0xE3, 0x87, 0x3C, 0x3F, 0xE0, 0xFF, 0x00, 0x1C, 0x00, 0x78,
    0x00, 0xE0, 0x03, 0x00, 0x08, 0x03, 0x87, 0x7E, 0x1F, 0xB8, 0x7C, 0xE1, 0xC3, 0x87, 0x0E, 0x1C,
    0x38, 0x70, 0xE1, 0xC3, 0x87, 0x0F, 0x3C, 0x1F, 0xE0, 0x3F, 0x00, 0x1C, 0x00, 0xE0, 0x03, 0x00,
    0x38, 0x00, 0x07, 0x71, 0xFB, 0x8F, 0x9C, 0x70, 0xE3, 0x87, 0x1C, 0x38, 0xE1, 0xCF, 0x0F, 0xF8,
    0x3F, 0xC0, 0x39, 0x00, 0xFC, 0x02, 0x60, 0x38, 0x77, 0xE1, 0xFB, 0x87, 0xCE, 0x1C, 0x38, 0x70,
    0xE1, 0xC3, 0x87, 0x0E, 0x1C, 0x38, 0x70, 0xF3, 0xC1, 0xFE, 0x03, 0xF0, 0x00, 0x3F, 0x03, 0xF0,
    0x00, 0x1D, 0xC7, 0xEE, 0x3E, 0x71, 0xC3, 0x8E, 0x1C, 0x70, 0xE3, 0x87, 0x3C, 0x3F, 0xE0, 0xFF,
    0x00, 0xE1, 0xDF, 0x87, 0xEE, 0x1F, 0x38, 0x70, 0xE1, 0xC3, 0x87, 0x0E, 0x1C, 0x38, 0x70, 0xE1,
    0xC3, 0xCF, 0x07, 0xF8, 0x0F, 0xC0, 0x00, 0x00, 0x60, 0x01, 0x80, 0x00, 0x00, 0x77, 0x1F, 0xB8,
    0xF9, 0xC7, 0x0E, 0x38, 0x71, 0xC3, 0x8E, 0x1C, 0xF0, 0xFF, 0x83, 0xFC, 0x00, 0x00, 0x30, 0x01,
    0x80, 0x00, 0x1C, 0x01, 0xC0, 0x00, 0x70, 0xE7, 0x1C, 0xE7, 0x0E, 0xE1, 0xF8, 0x1F, 0x03, 0xC0,
    0x38, 0x07, 0x00, 0xE0, 0x1C, 0x03, 0x80, 0x1C, 0x03, 0x80, 0x01, 0x87, 0x71, 0x9C, 0xE3, 0x38,
    0xEC, 0x1F, 0x07, 0xC1, 0xE0, 0x38, 0x0C, 0x07, 0x07, 0x81, 0xC0, 0xE1, 0xCE, 0x39, 0xCE, 0x1D,
    0xC3, 0xF0, 0x3E, 0x07, 0x80, 0x70, 0x0E, 0x01, 0xC0, 0x38, 0x07, 0x00, 0x00, 0x18, 0x03, 0x00,
    0x61, 0xDC, 0x67, 0x18, 0xCE, 0x3B, 0x06, 0xC1, 0xF0, 0x78, 0x0E, 0x03, 0x01, 0xC1, 0xE7, 0x71,
    0x80, 0x0E, 0x01, 0xE0, 0x18, 0x02, 0x0E, 0x0E, 0xE3, 0x9C, 0x61, 0xDC, 0x3F, 0x03, 0xE0, 0x78,
    0x07, 0x00, 0xE0, 0x1C, 0x03, 0x80, 0x70, 0x1C, 0x07, 0x80, 0x60, 0x30, 0x00, 0x18, 0x77, 0x19,
    0xCE, 0x33, 0x8E, 0xC3, 0xF0, 0x78, 0x1E, 0x03, 0x80, 0xC0, 0x70, 0x78, 0x1C, 0x00, 0x1D, 0x87,
    0xE0, 0x9C, 0x70, 0xE7, 0x1C, 0xE7, 0x0E, 0xE1, 0xF8, 0x1F, 0x03, 0xC0, 0x38, 0x07, 0x00, 0xE0,
    0x1C, 0x03, 0x80, 0x3F, 0x8F, 0xC0, 0x01, 0x87, 0x71, 0x9C, 0xE3, 0x38, 0xEC, 0x1F, 0x07, 0xC1,
    0xE0, 0x38, 0x0C, 0x07, 0x07, 0x81, 0xC0, 0xFF, 0xFF, 0xFF, 0xFF, 0xFF, 0xFC, 0xFF, 0xFF, 0xFF,
    0xFC, 0xFF, 0xFF, 0xFF, 0xFC, 0xCF, 0x3C, 0xF3, 0xCF, 0x3C, 0xF3, 0xCF, 0x3C, 0xF3, 0xCF, 0x3C,
    0xF3, 0xFE, 0x03, 0xF8, 0x00, 0x66, 0x6E, 0x66, 0xEC, 0x76, 0x6E, 0xE6, 0x66, 0x66, 0x66, 0x6E,
    0xEE, 0x66, 0x6E, 0xEE, 0xCC, 0x77, 0x66, 0x66, 0x6C, 0xEE, 0x6E, 0x66, 0x66, 0x18, 0x18, 0x18,
    0xFF, 0xFF, 0x18, 0x18, 0x18, 0x18, 0x18, 0x18, 0x18, 0x38, 0x70, 0x47, 0xFF, 0xE7, 0x0E, 0x7F,
    0xFE, 0x20, 0xE1, 0xC0, 0x77, 0xFF, 0xF7, 0x00, 0x02, 0x0E, 0x3E, 0xF3, 0x88, 0x00, 0xDF, 0x00,
    0xC6, 0xE7, 0xC6, 0xC6, 0x37, 0x39, 0xF1, 0x8C, 0xDF, 0x00, 0x78, 0x60, 0x07, 0xE7, 0x00, 0x3F,
    0x30, 0x01, 0xFB, 0x80, 0x0F, 0xD8, 0x00, 0x7F, 0xBC, 0x71, 0xFF, 0xF7, 0xCF, 0xDD, 0xF7, 0x06,
    0xEF, 0xB8, 0x67, 0x7D, 0xC3, 0x3F, 0x7C, 0x30, 0xF1, 0xC0, 0x78, 0x60, 0x00, 0x1F, 0x9C, 0x00,
    0x03, 0xF3, 0x00, 0x00, 0x7E, 0xC0, 0x00, 0x0F, 0xD8, 0x00, 0x01, 0xFE, 0xF1, 0xC7, 0x9F, 0xFF,
    0x7D, 0xFB, 0xF7, 0x7D, 0xFF, 0x06, 0xEF, 0xBF, 0xE1, 0x9D, 0xF7, 0xFC, 0x33, 0xF7, 0xDF, 0x8C,
    0x3C, 0x71, 0xE0, 0x18, 0xC7, 0x18, 0x1B, 0x99, 0x9D, 0x8C, 0xC0, 0x1B, 0xB1, 0x9B, 0x9D, 0x98,
    0xCD, 0x80, 0x60, 0xC1, 0x86, 0x66, 0x1B, 0x86, 0xC3, 0x30, 0x66, 0xE1, 0xBB, 0x06, 0xCC, 0x33,
    0x20, 0x10, 0x60, 0xE3, 0x44, 0xD8, 0x80, 0x01, 0x8C, 0xEE, 0x31, 0xC6, 0x00, 0x03, 0x18, 0xE3,
    0x99, 0xCC, 0x00, 0x06, 0x03, 0x39, 0x9D, 0x98, 0x71, 0x81, 0xD8, 0x67, 0x9B, 0x3C, 0xC3, 0xB0,
    0x38, 0xC3, 0xB3, 0x19, 0xCC, 0x0C, 0x00, 0xEF, 0xDF, 0xBF, 0x7E, 0xFD, 0xFB, 0xF7, 0x01, 0x8F,
    0xBE, 0x30, 0x3E, 0x3F, 0x8F, 0xE3, 0xF1, 0xF0, 0xF0, 0x70, 0x38, 0x00, 0x0C, 0x07, 0x03, 0x00,
    0xFF, 0xFF, 0x00, 0x10, 0x36, 0x18, 0x7C, 0x1F, 0x18, 0x64, 0x0C, 0x00, 0x06, 0x08, 0x30, 0x41,
    0x82, 0x0E, 0x14, 0x6C, 0x88, 0x00, 0xC0, 0x00, 0x18, 0x00, 0x1F, 0x60, 0x03, 0xFC, 0x00, 0x1E,
    0x00, 0x03, 0xE0, 0x00, 0xEC, 0x00, 0xC0, 0x38, 0x18, 0x06, 0x1B, 0x63, 0xDB, 0xFC, 0xFF, 0x1E,
    0x03, 0x83, 0xC0, 0xF8, 0xEC, 0x1B, 0x00, 0x00, 0x00, 0xFF, 0x01, 0x80, 0xE0, 0x30, 0x1C, 0x06,
    0x03, 0x00, 0xC0, 0x60, 0x18, 0x0C, 0x03, 0x01, 0x80, 0xFF, 0xEE, 0xEE, 0xFF, 0xEE, 0xEE, 0xFF,
    0xFF, 0xCE, 0x73, 0x9F, 0xFF, 0x39, 0xCE, 0x7F, 0xFC, 0x7C, 0x7C, 0xFE, 0xFE, 0x07, 0x07, 0x07,
    0x07, 0x0E, 0x0E, 0x1C, 0x1C, 0x38, 0x38, 0x30, 0x30, 0x00, 0x00, 0x30, 0x30, 0x38, 0x38, 0x30,
    0x30, 0x7C, 0x7F, 0xE7, 0x47, 0x70, 0x77, 0x0E, 0x71, 0xC7, 0x38, 0x73, 0x07, 0x00, 0x03, 0x06,
    0x38, 0x73, 0x06, 0xE7, 0xCE, 0xFE, 0xE0, 0x7E, 0x07, 0xE0, 0xEE, 0x1C, 0xE3, 0x8E, 0x30, 0x00,
    0x0C, 0x30, 0xE3, 0x8C, 0x30, 0xFF, 0xFF, 0x06, 0x0E, 0x0C, 0x1C, 0x18, 0x38, 0x70, 0x7F, 0x1F,
    0xE4, 0xF9, 0x3E, 0x4F, 0x93, 0xE4, 0xF9, 0x3E, 0x4E, 0x12, 0x04, 0x81, 0x20, 0x48, 0x12, 0x04,
    0x80, 0x3F, 0xBF, 0xFF, 0x3F, 0x9F, 0xCF, 0xE7, 0xF2, 0xFF, 0x3F, 0x80, 0x7F, 0x3F, 0xD7, 0xEB,
    0xF5, 0xFA, 0xFD, 0x7E, 0xFE, 0x7E, 0x00, 0x1C, 0x06, 0x1F, 0xDF, 0xF1, 0xC1, 0xF0, 0xD8, 0x00,
    0xDF, 0x00, 0x06, 0xED, 0x80, 0x1F, 0x18, 0x64, 0x0C, 0x00, 0x00, 0x00, 0x00, 0x00, 0x00, 0x00,
    0x00, 0x00, 0x00, 0x00, 0x00, 0x00, 0x04, 0x0D, 0x86, 0x1F, 0x00, 0x1C, 0x06, 0x1F, 0xDF, 0xF1,
    0xC1, 0xF0, 0xD8, 0x00, 0x1C, 0x06, 0x1F, 0xDF, 0xF1, 0xC1, 0xF0, 0xD8, 0x00, 0x63, 0x66, 0x06,
    0x06, 0x0C, 0x0C, 0x18, 0x18, 0x30, 0x32, 0x37, 0x63, 0x3F, 0x03, 0x3F, 0xFF, 0x98, 0x3F, 0x80,
    0x1F, 0x18, 0x64, 0x0C, 0x00, 0x08, 0x6A, 0x3C, 0xFF, 0xFF, 0x3E, 0x6A, 0x08, 0x06, 0x07, 0x06,
    0x00, 0xC0, 0xE0, 0xC0, 0x00, 0x00, 0x06, 0x07, 0x06, 0x1B, 0x36, 0x33, 0x66, 0x76, 0x6C, 0x6C,
    0xD8, 0x06, 0x00, 0x38, 0x01, 0x80, 0x00, 0x0C, 0x03, 0x70, 0x1F, 0x00, 0xC0, 0x00, 0x00, 0x00,
    0x30, 0x01, 0xC0, 0x0C, 0x00, 0xC0, 0x37, 0x01, 0xF0, 0x0C, 0x00, 0x00, 0x60, 0x03, 0x80, 0x18,
    0x00, 0x00, 0x00, 0x06, 0x01, 0xB8, 0x0F, 0x80, 0x60, 0xDF, 0x00, 0x00, 0x1B, 0xE0, 0x0C, 0x07,
    0x00, 0xC0, 0x00, 0x00, 0x30, 0x6E, 0x1F, 0x06, 0x00, 0x00, 0x00, 0xC0, 0x70, 0x0C, 0x00, 0x06,
    0x03, 0x31, 0x9D, 0x9C, 0xCC, 0x60, 0x60, 0x03, 0x03, 0xFF, 0xFF, 0xFF, 0x06, 0x03, 0x31, 0x9D,
    0x9C, 0xCC, 0x60, 0x60, 0x00, 0xDF, 0x0D, 0xF0, 0x1B, 0xE0, 0xDF, 0x6F, 0xB7, 0xDB, 0xE0, 0x31,
    0xEC, 0xF3, 0xCF, 0x3F, 0xDE, 0xCF, 0xFC, 0x18, 0xE7, 0x96, 0xFF, 0xF1, 0x86, 0x78, 0xF9, 0x03,
    0xC7, 0xC1, 0xBF, 0x3C, 0x39, 0xEE, 0x3E, 0xCF, 0x3F, 0xDE, 0xFF, 0xC6, 0x63, 0x19, 0x88, 0x39,
    0xFB, 0x33, 0xC7, 0x99, 0xBF, 0x3C, 0x73, 0xFC, 0xF3, 0x7C, 0x37, 0x9C, 0x21, 0x3F, 0xF2, 0x00,
    0xF8, 0x00, 0xFF, 0xFF, 0xF0, 0x66, 0xCC, 0xCC, 0xC6, 0x60, 0x63, 0x0C, 0x63, 0x18, 0xCC, 0x60,
    0xFD, 0x9B, 0x36, 0x6C, 0xC0, 0x31, 0xEC, 0xF3, 0xCF, 0x3F, 0xDE, 0x19, 0xE7, 0x86, 0x18, 0x61,
    0x80, 0x38, 0xF8, 0x30, 0x61, 0x86, 0x1F, 0x3E, 0x38, 0xF8, 0x31, 0xC3, 0x81, 0xBF, 0x3C, 0x18,
    0xE7, 0x96, 0xFF, 0xF1, 0x86, 0x78, 0xF9, 0x03, 0xC7, 0xC1, 0xBF, 0x3C, 0x39, 0xEE, 0x3E, 0xCF,
    0x3F, 0xDE, 0xFF, 0xC6, 0x63, 0x19, 0x88, 0x39, 0xFB, 0x33, 0xC7, 0x99, 0xBF, 0x3C, 0x73, 0xFC,
    0xF3, 0x7C, 0x37, 0x9C, 0x21, 0x3F, 0xF2, 0x00, 0xF8, 0x00, 0xFF, 0xFF, 0xF0, 0x66, 0xCC, 0xCC,
    0xC6, 0x60, 0x63, 0x0C, 0x63, 0x18, 0xCC, 0x60, 0x70, 0xDF, 0xBD, 0xFC, 0x7B, 0x6F, 0xF0, 0xC9,
    0xE0, 0x7B, 0x6C, 0xF3, 0xD9, 0xE0, 0xCC, 0xF0, 0xE1, 0xC7, 0x99, 0x80, 0x70, 0x60, 0xFF, 0xD9,
    0xC0, 0xC1, 0x83, 0xE6, 0x6C, 0xD9, 0xB3, 0x66, 0xC1, 0x83, 0x36, 0xCF, 0x1F, 0x36, 0x66, 0xDB,
    0x6D, 0xB6, 0xFF, 0xDB, 0xDB, 0xDB, 0xDB, 0xDB, 0xF9, 0x9B, 0x36, 0x6C, 0xD9, 0x80, 0xFB, 0x3C,
    0xF3, 0xCF, 0xEC, 0x30, 0x76, 0x3C, 0xE1, 0xF8, 0x63, 0xFC, 0xC6, 0x31, 0xE0, 0x3E, 0x3F, 0x38,
    0x1C, 0x0E, 0xFF, 0x7F, 0xB8, 0xFF, 0x3F, 0x87, 0x03, 0xE1, 0xF0, 0x05, 0x07, 0xE3, 0xF9, 0xEC,
    0xEB, 0x3A, 0x8E, 0xA3, 0xE8, 0xF6, 0x3D, 0x87, 0xF8, 0xFC, 0x34, 0x00, 0x00, 0x1F, 0x3F, 0x9C,
    0x1C, 0x0E, 0x07, 0x7B, 0xBD, 0xDC, 0xEE, 0x37, 0x1F, 0xC7, 0xE0, 0x7F, 0xBF, 0xDC, 0x0E, 0x07,
    0x03, 0xF9, 0xFC, 0xE0, 0xFC, 0x7E, 0x1C, 0x0E, 0x00, 0x1F, 0x1F, 0x9C, 0x0E, 0x0F, 0xE7, 0xF3,
    0xF9, 0xFC, 0x70, 0x38, 0x3F, 0xFF, 0xF0, 0x00, 0xC0, 0x03, 0x0D, 0xFF, 0x3F, 0xFE, 0xE7, 0x9B,
    0x9C, 0x7E, 0x71, 0xF9, 0xC7, 0xE7, 0x1F, 0xBC, 0x7E, 0xF1, 0xC6, 0x00, 0x18, 0x00, 0x73, 0x39,
    0x9C, 0xCF, 0x6F, 0xFB, 0xD9, 0xAD, 0xFF, 0x6F, 0x33, 0x99, 0xCC, 0xE0, 0xFC, 0x07, 0xF0, 0x3B,
    0x81, 0xCE, 0xCE, 0x76, 0x77, 0xFF, 0xFF, 0xFF, 0x1C, 0xE0, 0xE7, 0x07, 0x38, 0x1F, 0xC0, 0xF0,
    0xFC, 0x03, 0xF8, 0x0E, 0xE0, 0x3B, 0x9E, 0xEE, 0xFB, 0xBB, 0x0F, 0xCE, 0x3E, 0x1E, 0xFC, 0x1B,
    0xB8, 0x7E, 0xEF, 0xB9, 0xFE, 0xC6, 0x3C, 0x63, 0xEF, 0x76, 0xF6, 0x6F, 0x66, 0xF6, 0xFF, 0xF7,
    0xFE, 0x79, 0xE3, 0x9C, 0x39, 0xC3, 0x9C, 0xFE, 0x3F, 0xF9, 0xF8, 0xEF, 0xFF, 0x7F, 0xFB, 0xFF,
    0xDF, 0xFE, 0xFF, 0xF7, 0xFF, 0xBF, 0xE3, 0xBF, 0xFD, 0xFF, 0xC0, 0x03, 0x83, 0xF0, 0xFC, 0xEE,
    0x7F, 0xB9, 0xEE, 0x3B, 0x8E, 0xE3, 0xB9, 0xE7, 0xF8, 0xEE, 0x00, 0x1F, 0xC0, 0x00, 0x1F, 0x9F,
    0xDC, 0x0E, 0x0F, 0xE7, 0xF1, 0x81, 0xF8, 0x70, 0x38, 0x0F, 0xE3, 0xE0, 0x71, 0xDC, 0xE7, 0x71,
    0xDC, 0x7E, 0x3F, 0xEF, 0xF9, 0xF8, 0x77, 0x1D, 0xC7, 0x39, 0xC7, 0xFF, 0xFF, 0xC7, 0x03, 0xE1,
    0xE0, 0xE1, 0xFC, 0xBC, 0x1C, 0x3E, 0x17, 0x03, 0x80, 0x7F, 0x00, 0x3F, 0xC0, 0x00, 0x70, 0x03,
    0x18, 0x03, 0x8E, 0x01, 0xC7, 0x00, 0xE3, 0xBC, 0x63, 0xBF, 0x31, 0xD9, 0xB9, 0xDC, 0xDF, 0xCF,
    0xEF, 0xC7, 0xE0, 0x03, 0x00, 0x01, 0x80, 0x01, 0xC0, 0x00, 0xC0, 0x07, 0x83, 0xF0, 0xFC, 0x3F,
    0x0F, 0xC3, 0xE0, 0x78, 0x0C, 0x13, 0x8F, 0xE3, 0xDD, 0xB7, 0x01, 0xC0, 0x70, 0x3C, 0x0E, 0x7E,
    0x3F, 0x9D, 0xDF, 0xF7, 0x37, 0xFD, 0xDC, 0xFE, 0x7E, 0x38, 0x1C, 0x0E, 0x00, 0x1F, 0xCF, 0xF7,
    0xC3, 0x90, 0xE4, 0x39, 0xFE, 0x7F, 0x97, 0xE5, 0xDD, 0x77, 0xFC, 0x7F, 0x04, 0x00, 0x00, 0x07,
    0x00, 0x7C, 0x03, 0xE0, 0x1F, 0x00, 0xD8, 0x3F, 0xF8, 0x77, 0x0F, 0xFE, 0x38, 0xE1, 0x83, 0x1C,
    0x1C, 0xE0, 0xE0, 0x7E, 0x3F, 0x80, 0xE0, 0x7F, 0xF9, 0xF9, 0xF9, 0xFF, 0xE0, 0x70, 0x1F, 0xE7,
    0xE0, 0x0C, 0x1F, 0xDF, 0xFE, 0x8E, 0x47, 0x23, 0x91, 0xC8, 0xE4, 0x3A, 0x1F, 0xE7, 0xE0, 0x40,
    0x19, 0x83, 0x98, 0x7F, 0xF7, 0xFF, 0x3B, 0x83, 0xB8, 0x3B, 0x83, 0xB8, 0x3B, 0x83, 0x9F, 0x39,
    0xF0, 0x03, 0xE0, 0xFE, 0x0E, 0x00, 0xE0, 0x0F, 0x00, 0x7C, 0x03, 0xE0, 0x1F, 0x7F, 0xFE, 0xDF,
    0x64, 0xE3, 0xFC, 0x24, 0x80, 0x00, 0xFF, 0xFF, 0xC0, 0x00, 0x0F, 0xFF, 0xFC, 0x70, 0x38, 0x1C,
    0x0E, 0x07, 0x03, 0x80, 0x00, 0xFF, 0x1C, 0x1C, 0xFF, 0x1C, 0x7C, 0xF8, 0xE0, 0x70, 0x38, 0x38,
    0x1C, 0x70, 0x3B, 0x1F, 0x9E, 0x0F, 0xE3, 0xE3, 0xC6, 0xE7, 0x73, 0xBB, 0x9F, 0x8F, 0x80, 0x70,
    0x04, 0xC0, 0x26, 0x01, 0xFF, 0xE7, 0xFF, 0x8C, 0x04, 0x6F, 0x23, 0xBE, 0x18, 0x01, 0xE0, 0x03,
    0xF8, 0x07, 0xC0, 0x07, 0x00, 0x38, 0x01, 0xC0, 0x3F, 0x87, 0xFF, 0x3B, 0xBB, 0x9C, 0xFC, 0xE7,
    0xE7, 0x3F, 0x01, 0xF8, 0x0F, 0xC0, 0x70, 0x3F, 0x8F, 0xF3, 0x9C, 0xE7, 0x39, 0xFF, 0xEF, 0xF0,
    0xE0, 0xFE, 0x3F, 0x83, 0x80, 0xE0, 0x1F, 0x83, 0xFC, 0x7A, 0xEE, 0xAE, 0xEA, 0x7E, 0xA7, 0xE0,
    0x0E, 0x00, 0x60, 0x07, 0x00, 0x7F, 0xE7, 0xFE, 0x28, 0xFC, 0xFE, 0xEE, 0xEE, 0xEE, 0xFC, 0xFE,
    0xE7, 0xE7, 0xE7, 0xFE, 0xFC, 0x28, 0x28, 0x3E, 0x7E, 0xE0, 0xE0, 0xE0, 0xE0, 0xE0, 0x7E, 0x3E,
    0x00, 0xFE, 0xFE, 0x7F, 0xBF, 0xC0, 0x3C, 0x7B, 0xE7, 0xDC, 0x39, 0xFF, 0xEF, 0xFF, 0x38, 0x71,
    0xC3, 0x8E, 0x1C, 0x70, 0xE3, 0x87, 0x1C, 0x38, 0xE1, 0xC0, 0x3E, 0xDF, 0x37, 0x03, 0xF7, 0xFD,
    0xDC, 0x77, 0x1D, 0xC7, 0x71, 0xDC, 0x77, 0x1D, 0xC7, 0x3F, 0xDF, 0xF7, 0x1F, 0xF7, 0xFD, 0xDC,
    0x77, 0x1D, 0xC7, 0x71, 0xDC, 0x77, 0x1D, 0xC7, 0x3C, 0x7B, 0x3E, 0x7D, 0x9C, 0x38, 0x1F, 0xFE,
    0x7F, 0xFF, 0x3B, 0x87, 0x1D, 0xC3, 0x8E, 0xE1, 0xC7, 0x70, 0xE3, 0xB8, 0x71, 0xDC, 0x38, 0xEE,
    0x1C, 0x70, 0x3C, 0x7B, 0xBE, 0x7D, 0xDC, 0x38, 0xFF, 0xFE, 0x7F, 0xFF, 0x3B, 0x87, 0x1D, 0xC3,
    0x8E, 0xE1, 0xC7, 0x70, 0xE3, 0xB8, 0x71, 0xDC, 0x38, 0xEE, 0x1C, 0x70, 0x3E, 0x1F, 0xF3, 0x8E,
    0x73, 0xFE, 0x7F, 0xC7, 0x38, 0xE7, 0x1C, 0xE3, 0x9C, 0x73, 0x8F, 0xF0, 0xF0, 0x07, 0xE0, 0x3F,
    0xC0, 0xE7, 0x1F, 0xBF, 0xFE, 0xFF, 0x81, 0xCF, 0x87, 0x1F, 0x9C, 0x1E, 0x70, 0x39, 0xCF, 0xE3,
    0xFF, 0x0F, 0x00, 0x80, 0x01, 0xC0, 0x03, 0xE0, 0x07, 0xF0, 0x0C, 0x18, 0x1F, 0x9C, 0x3F, 0x9E,
    0x7F, 0x3F, 0x7E, 0x7F, 0x3E, 0x7E, 0x1F, 0xFC, 0x0E, 0x78, 0x06, 0x70, 0x03, 0xE0, 0x01, 0xC0,
    0x00, 0x00,
};

static const EpdGlyph notosans_8_boldGlyphs[] = {
    { 0, 0, 0, 0, 0, 0, 0 }, // U+0000
    { 0, 0, 69, 0, 0, 0, 0 }, // U+000D
    { 0, 0, 69, 0, 0, 0, 0 }, // U+0020
    { 3, 12, 75, 1, 12, 5, 0 }, // !
    { 6, 4, 128, 1, 12, 3, 5 }, // "
    { 10, 12, 172, 1, 12, 15, 8 }, // #
    { 9, 13, 153, 0, 12, 15, 23 }, // $
    { 15, 12, 241, 1, 12, 23, 38 }, // %
    { 12, 12, 200, 1, 12, 18, 61 }, // &
    { 3, 4, 71, 1, 12, 2, 79 }, // '
    { 5, 14, 90, 1, 12, 9, 81 }, // (
    { 6, 14, 90, 0, 12, 11, 90 }, // )
    { 9, 8, 145, 0, 12, 9, 101 }, // *
    { 8, 8, 153, 1, 10, 8, 110 }, // +
    { 4, 4, 76, 0, 2, 2, 118 }, // ,
    { 4, 2, 85, 1, 5, 1, 120 }, // -
    { 3, 3, 75, 1, 3, 2, 121 }, // .
    { 7, 12, 111, 0, 12, 11, 123 }, // /
    { 9, 12, 153, 1, 12, 14, 134 }, // 0
    { 7, 12, 153, 0, 12, 11, 148 }, // 1
    { 9, 12, 153, 0, 12, 14, 159 }, // 2
    { 9, 12, 153, 0, 12, 14, 173 }, // 3
    { 9, 12, 153, 1, 12, 14, 187 }, // 4
    { 9, 12, 153, 0, 12, 14, 201 }, // 5
    { 9, 12, 153, 1, 12, 14, 215 }, // 6
    { 9, 12, 153, 1, 12, 14, 229 }, // 7
    { 9, 12, 153, 1, 12, 14, 243 }, // 8
    { 9, 12, 153, 1, 12, 14, 257 }, // 9
    { 3, 9, 75, 1, 9, 4, 271 }, // :
    { 4, 11, 76, 0, 9, 6, 275 }, // ;
    { 8, 10, 153, 1, 11, 10, 281 }, // <
    { 8, 5, 153, 1, 8, 5, 291 }, // =
    { 8, 10, 153, 1, 11, 10, 296 }, // >
    { 8, 12, 127, 0, 12, 12, 306 }, // ?
    { 14, 14, 240, 1, 12, 25, 318 }, // @
    { 12, 12, 185, 0, 12, 18, 343 }, // A
    { 9, 12, 177, 1, 12, 14, 361 }, // B
    { 10, 12, 171, 1, 12, 15, 375 }, // C
    { 10, 12, 195, 1, 12, 15, 390 }, // D
    { 7, 12, 149, 1, 12, 11, 405 }, // E
    { 7, 12, 146, 1, 12, 11, 416 }, // F
    { 10, 12, 193, 1, 12, 15, 427 }, // G
    { 10, 12, 204, 1, 12, 15, 442 }, // H
    { 5, 12, 104, 1, 12, 8, 457 }, // I
    { 6, 15, 88, -2, 12, 12, 465 }, // J
    { 10, 12, 177, 1, 12, 15, 477 }, // K
    { 8, 12, 149, 1, 12, 12, 492 }, // L
    { 13, 12, 252, 1, 12, 20, 504 }, // M
    { 11, 12, 217, 1, 12, 17, 524 }, // N
    { 11, 12, 211, 1, 12, 17, 541 }, // O
    { 8, 12, 166, 1, 12, 12, 558 }, // P
    { 11, 15, 211, 1, 12, 21, 570 }, // Q
    { 10, 12, 175, 1, 12, 15, 591 }, // R
    { 8, 12, 147, 1, 12, 12, 606 }, // S
    { 9, 12, 154, 1, 12, 14, 618 }, // T
    { 10, 12, 202, 1, 12, 15, 632 }, // U
    { 11, 12, 173, 0, 12, 17, 647 }, // V
    { 17, 12, 258, 0, 12, 26, 664 }, // W
    { 12, 12, 179, 0, 12, 18, 690 }, // X
    { 11, 12, 167, 0, 12, 17, 708 }, // Y
    { 9, 12, 154, 1, 12, 14, 725 }, // Z
    { 4, 14, 88, 1, 12, 7, 739 }, // [
    { 7, 12, 111, 0, 12, 11, 746 }, // <backslash>
    { 5, 14, 88, 1, 12, 9, 757 }, // ]
    { 10, 8, 153, 0, 12, 10, 766 }, // ^
    { 7, 2, 110, 0, -1, 2, 776 }, // _
    { 6, 3, 97, 0, 13, 3, 778 }, // `
    { 8, 9, 160, 1, 9, 9, 781 }, // a
    { 9, 12, 169, 1, 12, 14, 790 }, // b
    { 8, 9, 138, 1, 9, 9, 804 }, // c
    { 9, 12, 169, 1, 12, 14, 813 }, // d
    { 9, 9, 159, 1, 9, 11, 827 }, // e
    { 7, 12, 103, 1, 12, 11, 838 }, // f
    { 9, 13, 169, 1, 9, 15, 849 }, // g
    { 9, 12, 173, 1, 12, 14, 864 }, // h
    { 3, 12, 80, 1, 12, 5, 878 }, // i
    { 5, 16, 79, -1, 12, 10, 883 }, // j
    { 10, 12, 165, 1, 12, 15, 893 }, // k
    { 3, 12, 79, 1, 12, 5, 908 }, // l
    { 14, 9, 260, 1, 9, 16, 913 }, // m
    { 9, 9, 173, 1, 9, 11, 929 }, // n
    { 9, 9, 167, 1, 9, 11, 940 }, // o
    { 9, 13, 169, 1, 9, 15, 951 }, // p
    { 9, 13, 169, 1, 9, 15, 966 }, // q
    { 7, 9, 119, 1, 9, 8, 981 }, // r
    { 8, 9, 134, 0, 9, 9, 989 }, // s
    { 6, 11, 116, 1, 11, 9, 998 }, // t
    { 9, 9, 173, 1, 9, 11, 1007 }, // u
    { 10, 9, 152, 0, 9, 12, 1018 }, // v
    { 15, 9, 228, 0, 9, 17, 1030 }, // w
    { 10, 9, 154, 0, 9, 12, 1047 }, // x
    { 10, 13, 152, 0, 9, 17, 1059 }, // y
    { 7, 9, 132, 1, 9, 8, 1076 }, // z
    { 6, 14, 105, 1, 12, 11, 1084 }, // {
    { 2, 16, 147, 4, 12, 4, 1095 }, // |
    { 6, 14, 105, 0, 12, 11, 1099 }, // }
    { 8, 4, 153, 1, 7, 4, 1110 }, // ~
    { 0, 0, 69, 0, 0, 0, 1114 }, // U+00A0
    { 3, 12, 76, 1, 9, 5, 1114 }, // U+00A1
    { 8, 12, 153, 1, 12, 12, 1119 }, // U+00A2
    { 9, 12, 153, 1, 12, 14, 1131 }, // U+00A3
    { 9, 9, 152, 0, 10, 11, 1145 }, // U+00A4
    { 10, 12, 153, 0, 12, 15, 1156 }, // U+00A5
    { 2, 16, 147, 4, 12, 4, 1171 }, // U+00A6
    { 7, 12, 130, 1, 12, 11, 1175 }, // U+00A7
    { 6, 2, 158, 2, 12, 2, 1186 }, // U+00A8
    { 12, 12, 222, 1, 12, 18, 1188 }, // U+00A9
    { 6, 6, 102, 0, 12, 5, 1206 }, // U+00AA
    { 9, 9, 164, 1, 9, 11, 1211 }, // U+00AB
    { 9, 5, 153, 0, 7, 6, 1222 }, // U+00AC
    { 4, 2, 85, 1, 5, 1, 1228 }, // U+00AD
    { 12, 12, 222, 1, 12, 18, 1229 }, // U+00AE
    { 8, 2, 133, 0, 14, 2, 1247 }, // U+00AF
    { 6, 6, 113, 1, 12, 5, 1249 }, // U+00B0
    { 8, 10, 153, 1, 10, 10, 1254 }, // U+00B1
    { 7, 8, 101, 0, 15, 7, 1264 }, // U+00B2
    { 7, 8, 101, 0, 15, 7, 1271 }, // U+00B3
    { 6, 3, 97, 0, 13, 3, 1278 }, // U+00B4
    { 9, 13, 174, 1, 9, 15, 1281 }, // U+00B5
    { 9, 15, 173, 1, 12, 17, 1296 }, // U+00B6
    { 3, 3, 75, 1, 7, 2, 1313 }, // U+00B7
    { 4, 5, 70, 0, 0, 3, 1315 }, // U+00B8
    { 6, 7, 101, 0, 14, 6, 1318 }, // U+00B9
    { 6, 6, 103, 1, 12, 5, 1324 }, // U+00BA
    { 9, 9, 164, 0, 9, 11, 1329 }, // U+00BB
    { 14, 12, 221, -1, 12, 21, 1340 }, // U+00BC
    { 14, 12, 233, -1, 12, 21, 1361 }, // U+00BD
    { 14, 11, 225, 0, 11, 20, 1382 }, // U+00BE
    { 8, 12, 127, 1, 9, 12, 1402 }, // U+00BF
    { 12, 15, 185, 0, 15, 23, 1414 }, // U+00C0
    { 12, 15, 185, 0, 15, 23, 1437 }, // U+00C1
    { 12, 15, 185, 0, 15, 23, 1460 }, // U+00C2
    { 12, 15, 185, 0, 15, 23, 1483 }, // U+00C3
    { 12, 15, 185, 0, 15, 23, 1506 }, // U+00C4
    { 12, 14, 185, 0, 14, 21, 1529 }, // U+00C5
    { 15, 12, 254, 0, 12, 23, 1550 }, // U+00C6
    { 10, 16, 171, 1, 12, 20, 1573 }, // U+00C7
    { 7, 15, 149, 1, 15, 14, 1593 }, // U+00C8
    { 7, 15, 149, 1, 15, 14, 1607 }, // U+00C9
    { 7, 15, 149, 1, 15, 14, 1621 }, // U+00CA
    { 7, 15, 149, 1, 15, 14, 1635 }, // U+00CB
    { 6, 15, 104, 0, 15, 12, 1649 }, // U+00CC
    { 6, 15, 104, 1, 15, 12, 1661 }, // U+00CD
    { 7, 15, 104, 0, 15, 14, 1673 }, // U+00CE
    { 5, 15, 104, 1, 15, 10, 1687 }, // U+00CF
    { 11, 12, 195, 1, 12, 17, 1697 }, // U+00D0
    { 11, 15, 215, 1, 15, 21, 1714 }, // U+00D1
    { 11, 16, 211, 1, 16, 22, 1735 }, // U+00D2
    { 11, 16, 211, 1, 16, 22, 1757 }, // U+00D3
    { 11, 16, 211, 1, 16, 22, 1779 }, // U+00D4
    { 11, 15, 211, 1, 15, 21, 1801 }, // U+00D5
    { 11, 15, 211, 1, 15, 21, 1822 }, // U+00D6
    { 8, 8, 153, 1, 10, 8, 1843 }, // U+00D7
    { 11, 14, 211, 1, 13, 20, 1851 }, // U+00D8
    { 10, 16, 202, 1, 16, 20, 1871 }, // U+00D9
    { 10, 16, 202, 1, 16, 20, 1891 }, // U+00DA
    { 10, 16, 202, 1, 16, 20, 1911 }, // U+00DB
    { 10, 15, 202, 1, 15, 19, 1931 }, // U+00DC
    { 11, 15, 167, 0, 15, 21, 1950 }, // U+00DD
    { 8, 12, 168, 1, 12, 12, 1971 }, // U+00DE
    { 10, 12, 188, 1, 12, 15, 1983 }, // U+00DF
    { 8, 12, 160, 1, 12, 12, 1998 }, // U+00E0
    { 8, 12, 160, 1, 12, 12, 2010 }, // U+00E1
    { 8, 12, 160, 1, 12, 12, 2022 }, // U+00E2
    { 8, 12, 160, 1, 12, 12, 2034 }, // U+00E3
    { 8, 12, 160, 1, 12, 12, 2046 }, // U+00E4
    { 8, 14, 160, 1, 14, 14, 2058 }, // U+00E5
    { 14, 9, 245, 1, 9, 16, 2072 }, // U+00E6
    { 8, 13, 138, 1, 9, 13, 2088 }, // U+00E7
    { 9, 12, 159, 1, 12, 14, 2101 }, // U+00E8
    { 9, 12, 159, 1, 12, 14, 2115 }, // U+00E9
    { 9, 12, 159, 1, 12, 14, 2129 }, // U+00EA
    { 9, 12, 159, 1, 12, 14, 2143 }, // U+00EB
    { 6, 12, 80, -1, 12, 9, 2157 }, // U+00EC
    { 6, 12, 80, 0, 12, 9, 2166 }, // U+00ED
    { 8, 12, 80, -2, 12, 12, 2175 }, // U+00EE
    { 6, 12, 80, 0, 12, 9, 2187 }, // U+00EF
    { 9, 13, 167, 1, 13, 15, 2196 }, // U+00F0
    { 9, 12, 173, 1, 12, 14, 2211 }, // U+00F1
    { 9, 12, 167, 1, 12, 14, 2225 }, // U+00F2
    { 9, 12, 167, 1, 12, 14, 2239 }, // U+00F3
    { 9, 12, 167, 1, 12, 14, 2253 }, // U+00F4
    { 9, 12, 167, 1, 12, 14, 2267 }, // U+00F5
    { 9, 12, 167, 1, 12, 14, 2281 }, // U+00F6
    { 8, 8, 153, 1, 10, 8, 2295 }, // U+00F7
    { 9, 11, 165, 1, 10, 13, 2303 }, // U+00F8
    { 9, 12, 173, 1, 12, 14, 2316 }, // U+00F9
    { 9, 12, 173, 1, 12, 14, 2330 }, // U+00FA
    { 9, 12, 173, 1, 12, 14, 2344 }, // U+00FB
    { 9, 12, 173, 1, 12, 14, 2358 }, // U+00FC
    { 10, 16, 152, 0, 12, 20, 2372 }, // U+00FD
    { 9, 16, 169, 1, 12, 18, 2392 }, // U+00FE
    { 10, 16, 152, 0, 12, 20, 2410 }, // U+00FF
    { 13, 14, 185, 0, 14, 23, 2430 }, // U+0100
    { 8, 12, 160, 1, 12, 12, 2453 }, // U+0101
    { 12, 15, 185, 0, 15, 23, 2465 }, // U+0102
    { 8, 12, 160, 1, 12, 12, 2488 }, // U+0103
    { 13, 16, 185, -1, 12, 26, 2500 }, // U+0104
    { 8, 13, 160, 1, 9, 13, 2526 }, // U+0105
    { 10, 16, 171, 1, 16, 20, 2539 }, // U+0106
    { 8, 12, 138, 1, 12, 12, 2559 }, // U+0107
    { 10, 16, 171, 1, 16, 20, 2571 }, // U+0108
    { 8, 12, 138, 1, 12, 12, 2591 }, // U+0109
    { 10, 15, 171, 1, 15, 19, 2603 }, // U+010A
    { 8, 12, 138, 1, 12, 12, 2622 }, // U+010B
    { 10, 16, 171, 1, 16, 20, 2634 }, // U+010C
    { 8, 12, 138, 1, 12, 12, 2654 }, // U+010D
    { 10, 15, 195, 1, 15, 19, 2666 }, // U+010E
    { 13, 12, 169, 1, 12, 20, 2685 }, // U+010F
    { 11, 12, 195, 1, 12, 17, 2705 }, // U+0110
    { 10, 12, 172, 1, 12, 15, 2722 }, // U+0111
    { 7, 14, 149, 1, 14, 13, 2737 }, // U+0112
    { 9, 12, 159, 1, 12, 14, 2750 }, // U+0113
    { 7, 15, 149, 1, 15, 14, 2764 }, // U+0114
    { 9, 12, 159, 1, 12, 14, 2778 }, // U+0115
    { 7, 15, 149, 1, 15, 14, 2792 }, // U+0116
    { 9, 12, 159, 1, 12, 14, 2806 }, // U+0117
    { 7, 16, 149, 1, 12, 14, 2820 }, // U+0118
    { 9, 13, 158, 1, 9, 15, 2834 }, // U+0119
    { 8, 15, 149, 1, 15, 15, 2849 }, // U+011A
    { 9, 12, 159, 1, 12, 14, 2864 }, // U+011B
    { 10, 16, 193, 1, 16, 20, 2878 }, // U+011C
    { 9, 16, 169, 1, 12, 18, 2898 }, // U+011D
    { 10, 16, 193, 1, 16, 20, 2916 }, // U+011E
    { 9, 16, 169, 1, 12, 18, 2936 }, // U+011F
    { 10, 15, 193, 1, 15, 19, 2954 }, // U+0120
    { 9, 16, 169, 1, 12, 18, 2973 }, // U+0121
    { 10, 16, 193, 1, 12, 20, 2991 }, // U+0122
    { 9, 16, 169, 1, 12, 18, 3011 }, // U+0123
    { 10, 15, 204, 1, 15, 19, 3029 }, // U+0124
    { 12, 16, 173, -2, 16, 24, 3048 }, // U+0125
    { 13, 12, 204, 0, 12, 20, 3072 }, // U+0126
    { 10, 12, 175, 1, 12, 15, 3092 }, // U+0127
    { 8, 15, 104, -1, 15, 15, 3107 }, // U+0128
    { 8, 12, 80, -2, 12, 12, 3122 }, // U+0129
    { 5, 14, 104, 1, 14, 9, 3134 }, // U+012A
    { 6, 12, 80, 0, 12, 9, 3143 }, // U+012B
    { 6, 15, 104, 1, 15, 12, 3152 }, // U+012C
    { 6, 12, 80, 0, 12, 9, 3164 }, // U+012D
    { 5, 16, 104, 1, 12, 10, 3173 }, // U+012E
    { 3, 16, 80, 1, 12, 6, 3183 }, // U+012F
    { 5, 15, 104, 1, 15, 10, 3189 }, // U+0130
    { 3, 9, 80, 1, 9, 4, 3199 }, // U+0131
    { 10, 15, 193, 1, 12, 19, 3203 }, // U+0132
    { 8, 16, 163, 1, 12, 16, 3222 }, // U+0133
    { 8, 19, 88, -2, 16, 19, 3238 }, // U+0134
    { 7, 16, 79, -1, 12, 14, 3257 }, // U+0135
    { 10, 16, 176, 1, 12, 20, 3271 }, // U+0136
    { 10, 16, 165, 1, 12, 20, 3291 }, // U+0137
    { 10, 9, 165, 1, 9, 12, 3311 }, // U+0138
    { 9, 15, 149, 0, 15, 17, 3323 }, // U+0139
    { 6, 16, 79, 0, 16, 12, 3340 }, // U+013A
    { 8, 16, 149, 1, 12, 16, 3352 }, // U+013B
    { 4, 16, 79, 0, 12, 8, 3368 }, // U+013C
    { 8, 12, 149, 1, 12, 12, 3376 }, // U+013D
    { 7, 12, 79, 1, 12, 11, 3388 }, // U+013E
    { 8, 12, 149, 1, 12, 12, 3399 }, // U+013F
    { 6, 12, 98, 1, 12, 9, 3411 }, // U+0140
    { 10, 12, 151, -1, 12, 15, 3420 }, // U+0141
    { 7, 12, 81, -1, 12, 11, 3435 }, // U+0142
    { 11, 15, 215, 1, 15, 21, 3446 }, // U+0143
    { 9, 12, 173, 1, 12, 14, 3467 }, // U+0144
    { 11, 16, 215, 1, 12, 22, 3481 }, // U+0145
    { 9, 13, 173, 1, 9, 15, 3503 }, // U+0146
    { 11, 15, 215, 1, 15, 21, 3518 }, // U+0147
    { 9, 12, 173, 1, 12, 14, 3539 }, // U+0148
    { 13, 12, 207, -1, 12, 20, 3553 }, // U+0149
    { 11, 15, 217, 1, 12, 21, 3573 }, // U+014A
    { 9, 13, 173, 1, 9, 15, 3594 }, // U+014B
    { 11, 14, 211, 1, 14, 20, 3609 }, // U+014C
    { 9, 12, 167, 1, 12, 14, 3629 }, // U+014D
    { 11, 16, 211, 1, 16, 22, 3643 }, // U+014E
    { 9, 12, 167, 1, 12, 14, 3665 }, // U+014F
    { 11, 15, 211, 1, 15, 21, 3679 }, // U+0150
    { 9, 12, 167, 1, 12, 14, 3700 }, // U+0151
    { 15, 12, 260, 1, 12, 23, 3714 }, // U+0152
    { 15, 9, 261, 1, 9, 17, 3737 }, // U+0153
    { 10, 15, 175, 1, 15, 19, 3754 }, // U+0154
    { 7, 12, 119, 1, 12, 11, 3773 }, // U+0155
    { 10, 16, 175, 1, 12, 20, 3784 }, // U+0156
    { 8, 13, 119, 0, 9, 13, 3804 }, // U+0157
    { 10, 15, 175, 1, 15, 19, 3817 }, // U+0158
    { 8, 12, 119, 0, 12, 12, 3836 }, // U+0159
    { 8, 16, 147, 1, 16, 16, 3848 }, // U+015A
    { 8, 12, 134, 0, 12, 12, 3864 }, // U+015B
    { 8, 16, 147, 1, 16, 16, 3876 }, // U+015C
    { 8, 12, 134, 0, 12, 12, 3892 }, // U+015D
    { 8, 16, 147, 1, 12, 16, 3904 }, // U+015E
    { 8, 13, 134, 0, 9, 13, 3920 }, // U+015F
    { 8, 16, 147, 1, 16, 16, 3933 }, // U+0160
    { 8, 12, 134, 0, 12, 12, 3949 }, // U+0161
    { 9, 16, 154, 1, 12, 18, 3961 }, // U+0162
    { 6, 15, 116, 1, 11, 12, 3979 }, // U+0163
    { 9, 15, 154, 1, 15, 17, 3991 }, // U+0164
    { 9, 12, 116, 1, 12, 14, 4008 }, // U+0165
    { 9, 12, 154, 1, 12, 14, 4022 }, // U+0166
    { 6, 11, 116, 1, 11, 9, 4036 }, // U+0167
    { 10, 15, 202, 1, 15, 19, 4045 }, // U+0168
    { 9, 12, 173, 1, 12, 14, 4064 }, // U+0169
    { 10, 14, 202, 1, 14, 18, 4078 }, // U+016A
    { 9, 12, 173, 1, 12, 14, 4096 }, // U+016B
    { 10, 16, 202, 1, 16, 20, 4110 }, // U+016C
    { 9, 12, 173, 1, 12, 14, 4130 }, // U+016D
    { 10, 16, 202, 1, 16, 20, 4144 }, // U+016E
    { 9, 14, 173, 1, 14, 16, 4164 }, // U+016F
    { 10, 15, 202, 1, 15, 19, 4180 }, // U+0170
    { 9, 12, 173, 1, 12, 14, 4199 }, // U+0171
    { 10, 16, 202, 1, 12, 20, 4213 }, // U+0172
    { 8, 13, 173, 1, 9, 13, 4233 }, // U+0173
    { 17, 15, 258, 0, 15, 32, 4246 }, // U+0174
    { 15, 12, 230, 0, 12, 23, 4278 }, // U+0175
    { 11, 15, 167, 0, 15, 21, 4301 }, // U+0176
    { 10, 16, 152, 0, 12, 20, 4322 }, // U+0177
    { 12, 15, 167, -1, 15, 23, 4342 }, // U+0178
    { 9, 15, 154, 1, 15, 17, 4365 }, // U+0179
    { 7, 12, 132, 1, 12, 11, 4382 }, // U+017A
    { 9, 15, 154, 1, 15, 17, 4393 }, // U+017B
    { 7, 12, 132, 1, 12, 11, 4410 }, // U+017C
    { 9, 15, 154, 1, 15, 17, 4421 }, // U+017D
    { 8, 12, 132, 1, 12, 12, 4438 }, // U+017E
    { 6, 12, 102, 1, 12, 9, 4450 }, // U+017F
    { 13, 12, 219, 1, 12, 20, 4459 }, // U+01A0
    { 12, 11, 182, 1, 11, 17, 4479 }, // U+01A1
    { 14, 12, 236, 1, 12, 21, 4496 }, // U+01AF
    { 13, 10, 202, 1, 10, 17, 4517 }, // U+01B0
    { 20, 15, 349, 1, 15, 38, 4534 }, // U+01C4
    { 19, 12, 327, 1, 12, 29, 4572 }, // U+01C5
    { 18, 12, 300, 1, 12, 27, 4601 }, // U+01C6
    { 12, 15, 239, 1, 12, 23, 4628 }, // U+01C7
    { 12, 16, 232, 1, 12, 24, 4651 }, // U+01C8
    { 8, 16, 163, 1, 12, 16, 4675 }, // U+01C9
    { 16, 15, 305, 1, 12, 30, 4691 }, // U+01CA
    { 16, 16, 298, 1, 12, 32, 4721 }, // U+01CB
    { 14, 16, 257, 1, 12, 28, 4753 }, // U+01CC
    { 12, 15, 185, 0, 15, 23, 4781 }, // U+01CD
    { 8, 12, 160, 1, 12, 12, 4804 }, // U+01CE
    { 7, 15, 104, 0, 15, 14, 4816 }, // U+01CF
    { 9, 12, 80, -2, 12, 14, 4830 }, // U+01D0
    { 11, 16, 211, 1, 16, 22, 4844 }, // U+01D1
    { 9, 12, 167, 1, 12, 14, 4866 }, // U+01D2
    { 10, 16, 202, 1, 16, 20, 4880 }, // U+01D3
    { 9, 12, 173, 1, 12, 14, 4900 }, // U+01D4
    { 10, 17, 202, 1, 17, 22, 4914 }, // U+01D5
    { 9, 14, 173, 1, 14, 16, 4936 }, // U+01D6
    { 10, 17, 202, 1, 17, 22, 4952 }, // U+01D7
    { 9, 14, 173, 1, 14, 16, 4974 }, // U+01D8
    { 10, 17, 202, 1, 17, 22, 4990 }, // U+01D9
    { 9, 15, 173, 1, 15, 17, 5012 }, // U+01DA
    { 10, 17, 202, 1, 17, 22, 5029 }, // U+01DB
    { 9, 14, 173, 1, 14, 16, 5051 }, // U+01DC
    { 9, 9, 159, 1, 9, 11, 5067 }, // U+01DD
    { 13, 17, 185, -1, 17, 28, 5078 }, // U+01DE
    { 8, 14, 160, 1, 14, 14, 5106 }, // U+01DF
    { 13, 17, 185, 0, 17, 28, 5120 }, // U+01E0
    { 8, 14, 160, 1, 14, 14, 5148 }, // U+01E1
    { 15, 14, 254, 0, 14, 27, 5162 }, // U+01E2
    { 14, 12, 245, 1, 12, 21, 5189 }, // U+01E3
    { 11, 12, 193, 1, 12, 17, 5210 }, // U+01E4
    { 9, 13, 170, 1, 9, 15, 5227 }, // U+01E5
    { 10, 16, 193, 1, 16, 20, 5242 }, // U+01E6
    { 9, 16, 169, 1, 12, 18, 5262 }, // U+01E7
    { 10, 15, 176, 1, 15, 19, 5280 }, // U+01E8
    { 13, 16, 165, -2, 16, 26, 5299 }, // U+01E9
    { 11, 16, 211, 1, 12, 22, 5325 }, // U+01EA
    { 9, 13, 167, 1, 9, 15, 5347 }, // U+01EB
    { 11, 18, 211, 1, 14, 25, 5362 }, // U+01EC
    { 9, 16, 167, 1, 12, 18, 5387 }, // U+01ED
    { 10, 16, 158, 0, 16, 20, 5405 }, // U+01EE
    { 9, 16, 155, 0, 12, 18, 5425 }, // U+01EF
    { 8, 16, 79, -1, 12, 16, 5443 }, // U+01F0
    { 20, 12, 349, 1, 12, 30, 5459 }, // U+01F1
    { 18, 12, 327, 1, 12, 27, 5489 }, // U+01F2
    { 17, 12, 300, 1, 12, 26, 5516 }, // U+01F3
    { 10, 16, 193, 1, 16, 20, 5542 }, // U+01F4
    { 9, 16, 169, 1, 12, 18, 5562 }, // U+01F5
    { 15, 12, 280, 1, 12, 23, 5580 }, // U+01F6
    { 9, 16, 180, 1, 12, 18, 5603 }, // U+01F7
    { 11, 15, 215, 1, 15, 21, 5621 }, // U+01F8
    { 9, 12, 173, 1, 12, 14, 5642 }, // U+01F9
    { 12, 16, 184, 0, 16, 24, 5656 }, // U+01FA
    { 8, 16, 160, 1, 16, 16, 5680 }, // U+01FB
    { 15, 15, 254, 0, 15, 29, 5696 }, // U+01FC
    { 14, 12, 245, 1, 12, 21, 5725 }, // U+01FD
    { 11, 17, 211, 1, 16, 24, 5746 }, // U+01FE
    { 9, 13, 165, 1, 12, 15, 5770 }, // U+01FF
    { 12, 15, 185, 0, 15, 23, 5785 }, // U+0200
    { 9, 12, 160, 0, 12, 14, 5808 }, // U+0201
    { 12, 15, 185, 0, 15, 23, 5822 }, // U+0202
    { 8, 12, 160, 1, 12, 12, 5845 }, // U+0203
    { 8, 15, 149, 0, 15, 15, 5857 }, // U+0204
    { 10, 12, 159, 0, 12, 15, 5872 }, // U+0205
    { 7, 15, 149, 1, 15, 14, 5887 }, // U+0206
    { 9, 12, 159, 1, 12, 14, 5901 }, // U+0207
    { 7, 15, 104, -1, 15, 14, 5915 }, // U+0208
    { 8, 12, 80, -3, 12, 12, 5929 }, // U+0209
    { 7, 15, 104, 0, 15, 14, 5941 }, // U+020A
    { 7, 12, 80, -1, 12, 11, 5955 }, // U+020B
    { 11, 15, 211, 1, 15, 21, 5966 }, // U+020C
    { 9, 12, 167, 1, 12, 14, 5987 }, // U+020D
    { 11, 16, 211, 1, 16, 22, 6001 }, // U+020E
    { 9, 12, 167, 1, 12, 14, 6023 }, // U+020F
    { 11, 15, 175, 0, 15, 21, 6037 }, // U+0210
    { 9, 12, 119, -1, 12, 14, 6058 }, // U+0211
    { 10, 15, 175, 1, 15, 19, 6072 }, // U+0212
    { 7, 12, 119, 0, 12, 11, 6091 }, // U+0213
    { 10, 15, 202, 1, 15, 19, 6102 }, // U+0214
    { 10, 12, 173, 0, 12, 15, 6121 }, // U+0215
    { 10, 16, 202, 1, 16, 20, 6136 }, // U+0216
    { 9, 12, 173, 1, 12, 14, 6156 }, // U+0217
    { 8, 16, 147, 1, 12, 16, 6170 }, // U+0218
    { 8, 13, 134, 0, 9, 13, 6186 }, // U+0219
    { 9, 16, 154, 1, 12, 18, 6199 }, // U+021A
    { 6, 15, 116, 1, 11, 12, 6217 }, // U+021B
    { 10, 15, 168, 0, 12, 19, 6229 }, // U+021C
    { 8, 13, 135, 1, 9, 13, 6248 }, // U+021D
    { 10, 15, 204, 1, 15, 19, 6261 }, // U+021E
    { 12, 16, 173, -2, 16, 24, 6280 }, // U+021F
    { 5, 3, 0, -9, 13, 2, 6304 }, // U+0300
    { 6, 3, 0, -7, 13, 3, 6306 }, // U+0301
    { 8, 3, 0, -4, 13, 3, 6309 }, // U+0302
    { 8, 3, 0, -10, 13, 3, 6312 }, // U+0303
    { 6, 2, 0, -3, 12, 2, 6315 }, // U+0304
    { 7, 2, 0, -3, 14, 2, 6317 }, // U+0305
    { 6, 3, 0, -3, 13, 3, 6319 }, // U+0306
    { 3, 2, 0, -1, 12, 1, 6322 }, // U+0307
    { 6, 2, 0, -3, 12, 2, 6323 }, // U+0308
    { 4, 5, 0, -7, 14, 3, 6325 }, // U+0309
    { 4, 4, 0, -2, 14, 2, 6328 }, // U+030A
    { 8, 3, 0, -3, 13, 3, 6330 }, // U+030B
    { 8, 3, 0, -4, 13, 3, 6333 }, // U+030C
    { 2, 3, 0, -1, 13, 1, 6336 }, // U+030D
    { 5, 3, 0, -2, 13, 2, 6337 }, // U+030E
    { 8, 3, 0, -10, 13, 3, 6339 }, // U+030F
    { 6, 4, 0, -3, 14, 3, 6342 }, // U+0310
    { 7, 3, 0, -4, 13, 3, 6345 }, // U+0311
    { 4, 4, 0, -2, 12, 2, 6348 }, // U+0312
    { 4, 4, 0, -2, 12, 2, 6350 }, // U+0313
    { 4, 4, 0, -2, 12, 2, 6352 }, // U+0314
    { 4, 4, 0, -2, 12, 2, 6354 }, // U+0315
    { 6, 3, 0, -3, 0, 3, 6356 }, // U+0316
    { 6, 3, 0, -3, 0, 3, 6359 }, // U+0317
    { 3, 3, 0, -1, -1, 2, 6362 }, // U+0318
    { 4, 3, 0, -2, -1, 2, 6364 }, // U+0319
    { 5, 4, 80, -1, 12, 3, 6366 }, // U+031A
    { 5, 4, 0, -1, 12, 3, 6369 }, // U+031B
    { 2, 4, 0, -1, 0, 1, 6372 }, // U+031C
    { 5, 3, 0, -2, 0, 2, 6373 }, // U+031D
    { 5, 3, 0, -2, -1, 2, 6375 }, // U+031E
    { 5, 3, 0, -2, -1, 2, 6377 }, // U+031F
    { 3, 1, 0, -2, -2, 1, 6379 }, // U+0320
    { 5, 5, 0, -4, 1, 4, 6380 }, // U+0321
    { 4, 5, 0, 0, 1, 3, 6384 }, // U+0322
    { 3, 2, 0, -7, -1, 1, 6387 }, // U+0323
    { 6, 2, 0, -3, -1, 2, 6388 }, // U+0324
    { 4, 4, 0, -2, 0, 2, 6390 }, // U+0325
    { 4, 3, 0, -2, -1, 2, 6392 }, // U+0326
    { 4, 5, 0, -2, 0, 3, 6394 }, // U+0327
    { 3, 5, 0, -2, 1, 2, 6397 }, // U+0328
    { 2, 3, 0, -1, 0, 1, 6399 }, // U+0329
    { 7, 3, 0, -4, -1, 3, 6400 }, // U+032A
    { 7, 2, 0, -3, -1, 2, 6403 }, // U+032B
    { 8, 3, 0, -4, 0, 3, 6405 }, // U+032C
    { 8, 3, 0, -4, 0, 3, 6408 }, // U+032D
    { 6, 3, 0, -3, 0, 3, 6411 }, // U+032E
    { 7, 3, 0, -4, -1, 3, 6414 }, // U+032F
    { 8, 3, 0, -4, 0, 3, 6417 }, // U+0330
    { 6, 2, 0, -3, -1, 2, 6420 }, // U+0331
    { 8, 2, 0, -4, -1, 2, 6422 }, // U+0332
    { 7, 4, 0, -4, -1, 4, 6424 }, // U+0333
    { 8, 3, 0, -4, 6, 3, 6428 }, // U+0334
    { 7, 2, 0, -3, 6, 2, 6431 }, // U+0335
    { 12, 2, 0, -6, 6, 3, 6433 }, // U+0336
    { 6, 5, 0, -3, 7, 4, 6436 }, // U+0337
    { 8, 14, 0, -4, 13, 14, 6440 }, // U+0338
    { 2, 4, 0, -1, 0, 1, 6454 }, // U+0339
    { 7, 4, 0, -4, 0, 4, 6455 }, // U+033A
    { 6, 3, 0, -3, -1, 3, 6459 }, // U+033B
    { 7, 2, 0, -3, -1, 2, 6462 }, // U+033C
    { 4, 4, 0, -2, 13, 2, 6464 }, // U+033D
    { 4, 5, 0, -2, 14, 3, 6466 }, // U+033E
    { 7, 4, 0, -4, 15, 4, 6469 }, // U+033F
    { 6, 3, 0, -4, 13, 3, 6473 }, // U+0340
    { 5, 3, 0, -1, 13, 2, 6476 }, // U+0341
    { 8, 3, 0, -4, 13, 3, 6478 }, // U+0342
    { 3, 3, 0, -2, 12, 2, 6481 }, // U+0343
    { 9, 3, 0, -3, 13, 4, 6483 }, // U+0344
    { 4, 3, 0, -1, -1, 2, 6487 }, // U+0345
    { 8, 3, 0, -4, 12, 3, 6489 }, // U+0346
    { 7, 4, 0, -4, -1, 4, 6492 }, // U+0347
    { 5, 3, 0, -2, 0, 2, 6496 }, // U+0348
    { 4, 3, 0, -2, -1, 2, 6498 }, // U+0349
    { 8, 4, 0, -4, 13, 4, 6500 }, // U+034A
    { 8, 6, 0, -4, 15, 6, 6504 }, // U+034B
    { 6, 5, 0, -3, 14, 4, 6510 }, // U+034C
    { 7, 3, 0, -4, -1, 3, 6514 }, // U+034D
    { 4, 4, 0, -2, 0, 2, 6517 }, // U+034E
    { 0, 0, 0, 0, 0, 0, 6519 }, // U+034F
    { 3, 3, 0, -2, 13, 2, 6519 }, // U+0350
    { 3, 4, 0, -1, 14, 2, 6521 }, // U+0351
    { 6, 4, 0, -3, 14, 3, 6523 }, // U+0352
    { 4, 4, 0, -2, 0, 2, 6526 }, // U+0353
    { 3, 3, 0, -1, -1, 2, 6528 }, // U+0354
    { 3, 3, 0, -2, -1, 2, 6530 }, // U+0355
    { 7, 3, 0, -3, -1, 3, 6532 }, // U+0356
    { 2, 4, 0, -1, 14, 1, 6535 }, // U+0357
    { 3, 2, 0, 2, 12, 1, 6536 }, // U+0358
    { 4, 4, 0, -2, -1, 2, 6537 }, // U+0359
    { 7, 4, 0, -3, 0, 4, 6539 }, // U+035A
    { 4, 4, 0, -2, 14, 2, 6543 }, // U+035B
    { 14, 3, 0, -7, -1, 6, 6545 }, // U+035C
    { 14, 3, 0, -7, 12, 6, 6551 }, // U+035D
    { 10, 2, 0, -5, 11, 3, 6557 }, // U+035E
    { 10, 2, 0, -5, -1, 3, 6560 }, // U+035F
    { 14, 3, 0, -7, 13, 6, 6563 }, // U+0360
    { 14, 4, 0, -7, 15, 7, 6569 }, // U+0361
    { 14, 5, 0, -6, 1, 9, 6576 }, // U+0362
    { 4, 5, 0, -2, 14, 3, 6585 }, // U+0363
    { 4, 5, 0, -2, 14, 3, 6588 }, // U+0364
    { 2, 5, 0, -1, 15, 2, 6591 }, // U+0365
    { 4, 4, 0, -2, 14, 2, 6593 }, // U+0366
    { 5, 5, 0, -2, 15, 4, 6595 }, // U+0367
    { 4, 4, 0, -1, 14, 2, 6599 }, // U+0368
    { 4, 5, 0, -2, 15, 3, 6601 }, // U+0369
    { 5, 5, 0, -2, 15, 4, 6604 }, // U+036A
    { 8, 4, 0, -4, 14, 4, 6608 }, // U+036B
    { 4, 4, 0, -2, 14, 2, 6612 }, // U+036C
    { 4, 5, 0, -1, 15, 3, 6614 }, // U+036D
    { 5, 4, 0, -2, 14, 3, 6617 }, // U+036E
    { 6, 4, 0, -3, 14, 3, 6620 }, // U+036F
    { 7, 15, 150, 1, 15, 14, 6623 }, // U+0400
    { 7, 15, 150, 1, 15, 14, 6637 }, // U+0401
    { 12, 12, 204, 1, 12, 18, 6651 }, // U+0402
    { 8, 15, 150, 1, 15, 15, 6669 }, // U+0403
    { 10, 12, 174, 1, 12, 15, 6684 }, // U+0404
    { 8, 12, 146, 1, 12, 12, 6699 }, // U+0405
    { 3, 12, 86, 1, 12, 5, 6711 }, // U+0406
    { 5, 15, 88, 1, 15, 10, 6716 }, // U+0407
    { 6, 15, 88, -2, 12, 12, 6726 }, // U+0408
    { 17, 12, 276, 0, 12, 26, 6738 }, // U+0409
    { 16, 12, 284, 1, 12, 24, 6764 }, // U+040A
    { 12, 12, 208, 1, 12, 18, 6788 }, // U+040B
    { 10, 15, 182, 1, 15, 19, 6806 }, // U+040C
    { 10, 15, 211, 1, 15, 19, 6825 }, // U+040D
    { 11, 16, 172, 0, 16, 22, 6844 }, // U+040E
    { 10, 15, 204, 1, 12, 19, 6866 }, // U+040F
    { 12, 12, 185, 0, 12, 18, 6885 }, // U+0410
    { 9, 12, 173, 1, 12, 14, 6903 }, // U+0411
    { 9, 12, 177, 1, 12, 14, 6917 }, // U+0412
    { 8, 12, 150, 1, 12, 12, 6931 }, // U+0413
    { 13, 15, 207, 1, 12, 25, 6943 }, // U+0414
    { 7, 12, 150, 1, 12, 11, 6968 }, // U+0415
    { 17, 12, 266, 0, 12, 26, 6979 }, // U+0416
    { 9, 12, 158, 0, 12, 14, 7005 }, // U+0417
    { 10, 12, 211, 1, 12, 15, 7019 }, // U+0418
    { 10, 16, 211, 1, 16, 20, 7034 }, // U+0419
    { 10, 12, 185, 1, 12, 15, 7054 }, // U+041A
    { 12, 12, 196, 0, 12, 18, 7069 }, // U+041B
    { 13, 12, 252, 1, 12, 20, 7087 }, // U+041C
    { 10, 12, 205, 1, 12, 15, 7107 }, // U+041D
    { 11, 12, 207, 1, 12, 17, 7122 }, // U+041E
    { 10, 12, 203, 1, 12, 15, 7139 }, // U+041F
    { 8, 12, 166, 1, 12, 12, 7154 }, // U+0420
    { 10, 12, 172, 1, 12, 15, 7166 }, // U+0421
    { 9, 12, 154, 1, 12, 14, 7181 }, // U+0422
    { 11, 12, 172, 0, 12, 17, 7195 }, // U+0423
    { 14, 12, 241, 1, 12, 21, 7212 }, // U+0424
    { 12, 12, 178, 0, 12, 18, 7233 }, // U+0425
    { 12, 14, 207, 1, 12, 21, 7251 }, // U+0426
    { 10, 12, 192, 1, 12, 15, 7272 }, // U+0427
    { 15, 12, 285, 1, 12, 23, 7287 }, // U+0428
    { 17, 15, 286, 1, 12, 32, 7310 }, // U+0429
    { 12, 12, 201, 1, 12, 18, 7342 }, // U+042A
    { 13, 12, 245, 1, 12, 20, 7360 }, // U+042B
    { 9, 12, 172, 1, 12, 14, 7380 }, // U+042C
    { 10, 12, 175, 0, 12, 15, 7394 }, // U+042D
    { 15, 12, 271, 1, 12, 23, 7409 }, // U+042E
    { 11, 12, 182, -1, 12, 17, 7432 }, // U+042F
    { 8, 9, 159, 1, 9, 9, 7449 }, // U+0430
    { 9, 14, 166, 1, 14, 16, 7458 }, // U+0431
    { 8, 9, 159, 1, 9, 9, 7474 }, // U+0432
    { 7, 9, 127, 1, 9, 8, 7483 }, // U+0433
    { 11, 12, 170, 1, 9, 17, 7491 }, // U+0434
    { 9, 9, 156, 1, 9, 11, 7508 }, // U+0435
    { 15, 9, 231, 0, 9, 17, 7519 }, // U+0436
    { 9, 9, 137, 0, 9, 11, 7536 }, // U+0437
    { 9, 9, 180, 1, 9, 11, 7547 }, // U+0438
    { 9, 13, 180, 1, 13, 15, 7558 }, // U+0439
    { 9, 9, 164, 1, 9, 11, 7573 }, // U+043A
    { 9, 9, 166, 1, 9, 11, 7584 }, // U+043B
    { 12, 9, 223, 1, 9, 14, 7595 }, // U+043C
    { 9, 9, 175, 1, 9, 11, 7609 }, // U+043D
    { 9, 9, 166, 1, 9, 11, 7620 }, // U+043E
    { 8, 9, 173, 1, 9, 9, 7631 }, // U+043F
    { 9, 13, 169, 1, 9, 15, 7640 }, // U+0440
    { 8, 9, 140, 1, 9, 9, 7655 }, // U+0441
    { 8, 9, 135, 1, 9, 9, 7664 }, // U+0442
    { 10, 13, 152, 0, 9, 17, 7673 }, // U+0443
    { 12, 16, 216, 1, 12, 24, 7690 }, // U+0444
    { 10, 9, 154, 0, 9, 12, 7714 }, // U+0445
    { 10, 12, 173, 1, 9, 15, 7726 }, // U+0446
    { 9, 9, 170, 1, 9, 11, 7741 }, // U+0447
    { 14, 9, 254, 1, 9, 16, 7752 }, // U+0448
    { 15, 12, 254, 1, 9, 23, 7768 }, // U+0449
    { 11, 9, 179, 0, 9, 13, 7791 }, // U+044A
    { 12, 9, 228, 1, 9, 14, 7804 }, // U+044B
    { 8, 9, 158, 1, 9, 9, 7818 }, // U+044C
    { 9, 9, 140, 0, 9, 11, 7827 }, // U+044D
    { 12, 9, 227, 1, 9, 14, 7838 }, // U+044E
    { 9, 9, 161, 0, 9, 11, 7852 }, // U+044F
    { 9, 13, 156, 1, 13, 15, 7863 }, // U+0450
    { 9, 12, 156, 1, 12, 14, 7878 }, // U+0451
    { 10, 16, 174, 0, 12, 20, 7892 }, // U+0452
    { 7, 13, 128, 1, 13, 12, 7912 }, // U+0453
    { 8, 9, 140, 1, 9, 9, 7924 }, // U+0454
    { 7, 9, 133, 1, 9, 8, 7933 }, // U+0455
    { 3, 12, 82, 1, 12, 5, 7941 }, // U+0456
    { 5, 12, 80, 1, 12, 8, 7946 }, // U+0457
    { 5, 16, 79, -1, 12, 10, 7954 }, // U+0458
    { 14, 9, 239, 1, 9, 16, 7964 }, // U+0459
    { 14, 9, 247, 1, 9, 16, 7980 }, // U+045A
    { 10, 13, 174, 0, 13, 17, 7996 }, // U+045B
    { 9, 13, 164, 1, 13, 15, 8013 }, // U+045C
    { 9, 13, 180, 1, 13, 15, 8028 }, // U+045D
    { 10, 17, 152, 0, 13, 22, 8043 }, // U+045E
    { 9, 12, 173, 1, 9, 14, 8065 }, // U+045F
    { 15, 12, 254, 1, 12, 23, 8079 }, // U+0460
    { 14, 9, 236, 1, 9, 16, 8102 }, // U+0461
    { 11, 12, 180, 0, 12, 17, 8118 }, // U+0462
    { 11, 11, 178, 1, 11, 16, 8135 }, // U+0463
    { 14, 12, 253, 1, 12, 21, 8151 }, // U+0464
    { 12, 9, 214, 1, 9, 14, 8172 }, // U+0465
    { 13, 12, 195, 0, 12, 20, 8186 }, // U+0466
    { 12, 9, 171, -1, 9, 14, 8206 }, // U+0467
    { 16, 12, 268, 1, 12, 24, 8220 }, // U+0468
    { 14, 9, 241, 1, 9, 16, 8244 }, // U+0469
    { 15, 12, 214, -1, 12, 23, 8260 }, // U+046A
    { 11, 9, 166, 0, 9, 13, 8283 }, // U+046B
    { 17, 12, 286, 1, 12, 26, 8296 }, // U+046C
    { 14, 9, 235, 1, 9, 16, 8322 }, // U+046D
    { 10, 18, 169, 0, 14, 23, 8338 }, // U+046E
    { 9, 15, 148, 1, 11, 17, 8361 }, // U+046F
    { 12, 12, 235, 1, 12, 18, 8378 }, // U+0470
    { 12, 16, 225, 1, 12, 24, 8396 }, // U+0471
    { 12, 12, 211, 1, 12, 18, 8420 }, // U+0472
    { 9, 9, 165, 1, 9, 11, 8438 }, // U+0473
    { 12, 12, 191, 0, 12, 18, 8449 }, // U+0474
    { 11, 9, 161, -1, 9, 13, 8467 }, // U+0475
    { 12, 15, 191, 0, 15, 23, 8480 }, // U+0476
    { 11, 13, 161, -1, 13, 18, 8503 }, // U+0477
    { 21, 16, 352, 1, 12, 42, 8521 }, // U+0478
    { 19, 13, 314, 1, 9, 31, 8563 }, // U+0479
    { 12, 14, 222, 1, 13, 21, 8594 }, // U+047A
    { 10, 11, 183, 1, 10, 14, 8615 }, // U+047B
    { 16, 18, 290, 1, 18, 36, 8629 }, // U+047C
    { 14, 15, 256, 1, 15, 27, 8665 }, // U+047D
    { 15, 15, 255, 1, 15, 29, 8692 }, // U+047E
    { 14, 12, 236, 1, 12, 21, 8721 }, // U+047F
    { 10, 16, 181, 1, 12, 20, 8742 }, // U+0480
    { 8, 13, 140, 1, 9, 13, 8762 }, // U+0481
    { 10, 12, 162, 0, 11, 15, 8775 }, // U+0482
    { 7, 3, 0, -8, 12, 3, 8790 }, // U+0483
    { 7, 3, 0, -8, 13, 3, 8793 }, // U+0484
    { 3, 3, 0, -6, 13, 2, 8796 }, // U+0485
    { 3, 3, 0, -6, 13, 2, 8798 }, // U+0486
    { 7, 3, 0, -3, 15, 3, 8800 }, // U+0487
    { 19, 17, 0, -10, 13, 41, 8803 }, // U+0488
    { 18, 18, 0, -9, 13, 41, 8844 }, // U+0489
    { 14, 19, 244, 1, 16, 34, 8885 }, // U+048A
    { 12, 16, 214, 1, 13, 24, 8919 }, // U+048B
    { 10, 12, 170, 1, 12, 15, 8943 }, // U+048C
    { 10, 13, 164, 1, 13, 17, 8958 }, // U+048D
    { 8, 12, 168, 1, 12, 12, 8975 }, // U+048E
    { 9, 13, 169, 1, 9, 15, 8987 }, // U+048F
    { 8, 14, 154, 1, 14, 14, 9002 }, // U+0490
    { 7, 12, 137, 1, 12, 11, 9016 }, // U+0491
    { 9, 12, 149, 1, 12, 14, 9027 }, // U+0492
    { 8, 9, 131, 1, 9, 9, 9041 }, // U+0493
    { 10, 16, 196, 1, 12, 20, 9050 }, // U+0494
    { 8, 13, 161, 1, 9, 13, 9070 }, // U+0495
    { 17, 16, 274, 0, 12, 34, 9083 }, // U+0496
    { 17, 12, 250, -1, 9, 26, 9117 }, // U+0497
    { 9, 16, 158, 0, 12, 18, 9143 }, // U+0498
    { 8, 13, 137, 0, 9, 13, 9161 }, // U+0499
    { 11, 16, 202, 1, 12, 22, 9174 }, // U+049A
    { 10, 12, 176, 1, 9, 15, 9196 }, // U+049B
    { 11, 12, 178, 1, 12, 17, 9211 }, // U+049C
    { 10, 9, 165, 1, 9, 12, 9228 }, // U+049D
    { 12, 12, 185, 0, 12, 18, 9240 }, // U+049E
    { 11, 12, 167, 1, 12, 17, 9258 }, // U+049F
    { 13, 12, 196, 0, 12, 20, 9275 }, // U+04A0
    { 12, 9, 185, 0, 9, 14, 9295 }, // U+04A1
    { 12, 15, 224, 1, 12, 23, 9309 }, // U+04A2
    { 11, 12, 198, 1, 9, 17, 9332 }, // U+04A3
    { 13, 12, 222, 1, 12, 20, 9349 }, // U+04A4
    { 12, 9, 202, 1, 9, 14, 9369 }, // U+04A5
    { 17, 16, 300, 1, 12, 34, 9383 }, // U+04A6
    { 13, 13, 237, 1, 9, 22, 9417 }, // U+04A7
    { 12, 13, 207, 1, 12, 20, 9439 }, // U+04A8
    { 10, 10, 175, 1, 9, 13, 9459 }, // U+04A9
    { 10, 16, 171, 1, 12, 20, 9472 }, // U+04AA
    { 8, 13, 138, 1, 9, 13, 9492 }, // U+04AB
    { 9, 15, 154, 1, 12, 17, 9505 }, // U+04AC
    { 8, 12, 147, 1, 9, 12, 9522 }, // U+04AD
    { 11, 12, 167, 0, 12, 17, 9534 }, // U+04AE
    { 11, 13, 153, 0, 9, 18, 9551 }, // U+04AF
    { 12, 12, 167, -1, 12, 18, 9569 }, // U+04B0
    { 11, 13, 153, -1, 9, 18, 9587 }, // U+04B1
    { 13, 15, 198, 0, 12, 25, 9605 }, // U+04B2
    { 11, 12, 169, 0, 9, 17, 9630 }, // U+04B3
    { 15, 15, 248, 1, 12, 29, 9647 }, // U+04B4
    { 13, 13, 211, 1, 9, 22, 9676 }, // U+04B5
    { 12, 15, 214, 1, 12, 23, 9698 }, // U+04B6
    { 11, 12, 194, 1, 9, 17, 9721 }, // U+04B7
    { 10, 12, 196, 1, 12, 15, 9738 }, // U+04B8
    { 9, 9, 176, 1, 9, 11, 9753 }, // U+04B9
    { 10, 12, 196, 1, 12, 15, 9764 }, // U+04BA
    { 9, 12, 173, 1, 12, 14, 9779 }, // U+04BB
    { 15, 12, 253, 0, 12, 23, 9793 }, // U+04BC
    { 11, 9, 189, 0, 9, 13, 9816 }, // U+04BD
    { 15, 15, 253, 0, 12, 29, 9829 }, // U+04BE
    { 11, 12, 189, 0, 9, 17, 9858 }, // U+04BF
    { 5, 12, 104, 1, 12, 8, 9875 }, // U+04C0
    { 17, 16, 267, 0, 16, 34, 9883 }, // U+04C1
    { 15, 13, 231, 0, 13, 25, 9917 }, // U+04C2
    { 11, 16, 203, 1, 12, 22, 9942 }, // U+04C3
    { 10, 13, 174, 1, 9, 17, 9964 }, // U+04C4
    { 15, 15, 224, 0, 12, 29, 9981 }, // U+04C5
    { 12, 13, 194, 0, 9, 20, 10010 }, // U+04C6
    { 10, 16, 204, 1, 12, 20, 10030 }, // U+04C7
    { 9, 13, 177, 1, 9, 15, 10050 }, // U+04C8
    { 13, 15, 229, 1, 12, 25, 10065 }, // U+04C9
    { 11, 12, 198, 1, 9, 17, 10090 }, // U+04CA
    { 10, 15, 196, 1, 12, 19, 10107 }, // U+04CB
    { 9, 12, 175, 1, 9, 14, 10126 }, // U+04CC
    { 16, 15, 276, 1, 12, 30, 10140 }, // U+04CD
    { 14, 12, 247, 1, 9, 21, 10170 }, // U+04CE
    { 5, 12, 104, 1, 12, 8, 10191 }, // U+04CF
    { 12, 16, 185, 0, 16, 24, 10199 }, // U+04D0
    { 8, 13, 160, 1, 13, 13, 10223 }, // U+04D1
    { 12, 15, 185, 0, 15, 23, 10236 }, // U+04D2
    { 8, 12, 160, 1, 12, 12, 10259 }, // U+04D3
    { 15, 12, 254, 0, 12, 23, 10271 }, // U+04D4
    { 14, 9, 245, 1, 9, 16, 10294 }, // U+04D5
    { 7, 16, 149, 1, 16, 14, 10310 }, // U+04D6
    { 9, 13, 159, 1, 13, 15, 10324 }, // U+04D7
    { 11, 12, 218, 1, 12, 17, 10339 }, // U+04D8
    { 9, 9, 159, 1, 9, 11, 10356 }, // U+04D9
    { 11, 15, 218, 1, 15, 21, 10367 }, // U+04DA
    { 8, 12, 159, 1, 12, 12, 10388 }, // U+04DB
    { 18, 15, 267, -1, 15, 34, 10400 }, // U+04DC
    { 16, 12, 231, -1, 12, 24, 10434 }, // U+04DD
    { 9, 15, 158, 0, 15, 17, 10458 }, // U+04DE
    { 8, 12, 137, 0, 12, 12, 10475 }, // U+04DF
    { 10, 12, 158, 0, 12, 15, 10487 }, // U+04E0
    { 9, 13, 155, 0, 9, 15, 10502 }, // U+04E1
    { 10, 14, 211, 1, 14, 18, 10517 }, // U+04E2
    { 9, 12, 180, 1, 12, 14, 10535 }, // U+04E3
    { 10, 15, 211, 1, 15, 19, 10549 }, // U+04E4
    { 9, 12, 180, 1, 12, 14, 10568 }, // U+04E5
    { 11, 15, 211, 1, 15, 21, 10582 }, // U+04E6
    { 9, 12, 167, 1, 12, 14, 10603 }, // U+04E7
    { 12, 12, 211, 1, 12, 18, 10617 }, // U+04E8
    { 9, 9, 167, 1, 9, 11, 10635 }, // U+04E9
    { 12, 15, 211, 1, 15, 23, 10646 }, // U+04EA
    { 9, 12, 167, 1, 12, 14, 10669 }, // U+04EB
    { 10, 15, 174, 0, 15, 19, 10683 }, // U+04EC
    { 8, 12, 140, 0, 12, 12, 10702 }, // U+04ED
    { 12, 14, 172, 0, 14, 21, 10714 }, // U+04EE
    { 11, 16, 152, -1, 12, 22, 10735 }, // U+04EF
    { 12, 15, 172, 0, 15, 23, 10757 }, // U+04F0
    { 11, 16, 152, -1, 12, 22, 10780 }, // U+04F1
    { 11, 15, 172, 0, 15, 21, 10802 }, // U+04F2
    { 10, 16, 152, 0, 12, 20, 10823 }, // U+04F3
    { 10, 15, 192, 1, 15, 19, 10843 }, // U+04F4
    { 9, 12, 170, 1, 12, 14, 10862 }, // U+04F5
    { 8, 15, 150, 1, 12, 15, 10876 }, // U+04F6
    { 7, 12, 128, 1, 9, 11, 10891 }, // U+04F7
    { 13, 15, 245, 1, 15, 25, 10902 }, // U+04F8
    { 12, 12, 228, 1, 12, 18, 10927 }, // U+04F9
    { 9, 16, 149, 1, 12, 18, 10945 }, // U+04FA
    { 8, 13, 131, 1, 9, 13, 10963 }, // U+04FB
    { 13, 16, 195, -1, 12, 26, 10976 }, // U+04FC
    { 11, 13, 172, 0, 9, 18, 11002 }, // U+04FD
    { 11, 12, 179, 0, 12, 17, 11020 }, // U+04FE
    { 10, 9, 154, 0, 9, 12, 11037 }, // U+04FF
    { 12, 15, 185, -1, 12, 23, 11049 }, // U+1EA0
    { 8, 12, 160, 1, 9, 12, 11072 }, // U+1EA1
    { 12, 16, 185, 0, 16, 24, 11084 }, // U+1EA2
    { 8, 14, 160, 1, 14, 14, 11108 }, // U+1EA3
    { 12, 16, 185, 0, 16, 24, 11122 }, // U+1EA4
    { 10, 13, 160, 1, 13, 17, 11146 }, // U+1EA5
    { 12, 16, 185, 0, 16, 24, 11163 }, // U+1EA6
    { 10, 13, 160, -1, 13, 17, 11187 }, // U+1EA7
    { 13, 17, 185, -1, 17, 28, 11204 }, // U+1EA8
    { 9, 14, 160, 1, 14, 16, 11232 }, // U+1EA9
    { 12, 17, 185, 0, 17, 26, 11248 }, // U+1EAA
    { 8, 15, 160, 1, 15, 15, 11274 }, // U+1EAB
    { 12, 18, 185, -1, 15, 27, 11289 }, // U+1EAC
    { 8, 15, 160, 1, 12, 15, 11316 }, // U+1EAD
    { 12, 16, 185, 0, 16, 24, 11331 }, // U+1EAE
    { 8, 14, 160, 1, 14, 14, 11355 }, // U+1EAF
    { 12, 16, 185, 0, 16, 24, 11369 }, // U+1EB0
    { 8, 14, 160, 1, 14, 14, 11393 }, // U+1EB1
    { 13, 17, 185, -1, 17, 28, 11407 }, // U+1EB2
    { 8, 14, 160, 1, 14, 14, 11435 }, // U+1EB3
    { 13, 17, 185, -1, 17, 28, 11449 }, // U+1EB4
    { 8, 14, 160, 1, 14, 14, 11477 }, // U+1EB5
    { 12, 18, 185, 0, 15, 27, 11491 }, // U+1EB6
    { 8, 15, 160, 1, 12, 15, 11518 }, // U+1EB7
    { 7, 15, 149, 1, 12, 14, 11533 }, // U+1EB8
    { 9, 12, 159, 1, 9, 14, 11547 }, // U+1EB9
    { 7, 16, 149, 1, 16, 14, 11561 }, // U+1EBA
    { 9, 14, 159, 1, 14, 16, 11575 }, // U+1EBB
    { 8, 15, 149, 1, 15, 15, 11591 }, // U+1EBC
    { 9, 12, 159, 1, 12, 14, 11606 }, // U+1EBD
    { 10, 16, 149, 0, 16, 20, 11620 }, // U+1EBE
    { 10, 13, 159, 1, 13, 17, 11640 }, // U+1EBF
    { 10, 16, 149, -2, 16, 20, 11657 }, // U+1EC0
    { 11, 13, 159, -1, 13, 18, 11677 }, // U+1EC1
    { 9, 17, 149, 0, 17, 20, 11695 }, // U+1EC2
    { 9, 14, 159, 1, 14, 16, 11715 }, // U+1EC3
    { 7, 17, 149, 1, 17, 15, 11731 }, // U+1EC4
    { 9, 15, 159, 1, 15, 17, 11746 }, // U+1EC5
    { 7, 18, 149, 1, 15, 16, 11763 }, // U+1EC6
    { 9, 15, 159, 1, 12, 17, 11779 }, // U+1EC7
    { 5, 16, 104, 1, 16, 10, 11796 }, // U+1EC8
    { 5, 14, 80, 0, 14, 9, 11806 }, // U+1EC9
    { 5, 15, 104, 1, 12, 10, 11815 }, // U+1ECA
    { 3, 15, 80, 1, 12, 6, 11825 }, // U+1ECB
    { 12, 15, 211, 1, 12, 23, 11831 }, // U+1ECC
    { 9, 12, 167, 1, 9, 14, 11854 }, // U+1ECD
    { 11, 17, 211, 1, 17, 24, 11868 }, // U+1ECE
    { 9, 14, 167, 1, 14, 16, 11892 }, // U+1ECF
    { 11, 16, 211, 1, 16, 22, 11908 }, // U+1ED0
    { 10, 13, 167, 1, 13, 17, 11930 }, // U+1ED1
    { 11, 16, 211, 1, 16, 22, 11947 }, // U+1ED2
    { 11, 13, 167, -1, 13, 18, 11969 }, // U+1ED3
    { 11, 17, 211, 1, 17, 24, 11987 }, // U+1ED4
    { 9, 14, 167, 1, 14, 16, 12011 }, // U+1ED5
    { 11, 17, 211, 1, 17, 24, 12027 }, // U+1ED6
    { 9, 15, 167, 1, 15, 17, 12051 }, // U+1ED7
    { 12, 19, 211, 1, 16, 29, 12068 }, // U+1ED8
    { 9, 15, 167, 1, 12, 17, 12097 }, // U+1ED9
    { 13, 16, 219, 1, 16, 26, 12114 }, // U+1EDA
    { 12, 12, 182, 1, 12, 18, 12140 }, // U+1EDB
    { 13, 16, 219, 1, 16, 26, 12158 }, // U+1EDC
    { 12, 12, 182, 1, 12, 18, 12184 }, // U+1EDD
    { 13, 17, 219, 1, 17, 28, 12202 }, // U+1EDE
    { 12, 14, 182, 1, 14, 21, 12230 }, // U+1EDF
    { 13, 15, 219, 1, 15, 25, 12251 }, // U+1EE0
    { 12, 12, 182, 1, 12, 18, 12276 }, // U+1EE1
    { 14, 15, 219, 1, 12, 27, 12294 }, // U+1EE2
    { 12, 14, 182, 1, 11, 21, 12321 }, // U+1EE3
    { 10, 15, 202, 1, 12, 19, 12342 }, // U+1EE4
    { 9, 12, 173, 1, 9, 14, 12361 }, // U+1EE5
    { 10, 17, 202, 1, 17, 22, 12375 }, // U+1EE6
    { 9, 14, 173, 1, 14, 16, 12397 }, // U+1EE7
    { 14, 16, 236, 1, 16, 28, 12413 }, // U+1EE8
    { 13, 12, 202, 1, 12, 20, 12441 }, // U+1EE9
    { 14, 16, 236, 1, 16, 28, 12461 }, // U+1EEA
    { 13, 12, 202, 1, 12, 20, 12489 }, // U+1EEB
    { 14, 17, 236, 1, 17, 30, 12509 }, // U+1EEC
    { 13, 14, 202, 1, 14, 23, 12539 }, // U+1EED
    { 14, 15, 236, 1, 15, 27, 12562 }, // U+1EEE
    { 13, 12, 202, 1, 12, 20, 12589 }, // U+1EEF
    { 14, 15, 236, 1, 12, 27, 12609 }, // U+1EF0
    { 13, 13, 202, 1, 10, 22, 12636 }, // U+1EF1
    { 11, 15, 167, 0, 15, 21, 12658 }, // U+1EF2
    { 10, 16, 152, 0, 12, 20, 12679 }, // U+1EF3
    { 11, 15, 167, 0, 12, 21, 12699 }, // U+1EF4
    { 10, 13, 152, 0, 9, 17, 12720 }, // U+1EF5
    { 11, 16, 167, 0, 16, 22, 12737 }, // U+1EF6
    { 10, 18, 152, 0, 14, 23, 12759 }, // U+1EF7
    { 11, 15, 167, 0, 15, 21, 12782 }, // U+1EF8
    { 10, 16, 152, 0, 12, 20, 12803 }, // U+1EF9
    { 0, 0, 133, 0, 0, 0, 12823 }, // U+2000
    { 0, 0, 267, 0, 0, 0, 12823 }, // U+2001
    { 0, 0, 133, 0, 0, 0, 12823 }, // U+2002
    { 0, 0, 267, 0, 0, 0, 12823 }, // U+2003
    { 0, 0, 89, 0, 0, 0, 12823 }, // U+2004
    { 0, 0, 67, 0, 0, 0, 12823 }, // U+2005
    { 0, 0, 45, 0, 0, 0, 12823 }, // U+2006
    { 0, 0, 153, 0, 0, 0, 12823 }, // U+2007
    { 0, 0, 75, 0, 0, 0, 12823 }, // U+2008
    { 0, 0, 44, 0, 0, 0, 12823 }, // U+2009
    { 0, 0, 27, 0, 0, 0, 12823 }, // U+200A
    { 0, 0, 0, 0, 0, 0, 12823 }, // U+200B
    { 0, 0, 0, 0, 0, 0, 12823 }, // U+200C
    { 0, 0, 0, 0, 0, 0, 12823 }, // U+200D
    { 0, 0, 0, 0, 0, 0, 12823 }, // U+200E
    { 0, 0, 0, 0, 0, 0, 12823 }, // U+200F
    { 4, 2, 85, 1, 5, 1, 12823 }, // U+2010
    { 4, 2, 85, 1, 5, 1, 12824 }, // U+2011
    { 8, 2, 154, 1, 7, 2, 12825 }, // U+2012
    { 7, 2, 133, 1, 5, 2, 12827 }, // U+2013
    { 15, 2, 267, 1, 5, 4, 12829 }, // U+2014
    { 15, 2, 267, 1, 5, 4, 12833 }, // U+2015
    { 6, 16, 147, 2, 12, 12, 12837 }, // U+2016
    { 7, 4, 110, 0, -1, 4, 12849 }, // U+2017
    { 4, 4, 58, 0, 12, 2, 12853 }, // U+2018
    { 4, 4, 58, 0, 12, 2, 12855 }, // U+2019
    { 4, 4, 76, 0, 2, 2, 12857 }, // U+201A
    { 4, 4, 58, 0, 12, 2, 12859 }, // U+201B
    { 8, 4, 119, 0, 12, 4, 12861 }, // U+201C
    { 8, 4, 119, 0, 12, 4, 12865 }, // U+201D
    { 8, 4, 137, 0, 2, 4, 12869 }, // U+201E
    { 8, 4, 119, 0, 12, 4, 12873 }, // U+201F
    { 8, 12, 137, 0, 12, 12, 12877 }, // U+2020
    { 7, 12, 138, 1, 12, 11, 12889 }, // U+2021
    { 5, 5, 100, 1, 8, 4, 12900 }, // U+2022
    { 6, 7, 100, 1, 10, 6, 12904 }, // U+2023
    { 3, 3, 133, 3, 3, 2, 12910 }, // U+2024
    { 8, 3, 153, 1, 3, 3, 12912 }, // U+2025
    { 13, 3, 228, 1, 3, 5, 12915 }, // U+2026
    { 3, 3, 75, 1, 6, 2, 12920 }, // U+2027
    { 0, 0, 160, 0, 0, 0, 12922 }, // U+2028
    { 0, 0, 160, 0, 0, 0, 12922 }, // U+2029
    { 0, 0, 0, 0, 0, 0, 12922 }, // U+202A
    { 0, 0, 0, 0, 0, 0, 12922 }, // U+202B
    { 0, 0, 0, 0, 0, 0, 12922 }, // U+202C
    { 0, 0, 0, 0, 0, 0, 12922 }, // U+202D
    { 0, 0, 0, 0, 0, 0, 12922 }, // U+202E
    { 0, 0, 44, 0, 0, 0, 12922 }, // U+202F
    { 21, 12, 341, 1, 12, 32, 12922 }, // U+2030
    { 27, 12, 445, 1, 12, 41, 12954 }, // U+2031
    { 6, 4, 81, 0, 12, 3, 12995 }, // U+2032
    { 9, 4, 140, 0, 12, 5, 12998 }, // U+2033
    { 13, 4, 199, 0, 12, 7, 13003 }, // U+2034
    { 6, 4, 113, 0, 12, 3, 13010 }, // U+2035
    { 9, 4, 172, 0, 12, 5, 13013 }, // U+2036
    { 13, 4, 230, 0, 12, 7, 13018 }, // U+2037
    { 7, 6, 109, 0, 2, 6, 13025 }, // U+2038
    { 5, 9, 97, 1, 9, 6, 13031 }, // U+2039
    { 5, 9, 97, 0, 9, 6, 13037 }, // U+203A
    { 13, 12, 227, 1, 12, 20, 13043 }, // U+203B
    { 7, 12, 152, 1, 12, 11, 13063 }, // U+203C
    { 9, 12, 127, -1, 12, 14, 13074 }, // U+203D
    { 8, 2, 133, 0, 14, 2, 13088 }, // U+203E
    { 10, 4, 162, 0, 0, 5, 13090 }, // U+203F
    { 10, 4, 162, 0, 13, 5, 13095 }, // U+2040
    { 7, 10, 113, 0, 6, 9, 13100 }, // U+2041
    { 19, 15, 298, 0, 12, 36, 13109 }, // U+2042
    { 4, 2, 85, 1, 5, 1, 13145 }, // U+2043
    { 10, 12, 35, -4, 12, 15, 13146 }, // U+2044
    { 4, 14, 88, 1, 12, 7, 13161 }, // U+2045
    { 5, 14, 88, 1, 12, 9, 13168 }, // U+2046
    { 16, 12, 253, 0, 12, 24, 13177 }, // U+2047
    { 12, 12, 204, 0, 12, 18, 13201 }, // U+2048
    { 12, 12, 204, 1, 12, 18, 13219 }, // U+2049
    { 8, 9, 157, 1, 9, 9, 13237 }, // U+204A
    { 10, 15, 173, 0, 12, 19, 13246 }, // U+204B
    { 9, 9, 175, 1, 9, 11, 13265 }, // U+204C
    { 9, 9, 175, 1, 9, 11, 13276 }, // U+204D
    { 9, 8, 145, 0, 4, 9, 13287 }, // U+204E
    { 3, 11, 76, 1, 9, 5, 13296 }, // U+204F
    { 10, 17, 160, 0, 13, 22, 13301 }, // U+2050
    { 9, 16, 145, 0, 12, 18, 13323 }, // U+2051
    { 8, 12, 113, 0, 12, 12, 13341 }, // U+2052
    { 17, 3, 267, 0, 6, 7, 13353 }, // U+2053
    { 10, 4, 160, 0, 0, 5, 13360 }, // U+2054
    { 8, 8, 149, 1, 8, 8, 13365 }, // U+2055
    { 8, 12, 154, 1, 12, 12, 13373 }, // U+2056
    { 16, 4, 249, 0, 12, 8, 13385 }, // U+2057
    { 13, 12, 233, 1, 12, 20, 13393 }, // U+2058
    { 13, 12, 233, 1, 12, 20, 13413 }, // U+2059
    { 3, 12, 76, 1, 12, 5, 13433 }, // U+205A
    { 10, 13, 185, 1, 13, 17, 13438 }, // U+205B
    { 13, 13, 228, 1, 12, 22, 13455 }, // U+205C
    { 3, 12, 75, 1, 12, 5, 13477 }, // U+205D
    { 3, 12, 76, 1, 12, 5, 13482 }, // U+205E
    { 0, 0, 59, 0, 0, 0, 13487 }, // U+205F
    { 0, 0, 0, 0, 0, 0, 13487 }, // U+2060
    { 0, 0, 0, 0, 0, 0, 13487 }, // U+2061
    { 0, 0, 0, 0, 0, 0, 13487 }, // U+2062
    { 0, 0, 0, 0, 0, 0, 13487 }, // U+2063
    { 0, 0, 0, 0, 0, 0, 13487 }, // U+2064
    { 0, 0, 0, 0, 0, 0, 13487 }, // U+2065
    { 0, 0, 0, 0, 0, 0, 13487 }, // U+2066
    { 0, 0, 0, 0, 0, 0, 13487 }, // U+2067
    { 0, 0, 0, 0, 0, 0, 13487 }, // U+2068
    { 0, 0, 0, 0, 0, 0, 13487 }, // U+2069
    { 0, 0, 0, 0, 0, 0, 13487 }, // U+206A
    { 0, 0, 0, 0, 0, 0, 13487 }, // U+206B
    { 0, 0, 0, 0, 0, 0, 13487 }, // U+206C
    { 0, 0, 0, 0, 0, 0, 13487 }, // U+206D
    { 0, 0, 0, 0, 0, 0, 13487 }, // U+206E
    { 0, 0, 0, 0, 0, 0, 13487 }, // U+206F
    { 6, 8, 101, 1, 15, 6, 13487 }, // U+2070
    { 2, 7, 52, 1, 12, 2, 13493 }, // U+2071
    { 6, 8, 101, 1, 15, 6, 13495 }, // U+2074
    { 7, 8, 101, 0, 15, 7, 13501 }, // U+2075
    { 6, 8, 101, 1, 15, 6, 13508 }, // U+2076
    { 5, 8, 101, 1, 15, 5, 13514 }, // U+2077
    { 7, 8, 101, 1, 15, 7, 13519 }, // U+2078
    { 6, 8, 101, 1, 15, 6, 13526 }, // U+2079
    { 5, 5, 96, 1, 13, 4, 13532 }, // U+207A
    { 5, 2, 96, 1, 10, 2, 13536 }, // U+207B
    { 5, 4, 96, 1, 12, 3, 13538 }, // U+207C
    { 4, 9, 65, 1, 15, 5, 13541 }, // U+207D
    { 5, 9, 65, -1, 15, 6, 13546 }, // U+207E
    { 7, 5, 113, 1, 10, 5, 13552 }, // U+207F
    { 6, 8, 101, 1, 6, 6, 13557 }, // U+2080
    { 6, 7, 101, 0, 5, 6, 13563 }, // U+2081
    { 7, 8, 101, 0, 6, 7, 13569 }, // U+2082
    { 7, 8, 101, 0, 6, 7, 13576 }, // U+2083
    { 6, 8, 101, 1, 5, 6, 13583 }, // U+2084
    { 7, 8, 101, 0, 6, 7, 13589 }, // U+2085
    { 6, 8, 101, 1, 6, 6, 13596 }, // U+2086
    { 5, 8, 101, 1, 6, 5, 13602 }, // U+2087
    { 7, 8, 101, 1, 6, 7, 13607 }, // U+2088
    { 6, 8, 101, 1, 6, 6, 13614 }, // U+2089
    { 5, 5, 96, 1, 4, 4, 13620 }, // U+208A
    { 5, 2, 96, 1, 2, 2, 13624 }, // U+208B
    { 5, 4, 96, 1, 4, 3, 13626 }, // U+208C
    { 4, 9, 65, 1, 6, 5, 13629 }, // U+208D
    { 5, 9, 65, -1, 6, 6, 13634 }, // U+208E
    { 5, 6, 104, 1, 4, 4, 13640 }, // U+2090
    { 6, 6, 103, 1, 4, 5, 13644 }, // U+2091
    { 6, 6, 108, 1, 4, 5, 13649 }, // U+2092
    { 7, 6, 100, 0, 4, 6, 13654 }, // U+2093
    { 6, 6, 103, 1, 4, 5, 13660 }, // U+2094
    { 7, 8, 113, 1, 6, 7, 13665 }, // U+2095
    { 7, 8, 106, 1, 6, 7, 13672 }, // U+2096
    { 3, 8, 52, 1, 6, 3, 13679 }, // U+2097
    { 8, 6, 169, 1, 4, 6, 13682 }, // U+2098
    { 7, 6, 113, 1, 4, 6, 13688 }, // U+2099
    { 6, 8, 110, 1, 4, 6, 13694 }, // U+209A
    { 5, 6, 87, 1, 4, 4, 13700 }, // U+209B
    { 5, 7, 73, 0, 5, 5, 13704 }, // U+209C
    { 9, 12, 153, 1, 12, 14, 13709 }, // U+20A0
    { 10, 14, 162, 1, 12, 18, 13723 }, // U+20A1
    { 9, 12, 153, 1, 12, 14, 13741 }, // U+20A2
    { 9, 12, 153, 1, 12, 14, 13755 }, // U+20A3
    { 9, 12, 153, 1, 12, 14, 13769 }, // U+20A4
    { 14, 13, 260, 1, 11, 23, 13783 }, // U+20A5
    { 9, 12, 153, 1, 12, 14, 13806 }, // U+20A6
    { 13, 12, 237, 1, 12, 20, 13820 }, // U+20A7
    { 14, 12, 245, 1, 12, 21, 13840 }, // U+20A8
    { 12, 12, 197, 1, 12, 18, 13861 }, // U+20A9
    { 13, 12, 245, 1, 12, 20, 13879 }, // U+20AA
    { 10, 15, 172, 1, 12, 19, 13899 }, // U+20AB
    { 9, 12, 153, 1, 12, 14, 13918 }, // U+20AC
    { 10, 12, 153, 1, 12, 15, 13932 }, // U+20AD
    { 9, 12, 153, 1, 12, 14, 13947 }, // U+20AE
    { 17, 16, 269, -1, 12, 34, 13961 }, // U+20AF
    { 10, 16, 163, -1, 12, 20, 13995 }, // U+20B0
    { 9, 12, 153, 1, 12, 14, 14015 }, // U+20B1
    { 10, 14, 196, 1, 12, 18, 14029 }, // U+20B2
    { 13, 12, 173, 0, 12, 20, 14047 }, // U+20B3
    { 9, 12, 153, 1, 12, 14, 14067 }, // U+20B4
    { 9, 13, 170, 1, 12, 15, 14081 }, // U+20B5
    { 12, 11, 186, 0, 11, 17, 14096 }, // U+20B6
    { 12, 14, 195, 0, 12, 21, 14113 }, // U+20B7
    { 9, 12, 153, 1, 12, 14, 14134 }, // U+20B8
    { 8, 13, 153, 1, 13, 13, 14148 }, // U+20B9
    { 9, 12, 153, 1, 12, 14, 14161 }, // U+20BA
    { 13, 12, 217, 1, 12, 20, 14175 }, // U+20BB
    { 13, 12, 233, 1, 12, 20, 14195 }, // U+20BC
    { 10, 12, 160, 0, 12, 15, 14215 }, // U+20BD
    { 12, 12, 210, 1, 12, 18, 14230 }, // U+20BE
    { 8, 15, 153, 1, 13, 15, 14248 }, // U+20BF
    { 8, 12, 140, 1, 9, 12, 14263 }, // U+20C0
    { 9, 2, 155, 0, 7, 3, 14275 }, // U+2212
    { 13, 12, 206, 1, 12, 20, 14278 }, // U+FB00
    { 10, 12, 183, 1, 12, 15, 14298 }, // U+FB01
    { 10, 12, 185, 1, 12, 15, 14313 }, // U+FB02
    { 17, 12, 286, 1, 12, 26, 14328 }, // U+FB03
    { 17, 12, 288, 1, 12, 26, 14354 }, // U+FB04
    { 11, 12, 209, 1, 12, 17, 14380 }, // U+FB05
    { 14, 12, 248, 1, 12, 21, 14397 }, // U+FB06
    { 16, 16, 267, 0, 13, 32, 14418 }, // U+FFFD
};

static const EpdUnicodeInterval notosans_8_boldIntervals[] = {
    { 0x0, 0x0, 0x0 },
    { 0xD, 0xD, 0x1 },
    { 0x20, 0x7E, 0x2 },
    { 0xA0, 0xFF, 0x61 },
    { 0x100, 0x17F, 0xC1 },
    { 0x1A0, 0x1A1, 0x141 },
    { 0x1AF, 0x1B0, 0x143 },
    { 0x1C4, 0x21F, 0x145 },
    { 0x300, 0x36F, 0x1A1 },
    { 0x400, 0x4FF, 0x211 },
    { 0x1EA0, 0x1EF9, 0x311 },
    { 0x2000, 0x206F, 0x36B },
    { 0x2070, 0x2071, 0x3DB },
    { 0x2074, 0x208E, 0x3DD },
    { 0x2090, 0x209C, 0x3F8 },
    { 0x20A0, 0x20C0, 0x405 },
    { 0x2212, 0x2212, 0x426 },
    { 0xFB00, 0xFB06, 0x427 },
    { 0xFFFD, 0xFFFD, 0x42E },
};

static const uint16_t notosans_8_boldKernLeftCodepoints[] = {
    0x0022, 0x0026, 0x0027, 0x0028, 0x002C, 0x002D, 0x002E, 0x003A, 0x0041, 0x0042, 0x0043, 0x0044,
    0x0045, 0x0046, 0x004B, 0x004C, 0x004F, 0x0050, 0x0051, 0x0052, 0x0054, 0x0055, 0x0056, 0x0057,
    0x0058, 0x0059, 0x005A, 0x005B, 0x005F, 0x0061, 0x0062, 0x0063, 0x0065, 0x0066, 0x0068, 0x006D,
    0x006E, 0x006F, 0x0070, 0x0072, 0x0074, 0x0076, 0x0077, 0x0078, 0x0079, 0x007B, 0x00A1, 0x00AB,
    0x00BB, 0x00BF, 0x00C0, 0x00C1, 0x00C2, 0x00C3, 0x00C4, 0x00C5, 0x00C6, 0x00C7, 0x00C8, 0x00C9,
    0x00CA, 0x00CB, 0x00D0, 0x00D2, 0x00D3, 0x00D4, 0x00D5, 0x00D6, 0x00D8, 0x00D9, 0x00DA, 0x00DB,
    0x00DC, 0x00DD, 0x00DE, 0x00E0, 0x00E1, 0x00E2, 0x00E3, 0x00E4, 0x00E5, 0x00E6, 0x00E8, 0x00E9,
    0x00EA, 0x00EB, 0x00EE, 0x00EF, 0x00F0, 0x00F2, 0x00F3, 0x00F4, 0x00F5, 0x00F6, 0x00F8, 0x00FD,
    0x00FE, 0x00FF, 0x0100, 0x0101, 0x0102, 0x0103, 0x0104, 0x0105, 0x0106, 0x0108, 0x010A, 0x010C,
    0x010E, 0x010F, 0x0110, 0x0112, 0x0113, 0x0114, 0x0115, 0x0116, 0x0117, 0x0118, 0x0119, 0x011A,
    0x011B, 0x0125, 0x0129, 0x012B, 0x012E, 0x0136, 0x0138, 0x0139, 0x013B, 0x013D, 0x013E, 0x013F,
    0x0141, 0x0144, 0x0146, 0x0149, 0x014B, 0x014C, 0x014D, 0x014E, 0x014F, 0x0150, 0x0151, 0x0152,
    0x0153, 0x0155, 0x0157, 0x0159, 0x0162, 0x0163, 0x0164, 0x0165, 0x0166, 0x0167, 0x0168, 0x016A,
    0x016C, 0x016E, 0x0170, 0x0172, 0x0174, 0x0175, 0x0176, 0x0177, 0x0178, 0x0179, 0x017B, 0x017D,
    0x01A0, 0x01A1, 0x01AF, 0x01B0, 0x01FA, 0x01FB, 0x01FC, 0x01FD, 0x01FE, 0x020B, 0x021A, 0x021B,
    0x0400, 0x0401, 0x0402, 0x0403, 0x0404, 0x0405, 0x0409, 0x040A, 0x040B, 0x040C, 0x040E, 0x0410,
    0x0411, 0x0412, 0x0413, 0x0414, 0x0415, 0x0416, 0x0417, 0x041A, 0x041E, 0x0420, 0x0421, 0x0422,
    0x0423, 0x0424, 0x0425, 0x0426, 0x0429, 0x042A, 0x042C, 0x042D, 0x042E, 0x0430, 0x0431, 0x0432,
    0x0433, 0x0434, 0x0435, 0x0436, 0x0437, 0x0438, 0x0439, 0x043A, 0x043B, 0x043C, 0x043D, 0x043E,
    0x043F, 0x0440, 0x0441, 0x0442, 0x0443, 0x0444, 0x0445, 0x0446, 0x0447, 0x0448, 0x0449, 0x044A,
    0x044B, 0x044C, 0x044D, 0x044E, 0x044F, 0x0450, 0x0451, 0x0452, 0x0453, 0x0454, 0x0455, 0x0457,
    0x0458, 0x0459, 0x045A, 0x045B, 0x045C, 0x045D, 0x045E, 0x045F, 0x0460, 0x0461, 0x0462, 0x0463,
    0x0464, 0x0465, 0x0466, 0x0467, 0x0468, 0x0469, 0x046E, 0x0471, 0x0472, 0x0473, 0x0474, 0x0475,
    0x0476, 0x0477, 0x0478, 0x0479, 0x047A, 0x047B, 0x047C, 0x047D, 0x047E, 0x047F, 0x0480, 0x048A,
    0x048B, 0x048C, 0x048D, 0x048E, 0x048F, 0x0490, 0x0491, 0x0492, 0x0493, 0x0496, 0x0497, 0x0498,
    0x0499, 0x049A, 0x049B, 0x049C, 0x049D, 0x049E, 0x049F, 0x04A0, 0x04A1, 0x04A2, 0x04A3, 0x04A4,
    0x04A5, 0x04A9, 0x04AA, 0x04AB, 0x04AC, 0x04AD, 0x04AE, 0x04AF, 0x04B0, 0x04B1, 0x04B2, 0x04B3,
    0x04B4, 0x04B5, 0x04B6, 0x04B7, 0x04BC, 0x04BD, 0x04BE, 0x04BF, 0x04C1, 0x04C2, 0x04C5, 0x04C6,
    0x04C9, 0x04CA, 0x04CD, 0x04CE, 0x04D0, 0x04D1, 0x04D2, 0x04D3, 0x04D4, 0x04D5, 0x04D6, 0x04D7,
    0x04D8, 0x04D9, 0x04DA, 0x04DB, 0x04DC, 0x04DD, 0x04DE, 0x04DF, 0x04E3, 0x04E5, 0x04E6, 0x04E7,
    0x04E8, 0x04E9, 0x04EA, 0x04EB, 0x04EC, 0x04ED, 0x04EE, 0x04EF, 0x04F0, 0x04F1, 0x04F2, 0x04F3,
    0x04F5, 0x04F6, 0x04F7, 0x04F9, 0x04FA, 0x04FB, 0x04FC, 0x04FD, 0x04FE, 0x04FF, 0x1EA0, 0x1EA1,
    0x1EA2, 0x1EA3, 0x1EA4, 0x1EA5, 0x1EA6, 0x1EA7, 0x1EA8, 0x1EA9, 0x1EAA, 0x1EAB, 0x1EAC, 0x1EAD,
    0x1EAE, 0x1EAF, 0x1EB0, 0x1EB1, 0x1EB2, 0x1EB3, 0x1EB4, 0x1EB5, 0x1EB6, 0x1EB7, 0x1EB8, 0x1EB9,
    0x1EBA, 0x1EBB, 0x1EBC, 0x1EBD, 0x1EBE, 0x1EBF, 0x1EC0, 0x1EC1, 0x1EC2, 0x1EC3, 0x1EC4, 0x1EC5,
    0x1EC6, 0x1EC7, 0x1ECC, 0x1ECD, 0x1ECE, 0x1ECF, 0x1ED0, 0x1ED1, 0x1ED2, 0x1ED3, 0x1ED4, 0x1ED5,
    0x1ED6, 0x1ED7, 0x1ED8, 0x1ED9, 0x1EDA, 0x1EDB, 0x1EDC, 0x1EDD, 0x1EDE, 0x1EDF, 0x1EE0, 0x1EE1,
    0x1EE2, 0x1EE3, 0x1EE4, 0x1EE6, 0x1EE8, 0x1EE9, 0x1EEA, 0x1EEB, 0x1EEC, 0x1EED, 0x1EEE, 0x1EEF,
    0x1EF0, 0x1EF1, 0x1EF2, 0x1EF3, 0x1EF4, 0x1EF5, 0x1EF6, 0x1EF7, 0x1EF8, 0x1EF9, 0x2013, 0x2014,
    0x2015, 0x2018, 0x2019, 0x201A, 0x201C, 0x201D, 0x201E, 0x2039, 0x203A, 0xFB00,
};

static const uint8_t notosans_8_boldKernLeftClassIds[] = {
      1,   2,   1,   3,   4,   5,   4,   6,   7,   8,   9,  10,  11,  12,   9,  13,
     10,  14,  10,  15,  16,  17,  18,  18,   9,  19,  20,   3,  21,  22,  23,  24,
     23,  25,  22,  22,  22,  23,  23,  26,  24,  27,  27,  28,  27,   3,  29,  30,
     31,  32,   7,   7,   7,   7,   7,   7,  11,   9,  11,  11,  11,  11,  10,  10,
     10,  10,  10,  10,  10,  17,  17,  17,  17,  19,  14,  22,  22,  22,  22,  22,
     22,  23,  23,  23,  23,  23,  33,  33,  23,  23,  23,  23,  23,  23,  23,  27,
     23,  27,   7,  22,   7,  22,  34,  22,   9,   9,   9,   9,  10,  35,  10,  11,
     23,  11,  23,  11,  23,  11,  23,  11,  23,  22,  36,  33,  37,   9,  28,  13,
     13,  13,  35,  13,  13,  22,  22,  22,  22,  10,  23,  10,  23,  10,  23,  11,
     23,  26,  26,  26,  16,  24,  16,  38,  16,  24,  17,  17,  17,  17,  17,  17,
     18,  27,  19,  27,  19,  20,  20,  20,  39,  40,  41,  42,   7,  22,  11,  23,
     10,  33,  16,  24,  43,  43,  44,  45,  46,  47,  48,  48,  44,  49,  50,  51,
     52,  53,  45,  54,  43,  49,  53,  49,  55,  56,  46,  45,  50,  57,  49,  54,
     54,  48,  48,  55,  55,  58,  59,  60,  61,  62,  63,  64,  60,  65,  65,  64,
     65,  65,  65,  63,  65,  63,  66,  61,  67,  63,  64,  62,  65,  65,  62,  68,
     65,  68,  63,  63,  65,  63,  63,  69,  70,  66,  71,  72,  73,  68,  68,  74,
     64,  65,  67,  65,  55,  75,  76,  68,  46,  66,  51,  77,  51,  77,  78,  63,
     55,  63,  50,  75,  50,  75,  67,  67,  55,  63,  55,  63,  55,  75,  46,  54,
     62,  76,  68,  56,  63,  79,  80,  81,  82,  83,  84,  78,  60,  83,  84,  49,
     64,  49,  64,  49,  64,  54,  62,  81,  80,  63,  46,  66,  79,  80,  85,  86,
     85,  86,  83,  84,  54,  62,  54,  62,  87,  88,  87,  88,  49,  64,  54,  62,
     54,  62,  54,  62,  51,  58,  51,  58,  43,  88,  43,  88,  55,  63,  55,  63,
     49,  64,  78,  60,  65,  65,  55,  63,  55,  63,  55,  63,  55,  63,  50,  67,
     50,  67,  50,  67,  65,  79,  80,  65,  81,  82,  83,  84,  49,  84,   7,  22,
      7,  22,   7,  22,   7,  22,   7,  22,   7,  22,   7,  22,   7,  22,   7,  22,
      7,  22,   7,  22,   7,  22,  11,  23,  11,  23,  11,  23,  11,  23,  11,  23,
     11,  23,  11,  23,  11,  23,  10,  23,  10,  23,  10,  23,  10,  23,  10,  23,
     10,  23,  10,  23,  39,  40,  39,  40,  39,  40,  39,  40,  39,  40,  17,  17,
     41,  42,  41,  42,  41,  42,  41,  42,  41,  42,  19,  27,  19,  27,  19,  27,
     19,  27,   5,   5,   5,   1,   1,   4,   1,   1,   4,  30,  31,  25,
};

static const uint16_t notosans_8_boldKernRightCodepoints[] = {
    0x0021, 0x0022, 0x0026, 0x0027, 0x0029, 0x002C, 0x002D, 0x002E, 0x003A, 0x003B, 0x003F, 0x0041,
    0x0043, 0x0047, 0x0049, 0x004A, 0x004F, 0x0051, 0x0054, 0x0055, 0x0056, 0x0057, 0x0058, 0x0059,
    0x005A, 0x005D, 0x0061, 0x0062, 0x0063, 0x0064, 0x0065, 0x0066, 0x0067, 0x0068, 0x006A, 0x006B,
    0x006C, 0x006D, 0x006E, 0x006F, 0x0070, 0x0071, 0x0072, 0x0073, 0x0074, 0x0075, 0x0076, 0x0077,
    0x0078, 0x0079, 0x007A, 0x007D, 0x00AB, 0x00BB, 0x00C0, 0x00C1, 0x00C2, 0x00C3, 0x00C4, 0x00C5,
    0x00C6, 0x00C7, 0x00D2, 0x00D3, 0x00D4, 0x00D5, 0x00D6, 0x00D8, 0x00D9, 0x00DA, 0x00DB, 0x00DC,
    0x00DD, 0x00E0, 0x00E1, 0x00E2, 0x00E3, 0x00E4, 0x00E5, 0x00E6, 0x00E7, 0x00E8, 0x00E9, 0x00EA,
    0x00EB, 0x00F2, 0x00F3, 0x00F4, 0x00F5, 0x00F6, 0x00F8, 0x00F9, 0x00FA, 0x00FB, 0x00FC, 0x00FD,
    0x00FE, 0x00FF, 0x0100, 0x0101, 0x0102, 0x0103, 0x0104, 0x0105, 0x0106, 0x0107, 0x0108, 0x0109,
    0x010A, 0x010B, 0x010C, 0x010D, 0x010F, 0x0111, 0x0113, 0x0115, 0x0117, 0x0119, 0x011B, 0x011C,
    0x011D, 0x011E, 0x011F, 0x0120, 0x0121, 0x0122, 0x0123, 0x0125, 0x0127, 0x0129, 0x0137, 0x0138,
    0x013A, 0x013C, 0x013E, 0x0140, 0x0144, 0x0146, 0x014B, 0x014C, 0x014D, 0x014E, 0x014F, 0x0150,
    0x0151, 0x0152, 0x0153, 0x0155, 0x0157, 0x015B, 0x015F, 0x0162, 0x0163, 0x0164, 0x0165, 0x0166,
    0x0167, 0x0168, 0x0169, 0x016A, 0x016B, 0x016C, 0x016D, 0x016E, 0x016F, 0x0170, 0x0171, 0x0172,
    0x0173, 0x0174, 0x0175, 0x0176, 0x0177, 0x0178, 0x0179, 0x017A, 0x017B, 0x017C, 0x017D, 0x017E,
    0x01A0, 0x01A1, 0x01AF, 0x01B0, 0x01FA, 0x01FB, 0x01FC, 0x01FD, 0x01FE, 0x01FF, 0x0219, 0x021A,
    0x021B, 0x0402, 0x0404, 0x0405, 0x0408, 0x0409, 0x040B, 0x040E, 0x0410, 0x0414, 0x0416, 0x0417,
    0x041B, 0x041E, 0x0421, 0x0422, 0x0423, 0x0424, 0x0425, 0x0427, 0x042A, 0x042D, 0x042F, 0x0430,
    0x0431, 0x0432, 0x0433, 0x0434, 0x0435, 0x0436, 0x0437, 0x0438, 0x0439, 0x043A, 0x043B, 0x043C,
    0x043D, 0x043E, 0x043F, 0x0440, 0x0441, 0x0442, 0x0443, 0x0444, 0x0445, 0x0446, 0x0447, 0x0448,
    0x0449, 0x044A, 0x044B, 0x044C, 0x044D, 0x044E, 0x044F, 0x0450, 0x0451, 0x0452, 0x0453, 0x0454,
    0x0455, 0x0457, 0x0458, 0x0459, 0x045A, 0x045B, 0x045C, 0x045D, 0x045E, 0x045F, 0x0460, 0x0461,
    0x0462, 0x0465, 0x0466, 0x0467, 0x0469, 0x046D, 0x046E, 0x0470, 0x0472, 0x0473, 0x0474, 0x0475,
    0x0476, 0x0477, 0x0478, 0x0479, 0x047A, 0x047B, 0x047C, 0x047D, 0x047E, 0x047F, 0x0480, 0x0481,
    0x048B, 0x048C, 0x048D, 0x048F, 0x0491, 0x0492, 0x0495, 0x0496, 0x0497, 0x0498, 0x0499, 0x049B,
    0x049D, 0x049F, 0x04A0, 0x04A1, 0x04A3, 0x04A5, 0x04A7, 0x04A8, 0x04A9, 0x04AA, 0x04AB, 0x04AC,
    0x04AD, 0x04AE, 0x04AF, 0x04B0, 0x04B1, 0x04B2, 0x04B3, 0x04B4, 0x04B5, 0x04B6, 0x04B7, 0x04B8,
    0x04B9, 0x04BB, 0x04BC, 0x04BD, 0x04BE, 0x04BF, 0x04C1, 0x04C2, 0x04C4, 0x04C5, 0x04C6, 0x04C8,
    0x04CA, 0x04CB, 0x04CC, 0x04CE, 0x04D0, 0x04D1, 0x04D2, 0x04D3, 0x04D4, 0x04D5, 0x04D7, 0x04D8,
    0x04D9, 0x04DA, 0x04DB, 0x04DC, 0x04DD, 0x04DE, 0x04DF, 0x04E3, 0x04E5, 0x04E6, 0x04E7, 0x04E8,
    0x04E9, 0x04EA, 0x04EB, 0x04EC, 0x04ED, 0x04EE, 0x04EF, 0x04F0, 0x04F1, 0x04F2, 0x04F3, 0x04F4,
    0x04F5, 0x04F7, 0x04F9, 0x04FA, 0x04FC, 0x04FD, 0x04FE, 0x04FF, 0x1EA0, 0x1EA1, 0x1EA2, 0x1EA3,
    0x1EA4, 0x1EA5, 0x1EA6, 0x1EA7, 0x1EA8, 0x1EA9, 0x1EAA, 0x1EAB, 0x1EAC, 0x1EAD, 0x1EAE, 0x1EAF,
    0x1EB0, 0x1EB1, 0x1EB2, 0x1EB3, 0x1EB4, 0x1EB5, 0x1EB6, 0x1EB7, 0x1EB9, 0x1EBB, 0x1EBD, 0x1EBF,
    0x1EC1, 0x1EC3, 0x1EC5, 0x1EC7, 0x1ECC, 0x1ECD, 0x1ECE, 0x1ECF, 0x1ED0, 0x1ED1, 0x1ED2, 0x1ED3,
    0x1ED4, 0x1ED5, 0x1ED6, 0x1ED7, 0x1ED8, 0x1ED9, 0x1EDA, 0x1EDB, 0x1EDC, 0x1EDD, 0x1EDE, 0x1EDF,
    0x1EE0, 0x1EE1, 0x1EE2, 0x1EE3, 0x1EE4, 0x1EE5, 0x1EE6, 0x1EE7, 0x1EE8, 0x1EE9, 0x1EEA, 0x1EEB,
    0x1EEC, 0x1EED, 0x1EEE, 0x1EEF, 0x1EF0, 0x1EF1, 0x1EF2, 0x1EF4, 0x1EF5, 0x1EF6, 0x1EF7, 0x1EF8,
    0x1EF9, 0x2013, 0x2014, 0x2015, 0x2018, 0x2019, 0x201A, 0x201C, 0x201D, 0x201E, 0x2026, 0x2039,
    0x203A, 0xFB00, 0xFB01, 0xFB02, 0xFB03, 0xFB04,
};

static const uint8_t notosans_8_boldKernRightClassIds[] = {
      1,   2,   3,   2,   4,   5,   6,   5,   7,   7,   8,   9,  10,  10,  11,  12,
     10,  10,  13,  14,  15,  15,  16,  17,  18,   4,  19,  20,  21,  21,  21,  22,
     23,  20,  24,  20,  20,  25,  25,  21,  25,  21,  25,  26,  22,  25,  27,  27,
     27,  27,  28,   4,  29,  30,   9,   9,   9,   9,   9,   9,  31,  10,  10,  10,
     10,  10,  10,  10,  14,  14,  14,  14,  17,  21,  19,  19,  19,  19,  19,  19,
     21,  21,  21,  21,  21,  21,  21,  21,  21,  21,  21,  25,  25,  25,  25,  27,
     20,  27,   9,  19,   9,  19,   9,  19,  10,  21,  10,  21,  10,  21,  10,  21,
     21,  21,  21,  21,  21,  21,  21,  10,  23,  10,  23,  10,  23,  10,  23,  20,
     32,  33,  20,  25,  20,  20,  20,  20,  25,  25,  25,  10,  21,  10,  21,  10,
     21,  10,  21,  25,  25,  26,  26,  13,  22,  13,  22,  13,  22,  14,  25,  14,
     25,  14,  25,  14,  25,  14,  25,  14,  25,  15,  27,  17,  27,  17,  18,  28,
     18,  28,  18,  28,  10,  21,  14,  25,   9,  19,  31,  19,  10,  21,  26,  13,
     22,  34,  35,  36,  37,  38,  34,  39,  40,  41,  42,  43,  38,  35,  35,  34,
     39,  44,  42,  45,  34,  43,  46,  47,  48,  49,  49,  50,  51,  52,  53,  49,
     49,  49,  54,  49,  49,  51,  49,  49,  51,  55,  56,  51,  52,  49,  57,  49,
     49,  55,  49,  49,  53,  49,  58,  51,  51,  59,  49,  51,  60,  61,  62,  54,
     49,  59,  49,  49,  56,  49,  63,  64,  65,  66,  40,  50,  66,  66,  43,  45,
     63,  47,  67,  64,  67,  64,  63,  47,  63,  47,  63,  47,  63,  64,  63,  47,
     66,  65,  59,  66,  66,  65,  66,  42,  52,  43,  53,  66,  66,  59,  68,  55,
     66,  66,  66,  63,  47,  63,  47,  34,  55,  69,  70,  69,  70,  42,  52,  68,
     55,  45,  57,  45,  57,  66,  71,  72,  71,  72,  42,  52,  66,  73,  50,  66,
     66,  45,  57,  66,  40,  74,  40,  74,  40,  74,  47,  75,  74,  75,  74,  42,
     52,  43,  53,  49,  49,  63,  47,  63,  47,  63,  47,  43,  53,  39,  56,  39,
     56,  39,  56,  45,  57,  66,  49,  65,  42,  52,  42,  52,   9,  19,   9,  19,
      9,  19,   9,  19,   9,  19,   9,  19,   9,  19,   9,  19,   9,  19,   9,  19,
      9,  19,   9,  19,  21,  21,  21,  21,  21,  21,  21,  21,  10,  21,  10,  21,
     10,  21,  10,  21,  10,  21,  10,  21,  10,  21,  10,  21,  10,  21,  10,  21,
     10,  21,  10,  21,  14,  25,  14,  25,  14,  25,  14,  25,  14,  25,  14,  25,
     14,  25,  17,  17,  27,  17,  27,  17,  27,   6,   6,   6,  76,   2,   5,  76,
      2,   5,   5,  29,  30,  22,  22,  22,  22,  22,
};

static const uint16_t notosans_8_boldKernRowOffsets[] = {
        0,    29,    32,    37,    54,    61,    66,    72,    73,    75,    82,    83,    87,    93,   100,   101,
      117,   119,   130,   143,   145,   146,   147,   150,   151,   154,   159,   162,   163,   167,   173,   182,
      186,   187,   193,   200,   202,   203,   208,   214,   217,   227,   230,   231,   244,   269,   275,   277,
      288,   303,   332,   351,   353,   357,   369,   385,   402,   420,   426,   438,   446,   457,   469,   481,
      493,   495,   499,   511,   529,   535,   549,   553,   557,   559,   564,   566,   573,   581,   584,   609,
      616,   632,   635,   640,   642,   654,   656,   659,   662,
};

static const uint8_t notosans_8_boldKernSparseCols[] = {
      8,  12,  14,  16,  18,  20,  22,  24,  25,  30,  32,  33,  37,  38,  39,  40,
     41,  43,  46,  49,  52,  53,  54,  55,  58,  60,  67,  72,  73,  12,  14,  16,
     11,  23,  36,  43,  61,   9,  12,  13,  14,  16,  33,  36,  38,  43,  44,  54,
     56,  62,  66,  67,  68,  70,  12,  33,  38,  41,  51,  54,  67,  33,  41,  43,
     44,  56,   1,   9,  11,  12,  14,  16,   4,   9,  28,   4,   8,  12,  14,  15,
     16,  17,  11,   3,   4,   7,   8,   1,   9,  12,  13,  14,  16,   2,   4,   8,
     15,  17,  28,  30,  28,   2,   4,   5,   7,   8,   9,  12,  18,  20,  22,  24,
     25,  26,  27,  28,  29,   4,   8,   4,   7,   8,   9,  18,  20,  22,  24,  25,
     28,  29,   2,   4,   7,   8,   9,  18,  20,  22,  24,  25,  27,  28,  29,   9,
     28,  11,   1,   1,  26,  27,   1,   1,   3,   4,   1,   4,  18,  20,  22,   1,
      4,   7,  20,  11,  12,  14,  16,  12,  14,  16,  33,  39,  67,  12,  14,  15,
     16,  33,  38,  41,  44,  67,  11,  12,  14,  16,   3,   1,   9,  11,  12,  14,
     16,   0,   1,   3,   7,  19,  31,  75,   3,  32,  11,   0,   1,   3,   7,  75,
      8,  10,  12,  14,  15,  16,  19,  21,  26,   8,   9,  10,  12,  14,  15,  16,
     18,  20,  22,  19,  21,  26,  36,   1,  33,  38,  44,  54,  55,  56,  64,  66,
     67,  68,  69,  75,   1,   4,   5,   6,  29,  33,  34,  37,  39,  40,  43,  46,
     47,  48,  49,  50,  51,  52,  53,  54,  55,  56,  57,  59,  67,  28,  34,  43,
     56,  62,  70,   4,  43,   1,   4,  33,  38,  44,  51,  54,  55,  57,  67,  75,
      1,   5,   6,  28,  34,  43,  44,  46,  47,  50,  54,  55,  56,  62,  70,   1,
      4,   5,   6,  28,  29,  34,  35,  37,  39,  40,  43,  45,  46,  47,  48,  49,
     50,  51,  52,  53,  56,  57,  58,  59,  62,  70,  71,  72,   1,  29,  33,  34,
     36,  38,  43,  44,  50,  54,  55,  56,  64,  66,  67,  68,  70,  74,  75,  51,
     55,   3,  51,  56,  57,   4,  36,  37,  40,  43,  44,  49,  53,  54,  55,  56,
     61,   4,  33,  37,  38,  39,  40,  41,  42,  49,  51,  53,  57,  66,  67,  68,
     72,   4,   5,   6,  28,  29,  37,  38,  39,  40,  41,  43,  46,  49,  50,  53,
     57,  72,   1,   3,   4,   6,  33,  35,  37,  38,  39,  40,  41,  42,  45,  49,
     51,  53,  57,  67,   1,  33,  38,  51,  54,  55,   1,  33,  38,  39,  41,  45,
     49,  51,  54,  55,  56,  57,   3,  33,  38,  41,  45,  51,  54,  55,   1,   4,
      5,  37,  39,  40,  41,  49,  50,  53,  75,   1,   4,  33,  36,  37,  40,  44,
     49,  53,  54,  56,  61,   1,  33,  38,  39,  41,  45,  49,  51,  54,  55,  56,
     57,   5,  33,  34,  38,  43,  44,  46,  50,  56,  57,  71,  75,  33,  58,   1,
     33,  50,  57,   1,   4,  37,  39,  40,  41,  46,  49,  50,  53,  57,  75,   1,
      6,  33,  38,  39,  41,  43,  44,  45,  51,  54,  55,  56,  57,  63,  69,  71,
     75,   1,  33,  36,  54,  55,  61,   1,   4,   5,  37,  38,  39,  40,  41,  49,
     50,  53,  58,  60,  75,  33,  38,  45,  57,   1,  33,  58,  60,  36,  61,   1,
     33,  36,  54,  55,   4,  49,   1,  33,  44,  54,  66,  67,  68,   1,  46,  54,
     55,  56,  63,  69,  71,   4,  66,  68,   4,   5,  28,  29,  33,  34,  37,  39,
     40,  43,  46,  49,  51,  52,  54,  55,  56,  62,  63,  65,  69,  70,  71,  72,
     73,   4,   5,  39,  46,  49,  50,  53,   4,   5,  33,  39,  46,  49,  51,  52,
     56,  58,  62,  65,  67,  70,  71,  72,   4,  46,  49,  54,  56,  62,  70,  71,
     46,  56,   4,  39,  46,  49,  56,  58,  62,  65,  71,  72,  73,  74,   4,  49,
     33,  66,  68,   1,  51,  55,
};

static const int8_t notosans_8_boldKernSparseValues[] = {
     -19,    5,    5,    3,  -11,  -16,   -8,   -8,   -8,  -21,   19,    5,   -8,    5,  -19,  -16,
       5,   -3,  -11,  -19,    5,  -13,    8,    5,    8,    8,    5,  -16,   -5,  -16,   -5,   -8,
      24,   11,   27,   -8,   16,  -13,  -19,   -5,  -16,  -16,  -13,   16,   -5,  -11,  -21,  -11,
     -16,  -13,  -16,  -19,  -16,  -16,  -11,  -11,   -5,   -3,   -3,   -5,  -11,   -3,   -1,   -1,
      -1,   -1,  -19,   -5,   13,  -19,  -11,  -16,   -3,   -5,   -5,  -11,   -5,   -8,   -3,   -5,
      -3,   -3,   16,    5,  -16,    5,   -5,  -21,   -5,   -5,   -3,   -5,   -8,   -3,  -35,  -13,
      -5,   -3,   -5,   -8,   -3,   -5,  -16,  -11,    5,  -19,   -5,    5,  -21,  -19,  -19,  -13,
     -16,   -5,  -11,  -16,   -8,   -5,   -3,  -13,    5,  -11,   -3,   -5,   -5,   -3,   -3,   -3,
      -8,   -3,   -8,  -16,    5,  -16,   -5,  -13,  -13,  -13,   -8,  -11,   -5,  -21,   -8,   -3,
      -5,   25,   -3,   -3,   -5,   -3,    5,   16,   11,   -5,   11,  -43,   -5,   -5,   -3,   11,
     -11,    5,   -5,   13,   -5,   -3,   -8,   -8,   -3,   -8,   -8,   -3,   -3,  -16,   -8,   -5,
     -21,  -16,   -5,   -5,   -5,  -11,   27,  -11,   -8,  -11,   13,  -19,   -5,   29,  -19,  -11,
     -16,   31,   28,   39,   35,    8,   19,   25,   13,   31,   13,   35,   36,   43,   37,   25,
      -5,    5,   16,   19,   13,   16,    5,   11,   13,   -8,   -3,    5,   19,   19,   13,   16,
      -8,   -5,   -5,    5,   13,   13,   13,  -19,  -13,   -5,   -8,   -5,   -5,   -5,   -5,  -11,
     -16,  -13,   -5,   -8,    5,  -13,  -11,   -8,   -8,    5,   -5,   -7,  -19,   -7,   -9,  -11,
      -5,   -8,  -11,  -11,   -3,   -3,   -8,   -3,   -2,   -8,  -11,   -5,    3,   -5,   -5,   -8,
      -5,   -5,   -5,   -5,   -3,  -24,   -3,  -16,   -5,   -8,   -5,   -5,   -5,   -5,   -8,  -16,
       5,   -3,   -3,   -5,   -5,  -11,   -3,   -3,   -5,   -5,   -3,   -3,   -5,   -5,  -13,    5,
     -19,   -5,   -3,  -13,   -5,  -11,   -5,  -21,  -32,  -28,   -8,  -10,  -13,  -11,   -3,  -25,
     -19,   -8,   -5,  -13,   -5,  -13,   13,   -8,   -3,   -5,   -8,  -13,  -19,   -3,  -19,   -5,
      13,   -5,   -9,  -16,   -3,   -8,   -5,   -8,   -5,  -11,  -13,  -16,  -13,   -3,  -11,   -3,
      -3,   -3,   -3,   -4,   -3,    8,   24,    8,   11,   -3,   -7,    8,    8,   -3,    8,   -5,
      19,  -11,   -5,   -3,  -11,   -5,   -3,   -5,   -3,   -3,   -4,   -3,   -3,   -3,   -3,   -3,
      -5,  -35,   -3,   -3,   -5,   -3,  -16,   -5,  -13,  -16,   -5,   -3,   -7,  -13,   -3,  -11,
      -3,  -16,   -3,   -3,  -11,   -3,   -9,   -3,   -5,   -8,   -9,   -8,  -11,   -8,   -3,   -7,
      -4,   -4,   -3,   -5,   -3,  -11,   -9,   -5,   -3,   -3,   -2,  -16,  -10,   -3,   -8,   -5,
      -3,   -5,   -3,   -8,   -3,   -3,   -1,   -8,   -3,   -3,   -3,   -5,   -3,   -3,    8,  -11,
      -5,   -5,   -8,   -8,   -3,  -11,   -3,   -8,   11,   -3,    5,   -8,   27,    5,    8,   -4,
       5,    7,   -4,   -8,   16,   -2,  -11,  -10,   -3,   -5,   -5,   -3,   -5,   -3,   -8,   -3,
      -3,   -3,   -3,   -4,   -3,   -4,   -3,   -5,   -5,   -5,   -3,   -5,    8,   -8,   -1,    5,
      -5,   -3,   -3,    5,  -11,   -5,   -5,   -8,   -3,   -3,  -13,   -8,  -13,   -8,   11,  -21,
      -3,  -16,   -5,   -3,   -3,   -3,  -19,   -5,   -5,  -16,  -12,  -11,   -5,   -5,   -8,   -5,
      -8,   -3,  -11,   21,   -8,  -13,    5,    8,  -11,   -5,   -5,    6,   -8,   -8,   -3,  -11,
      -3,   -8,    6,    6,   11,   -5,   -8,   -3,   -5,    8,    5,   11,    4,    8,    5,   -3,
     -11,   11,   -8,  -13,  -11,   -5,  -11,  -11,  -11,   -5,   -8,   -5,   -8,  -19,   -5,  -13,
      -8,   -8,   -5,   -5,   -5,  -11,   -3,   -3,  -16,  -11,  -16,   -8,    5,   -5,  -11,  -19,
     -13,   -8,  -19,  -16,   -5,   -5,  -11,  -11,  -13,   -5,   -5,  -13,  -11,  -13,  -19,  -13,
     -21,  -13,   -5,   -8,   -3,  -11,   -3,   -8,  -13,   -5,    5,  -16,  -11,  -13,   -5,   -5,
     -13,    5,   -5,   -8,    5,   -5,   -8,  -11,   -8,   -5,   -8,   -5,  -13,   -5,  -13,   -5,
      -3,   -3,  -16,  -16,  -13,  -13,  -11,    5,   -5,   -8,  -11,  -11,  -11,   -3,  -11,   -3,
      -5,   -3,   -3,   -3,   -5,   -3,
};

static const EpdLigaturePair notosans_8_boldLigaturePairs[] = {
    { 0x00660066, 0xFB00 }, // f f -> U+FB00
    { 0x00660069, 0xFB01 }, // f i -> U+FB01
    { 0x0066006C, 0xFB02 }, // f l -> U+FB02
    { 0xFB000069, 0xFB03 }, // U+FB00 i -> U+FB03
    { 0xFB00006C, 0xFB04 }, // U+FB00 l -> U+FB04
};

static const EpdFontData notosans_8_bold = {
    notosans_8_boldBitmaps,
    notosans_8_boldGlyphs,
    notosans_8_boldIntervals,
    19,
    23,
    18,
    -5,
    false,
    nullptr,
    0,
    nullptr,
    nullptr,  // kernLeftClasses: built-in fonts use the split arrays below
    nullptr,  // kernRightClasses
    notosans_8_boldKernLeftCodepoints,
    notosans_8_boldKernLeftClassIds,
    notosans_8_boldKernRightCodepoints,
    notosans_8_boldKernRightClassIds,
    nullptr,  // kernMatrix: built-in fonts use the sparse form below
    notosans_8_boldKernRowOffsets,
    notosans_8_boldKernSparseCols,
    notosans_8_boldKernSparseValues,
    478,
    474,
    88,
    76,
    notosans_8_boldLigaturePairs,
    5,
};
